Player,Nation,Pos,Age,90s,Standard_Gls,Standard_Sh,Standard_SoT,Standard_SoT%,Standard_Sh/90,Standard_SoT/90,Standard_G/Sh,Standard_G/SoT,Standard_Dist,Standard_FK,Standard_PK,Standard_PKatt,Expected_xG,Expected_npxG,Expected_npxG/Sh,Expected_G-xG,Expected_np:G-xG,Team,Championship,Player_Team
Ignacio De Arruabarrena,URU,GK,26,15.0,0,0,0,0.0,0.0,0.0,0.0,0.0,0.0,0.0,0,0,0.0,0.0,0.0,0.0,0.0,Arouca,Brasileiro,Ignacio De Arruabarrena (Arouca)
Rafa Mújica,ESP,FW,25,13.4,8,50,23,46.0,3.72,1.71,0.16,0.35,14.3,0.0,0,0,6.9,6.9,0.14,1.1,1.1,Arouca,Brasileiro,Rafa Mújica (Arouca)
Cristo González,ESP,"FW,MF",26,12.8,6,56,19,33.9,4.37,1.48,0.11,0.32,20.2,3.0,0,1,4.4,3.6,0.06,1.6,2.4,Arouca,Brasileiro,Cristo González (Arouca)
Morlaye Sylla,GUI,MF,25,12.0,1,17,5,29.4,1.41,0.42,0.06,0.2,26.2,1.0,0,1,2.2,1.4,0.08,-1.2,-0.4,Arouca,Brasileiro,Morlaye Sylla (Arouca)
David Simão,POR,MF,33,12.0,0,3,1,33.3,0.25,0.08,0.0,0.0,28.7,2.0,0,0,0.1,0.1,0.03,-0.1,-0.1,Arouca,Brasileiro,David Simão (Arouca)
Jason,ESP,"MF,FW",29,11.8,3,30,10,33.3,2.54,0.85,0.1,0.3,22.6,3.0,0,0,2.6,2.6,0.09,0.4,0.4,Arouca,Brasileiro,Jason (Arouca)
Francisco Montero,ESP,DF,24,12.0,1,4,1,25.0,0.33,0.08,0.25,1.0,7.0,0.0,0,0,0.8,0.8,0.2,0.2,0.2,Arouca,Brasileiro,Francisco Montero (Arouca)
Nino Galović,CRO,DF,31,11.8,0,3,0,0.0,0.25,0.0,0.0,0.0,9.9,0.0,0,0,0.3,0.3,0.11,-0.3,-0.3,Arouca,Brasileiro,Nino Galović (Arouca)
Tiago Esgaio,POR,DF,28,11.5,0,8,1,12.5,0.7,0.09,0.0,0.0,12.7,0.0,0,0,0.5,0.5,0.06,-0.5,-0.5,Arouca,Brasileiro,Tiago Esgaio (Arouca)
Eboue Kouassi,CIV,MF,26,7.6,0,6,3,50.0,0.79,0.4,0.0,0.0,13.5,0.0,0,0,0.4,0.4,0.07,-0.4,-0.4,Arouca,Brasileiro,Eboue Kouassi (Arouca)
Weverson,BRA,"DF,MF",23,6.9,0,2,0,0.0,0.29,0.0,0.0,0.0,28.4,0.0,0,0,0.0,0.0,0.02,0.0,0.0,Arouca,Brasileiro,Weverson (Arouca)
Rafael Fernandes,POR,DF,21,7.4,0,2,1,50.0,0.27,0.13,0.0,0.0,6.8,0.0,0,0,0.2,0.2,0.12,-0.2,-0.2,Arouca,Brasileiro,Rafael Fernandes (Arouca)
Alfonso Trezza,URU,"FW,MF",24,6.8,0,7,2,28.6,1.03,0.29,0.0,0.0,14.3,0.0,0,0,0.9,0.9,0.13,-0.9,-0.9,Arouca,Brasileiro,Alfonso Trezza (Arouca)
Bogdan Milovanov,UKR,"DF,MF",25,6.3,0,1,0,0.0,0.16,0.0,0.0,0.0,13.9,0.0,0,0,0.1,0.1,0.05,-0.1,-0.1,Arouca,Brasileiro,Bogdan Milovanov (Arouca)
Pedro Santos,POR,MF,23,2.6,1,1,1,100.0,0.39,0.39,1.0,1.0,7.8,0.0,0,0,0.3,0.3,0.27,0.7,0.7,Arouca,Brasileiro,Pedro Santos (Arouca)
Oriol Busquets,ESP,MF,24,2.5,0,1,0,0.0,0.4,0.0,0.0,0.0,29.5,0.0,0,0,0.0,0.0,0.01,0.0,0.0,Arouca,Brasileiro,Oriol Busquets (Arouca)
Quaresma,BRA,DF,27,2.1,0,2,0,0.0,0.94,0.0,0.0,0.0,27.2,0.0,0,0,0.0,0.0,0.02,0.0,0.0,Arouca,Brasileiro,Quaresma (Arouca)
Matí­as Rocha,URU,DF,22,0.6,0,0,0,0.0,0.0,0.0,0.0,0.0,0.0,0.0,0,0,0.0,0.0,0.0,0.0,0.0,Arouca,Brasileiro,Matí­as Rocha (Arouca)
Jerome Opoku,GHA,DF,25,1.5,0,1,0,0.0,0.67,0.0,0.0,0.0,11.0,0.0,0,0,0.0,0.0,0.03,0.0,0.0,Arouca,Brasileiro,Jerome Opoku (Arouca)
Vitinho,BRA,"FW,MF",23,0.9,0,3,0,0.0,3.42,0.0,0.0,0.0,22.3,0.0,0,0,0.2,0.2,0.05,-0.2,-0.2,Arouca,Brasileiro,Vitinho (Arouca)
Miguel Puche García,ESP,"FW,MF",22,2.1,0,6,4,66.7,2.92,1.95,0.0,0.0,31.6,0.0,0,0,0.1,0.1,0.02,-0.1,-0.1,Arouca,Brasileiro,Miguel Puche García (Arouca)
André Bukia,COD,"MF,FW",28,1.3,1,5,1,20.0,3.75,0.75,0.2,1.0,19.3,1.0,0,0,0.6,0.6,0.12,0.4,0.4,Arouca,Brasileiro,André Bukia (Arouca)
Moses Yaw,GHA,"DF,MF",24,0.7,0,0,0,0.0,0.0,0.0,0.0,0.0,0.0,0.0,0,0,0.0,0.0,0.0,0.0,0.0,Arouca,Brasileiro,Moses Yaw (Arouca)
Benji Michel,USA,"FW,MF",26,0.3,0,1,0,0.0,3.33,0.0,0.0,0.0,10.4,0.0,0,0,0.1,0.1,0.05,-0.1,-0.1,Arouca,Brasileiro,Benji Michel (Arouca)
Yusuf Lawal,NGA,"FW,MF",25,0.3,0,0,0,0.0,0.0,0.0,0.0,0.0,0.0,0.0,0,0,0.0,0.0,0.0,0.0,0.0,Arouca,Brasileiro,Yusuf Lawal (Arouca)
Fredrik Aursnes,NOR,"DF,MF",28,14.8,2,13,4,30.8,0.88,0.27,0.15,0.5,15.9,0.0,0,0,1.6,1.6,0.12,0.4,0.4,Benfica,Brasileiro,Fredrik Aursnes (Benfica)
Rafa Silva,POR,MF,30,14.7,5,46,17,37.0,3.13,1.16,0.11,0.29,13.0,0.0,0,0,8.1,8.1,0.18,-3.1,-3.1,Benfica,Brasileiro,Rafa Silva (Benfica)
António Silva,POR,DF,20,14.0,1,6,2,33.3,0.43,0.14,0.17,0.5,7.0,0.0,0,0,1.1,1.1,0.19,-0.1,-0.1,Benfica,Brasileiro,António Silva (Benfica)
Nicolás Otamendi,ARG,DF,35,13.9,0,15,4,26.7,1.08,0.29,0.0,0.0,13.8,0.0,0,0,1.5,1.5,0.1,-1.5,-1.5,Benfica,Brasileiro,Nicolás Otamendi (Benfica)
João Mário,POR,"FW,MF",30,11.9,2,21,11,52.4,1.76,0.92,0.05,0.09,18.4,0.0,1,1,3.2,2.4,0.11,-1.2,-1.4,Benfica,Brasileiro,João Mário (Benfica)
João Neves,POR,MF,19,11.5,1,12,4,33.3,1.04,0.35,0.08,0.25,18.6,0.0,0,0,0.8,0.8,0.06,0.2,0.2,Benfica,Brasileiro,João Neves (Benfica)
Anatolii Trubin,UKR,GK,22,11.0,0,0,0,0.0,0.0,0.0,0.0,0.0,0.0,0.0,0,0,0.0,0.0,0.0,0.0,0.0,Benfica,Brasileiro,Anatolii Trubin (Benfica)
Ángel Di María,ARG,FW,35,10.4,5,45,15,33.3,4.31,1.44,0.09,0.27,22.2,6.0,1,1,4.8,4.0,0.09,0.2,0.0,Benfica,Brasileiro,Ángel Di María (Benfica)
Orkun Kökçü,TUR,MF,23,9.3,1,17,7,41.2,1.83,0.76,0.06,0.14,24.3,4.0,0,0,1.0,1.0,0.06,0.0,0.0,Benfica,Brasileiro,Orkun Kökçü (Benfica)
Morato,BRA,DF,22,7.5,0,5,1,20.0,0.67,0.13,0.0,0.0,11.3,0.0,0,0,0.3,0.3,0.07,-0.3,-0.3,Benfica,Brasileiro,Morato (Benfica)
Florentino Luís,POR,MF,24,6.6,0,4,1,25.0,0.6,0.15,0.0,0.0,8.9,0.0,0,0,1.0,1.0,0.25,-1.0,-1.0,Benfica,Brasileiro,Florentino Luís (Benfica)
Alexander Bah,DEN,DF,26,6.2,1,4,3,75.0,0.64,0.48,0.25,0.33,24.4,0.0,0,0,0.5,0.5,0.12,0.5,0.5,Benfica,Brasileiro,Alexander Bah (Benfica)
Petar Musa,CRO,FW,25,5.5,4,24,7,29.2,4.33,1.26,0.17,0.57,14.3,0.0,0,0,3.6,3.6,0.15,0.4,0.4,Benfica,Brasileiro,Petar Musa (Benfica)
Arthur,BRA,FW,25,5.1,1,16,8,50.0,3.16,1.58,0.06,0.13,15.6,0.0,0,0,2.3,2.3,0.14,-1.3,-1.3,Benfica,Brasileiro,Arthur (Benfica)
David Neres,BRA,FW,26,4.6,1,19,6,31.6,4.13,1.3,0.05,0.17,17.5,0.0,0,0,1.5,1.5,0.08,-0.5,-0.5,Benfica,Brasileiro,David Neres (Benfica)
Casper Tengstedt,DEN,FW,23,4.1,3,15,6,40.0,3.66,1.46,0.2,0.5,10.9,0.0,0,0,2.4,2.4,0.16,0.6,0.6,Benfica,Brasileiro,Casper Tengstedt (Benfica)
Samuel Soares,POR,GK,21,3.0,0,0,0,0.0,0.0,0.0,0.0,0.0,0.0,0.0,0,0,0.0,0.0,0.0,0.0,0.0,Benfica,Brasileiro,Samuel Soares (Benfica)
David Jurásek,CZE,DF,23,2.9,0,2,0,0.0,0.69,0.0,0.0,0.0,18.6,0.0,0,0,0.1,0.1,0.07,-0.1,-0.1,Benfica,Brasileiro,David Jurásek (Benfica)
Chiquinho,POR,MF,28,2.1,0,3,0,0.0,1.43,0.0,0.0,0.0,20.5,0.0,0,0,0.1,0.1,0.04,-0.1,-0.1,Benfica,Brasileiro,Chiquinho (Benfica)
Gonçalo Guedes,POR,"FW,MF",27,1.3,0,5,1,20.0,3.75,0.75,0.0,0.0,18.9,0.0,0,0,0.3,0.3,0.05,-0.3,-0.3,Benfica,Brasileiro,Gonçalo Guedes (Benfica)
Tomás Araújo,POR,"DF,MF",21,1.0,0,1,0,0.0,0.97,0.0,0.0,0.0,10.9,0.0,0,0,0.1,0.1,0.06,-0.1,-0.1,Benfica,Brasileiro,Tomás Araújo (Benfica)
Odisseas Vlachodimos,GRE,GK,29,1.0,0,0,0,0.0,0.0,0.0,0.0,0.0,0.0,0.0,0,0,0.0,0.0,0.0,0.0,0.0,Benfica,Brasileiro,Odisseas Vlachodimos (Benfica)
Juan Bernat,ESP,DF,30,0.9,0,0,0,0.0,0.0,0.0,0.0,0.0,0.0,0.0,0,0,0.0,0.0,0.0,0.0,0.0,Benfica,Brasileiro,Juan Bernat (Benfica)
Tiago Gouveia,POR,FW,22,0.8,0,2,1,50.0,2.61,1.3,0.0,0.0,15.4,0.0,0,0,0.1,0.1,0.06,-0.1,-0.1,Benfica,Brasileiro,Tiago Gouveia (Benfica)
João Victor,BRA,DF,25,0.3,0,0,0,0.0,0.0,0.0,0.0,0.0,0.0,0.0,0,0,0.0,0.0,0.0,0.0,0.0,Benfica,Brasileiro,João Victor (Benfica)
Gustavo Marques,BRA,DF,22,0.0,0,0,0,0.0,0.0,0.0,0.0,0.0,0.0,0.0,0,0,0.0,0.0,0.0,0.0,0.0,Benfica,Brasileiro,Gustavo Marques (Benfica)
Mihailo Ristić,SRB,DF,28,0.0,0,0,0,0.0,0.0,0.0,0.0,0.0,0.0,0.0,0,0,0.0,0.0,0.0,0.0,0.0,Benfica,Brasileiro,Mihailo Ristić (Benfica)
João Gonçalves,POR,GK,23,14.0,0,0,0,0.0,0.0,0.0,0.0,0.0,0.0,0.0,0,0,0.0,0.0,0.0,0.0,0.0,Boavista,Brasileiro,João Gonçalves (Boavista)
Róbert Boženík,SVK,FW,24,13.4,6,51,17,33.3,3.82,1.27,0.12,0.35,13.9,0.0,0,0,6.1,6.1,0.12,-0.1,-0.1,Boavista,Brasileiro,Róbert Boženík (Boavista)
Salvador Agra,POR,"DF,FW",32,12.5,2,11,4,36.4,0.88,0.32,0.18,0.5,25.1,3.0,0,0,1.3,1.3,0.11,0.7,0.7,Boavista,Brasileiro,Salvador Agra (Boavista)
Gaius Makouta,CGO,MF,26,12.4,0,9,3,33.3,0.73,0.24,0.0,0.0,13.8,0.0,0,0,0.8,0.8,0.09,-0.8,-0.8,Boavista,Brasileiro,Gaius Makouta (Boavista)
Chidozie Awaziem,NGA,DF,26,13.0,0,8,2,25.0,0.62,0.15,0.0,0.0,9.8,0.0,0,0,0.7,0.7,0.08,-0.7,-0.7,Boavista,Brasileiro,Chidozie Awaziem (Boavista)
Sebastián Pérez Cardona,COL,MF,30,11.3,0,7,0,0.0,0.62,0.0,0.0,0.0,23.4,0.0,0,0,0.3,0.3,0.05,-0.3,-0.3,Boavista,Brasileiro,Sebastián Pérez Cardona (Boavista)
Bruno Onyemaechi,NGA,DF,24,11.5,0,7,2,28.6,0.61,0.17,0.0,0.0,16.4,0.0,0,0,1.1,1.1,0.16,-1.1,-1.1,Boavista,Brasileiro,Bruno Onyemaechi (Boavista)
Tiago Fonseca Morais,POR,FW,20,10.5,5,14,9,64.3,1.33,0.85,0.29,0.44,17.3,0.0,1,1,2.5,1.7,0.16,2.5,2.3,Boavista,Brasileiro,Tiago Fonseca Morais (Boavista)
Rodrigo Abascal,URU,DF,29,10.7,0,2,0,0.0,0.19,0.0,0.0,0.0,7.7,0.0,0,0,0.2,0.2,0.12,-0.2,-0.2,Boavista,Brasileiro,Rodrigo Abascal (Boavista)
Miguel Reisinho,POR,MF,24,9.8,1,10,3,30.0,1.02,0.31,0.1,0.33,18.2,0.0,0,0,0.7,0.7,0.07,0.3,0.3,Boavista,Brasileiro,Miguel Reisinho (Boavista)
Pedro Malheiro,POR,DF,22,6.4,2,4,3,75.0,0.63,0.47,0.5,0.67,19.0,0.0,0,0,0.2,0.2,0.06,1.8,1.8,Boavista,Brasileiro,Pedro Malheiro (Boavista)
Filipe Ferreira,POR,DF,33,6.3,0,0,0,0.0,0.0,0.0,0.0,0.0,0.0,0.0,0,0,0.0,0.0,0.0,0.0,0.0,Boavista,Brasileiro,Filipe Ferreira (Boavista)
Bruno Lourenço,POR,"FW,MF",25,5.9,1,7,2,28.6,1.19,0.34,0.0,0.0,26.1,0.0,1,1,1.5,0.7,0.1,-0.5,-0.7,Boavista,Brasileiro,Bruno Lourenço (Boavista)
Masaki Watai,JPN,"FW,MF",24,2.7,0,2,0,0.0,0.75,0.0,0.0,0.0,26.5,0.0,0,0,0.1,0.1,0.03,-0.1,-0.1,Boavista,Brasileiro,Masaki Watai (Boavista)
Ilija Vukotić,MNE,MF,24,3.6,1,2,1,50.0,0.56,0.28,0.5,1.0,23.4,0.0,0,0,0.2,0.2,0.09,0.8,0.8,Boavista,Brasileiro,Ilija Vukotić (Boavista)
Martim Tavares,POR,"FW,MF",20,1.5,1,6,5,83.3,4.09,3.41,0.17,0.2,19.6,0.0,0,0,0.8,0.8,0.14,0.2,0.2,Boavista,Brasileiro,Martim Tavares (Boavista)
Ibrahima Camará,GUI,MF,24,1.3,0,1,0,0.0,0.75,0.0,0.0,0.0,31.9,0.0,0,0,0.0,0.0,0.02,0.0,0.0,Boavista,Brasileiro,Ibrahima Camará (Boavista)
Berna,POR,"FW,DF",20,2.4,0,3,0,0.0,1.24,0.0,0.0,0.0,30.0,0.0,0,0,0.1,0.1,0.03,-0.1,-0.1,Boavista,Brasileiro,Berna (Boavista)
Luís Santos,POR,"DF,FW",23,2.1,0,3,1,33.3,1.41,0.47,0.0,0.0,25.1,0.0,0,0,0.1,0.1,0.03,-0.1,-0.1,Boavista,Brasileiro,Luís Santos (Boavista)
Jeriel Córdova,VEN,"FW,MF",21,1.3,0,3,0,0.0,2.27,0.0,0.0,0.0,9.4,0.0,0,0,0.8,0.8,0.25,-0.8,-0.8,Boavista,Brasileiro,Jeriel Córdova (Boavista)
Joel silva,POR,"MF,FW",20,0.5,0,0,0,0.0,0.0,0.0,0.0,0.0,0.0,0.0,0,0,0.0,0.0,0.0,0.0,0.0,Boavista,Brasileiro,Joel silva (Boavista)
Vincent Sasso,FRA,MF,32,0.0,0,0,0,0.0,0.0,0.0,0.0,0.0,0.0,0.0,0,0,0.0,0.0,0.0,0.0,0.0,Boavista,Brasileiro,Vincent Sasso (Boavista)
Matheus,BRA,GK,31,14.0,0,0,0,0.0,0.0,0.0,0.0,0.0,0.0,0.0,0,0,0.0,0.0,0.0,0.0,0.0,Braga,Brasileiro,Matheus (Braga)
Ricardo Horta,POR,"FW,MF",29,11.6,7,39,16,41.0,3.37,1.38,0.18,0.44,17.0,3.0,0,0,4.2,4.2,0.11,2.8,2.8,Braga,Brasileiro,Ricardo Horta (Braga)
Simon Banza,COD,FW,27,10.9,13,44,21,47.7,4.02,1.92,0.27,0.57,11.6,0.0,1,1,9.8,9.1,0.21,3.2,2.9,Braga,Brasileiro,Simon Banza (Braga)
Cristian Borja,COL,DF,30,10.3,0,1,0,0.0,0.1,0.0,0.0,0.0,8.3,0.0,0,0,0.0,0.0,0.02,0.0,0.0,Braga,Brasileiro,Cristian Borja (Braga)
Álvaro djaló,ESP,"FW,MF",24,10.2,5,37,17,45.9,3.64,1.67,0.14,0.29,18.2,6.0,0,0,4.9,4.9,0.13,0.1,0.1,Braga,Brasileiro,Álvaro djaló (Braga)
Victor Gomez,ESP,DF,23,8.9,0,4,2,50.0,0.45,0.22,0.0,0.0,19.0,0.0,0,0,0.3,0.3,0.06,-0.3,-0.3,Braga,Brasileiro,Victor Gomez (Braga)
José Fonte,POR,DF,40,9.9,0,5,1,20.0,0.51,0.1,0.0,0.0,13.4,0.0,0,0,0.2,0.2,0.04,-0.2,-0.2,Braga,Brasileiro,José Fonte (Braga)
Bruma,POR,FW,29,8.6,2,27,7,25.9,3.13,0.81,0.07,0.29,17.6,0.0,0,0,2.8,2.8,0.1,-0.8,-0.8,Braga,Brasileiro,Bruma (Braga)
Almoatasem Al Musrati,LBY,MF,27,7.7,3,17,4,23.5,2.22,0.52,0.06,0.25,18.0,0.0,2,2,2.4,0.8,0.05,0.6,0.2,Braga,Brasileiro,Almoatasem Al Musrati (Braga)
Serdar Saatçı,TUR,DF,20,7.6,0,5,1,20.0,0.66,0.13,0.0,0.0,14.9,0.0,0,0,0.2,0.2,0.05,-0.2,-0.2,Braga,Brasileiro,Serdar Saatçı (Braga)
Rodrigo Zalazar,URU,MF,24,6.8,0,11,1,9.1,1.62,0.15,0.0,0.0,20.3,0.0,0,0,0.5,0.5,0.05,-0.5,-0.5,Braga,Brasileiro,Rodrigo Zalazar (Braga)
Sikou Niakaté,MLI,DF,24,6.0,0,3,0,0.0,0.5,0.0,0.0,0.0,10.1,0.0,0,0,0.3,0.3,0.09,-0.3,-0.3,Braga,Brasileiro,Sikou Niakaté (Braga)
Vitor Carvalho,BRA,MF,26,5.6,0,6,1,16.7,1.07,0.18,0.0,0.0,15.1,0.0,0,0,0.3,0.3,0.06,-0.3,-0.3,Braga,Brasileiro,Vitor Carvalho (Braga)
Pizzi,POR,"MF,FW",34,5.3,1,10,3,30.0,1.9,0.57,0.1,0.33,18.3,0.0,0,0,1.0,1.0,0.11,0.0,0.0,Braga,Brasileiro,Pizzi (Braga)
Paulo Oliveira,POR,DF,31,5.0,0,0,0,0.0,0.0,0.0,0.0,0.0,0.0,0.0,0,0,0.0,0.0,0.0,0.0,0.0,Braga,Brasileiro,Paulo Oliveira (Braga)
Abel Ruiz,ESP,"FW,MF",23,6.1,1,16,5,31.3,2.6,0.81,0.06,0.2,14.7,0.0,0,0,2.1,2.1,0.13,-1.1,-1.1,Braga,Brasileiro,Abel Ruiz (Braga)
André Horta,POR,MF,27,5.0,2,11,4,36.4,2.22,0.81,0.18,0.5,25.1,1.0,0,0,0.4,0.4,0.04,1.6,1.6,Braga,Brasileiro,André Horta (Braga)
João Moutinho,POR,MF,37,4.7,0,2,0,0.0,0.42,0.0,0.0,0.0,27.9,0.0,0,0,0.1,0.1,0.06,-0.1,-0.1,Braga,Brasileiro,João Moutinho (Braga)
Adrián Marín,ESP,DF,26,3.4,0,2,0,0.0,0.59,0.0,0.0,0.0,13.9,0.0,0,0,0.2,0.2,0.08,-0.2,-0.2,Braga,Brasileiro,Adrián Marín (Braga)
Joe Mendes,SWE,DF,20,3.1,0,0,0,0.0,0.0,0.0,0.0,0.0,0.0,0.0,0,0,0.0,0.0,0.0,0.0,0.0,Braga,Brasileiro,Joe Mendes (Braga)
Rony Lopes,POR,"FW,DF",28,1.8,1,9,3,33.3,4.94,1.65,0.11,0.33,16.2,0.0,0,0,0.9,0.9,0.1,0.1,0.1,Braga,Brasileiro,Rony Lopes (Braga)
Roger Fernandes,GNB,"DF,FW",18,0.6,0,3,2,66.7,4.66,3.1,0.0,0.0,20.5,0.0,0,0,0.1,0.1,0.04,-0.1,-0.1,Braga,Brasileiro,Roger Fernandes (Braga)
André Castro,POR,MF,35,0.4,0,1,0,0.0,2.25,0.0,0.0,0.0,17.4,0.0,0,0,0.0,0.0,0.03,0.0,0.0,Braga,Brasileiro,André Castro (Braga)
Ricardo Batista,POR,GK,37,14.0,0,0,0,0.0,0.0,0.0,0.0,0.0,0.0,0.0,0,0,0.0,0.0,0.0,0.0,0.0,Casa Pia,Brasileiro,Ricardo Batista (Casa Pia)
Nermin Zolotić,BIH,DF,30,13.8,0,3,1,33.3,0.22,0.07,0.0,0.0,12.6,0.0,0,0,0.1,0.1,0.03,-0.1,-0.1,Casa Pia,Brasileiro,Nermin Zolotić (Casa Pia)
Leonardo Lelo,POR,"MF,DF",23,13.7,0,6,0,0.0,0.44,0.0,0.0,0.0,21.8,0.0,0,0,0.4,0.4,0.06,-0.4,-0.4,Casa Pia,Brasileiro,Leonardo Lelo (Casa Pia)
Fernando Varela,CPV,DF,36,12.9,0,2,0,0.0,0.16,0.0,0.0,0.0,10.7,0.0,0,0,0.1,0.1,0.03,-0.1,-0.1,Casa Pia,Brasileiro,Fernando Varela (Casa Pia)
Yuki Soma,JPN,"FW,MF",26,10.2,0,10,4,40.0,0.98,0.39,0.0,0.0,20.4,0.0,0,0,0.3,0.3,0.03,-0.3,-0.3,Casa Pia,Brasileiro,Yuki Soma (Casa Pia)
Larra,ESP,"MF,DF",26,9.7,1,7,2,28.6,0.72,0.21,0.14,0.5,24.4,1.0,0,0,0.2,0.2,0.03,0.8,0.8,Casa Pia,Brasileiro,Larra (Casa Pia)
Clayton,BRA,FW,24,9.7,5,39,12,30.8,4.03,1.24,0.13,0.42,17.0,0.0,0,0,3.6,3.6,0.09,1.4,1.4,Casa Pia,Brasileiro,Clayton (Casa Pia)
Vasco Fernandes,POR,DF,37,10.0,0,2,0,0.0,0.2,0.0,0.0,0.0,9.6,0.0,0,0,0.1,0.1,0.03,-0.1,-0.1,Casa Pia,Brasileiro,Vasco Fernandes (Casa Pia)
Neto,BRA,MF,32,8.9,0,9,3,33.3,1.01,0.34,0.0,0.0,30.2,0.0,0,0,0.2,0.2,0.02,-0.2,-0.2,Casa Pia,Brasileiro,Neto (Casa Pia)
Pablo Roberto,BRA,MF,24,8.9,2,17,6,35.3,1.91,0.67,0.12,0.33,25.3,0.0,0,0,0.7,0.7,0.04,1.3,1.3,Casa Pia,Brasileiro,Pablo Roberto (Casa Pia)
Beni,ANG,MF,21,7.2,0,2,1,50.0,0.28,0.14,0.0,0.0,26.8,0.0,0,0,0.1,0.1,0.03,-0.1,-0.1,Casa Pia,Brasileiro,Beni (Casa Pia)
Felippe Cardoso,BRA,FW,25,5.7,1,14,3,21.4,2.47,0.53,0.07,0.33,15.0,0.0,0,1,2.3,1.5,0.11,-1.3,-0.5,Casa Pia,Brasileiro,Felippe Cardoso (Casa Pia)
João Nunes,POR,DF,28,4.1,0,1,0,0.0,0.24,0.0,0.0,0.0,14.7,0.0,0,0,0.0,0.0,0.02,0.0,0.0,Casa Pia,Brasileiro,João Nunes (Casa Pia)
Saviour Godwin,NGA,"FW,MF",27,3.8,1,11,4,36.4,2.88,1.05,0.0,0.0,19.9,0.0,1,1,1.4,0.6,0.05,-0.4,-0.6,Casa Pia,Brasileiro,Saviour Godwin (Casa Pia)
Samuel Justo,POR,MF,19,3.8,1,3,1,33.3,0.78,0.26,0.33,1.0,23.3,0.0,0,0,0.5,0.5,0.18,0.5,0.5,Casa Pia,Brasileiro,Samuel Justo (Casa Pia)
Tiago Dias,POR,"MF,FW",25,3.8,1,5,3,60.0,1.33,0.8,0.2,0.33,24.9,0.0,0,0,0.2,0.2,0.03,0.8,0.8,Casa Pia,Brasileiro,Tiago Dias (Casa Pia)
Fernando,BRA,FW,30,4.1,1,9,3,33.3,2.21,0.74,0.0,0.0,18.1,0.0,1,1,1.2,0.4,0.05,-0.2,-0.4,Casa Pia,Brasileiro,Fernando (Casa Pia)
Jajá,BRA,FW,22,3.9,0,7,3,42.9,1.81,0.77,0.0,0.0,17.6,0.0,0,0,0.3,0.3,0.04,-0.3,-0.3,Casa Pia,Brasileiro,Jajá (Casa Pia)
André Geraldes,POR,"MF,DF",32,4.0,0,0,0,0.0,0.0,0.0,0.0,0.0,0.0,0.0,0,0,0.0,0.0,0.0,0.0,0.0,Casa Pia,Brasileiro,André Geraldes (Casa Pia)
Artur Serobyan,ARM,MF,20,0.7,0,0,0,0.0,0.0,0.0,0.0,0.0,0.0,0.0,0,0,0.0,0.0,0.0,0.0,0.0,Casa Pia,Brasileiro,Artur Serobyan (Casa Pia)
Telasco Segovia,VEN,MF,20,0.3,0,0,0,0.0,0.0,0.0,0.0,0.0,0.0,0.0,0,0,0.0,0.0,0.0,0.0,0.0,Casa Pia,Brasileiro,Telasco Segovia (Casa Pia)
Rafael Martins,BRA,MF,34,0.3,0,0,0,0.0,0.0,0.0,0.0,0.0,0.0,0.0,0,0,0.0,0.0,0.0,0.0,0.0,Casa Pia,Brasileiro,Rafael Martins (Casa Pia)
Duplexe Tchamba,CMR,"DF,FW",25,0.1,0,1,0,0.0,9.0,0.0,0.0,0.0,11.5,0.0,0,0,0.0,0.0,0.03,0.0,0.0,Casa Pia,Brasileiro,Duplexe Tchamba (Casa Pia)
Diogo Pinto,POR,MF,24,0.1,0,0,0,0.0,0.0,0.0,0.0,0.0,0.0,0.0,0,0,0.0,0.0,0.0,0.0,0.0,Casa Pia,Brasileiro,Diogo Pinto (Casa Pia)
Héctor,ESP,FW,28,14.3,8,34,14,41.2,2.37,0.98,0.18,0.43,11.9,0.0,2,2,6.6,5.0,0.15,1.4,1.0,Chaves,Brasileiro,Héctor (Chaves)
Kelechi Nwakali,NGA,MF,25,11.9,0,17,3,17.6,1.43,0.25,0.0,0.0,30.4,6.0,0,0,0.5,0.5,0.03,-0.5,-0.5,Chaves,Brasileiro,Kelechi Nwakali (Chaves)
Bruno Langa,MOZ,"DF,MF",26,11.6,1,11,2,18.2,0.95,0.17,0.09,0.5,26.4,0.0,0,0,0.3,0.3,0.02,0.7,0.7,Chaves,Brasileiro,Bruno Langa (Chaves)
Bruno Rodrigues,POR,DF,22,11.2,0,5,2,40.0,0.45,0.18,0.0,0.0,14.2,0.0,0,0,0.3,0.3,0.06,-0.3,-0.3,Chaves,Brasileiro,Bruno Rodrigues (Chaves)
Hugo Souza,BRA,GK,24,11.0,0,0,0,0.0,0.0,0.0,0.0,0.0,0.0,0.0,0,0,0.0,0.0,0.0,0.0,0.0,Chaves,Brasileiro,Hugo Souza (Chaves)
João Pedro Araújo Correia,CPV,"DF,MF",27,10.1,1,7,3,42.9,0.69,0.3,0.14,0.33,18.5,0.0,0,0,0.3,0.3,0.04,0.7,0.7,Chaves,Brasileiro,João Pedro Araújo Correia (Chaves)
Sandro Cruz,POR,"DF,MF",22,8.6,1,5,1,20.0,0.58,0.12,0.2,1.0,22.6,0.0,0,0,0.2,0.2,0.05,0.8,0.8,Chaves,Brasileiro,Sandro Cruz (Chaves)
Ygor Nogueira,BRA,DF,28,8.7,0,6,1,16.7,0.69,0.11,0.0,0.0,9.7,0.0,0,0,0.6,0.6,0.1,-0.6,-0.6,Chaves,Brasileiro,Ygor Nogueira (Chaves)
Steven Vitória,CAN,DF,36,8.2,0,6,3,50.0,0.73,0.36,0.0,0.0,13.3,1.0,0,0,0.4,0.4,0.07,-0.4,-0.4,Chaves,Brasileiro,Steven Vitória (Chaves)
Leandro Sanca,GNB,"FW,MF",23,9.6,0,26,10,38.5,2.71,1.04,0.0,0.0,22.5,0.0,0,0,1.1,1.1,0.04,-1.1,-1.1,Chaves,Brasileiro,Leandro Sanca (Chaves)
Ricardo Guimarães,MOZ,MF,28,6.6,0,6,0,0.0,0.91,0.0,0.0,0.0,26.1,0.0,0,0,0.2,0.2,0.03,-0.2,-0.2,Chaves,Brasileiro,Ricardo Guimarães (Chaves)
Paulo Victor,BRA,FW,22,6.9,1,11,6,54.5,1.59,0.87,0.09,0.17,14.1,0.0,0,0,1.1,1.1,0.1,-0.1,-0.1,Chaves,Brasileiro,Paulo Victor (Chaves)
Rúben Tiago Rodrigues Ribeiro,POR,"MF,FW",36,6.0,0,6,3,50.0,1.0,0.5,0.0,0.0,30.5,0.0,0,0,0.2,0.2,0.03,-0.2,-0.2,Chaves,Brasileiro,Rúben Tiago Rodrigues Ribeiro (Chaves)
Benny,POR,"MF,FW",23,5.7,1,10,3,30.0,1.76,0.53,0.1,0.33,22.0,2.0,0,0,0.9,0.9,0.09,0.1,0.1,Chaves,Brasileiro,Benny (Chaves)
Jo,BRA,"FW,MF",28,4.4,2,18,5,27.8,4.07,1.13,0.11,0.4,16.1,0.0,0,0,1.9,1.9,0.11,0.1,0.1,Chaves,Brasileiro,Jo (Chaves)
João Pedro,POR,MF,30,4.1,0,5,1,20.0,1.21,0.24,0.0,0.0,18.2,0.0,0,0,0.2,0.2,0.05,-0.2,-0.2,Chaves,Brasileiro,João Pedro (Chaves)
Rodrigo Nascimento,BRA,GK,27,4.0,0,0,0,0.0,0.0,0.0,0.0,0.0,0.0,0.0,0,0,0.0,0.0,0.0,0.0,0.0,Chaves,Brasileiro,Rodrigo Nascimento (Chaves)
Thibang Phete,RSA,"DF,MF",29,3.7,0,0,0,0.0,0.0,0.0,0.0,0.0,0.0,0.0,0,0,0.0,0.0,0.0,0.0,0.0,Chaves,Brasileiro,Thibang Phete (Chaves)
Rúben Lameiras,POR,"FW,MF",29,2.3,0,2,1,50.0,0.87,0.44,0.0,0.0,20.0,0.0,0,0,0.1,0.1,0.05,-0.1,-0.1,Chaves,Brasileiro,Rúben Lameiras (Chaves)
Issah Abbas,GHA,"MF,FW",25,3.1,0,6,3,50.0,1.91,0.96,0.0,0.0,17.1,0.0,0,0,0.8,0.8,0.13,-0.8,-0.8,Chaves,Brasileiro,Issah Abbas (Chaves)
Carraça,POR,"MF,DF",30,2.9,0,6,1,16.7,2.05,0.34,0.0,0.0,22.6,1.0,0,0,0.2,0.2,0.03,-0.2,-0.2,Chaves,Brasileiro,Carraça (Chaves)
João Queirós,POR,DF,25,2.6,0,3,2,66.7,1.15,0.77,0.0,0.0,8.8,0.0,0,0,0.2,0.2,0.08,-0.2,-0.2,Chaves,Brasileiro,João Queirós (Chaves)
Habib sylla,CIV,DF,24,2.2,0,1,0,0.0,0.45,0.0,0.0,0.0,28.6,0.0,0,0,0.0,0.0,0.01,0.0,0.0,Chaves,Brasileiro,Habib sylla (Chaves)
Hélder Morim,POR,MF,22,1.9,0,3,2,66.7,1.61,1.07,0.0,0.0,21.9,0.0,0,0,0.1,0.1,0.04,-0.1,-0.1,Chaves,Brasileiro,Hélder Morim (Chaves)
Pedro Pinho,POR,MF,23,1.7,1,3,1,33.3,1.74,0.58,0.33,1.0,20.3,0.0,0,0,0.2,0.2,0.05,0.8,0.8,Chaves,Brasileiro,Pedro Pinho (Chaves)
Rodrigo Melro,POR,DF,19,0.0,0,0,0,0.0,0.0,0.0,0.0,0.0,0.0,0.0,0,0,0.0,0.0,0.0,0.0,0.0,Chaves,Brasileiro,Rodrigo Melro (Chaves)
Rafik Guitane,FRA,"FW,MF",24,13.6,3,14,5,35.7,1.03,0.37,0.21,0.6,19.8,0.0,0,0,1.2,1.2,0.09,1.8,1.8,Estoril,Brasileiro,Rafik Guitane (Estoril)
Tiago Araújo,POR,"DF,MF",22,13.5,1,18,5,27.8,1.34,0.37,0.06,0.2,21.7,1.0,0,0,0.9,0.9,0.05,0.1,0.1,Estoril,Brasileiro,Tiago Araújo (Estoril)
Bernardo Vital,POR,DF,23,11.5,1,6,1,16.7,0.52,0.09,0.17,1.0,12.8,0.0,0,0,0.4,0.4,0.07,0.6,0.6,Estoril,Brasileiro,Bernardo Vital (Estoril)
Jordan Holsgrove,SCO,MF,24,10.9,2,15,5,33.3,1.37,0.46,0.13,0.4,28.1,5.0,0,0,0.5,0.5,0.03,1.5,1.5,Estoril,Brasileiro,Jordan Holsgrove (Estoril)
Pedro Álvaro,POR,DF,23,11.0,0,6,2,33.3,0.55,0.18,0.0,0.0,12.5,0.0,0,0,0.3,0.3,0.05,-0.3,-0.3,Estoril,Brasileiro,Pedro Álvaro (Estoril)
João Marques,POR,"MF,FW",21,10.6,3,19,10,52.6,1.79,0.94,0.16,0.3,18.9,0.0,0,0,2.4,2.4,0.13,0.6,0.6,Estoril,Brasileiro,João Marques (Estoril)
Volnei Feltes,BRA,DF,23,9.7,0,8,3,37.5,0.82,0.31,0.0,0.0,21.4,3.0,0,0,0.3,0.3,0.04,-0.3,-0.3,Estoril,Brasileiro,Volnei Feltes (Estoril)
Rodrigo Gomes,POR,"DF,MF",20,10.6,4,23,7,30.4,2.17,0.66,0.17,0.57,15.3,1.0,0,0,3.6,3.6,0.16,0.4,0.4,Estoril,Brasileiro,Rodrigo Gomes (Estoril)
Marcelo Carné,BRA,GK,33,9.0,0,0,0,0.0,0.0,0.0,0.0,0.0,0.0,0.0,0,0,0.0,0.0,0.0,0.0,0.0,Estoril,Brasileiro,Marcelo Carné (Estoril)
Cassiano,BRA,FW,34,7.7,4,15,6,40.0,1.95,0.78,0.2,0.5,14.5,0.0,1,1,3.7,3.0,0.2,0.3,0.0,Estoril,Brasileiro,Cassiano (Estoril)
Mateus Fernandes,POR,MF,19,8.5,0,7,2,28.6,0.82,0.24,0.0,0.0,22.9,1.0,0,0,0.2,0.2,0.03,-0.2,-0.2,Estoril,Brasileiro,Mateus Fernandes (Estoril)
Heriberto Tavares,POR,"FW,MF",26,5.6,1,11,4,36.4,1.96,0.71,0.09,0.25,18.2,0.0,0,0,0.9,0.9,0.08,0.1,0.1,Estoril,Brasileiro,Heriberto Tavares (Estoril)
Alejandro Marqués,VEN,FW,23,6.3,5,18,7,38.9,2.86,1.11,0.28,0.71,15.0,0.0,0,0,2.4,2.4,0.13,2.6,2.6,Estoril,Brasileiro,Alejandro Marqués (Estoril)
Daniel Leite,POR,GK,25,5.0,0,0,0,0.0,0.0,0.0,0.0,0.0,0.0,0.0,0,0,0.0,0.0,0.0,0.0,0.0,Estoril,Brasileiro,Daniel Leite (Estoril)
Koba Koindredi,FRA,MF,22,3.5,0,4,1,25.0,1.14,0.29,0.0,0.0,21.3,1.0,0,0,0.2,0.2,0.06,-0.2,-0.2,Estoril,Brasileiro,Koba Koindredi (Estoril)
Erick Cabaco,URU,DF,28,3.7,0,4,0,0.0,1.07,0.0,0.0,0.0,10.3,0.0,0,0,0.4,0.4,0.09,-0.4,-0.4,Estoril,Brasileiro,Erick Cabaco (Estoril)
Eliaquim Mangala,FRA,DF,32,3.1,1,1,1,100.0,0.33,0.33,1.0,1.0,4.1,0.0,0,0,0.8,0.8,0.82,0.2,0.2,Estoril,Brasileiro,Eliaquim Mangala (Estoril)
Raúl Parra,ESP,DF,24,2.4,0,0,0,0.0,0.0,0.0,0.0,0.0,0.0,0.0,0,0,0.0,0.0,0.0,0.0,0.0,Estoril,Brasileiro,Raúl Parra (Estoril)
Ivan Pavlic,BEL,MF,22,2.0,0,0,0,0.0,0.0,0.0,0.0,0.0,0.0,0.0,0,0,0.0,0.0,0.0,0.0,0.0,Estoril,Brasileiro,Ivan Pavlic (Estoril)
Alexandre Miguel Barros Soares,POR,MF,32,2.8,0,2,0,0.0,0.72,0.0,0.0,0.0,25.2,0.0,0,0,0.0,0.0,0.02,0.0,0.0,Estoril,Brasileiro,Alexandre Miguel Barros Soares (Estoril)
Wagner Pina,POR,"DF,MF",21,1.5,0,1,1,100.0,0.69,0.69,0.0,0.0,7.8,0.0,0,0,0.1,0.1,0.11,-0.1,-0.1,Estoril,Brasileiro,Wagner Pina (Estoril)
João Carlos,BRA,"FW,DF",28,0.6,0,3,1,33.3,4.82,1.61,0.0,0.0,24.6,1.0,0,0,0.1,0.1,0.03,-0.1,-0.1,Estoril,Brasileiro,João Carlos (Estoril)
Mor Ndiaye,SEN,"FW,MF",23,0.2,0,0,0,0.0,0.0,0.0,0.0,0.0,0.0,0.0,0,0,0.0,0.0,0.0,0.0,0.0,Estoril,Brasileiro,Mor Ndiaye (Estoril)
Rodrigo Martins,POR,"DF,FW",25,0.1,0,0,0,0.0,0.0,0.0,0.0,0.0,0.0,0.0,0,0,0.0,0.0,0.0,0.0,0.0,Estoril,Brasileiro,Rodrigo Martins (Estoril)
Ronald,BRA,"MF,FW",22,13.6,1,19,6,31.6,1.4,0.44,0.05,0.17,19.5,0.0,0,0,1.9,1.9,0.1,-0.9,-0.9,Estrela,Brasileiro,Ronald (Estrela)
Gaspar,ANG,DF,26,13.5,1,5,2,40.0,0.37,0.15,0.2,0.5,8.0,0.0,0,0,0.5,0.5,0.1,0.5,0.5,Estrela,Brasileiro,Gaspar (Estrela)
Léo Jabá,BRA,"MF,FW",25,10.0,3,13,5,38.5,1.29,0.5,0.15,0.4,21.3,0.0,1,1,2.0,1.2,0.09,1.0,0.8,Estrela,Brasileiro,Léo Jabá (Estrela)
Leo Cordeiro,BRA,MF,28,12.3,2,14,3,21.4,1.14,0.24,0.14,0.67,19.7,2.0,0,0,1.3,1.3,0.09,0.7,0.7,Estrela,Brasileiro,Leo Cordeiro (Estrela)
João Reis,POR,"DF,MF",31,11.6,0,2,0,0.0,0.17,0.0,0.0,0.0,27.2,0.0,0,0,0.0,0.0,0.02,0.0,0.0,Estrela,Brasileiro,João Reis (Estrela)
Hevertton Santos,BRA,"DF,MF",22,10.5,0,5,1,20.0,0.47,0.09,0.0,0.0,12.3,1.0,0,0,0.8,0.8,0.16,-0.8,-0.8,Estrela,Brasileiro,Hevertton Santos (Estrela)
Aloísio Souza Genézio,BRA,MF,27,7.8,0,8,2,25.0,1.02,0.25,0.0,0.0,21.1,0.0,0,0,0.4,0.4,0.06,-0.4,-0.4,Estrela,Brasileiro,Aloísio Souza Genézio (Estrela)
Johnstone Omurwa,KEN,DF,25,8.6,0,3,2,66.7,0.35,0.23,0.0,0.0,8.2,0.0,0,0,0.3,0.3,0.11,-0.3,-0.3,Estrela,Brasileiro,Johnstone Omurwa (Estrela)
Miguel Lopes,POR,DF,37,7.5,0,2,0,0.0,0.27,0.0,0.0,0.0,21.7,0.0,0,0,0.1,0.1,0.04,-0.1,-0.1,Estrela,Brasileiro,Miguel Lopes (Estrela)
Jean Felipe,BRA,"MF,DF",29,8.2,1,4,1,25.0,0.49,0.12,0.25,1.0,21.2,2.0,0,0,0.3,0.3,0.07,0.7,0.7,Estrela,Brasileiro,Jean Felipe (Estrela)
Bruno Brigido,BRA,GK,32,7.0,0,0,0,0.0,0.0,0.0,0.0,0.0,0.0,0.0,0,0,0.0,0.0,0.0,0.0,0.0,Estrela,Brasileiro,Bruno Brigido (Estrela)
Ronaldo Tavares,POR,FW,26,6.2,2,15,2,13.3,2.43,0.32,0.13,1.0,12.3,0.0,0,0,3.3,3.3,0.22,-1.3,-1.3,Estrela,Brasileiro,Ronaldo Tavares (Estrela)
Vitó Ferreira,POR,MF,26,5.8,0,4,0,0.0,0.69,0.0,0.0,0.0,26.6,2.0,0,0,0.2,0.2,0.06,-0.2,-0.2,Estrela,Brasileiro,Vitó Ferreira (Estrela)
Mansur,BRA,DF,30,6.0,0,0,0,0.0,0.0,0.0,0.0,0.0,0.0,0.0,0,0,0.0,0.0,0.0,0.0,0.0,Estrela,Brasileiro,Mansur (Estrela)
Kikas,POR,"FW,MF",25,6.9,3,16,6,37.5,2.33,0.87,0.19,0.5,16.5,0.0,0,0,1.7,1.7,0.1,1.3,1.3,Estrela,Brasileiro,Kikas (Estrela)
Wagner Santos,BRA,GK,25,4.7,0,0,0,0.0,0.0,0.0,0.0,0.0,0.0,0.0,0,0,0.0,0.0,0.0,0.0,0.0,Estrela,Brasileiro,Wagner Santos (Estrela)
Almeida,BRA,DF,23,4.4,0,1,0,0.0,0.23,0.0,0.0,0.0,26.4,0.0,0,0,0.0,0.0,0.04,0.0,0.0,Estrela,Brasileiro,Almeida (Estrela)
Nkanyiso Shinga,RSA,"DF,MF",23,3.7,0,0,0,0.0,0.0,0.0,0.0,0.0,0.0,0.0,0,0,0.0,0.0,0.0,0.0,0.0,Estrela,Brasileiro,Nkanyiso Shinga (Estrela)
André Inácio,BRA,"FW,MF",21,3.8,1,10,3,30.0,2.63,0.79,0.1,0.33,12.9,0.0,0,0,2.0,2.0,0.2,-1.0,-1.0,Estrela,Brasileiro,André Inácio (Estrela)
António Filipe de Carvalho,POR,GK,38,3.0,0,0,0,0.0,0.0,0.0,0.0,0.0,0.0,0.0,0,0,0.0,0.0,0.0,0.0,0.0,Estrela,Brasileiro,António Filipe de Carvalho (Estrela)
Pedro Sá,POR,MF,30,3.0,0,1,0,0.0,0.34,0.0,0.0,0.0,28.1,0.0,0,0,0.0,0.0,0.03,0.0,0.0,Estrela,Brasileiro,Pedro Sá (Estrela)
Regis Ndo,MLI,"FW,MF",22,2.2,0,4,0,0.0,1.85,0.0,0.0,0.0,18.2,1.0,0,0,0.4,0.4,0.1,-0.4,-0.4,Estrela,Brasileiro,Regis Ndo (Estrela)
Alioune Ndour,SEN,"FW,MF",22,1.9,0,10,2,20.0,5.33,1.07,0.0,0.0,15.8,0.0,0,0,1.1,1.1,0.11,-1.1,-1.1,Estrela,Brasileiro,Alioune Ndour (Estrela)
Keliano,ANG,MF,20,1.3,0,3,0,0.0,2.25,0.0,0.0,0.0,18.9,0.0,0,0,0.2,0.2,0.07,-0.2,-0.2,Estrela,Brasileiro,Keliano (Estrela)
Gustavo Henrique,BRA,FW,24,0.2,0,2,0,0.0,9.47,0.0,0.0,0.0,0.0,0.0,0,0,0.0,0.0,0.0,0.0,0.0,Estrela,Brasileiro,Gustavo Henrique (Estrela)
Cambila,ANG,GK,21,0.2,0,0,0,0.0,0.0,0.0,0.0,0.0,0.0,0.0,0,0,0.0,0.0,0.0,0.0,0.0,Estrela,Brasileiro,Cambila (Estrela)
Luiz Lúcio Reis Júnior,BRA,GK,22,15.0,0,0,0,0.0,0.0,0.0,0.0,0.0,0.0,0.0,0,0,0.0,0.0,0.0,0.0,0.0,Famalicão,Brasileiro,Luiz Lúcio Reis Júnior (Famalicão)
Moura,POR,DF,24,15.0,1,5,1,20.0,0.33,0.07,0.2,1.0,19.1,0.0,0,0,0.2,0.2,0.03,0.8,0.8,Famalicão,Brasileiro,Moura (Famalicão)
Zaydou Youssouf,FRA,MF,24,13.1,0,15,3,20.0,1.15,0.23,0.0,0.0,28.4,1.0,0,1,1.2,0.4,0.03,-1.2,-0.4,Famalicão,Brasileiro,Zaydou Youssouf (Famalicão)
Otavio Ataide,BRA,DF,21,12.2,2,11,4,36.4,0.9,0.33,0.18,0.5,18.6,0.0,0,0,0.7,0.7,0.07,1.3,1.3,Famalicão,Brasileiro,Otavio Ataide (Famalicão)
Jhonder Cádiz,VEN,FW,28,9.4,4,27,8,29.6,2.89,0.86,0.11,0.38,14.5,0.0,1,1,3.5,2.7,0.1,0.5,0.3,Famalicão,Brasileiro,Jhonder Cádiz (Famalicão)
Riccieli,BRA,DF,25,9.0,0,3,1,33.3,0.33,0.11,0.0,0.0,7.3,0.0,0,0,0.3,0.3,0.11,-0.3,-0.3,Famalicão,Brasileiro,Riccieli (Famalicão)
Mirko Topić,SRB,MF,22,9.3,0,11,0,0.0,1.18,0.0,0.0,0.0,23.7,1.0,0,0,0.5,0.5,0.05,-0.5,-0.5,Famalicão,Brasileiro,Mirko Topić (Famalicão)
Nathan,BRA,DF,22,8.0,0,4,2,50.0,0.5,0.25,0.0,0.0,22.6,0.0,0,0,0.2,0.2,0.04,-0.2,-0.2,Famalicão,Brasileiro,Nathan (Famalicão)
José Luis Rodríguez,PAN,FW,25,7.6,0,12,4,33.3,1.58,0.53,0.0,0.0,28.2,1.0,0,0,0.3,0.3,0.02,-0.3,-0.3,Famalicão,Brasileiro,José Luis Rodríguez (Famalicão)
Gustavo sá,POR,MF,19,6.8,1,13,2,15.4,1.92,0.3,0.08,0.5,19.7,0.0,0,0,0.9,0.9,0.07,0.1,0.1,Famalicão,Brasileiro,Gustavo sá (Famalicão)
Chiquinho,POR,"FW,MF",23,6.7,1,14,3,21.4,2.09,0.45,0.07,0.33,17.1,0.0,0,0,1.2,1.2,0.09,-0.2,-0.2,Famalicão,Brasileiro,Chiquinho (Famalicão)
Martin Agirregabiria,ESP,DF,27,7.3,0,2,1,50.0,0.27,0.14,0.0,0.0,31.6,0.0,0,0,0.0,0.0,0.01,0.0,0.0,Famalicão,Brasileiro,Martin Agirregabiria (Famalicão)
Henrique Araújo,POR,FW,21,6.0,0,7,1,14.3,1.16,0.17,0.0,0.0,9.4,0.0,0,0,0.7,0.7,0.09,-0.7,-0.7,Famalicão,Brasileiro,Henrique Araújo (Famalicão)
Óscar Aranda,ESP,"FW,MF",21,6.0,1,20,5,25.0,3.34,0.83,0.05,0.2,24.6,5.0,0,0,0.6,0.6,0.03,0.4,0.4,Famalicão,Brasileiro,Óscar Aranda (Famalicão)
Justin de Haas,NED,DF,23,6.1,1,7,2,28.6,1.14,0.33,0.14,0.5,16.3,2.0,0,0,0.4,0.4,0.06,0.6,0.6,Famalicão,Brasileiro,Justin de Haas (Famalicão)
Otso Liimatta,FIN,MF,19,4.1,0,2,0,0.0,0.49,0.0,0.0,0.0,14.9,0.0,0,0,0.2,0.2,0.12,-0.2,-0.2,Famalicão,Brasileiro,Otso Liimatta (Famalicão)
Gustavo Assuncao,POR,MF,23,5.0,0,3,1,33.3,0.61,0.2,0.0,0.0,29.2,0.0,0,0,0.1,0.1,0.02,-0.1,-0.1,Famalicão,Brasileiro,Gustavo Assuncao (Famalicão)
Tom Lacoux,FRA,MF,21,3.1,0,6,0,0.0,1.96,0.0,0.0,0.0,25.1,0.0,0,0,0.1,0.1,0.02,-0.1,-0.1,Famalicão,Brasileiro,Tom Lacoux (Famalicão)
Théo Fonseca,FRA,FW,23,3.0,1,6,3,50.0,1.97,0.99,0.17,0.33,13.2,0.0,0,0,1.0,1.0,0.17,0.0,0.0,Famalicão,Brasileiro,Théo Fonseca (Famalicão)
Enea Mihaj,ALB,DF,25,2.7,0,0,0,0.0,0.0,0.0,0.0,0.0,0.0,0.0,0,0,0.0,0.0,0.0,0.0,0.0,Famalicão,Brasileiro,Enea Mihaj (Famalicão)
Mihai Dobre,ROU,"FW,MF",25,3.0,0,8,4,50.0,2.69,1.34,0.0,0.0,17.0,0.0,0,0,0.4,0.4,0.05,-0.4,-0.4,Famalicão,Brasileiro,Mihai Dobre (Famalicão)
Pablo,BRA,"FW,MF",19,2.2,0,2,0,0.0,0.91,0.0,0.0,0.0,10.5,0.0,0,0,0.2,0.2,0.11,-0.2,-0.2,Famalicão,Brasileiro,Pablo (Famalicão)
Afonso Rodrigues,POR,"FW,MF",21,2.6,1,9,2,22.2,3.43,0.76,0.11,0.5,14.2,0.0,0,0,0.6,0.6,0.06,0.4,0.4,Famalicão,Brasileiro,Afonso Rodrigues (Famalicão)
Ricardo Velho,POR,GK,25,14.0,0,0,0,0.0,0.0,0.0,0.0,0.0,0.0,0.0,0,0,0.0,0.0,0.0,0.0,0.0,Farense,Brasileiro,Ricardo Velho (Farense)
Talocha,POR,DF,34,13.8,0,10,2,20.0,0.72,0.14,0.0,0.0,25.4,0.0,0,0,0.3,0.3,0.03,-0.3,-0.3,Farense,Brasileiro,Talocha (Farense)
Claudio Falcão,BRA,MF,29,13.6,3,14,5,35.7,1.03,0.37,0.21,0.6,15.4,0.0,0,0,1.3,1.3,0.1,1.7,1.7,Farense,Brasileiro,Claudio Falcão (Farense)
Mattheus Oliveira,BRA,MF,29,11.7,4,20,8,40.0,1.71,0.68,0.15,0.38,23.5,3.0,1,1,2.0,1.2,0.06,2.0,1.8,Farense,Brasileiro,Mattheus Oliveira (Farense)
Gonçalo Silva,POR,DF,32,12.2,0,1,1,100.0,0.08,0.08,0.0,0.0,10.3,0.0,0,0,0.0,0.0,0.02,0.0,0.0,Farense,Brasileiro,Gonçalo Silva (Farense)
Bachir Belloumi,ALG,"FW,MF",21,10.6,3,23,10,43.5,2.17,0.94,0.13,0.3,19.6,0.0,0,0,2.4,2.4,0.11,0.6,0.6,Farense,Brasileiro,Bachir Belloumi (Farense)
David Pastor,BRA,DF,23,11.9,0,3,1,33.3,0.25,0.08,0.0,0.0,29.1,0.0,0,0,0.1,0.1,0.03,-0.1,-0.1,Farense,Brasileiro,David Pastor (Farense)
Marco Matias,POR,"FW,MF",34,9.9,0,15,7,46.7,1.52,0.71,0.0,0.0,17.0,0.0,0,0,1.6,1.6,0.11,-1.6,-1.6,Farense,Brasileiro,Marco Matias (Farense)
Bruno Duarte,BRA,FW,27,10.0,4,16,5,31.3,1.59,0.5,0.13,0.4,16.6,0.0,2,2,3.3,1.7,0.12,0.7,0.3,Farense,Brasileiro,Bruno Duarte (Farense)
Zach Muscat,MLT,DF,30,8.8,1,5,1,20.0,0.57,0.11,0.2,1.0,10.3,0.0,0,0,0.9,0.9,0.18,0.1,0.1,Farense,Brasileiro,Zach Muscat (Farense)
Fabrício Isidoro,BRA,MF,31,8.6,2,9,5,55.6,1.04,0.58,0.22,0.4,23.0,0.0,0,0,0.9,0.9,0.1,1.1,1.1,Farense,Brasileiro,Fabrício Isidoro (Farense)
Rui Costa,POR,"FW,MF",27,6.0,3,17,7,41.2,2.84,1.17,0.18,0.43,23.3,1.0,0,1,2.4,1.6,0.09,0.6,1.4,Farense,Brasileiro,Rui Costa (Farense)
Artur Jorge Marques Amorim,POR,DF,29,5.4,0,3,1,33.3,0.56,0.19,0.0,0.0,9.6,0.0,0,0,0.2,0.2,0.08,-0.2,-0.2,Farense,Brasileiro,Artur Jorge Marques Amorim (Farense)
Vítor Gonçalves,POR,MF,31,4.3,0,2,0,0.0,0.46,0.0,0.0,0.0,22.9,0.0,0,0,0.0,0.0,0.02,0.0,0.0,Farense,Brasileiro,Vítor Gonçalves (Farense)
Elves Baldé,POR,"FW,MF",24,2.3,1,6,1,16.7,2.58,0.43,0.17,1.0,18.8,0.0,0,0,1.3,1.3,0.22,-0.3,-0.3,Farense,Brasileiro,Elves Baldé (Farense)
Fran Delgado,ESP,DF,22,2.1,0,0,0,0.0,0.0,0.0,0.0,0.0,0.0,0.0,0,0,0.0,0.0,0.0,0.0,0.0,Farense,Brasileiro,Fran Delgado (Farense)
Igor Rossi Branco,BRA,DF,34,1.4,0,1,0,0.0,0.72,0.0,0.0,0.0,22.0,0.0,0,0,0.0,0.0,0.05,0.0,0.0,Farense,Brasileiro,Igor Rossi Branco (Farense)
Rafael Barbosa,POR,"FW,MF",27,2.3,1,4,2,50.0,1.72,0.86,0.25,0.5,19.2,0.0,0,0,0.5,0.5,0.12,0.5,0.5,Farense,Brasileiro,Rafael Barbosa (Farense)
Zé Luís,CPV,"FW,MF",32,1.5,0,3,0,0.0,2.01,0.0,0.0,0.0,10.9,0.0,0,0,0.3,0.3,0.1,-0.3,-0.3,Farense,Brasileiro,Zé Luís (Farense)
Facundo Cáseres,ARG,"MF,DF",22,1.1,0,1,1,100.0,0.91,0.91,0.0,0.0,10.2,0.0,0,0,0.1,0.1,0.08,-0.1,-0.1,Farense,Brasileiro,Facundo Cáseres (Farense)
Cristian Ponde,POR,MF,28,0.5,0,1,0,0.0,1.96,0.0,0.0,0.0,24.6,0.0,0,0,0.0,0.0,0.01,0.0,0.0,Farense,Brasileiro,Cristian Ponde (Farense)
André Seruca,POR,MF,23,0.4,0,0,0,0.0,0.0,0.0,0.0,0.0,0.0,0.0,0,0,0.0,0.0,0.0,0.0,0.0,Farense,Brasileiro,André Seruca (Farense)
Talys Oliveira,BRA,DF,24,0.1,0,2,1,50.0,20.0,10.0,0.0,0.0,27.9,0.0,0,0,0.0,0.0,0.02,0.0,0.0,Farense,Brasileiro,Talys Oliveira (Farense)
Rúben Fernandes,POR,DF,37,14.0,1,6,2,33.3,0.43,0.14,0.17,0.5,10.0,0.0,0,0,0.5,0.5,0.08,0.5,0.5,Gil Vicente FC,Brasileiro,Rúben Fernandes (Gil Vicente FC)
José Carlos,POR,DF,25,12.7,1,5,2,40.0,0.39,0.16,0.2,0.5,24.2,0.0,0,0,0.2,0.2,0.05,0.8,0.8,Gil Vicente FC,Brasileiro,José Carlos (Gil Vicente FC)
Maxime Dominguez,SUI,"MF,FW",27,12.0,5,15,7,46.7,1.25,0.58,0.27,0.57,19.6,1.0,1,1,2.4,1.6,0.11,2.6,2.4,Gil Vicente FC,Brasileiro,Maxime Dominguez (Gil Vicente FC)
Pedro Tiba,POR,MF,35,11.6,3,12,3,25.0,1.03,0.26,0.17,0.67,30.7,1.0,1,2,1.9,0.3,0.03,1.1,1.7,Gil Vicente FC,Brasileiro,Pedro Tiba (Gil Vicente FC)
Leonardo Buta,POR,DF,21,12.0,0,1,1,100.0,0.08,0.08,0.0,0.0,26.6,0.0,0,0,0.0,0.0,0.02,0.0,0.0,Gil Vicente FC,Brasileiro,Leonardo Buta (Gil Vicente FC)
Andrew,BRA,GK,22,12.0,0,0,0,0.0,0.0,0.0,0.0,0.0,0.0,0.0,0,0,0.0,0.0,0.0,0.0,0.0,Gil Vicente FC,Brasileiro,Andrew (Gil Vicente FC)
Gabriel Pereira,BRA,DF,23,11.9,1,10,3,30.0,0.84,0.25,0.1,0.33,12.1,0.0,0,0,1.0,1.0,0.1,0.0,0.0,Gil Vicente FC,Brasileiro,Gabriel Pereira (Gil Vicente FC)
Kanya Fujimoto,JPN,MF,24,9.2,2,11,3,27.3,1.2,0.33,0.09,0.33,20.6,0.0,1,1,1.8,1.0,0.09,0.2,0.0,Gil Vicente FC,Brasileiro,Kanya Fujimoto (Gil Vicente FC)
Martim Carvalho,POR,MF,20,8.4,0,4,1,25.0,0.48,0.12,0.0,0.0,23.8,0.0,0,0,0.1,0.1,0.03,-0.1,-0.1,Gil Vicente FC,Brasileiro,Martim Carvalho (Gil Vicente FC)
Félix Correia,POR,FW,22,7.9,2,14,8,57.1,1.77,1.01,0.14,0.25,20.5,0.0,0,0,1.5,1.5,0.11,0.5,0.5,Gil Vicente FC,Brasileiro,Félix Correia (Gil Vicente FC)
Murilo Costa,BRA,FW,29,7.1,1,17,7,41.2,2.39,0.98,0.0,0.0,19.0,1.0,1,1,1.9,1.1,0.06,-0.9,-1.1,Gil Vicente FC,Brasileiro,Murilo Costa (Gil Vicente FC)
Roko Baturina,CRO,FW,23,6.2,2,7,3,42.9,1.13,0.48,0.29,0.67,15.9,0.0,0,0,0.7,0.7,0.1,1.3,1.3,Gil Vicente FC,Brasileiro,Roko Baturina (Gil Vicente FC)
Marlon,BRA,"FW,MF",26,4.3,0,5,1,20.0,1.17,0.23,0.0,0.0,23.2,0.0,0,0,0.1,0.1,0.02,-0.1,-0.1,Gil Vicente FC,Brasileiro,Marlon (Gil Vicente FC)
Depú,ANG,FW,23,4.1,3,10,7,70.0,2.47,1.73,0.3,0.43,9.6,0.0,0,0,2.1,2.1,0.21,0.9,0.9,Gil Vicente FC,Brasileiro,Depú (Gil Vicente FC)
Mory Gbane,CIV,MF,23,4.0,0,2,1,50.0,0.5,0.25,0.0,0.0,14.5,0.0,0,0,0.1,0.1,0.05,-0.1,-0.1,Gil Vicente FC,Brasileiro,Mory Gbane (Gil Vicente FC)
Né lopes,POR,DF,23,2.8,0,0,0,0.0,0.0,0.0,0.0,0.0,0.0,0.0,0,0,0.0,0.0,0.0,0.0,0.0,Gil Vicente FC,Brasileiro,Né lopes (Gil Vicente FC)
Tidjany Chabrol,FRA,"FW,MF",21,4.0,2,11,4,36.4,2.73,0.99,0.18,0.5,19.5,0.0,0,0,1.0,1.0,0.09,1.0,1.0,Gil Vicente FC,Brasileiro,Tidjany Chabrol (Gil Vicente FC)
Vinicius Dias,BRA,GK,26,2.0,0,0,0,0.0,0.0,0.0,0.0,0.0,0.0,0.0,0,0,0.0,0.0,0.0,0.0,0.0,Gil Vicente FC,Brasileiro,Vinicius Dias (Gil Vicente FC)
Kiko Vilas Boas,POR,DF,24,2.0,0,0,0,0.0,0.0,0.0,0.0,0.0,0.0,0.0,0,0,0.0,0.0,0.0,0.0,0.0,Gil Vicente FC,Brasileiro,Kiko Vilas Boas (Gil Vicente FC)
Ali Alipour,IRN,FW,28,1.7,0,1,0,0.0,0.58,0.0,0.0,0.0,26.7,0.0,0,0,0.0,0.0,0.03,0.0,0.0,Gil Vicente FC,Brasileiro,Ali Alipour (Gil Vicente FC)
Miguel Monteiro,POR,FW,20,2.2,1,6,3,50.0,2.71,1.36,0.17,0.33,15.3,0.0,0,0,1.0,1.0,0.17,0.0,0.0,Gil Vicente FC,Brasileiro,Miguel Monteiro (Gil Vicente FC)
Roan Wilson,CRC,"MF,DF",21,1.0,1,2,1,50.0,1.98,0.99,0.5,1.0,8.2,0.0,0,0,1.1,1.1,0.55,-0.1,-0.1,Gil Vicente FC,Brasileiro,Roan Wilson (Gil Vicente FC)
Jesús Castillo,PER,MF,22,0.3,0,1,1,100.0,3.0,3.0,0.0,0.0,27.6,0.0,0,0,0.0,0.0,0.03,0.0,0.0,Gil Vicente FC,Brasileiro,Jesús Castillo (Gil Vicente FC)
Thomas Luciano,BRA,DF,21,0.2,0,0,0,0.0,0.0,0.0,0.0,0.0,0.0,0.0,0,0,0.0,0.0,0.0,0.0,0.0,Gil Vicente FC,Brasileiro,Thomas Luciano (Gil Vicente FC)
André Simões,POR,FW,20,0.2,0,0,0,0.0,0.0,0.0,0.0,0.0,0.0,0.0,0,0,0.0,0.0,0.0,0.0,0.0,Gil Vicente FC,Brasileiro,André Simões (Gil Vicente FC)
Felipe Silva Lipe,BRA,DF,21,0.1,0,0,0,0.0,0.0,0.0,0.0,0.0,0.0,0.0,0,0,0.0,0.0,0.0,0.0,0.0,Gil Vicente FC,Brasileiro,Felipe Silva Lipe (Gil Vicente FC)
Marcelo dos Santos Ferreira,BRA,DF,34,15.0,1,7,2,28.6,0.47,0.13,0.14,0.5,9.8,0.0,0,0,0.4,0.4,0.05,0.6,0.6,Moreirense,Brasileiro,Marcelo dos Santos Ferreira (Moreirense)
Kewin,BRA,GK,28,15.0,0,0,0,0.0,0.0,0.0,0.0,0.0,0.0,0.0,0,0,0.0,0.0,0.0,0.0,0.0,Moreirense,Brasileiro,Kewin (Moreirense)
André Luis,BRA,FW,29,14.8,6,30,7,23.3,2.03,0.47,0.17,0.71,14.6,1.0,1,1,3.5,2.7,0.09,2.5,2.3,Moreirense,Brasileiro,André Luis (Moreirense)
Alan,BRA,MF,23,13.3,2,26,7,26.9,1.95,0.53,0.08,0.29,23.8,3.0,0,0,2.1,2.1,0.08,-0.1,-0.1,Moreirense,Brasileiro,Alan (Moreirense)
Lawrence Ofori,GHA,MF,25,13.7,0,5,1,20.0,0.36,0.07,0.0,0.0,30.8,0.0,0,0,0.1,0.1,0.02,-0.1,-0.1,Moreirense,Brasileiro,Lawrence Ofori (Moreirense)
Gonçalo Franco,POR,MF,23,13.0,0,21,2,9.5,1.62,0.15,0.0,0.0,24.6,0.0,0,0,0.8,0.8,0.04,-0.8,-0.8,Moreirense,Brasileiro,Gonçalo Franco (Moreirense)
Maracás,BRA,DF,29,12.0,1,3,2,66.7,0.25,0.17,0.33,0.5,8.4,0.0,0,0,0.5,0.5,0.15,0.5,0.5,Moreirense,Brasileiro,Maracás (Moreirense)
Fabiano,BRA,DF,23,11.9,1,5,1,20.0,0.42,0.08,0.2,1.0,25.5,0.0,0,0,0.7,0.7,0.14,0.3,0.3,Moreirense,Brasileiro,Fabiano (Moreirense)
Pedro Amador,POR,DF,25,10.0,0,5,0,0.0,0.5,0.0,0.0,0.0,27.7,1.0,0,0,0.1,0.1,0.03,-0.1,-0.1,Moreirense,Brasileiro,Pedro Amador (Moreirense)
Kobamelo Kodisang,RSA,FW,24,9.1,1,15,6,40.0,1.65,0.66,0.07,0.17,16.3,0.0,0,0,2.0,2.0,0.13,-1.0,-1.0,Moreirense,Brasileiro,Kobamelo Kodisang (Moreirense)
João Pedro Gomes Camacho,POR,FW,29,8.9,3,24,10,41.7,2.69,1.12,0.13,0.3,20.9,0.0,0,0,1.7,1.7,0.07,1.3,1.3,Moreirense,Brasileiro,João Pedro Gomes Camacho (Moreirense)
Madson,BRA,FW,24,8.8,3,22,7,31.8,2.5,0.8,0.14,0.43,16.5,0.0,0,0,2.0,2.0,0.09,1.0,1.0,Moreirense,Brasileiro,Madson (Moreirense)
Godfried Frimpong,NED,DF,24,5.8,1,1,1,100.0,0.17,0.17,1.0,1.0,6.9,0.0,0,0,0.2,0.2,0.19,0.8,0.8,Moreirense,Brasileiro,Godfried Frimpong (Moreirense)
Dinis Pinto,POR,DF,23,3.1,0,1,0,0.0,0.33,0.0,0.0,0.0,15.7,0.0,0,0,0.0,0.0,0.02,0.0,0.0,Moreirense,Brasileiro,Dinis Pinto (Moreirense)
Carlos Ponck,CPV,DF,28,3.3,0,2,0,0.0,0.61,0.0,0.0,0.0,12.2,0.0,0,0,0.0,0.0,0.02,0.0,0.0,Moreirense,Brasileiro,Carlos Ponck (Moreirense)
Wallisson Luiz,BRA,"MF,FW",26,2.2,0,5,1,20.0,2.25,0.45,0.0,0.0,19.2,0.0,0,0,0.2,0.2,0.04,-0.2,-0.2,Moreirense,Brasileiro,Wallisson Luiz (Moreirense)
Rúben Ramos,POR,MF,24,1.0,0,0,0,0.0,0.0,0.0,0.0,0.0,0.0,0.0,0,0,0.0,0.0,0.0,0.0,0.0,Moreirense,Brasileiro,Rúben Ramos (Moreirense)
Jeremy Antonisse,CUW,"FW,MF",21,2.1,0,6,2,33.3,2.92,0.97,0.0,0.0,19.4,0.0,0,0,0.4,0.4,0.07,-0.4,-0.4,Moreirense,Brasileiro,Jeremy Antonisse (Moreirense)
Pedro Aparício,POR,"MF,FW",28,1.3,0,3,1,33.3,2.37,0.79,0.0,0.0,12.2,0.0,0,0,0.6,0.6,0.2,-0.6,-0.6,Moreirense,Brasileiro,Pedro Aparício (Moreirense)
Matheus Aiás,BRA,"MF,FW",26,0.7,1,2,1,50.0,2.86,1.43,0.5,1.0,17.3,0.0,0,0,0.3,0.3,0.14,0.7,0.7,Moreirense,Brasileiro,Matheus Aiás (Moreirense)
Rodrigo Macedo,POR,MF,20,0.1,0,0,0,0.0,0.0,0.0,0.0,0.0,0.0,0.0,0,0,0.0,0.0,0.0,0.0,0.0,Moreirense,Brasileiro,Rodrigo Macedo (Moreirense)
Gilberto Batista,POR,MF,20,0.0,0,0,0,0.0,0.0,0.0,0.0,0.0,0.0,0.0,0,0,0.0,0.0,0.0,0.0,0.0,Moreirense,Brasileiro,Gilberto Batista (Moreirense)
Filipe Relvas,POR,DF,24,13.8,1,4,2,50.0,0.29,0.14,0.25,0.5,9.1,0.0,0,0,0.5,0.5,0.13,0.5,0.5,Portimonense,Brasileiro,Filipe Relvas (Portimonense)
Carlinhos,BRA,MF,29,12.9,4,26,8,30.8,2.01,0.62,0.08,0.25,28.6,6.0,2,2,2.6,1.0,0.04,1.4,1.0,Portimonense,Brasileiro,Carlinhos (Portimonense)
Vinicius Silvestre,BRA,GK,29,12.0,0,0,0,0.0,0.0,0.0,0.0,0.0,0.0,0.0,0,0,0.0,0.0,0.0,0.0,0.0,Portimonense,Brasileiro,Vinicius Silvestre (Portimonense)
Hélio Varela,CPV,"FW,MF",21,11.9,4,25,9,36.0,2.09,0.75,0.16,0.44,18.8,0.0,0,0,1.7,1.7,0.07,2.3,2.3,Portimonense,Brasileiro,Hélio Varela (Portimonense)
Pedrão,BRA,DF,26,11.5,2,5,3,60.0,0.43,0.26,0.4,0.67,13.9,0.0,0,0,1.0,1.0,0.2,1.0,1.0,Portimonense,Brasileiro,Pedrão (Portimonense)
Alemão,BRA,DF,21,10.9,0,3,1,33.3,0.27,0.09,0.0,0.0,10.9,0.0,0,0,0.1,0.1,0.03,-0.1,-0.1,Portimonense,Brasileiro,Alemão (Portimonense)
Dener,BRA,MF,31,9.8,1,8,3,37.5,0.82,0.31,0.13,0.33,9.6,0.0,0,0,0.8,0.6,0.08,0.2,0.4,Portimonense,Brasileiro,Dener (Portimonense)
Sylvester Jasper,BUL,"FW,MF",22,9.4,1,13,3,23.1,1.39,0.32,0.08,0.33,17.9,0.0,0,0,1.9,1.9,0.15,-0.9,-0.9,Portimonense,Brasileiro,Sylvester Jasper (Portimonense)
Gonçalo Costa,POR,"DF,MF",23,9.9,0,10,2,20.0,1.01,0.2,0.0,0.0,20.6,1.0,0,0,0.5,0.5,0.05,-0.5,-0.5,Portimonense,Brasileiro,Gonçalo Costa (Portimonense)
Ronie Carrillo,ECU,FW,27,8.4,3,14,8,57.1,1.66,0.95,0.21,0.38,13.6,0.0,0,0,1.7,1.7,0.12,1.3,1.3,Portimonense,Brasileiro,Ronie Carrillo (Portimonense)
Guga,POR,"DF,MF",20,7.2,0,5,3,60.0,0.7,0.42,0.0,0.0,25.5,0.0,0,0,0.1,0.1,0.03,-0.1,-0.1,Portimonense,Brasileiro,Guga (Portimonense)
Igor Marques,BRA,"DF,MF",24,6.4,0,0,0,0.0,0.0,0.0,0.0,0.0,0.0,0.0,0,0,0.0,0.0,0.0,0.0,0.0,Portimonense,Brasileiro,Igor Marques (Portimonense)
Maurício,BRA,MF,35,5.0,0,5,1,20.0,1.0,0.2,0.0,0.0,20.2,0.0,0,0,0.7,0.7,0.14,-0.7,-0.7,Portimonense,Brasileiro,Maurício (Portimonense)
Rildo,BRA,"FW,MF",23,5.7,0,10,2,20.0,1.77,0.35,0.0,0.0,16.1,0.0,0,1,1.4,0.7,0.07,-1.4,-0.7,Portimonense,Brasileiro,Rildo (Portimonense)
Moustapha Seck,SEN,"DF,MF",27,3.3,0,1,0,0.0,0.3,0.0,0.0,0.0,28.7,0.0,0,0,0.0,0.0,0.02,0.0,0.0,Portimonense,Brasileiro,Moustapha Seck (Portimonense)
Paulo Estrela Moreira,POR,"MF,FW",24,4.2,0,3,2,66.7,0.72,0.48,0.0,0.0,29.3,0.0,0,0,0.1,0.1,0.03,-0.1,-0.1,Portimonense,Brasileiro,Paulo Estrela Moreira (Portimonense)
Nonoca,BRA,"MF,FW",25,3.6,0,2,1,50.0,0.56,0.28,0.0,0.0,22.0,0.0,0,0,0.1,0.1,0.03,-0.1,-0.1,Portimonense,Brasileiro,Nonoca (Portimonense)
Kosuke Nakamura,JPN,GK,28,2.0,0,0,0,0.0,0.0,0.0,0.0,0.0,0.0,0.0,0,0,0.0,0.0,0.0,0.0,0.0,Portimonense,Brasileiro,Kosuke Nakamura (Portimonense)
Paulinho,POR,"FW,MF",24,1.9,0,4,2,50.0,2.13,1.07,0.0,0.0,13.5,0.0,0,0,0.6,0.6,0.14,-0.6,-0.6,Portimonense,Brasileiro,Paulinho (Portimonense)
Rafael Alcobia,POR,DF,20,1.3,0,0,0,0.0,0.0,0.0,0.0,0.0,0.0,0.0,0,0,0.0,0.0,0.0,0.0,0.0,Portimonense,Brasileiro,Rafael Alcobia (Portimonense)
Luan Campos,BRA,"FW,MF",21,1.1,0,3,0,0.0,2.78,0.0,0.0,0.0,27.6,0.0,0,0,0.1,0.1,0.04,-0.1,-0.1,Portimonense,Brasileiro,Luan Campos (Portimonense)
Zinho,BRA,"FW,MF",20,1.3,0,1,0,0.0,0.77,0.0,0.0,0.0,24.7,0.0,0,0,0.0,0.0,0.03,0.0,0.0,Portimonense,Brasileiro,Zinho (Portimonense)
Midana Cassama,GNB,MF,21,0.2,0,1,0,0.0,5.0,0.0,0.0,0.0,22.1,0.0,0,0,0.3,0.3,0.26,-0.3,-0.3,Portimonense,Brasileiro,Midana Cassama (Portimonense)
Jose Souza,POR,MF,22,0.1,0,0,0,0.0,0.0,0.0,0.0,0.0,0.0,0.0,0,0,0.0,0.0,0.0,0.0,0.0,Portimonense,Brasileiro,Jose Souza (Portimonense)
Dennis Adeniran,ENG,MF,24,0.1,0,0,0,0.0,0.0,0.0,0.0,0.0,0.0,0.0,0,0,0.0,0.0,0.0,0.0,0.0,Portimonense,Brasileiro,Dennis Adeniran (Portimonense)
Diogo Costa,POR,GK,24,15.0,0,0,0,0.0,0.0,0.0,0.0,0.0,0.0,0.0,0,0,0.0,0.0,0.0,0.0,0.0,Porto,Brasileiro,Diogo Costa (Porto)
Pepê,BRA,"MF,DF",26,13.2,0,19,9,47.4,1.44,0.68,0.0,0.0,15.3,0.0,0,0,1.8,1.8,0.1,-1.8,-1.8,Porto,Brasileiro,Pepê (Porto)
Stephen Eustáquio,CAN,MF,27,13.1,2,17,4,23.5,1.3,0.31,0.12,0.5,19.6,0.0,0,0,1.4,1.4,0.08,0.6,0.6,Porto,Brasileiro,Stephen Eustáquio (Porto)
Mehdi Taremi,IRN,FW,31,12.9,3,16,8,50.0,1.24,0.62,0.13,0.25,14.4,0.0,1,2,3.5,2.0,0.12,-0.5,0.0,Porto,Brasileiro,Mehdi Taremi (Porto)
João Mário Lopes,POR,DF,23,10.6,1,13,1,7.7,1.23,0.09,0.08,1.0,18.0,0.0,0,0,0.7,0.7,0.05,0.3,0.3,Porto,Brasileiro,João Mário Lopes (Porto)
Alan Varela,ARG,MF,22,9.2,0,10,1,10.0,1.08,0.11,0.0,0.0,24.2,0.0,0,0,0.5,0.5,0.05,-0.5,-0.5,Porto,Brasileiro,Alan Varela (Porto)
Galeno,BRA,"MF,DF",26,10.1,1,19,5,26.3,1.88,0.5,0.0,0.0,19.8,0.0,1,2,3.2,1.6,0.09,-2.2,-1.6,Porto,Brasileiro,Galeno (Porto)
Pepe,POR,DF,40,7.2,1,4,2,50.0,0.55,0.28,0.25,0.5,15.2,0.0,0,0,1.0,1.0,0.27,0.0,0.0,Porto,Brasileiro,Pepe (Porto)
Evanilson,BRA,FW,24,7.0,4,17,7,41.2,2.44,1.0,0.24,0.57,14.3,0.0,0,0,2.7,2.6,0.15,1.3,1.4,Porto,Brasileiro,Evanilson (Porto)
Fábio Cardoso,POR,DF,29,6.9,0,5,1,20.0,0.72,0.14,0.0,0.0,12.9,0.0,0,0,0.3,0.3,0.06,-0.3,-0.3,Porto,Brasileiro,Fábio Cardoso (Porto)
David Carmo,POR,DF,24,6.8,0,5,0,0.0,0.74,0.0,0.0,0.0,9.6,0.0,0,0,0.7,0.7,0.14,-0.7,-0.7,Porto,Brasileiro,David Carmo (Porto)
Wendell,BRA,DF,30,6.9,1,5,3,60.0,0.73,0.44,0.2,0.33,24.8,1.0,0,0,0.2,0.2,0.03,0.8,0.8,Porto,Brasileiro,Wendell (Porto)
Iván Marcano,ESP,DF,36,4.1,2,6,4,66.7,1.47,0.98,0.33,0.5,8.8,0.0,0,0,1.3,1.3,0.22,0.7,0.7,Porto,Brasileiro,Iván Marcano (Porto)
Zé Pedro Figueiredo,POR,DF,26,4.7,1,3,1,33.3,0.63,0.21,0.33,1.0,12.2,1.0,0,0,0.7,0.7,0.22,0.3,0.3,Porto,Brasileiro,Zé Pedro Figueiredo (Porto)
André Franco,POR,"MF,FW",25,4.1,0,5,2,40.0,1.22,0.49,0.0,0.0,16.8,0.0,0,0,0.6,0.6,0.12,-0.6,-0.6,Porto,Brasileiro,André Franco (Porto)
Nicolás González,ESP,MF,21,4.1,0,3,0,0.0,0.74,0.0,0.0,0.0,18.7,0.0,0,0,0.1,0.1,0.04,-0.1,-0.1,Porto,Brasileiro,Nicolás González (Porto)
Toni Martínez,ESP,FW,26,4.0,2,13,6,46.2,3.22,1.49,0.15,0.33,13.9,0.0,0,0,1.0,1.0,0.08,1.0,1.0,Porto,Brasileiro,Toni Martínez (Porto)
Jorge Eduardo Sánchez,MEX,DF,26,3.9,0,3,1,33.3,0.78,0.26,0.0,0.0,9.4,0.0,0,0,0.5,0.5,0.19,-0.5,-0.5,Porto,Brasileiro,Jorge Eduardo Sánchez (Porto)
Zaidu Sanusi,NGA,DF,26,2.8,1,1,1,100.0,0.35,0.35,1.0,1.0,7.4,0.0,0,0,0.2,0.2,0.21,0.8,0.8,Porto,Brasileiro,Zaidu Sanusi (Porto)
Francisco Conceição,POR,"MF,FW",21,3.7,2,16,4,25.0,4.3,1.07,0.13,0.5,18.0,1.0,0,0,1.5,1.5,0.09,0.5,0.5,Porto,Brasileiro,Francisco Conceição (Porto)
Ivan Jaime Pajuelo,ESP,MF,23,2.9,1,7,4,57.1,2.43,1.39,0.14,0.25,17.8,1.0,0,0,0.5,0.5,0.07,0.5,0.5,Porto,Brasileiro,Ivan Jaime Pajuelo (Porto)
João Miguel,POR,DF,23,2.1,0,2,2,100.0,0.94,0.94,0.0,0.0,28.3,0.0,0,0,0.0,0.0,0.02,0.0,0.0,Porto,Brasileiro,João Miguel (Porto)
Romário Baró,POR,"MF,FW",23,1.4,0,4,0,0.0,2.95,0.0,0.0,0.0,20.6,0.0,0,0,0.2,0.2,0.04,-0.2,-0.2,Porto,Brasileiro,Romário Baró (Porto)
Gonçalo Borges,POR,"MF,DF",22,2.3,0,7,2,28.6,3.0,0.86,0.0,0.0,17.3,0.0,0,0,0.2,0.2,0.03,-0.2,-0.2,Porto,Brasileiro,Gonçalo Borges (Porto)
Fran Navarro,ESP,"FW,MF",25,1.9,0,6,2,33.3,3.1,1.03,0.0,0.0,13.8,0.0,0,0,1.2,1.2,0.2,-1.2,-1.2,Porto,Brasileiro,Fran Navarro (Porto)
Marko Grujić,SRB,MF,27,1.3,0,1,0,0.0,0.75,0.0,0.0,0.0,7.3,0.0,0,0,0.1,0.1,0.08,-0.1,-0.1,Porto,Brasileiro,Marko Grujić (Porto)
Otávio,POR,"MF,FW",28,1.0,0,1,1,100.0,1.0,1.0,0.0,0.0,33.5,1.0,0,0,0.0,0.0,0.03,0.0,0.0,Porto,Brasileiro,Otávio (Porto)
Danny Loader,ENG,"FW,DF",23,0.5,0,1,1,100.0,2.09,2.09,0.0,0.0,15.1,0.0,0,0,0.1,0.1,0.11,-0.1,-0.1,Porto,Brasileiro,Danny Loader (Porto)
Costinha,POR,"MF,DF",23,15.0,2,12,3,25.0,0.8,0.2,0.0,0.0,17.4,0.0,2,2,2.3,0.7,0.06,-0.3,-0.7,Rio Ave,Brasileiro,Costinha (Rio Ave)
Aderlan Santos,BRA,DF,34,15.0,2,12,5,41.7,0.8,0.33,0.17,0.4,17.1,1.0,0,0,1.0,1.0,0.08,1.0,1.0,Rio Ave,Brasileiro,Aderlan Santos (Rio Ave)
Fábio Conceição,POR,"MF,DF",22,14.8,1,17,4,23.5,1.15,0.27,0.06,0.25,15.8,0.0,0,0,1.6,1.6,0.09,-0.6,-0.6,Rio Ave,Brasileiro,Fábio Conceição (Rio Ave)
Amine Oudrhiri,MAR,MF,31,12.9,0,3,0,0.0,0.23,0.0,0.0,0.0,28.9,0.0,0,0,0.1,0.1,0.04,-0.1,-0.1,Rio Ave,Brasileiro,Amine Oudrhiri (Rio Ave)
Josué Sá,POR,DF,31,11.7,0,4,0,0.0,0.34,0.0,0.0,0.0,15.2,0.0,0,0,0.1,0.1,0.03,-0.1,-0.1,Rio Ave,Brasileiro,Josué Sá (Rio Ave)
Gonçalo Rodrigues,POR,MF,26,10.8,0,11,3,27.3,1.02,0.28,0.0,0.0,21.6,0.0,0,0,1.3,1.3,0.12,-1.3,-1.3,Rio Ave,Brasileiro,Gonçalo Rodrigues (Rio Ave)
Emmanuel Boateng,GHA,FW,27,9.6,3,37,12,32.4,3.85,1.25,0.08,0.25,15.2,0.0,0,0,5.1,5.1,0.14,-2.1,-2.1,Rio Ave,Brasileiro,Emmanuel Boateng (Rio Ave)
Joca,POR,"FW,MF",27,6.9,1,10,7,70.0,1.44,1.01,0.1,0.14,21.6,0.0,0,0,0.6,0.6,0.06,0.4,0.4,Rio Ave,Brasileiro,Joca (Rio Ave)
Jhonatan,BRA,GK,32,8.0,0,0,0,0.0,0.0,0.0,0.0,0.0,0.0,0.0,0,0,0.0,0.0,0.0,0.0,0.0,Rio Ave,Brasileiro,Jhonatan (Rio Ave)
Miguel Nóbrega,POR,DF,23,7.9,1,6,1,16.7,0.76,0.13,0.17,1.0,18.3,0.0,0,0,0.8,0.8,0.13,0.2,0.2,Rio Ave,Brasileiro,Miguel Nóbrega (Rio Ave)
Magrão,BRA,GK,23,7.0,0,0,0,0.0,0.0,0.0,0.0,0.0,0.0,0.0,0,0,0.0,0.0,0.0,0.0,0.0,Rio Ave,Brasileiro,Magrão (Rio Ave)
André Pereira,POR,FW,28,6.5,1,11,3,27.3,1.7,0.46,0.09,0.33,15.0,0.0,0,0,1.0,1.0,0.1,0.0,0.0,Rio Ave,Brasileiro,André Pereira (Rio Ave)
Renato Pantalon,CRO,DF,26,6.3,0,0,0,0.0,0.0,0.0,0.0,0.0,0.0,0.0,0,0,0.0,0.0,0.0,0.0,0.0,Rio Ave,Brasileiro,Renato Pantalon (Rio Ave)
Leonardo Ruíz,COL,FW,27,6.4,2,14,4,28.6,2.18,0.62,0.07,0.25,15.3,1.0,1,1,3.9,3.1,0.22,-1.9,-2.1,Rio Ave,Brasileiro,Leonardo Ruíz (Rio Ave)
Bruno Ventura,POR,"FW,MF",22,5.3,0,5,1,20.0,0.94,0.19,0.0,0.0,22.5,0.0,0,0,0.9,0.9,0.18,-0.9,-0.9,Rio Ave,Brasileiro,Bruno Ventura (Rio Ave)
João Graça,POR,"MF,FW",28,5.2,0,6,0,0.0,1.15,0.0,0.0,0.0,25.7,0.0,0,0,0.2,0.2,0.04,-0.2,-0.2,Rio Ave,Brasileiro,João Graça (Rio Ave)
Zé Manuel,POR,"MF,FW",33,4.5,1,8,4,50.0,1.78,0.89,0.13,0.25,14.5,0.0,0,0,1.2,1.2,0.15,-0.2,-0.2,Rio Ave,Brasileiro,Zé Manuel (Rio Ave)
Hernâni Fortes,POR,FW,32,3.8,0,11,1,9.1,2.92,0.27,0.0,0.0,19.7,0.0,0,0,0.4,0.4,0.04,-0.4,-0.4,Rio Ave,Brasileiro,Hernâni Fortes (Rio Ave)
Savio,BRA,"DF,MF",28,2.8,0,1,0,0.0,0.36,0.0,0.0,0.0,27.4,0.0,0,0,0.0,0.0,0.01,0.0,0.0,Rio Ave,Brasileiro,Savio (Rio Ave)
Patrick,BRA,DF,26,1.6,0,2,0,0.0,1.27,0.0,0.0,0.0,24.3,0.0,0,0,0.0,0.0,0.01,0.0,0.0,Rio Ave,Brasileiro,Patrick (Rio Ave)
Vítor Gomes,POR,MF,36,1.9,0,3,1,33.3,1.6,0.53,0.0,0.0,28.0,0.0,0,0,0.1,0.1,0.03,-0.1,-0.1,Rio Ave,Brasileiro,Vítor Gomes (Rio Ave)
Ukra,POR,"MF,FW",35,0.7,0,0,0,0.0,0.0,0.0,0.0,0.0,0.0,0.0,0,0,0.0,0.0,0.0,0.0,0.0,Rio Ave,Brasileiro,Ukra (Rio Ave)
Nuno Namora,POR,"DF,MF",25,0.3,0,0,0,0.0,0.0,0.0,0.0,0.0,0.0,0.0,0,0,0.0,0.0,0.0,0.0,0.0,Rio Ave,Brasileiro,Nuno Namora (Rio Ave)
Julien Lomboto,COD,MF,21,0.1,0,0,0,0.0,0.0,0.0,0.0,0.0,0.0,0.0,0,0,0.0,0.0,0.0,0.0,0.0,Rio Ave,Brasileiro,Julien Lomboto (Rio Ave)
Antonio Adán,ESP,GK,36,14.0,0,0,0,0.0,0.0,0.0,0.0,0.0,0.0,0.0,0,0,0.0,0.0,0.0,0.0,0.0,Sporting CP,Brasileiro,Antonio Adán (Sporting CP)
Ousmane Diomande,CIV,DF,20,13.4,1,10,3,30.0,0.74,0.22,0.1,0.33,7.9,0.0,0,0,0.9,0.9,0.09,0.1,0.1,Sporting CP,Brasileiro,Ousmane Diomande (Sporting CP)
Pedro Gonçalves,POR,"FW,MF",25,13.3,4,42,15,35.7,3.16,1.13,0.1,0.27,18.2,4.0,0,0,5.4,5.4,0.13,-1.4,-1.4,Sporting CP,Brasileiro,Pedro Gonçalves (Sporting CP)
Viktor Gyökeres,SWE,FW,25,12.9,10,36,15,41.7,2.78,1.16,0.22,0.53,15.5,1.0,2,2,5.8,4.2,0.12,4.2,3.8,Sporting CP,Brasileiro,Viktor Gyökeres (Sporting CP)
Hidemasa Morita,JPN,MF,28,12.9,1,10,3,30.0,0.78,0.23,0.1,0.33,14.9,0.0,0,0,1.7,1.7,0.17,-0.7,-0.7,Sporting CP,Brasileiro,Hidemasa Morita (Sporting CP)
Gonçalo Inácio,POR,DF,22,12.4,1,5,2,40.0,0.4,0.16,0.2,0.5,11.4,0.0,0,0,0.5,0.5,0.1,0.5,0.5,Sporting CP,Brasileiro,Gonçalo Inácio (Sporting CP)
Sebastián Coates,URU,DF,33,10.5,0,11,5,45.5,1.05,0.48,0.0,0.0,10.1,0.0,0,0,0.9,0.9,0.08,-0.9,-0.9,Sporting CP,Brasileiro,Sebastián Coates (Sporting CP)
Morten Hjulmand,DEN,MF,24,10.5,1,9,2,22.2,0.86,0.19,0.11,0.5,20.8,0.0,0,0,0.9,0.9,0.1,0.1,0.1,Sporting CP,Brasileiro,Morten Hjulmand (Sporting CP)
Marcus Edwards,ENG,"FW,MF",25,9.8,2,19,9,47.4,1.94,0.92,0.11,0.22,17.8,0.0,0,0,1.8,1.8,0.09,0.2,0.2,Sporting CP,Brasileiro,Marcus Edwards (Sporting CP)
Ricardo Esgaio,POR,"MF,DF",30,8.7,0,4,0,0.0,0.46,0.0,0.0,0.0,19.5,0.0,0,0,0.4,0.4,0.1,-0.4,-0.4,Sporting CP,Brasileiro,Ricardo Esgaio (Sporting CP)
Nuno Santos,POR,"MF,DF",28,7.9,1,14,5,35.7,1.76,0.63,0.07,0.2,18.8,0.0,0,0,0.9,0.9,0.07,0.1,0.1,Sporting CP,Brasileiro,Nuno Santos (Sporting CP)
Matheus Reis,BRA,"DF,MF",28,7.8,0,1,0,0.0,0.13,0.0,0.0,0.0,18.2,0.0,0,0,0.0,0.0,0.04,0.0,0.0,Sporting CP,Brasileiro,Matheus Reis (Sporting CP)
Geny Catamo,MOZ,"MF,DF",22,5.9,1,11,2,18.2,1.86,0.34,0.09,0.5,17.7,0.0,0,0,0.8,0.8,0.07,0.2,0.2,Sporting CP,Brasileiro,Geny Catamo (Sporting CP)
Paulinho,POR,FW,31,5.4,6,24,14,58.3,4.47,2.61,0.25,0.43,13.4,0.0,0,0,3.6,3.6,0.15,2.4,2.4,Sporting CP,Brasileiro,Paulinho (Sporting CP)
Daniel Bragança,POR,MF,24,2.3,1,7,2,28.6,3.1,0.89,0.14,0.5,17.5,0.0,0,0,0.8,0.8,0.11,0.2,0.2,Sporting CP,Brasileiro,Daniel Bragança (Sporting CP)
Francisco Trincão,POR,"FW,MF",24,2.4,0,12,3,25.0,5.0,1.25,0.0,0.0,19.2,1.0,0,0,1.1,1.1,0.09,-1.1,-1.1,Sporting CP,Brasileiro,Francisco Trincão (Sporting CP)
Eduardo Quaresma,POR,DF,21,1.3,0,0,0,0.0,0.0,0.0,0.0,0.0,0.0,0.0,0,0,0.0,0.0,0.0,0.0,0.0,Sporting CP,Brasileiro,Eduardo Quaresma (Sporting CP)
Jerry St. Juste,NED,DF,27,1.2,0,0,0,0.0,0.0,0.0,0.0,0.0,0.0,0.0,0,0,0.0,0.0,0.0,0.0,0.0,Sporting CP,Brasileiro,Jerry St. Juste (Sporting CP)
Afonso Bastardo,POR,MF,18,0.3,0,0,0,0.0,0.0,0.0,0.0,0.0,0.0,0.0,0,0,0.0,0.0,0.0,0.0,0.0,Sporting CP,Brasileiro,Afonso Bastardo (Sporting CP)
Iván Fresneda,ESP,MF,19,0.1,0,0,0,0.0,0.0,0.0,0.0,0.0,0.0,0.0,0,0,0.0,0.0,0.0,0.0,0.0,Sporting CP,Brasileiro,Iván Fresneda (Sporting CP)
Luís Neto,POR,DF,35,0.1,0,0,0,0.0,0.0,0.0,0.0,0.0,0.0,0.0,0,0,0.0,0.0,0.0,0.0,0.0,Sporting CP,Brasileiro,Luís Neto (Sporting CP)
Mateus Fernandes,POR,FW,19,0.0,0,0,0,0.0,0.0,0.0,0.0,0.0,0.0,0.0,0,0,0.0,0.0,0.0,0.0,0.0,Sporting CP,Brasileiro,Mateus Fernandes (Sporting CP)
Jorge Filipe Oliveira Fernandes,POR,DF,26,15.0,0,9,1,11.1,0.6,0.07,0.0,0.0,10.3,0.0,0,0,0.7,0.7,0.08,-0.7,-0.7,Vitória,Brasileiro,Jorge Filipe Oliveira Fernandes (Vitória)
Bruno Varela,CPV,GK,29,15.0,0,0,0,0.0,0.0,0.0,0.0,0.0,0.0,0.0,0,0,0.0,0.0,0.0,0.0,0.0,Vitória,Brasileiro,Bruno Varela (Vitória)
Jota Silva,POR,"FW,MF",24,14.1,4,38,17,44.7,2.69,1.2,0.11,0.24,17.1,0.0,0,0,3.4,3.4,0.09,0.6,0.6,Vitória,Brasileiro,Jota Silva (Vitória)
André Silva,BRA,FW,26,12.4,5,31,11,35.5,2.49,0.88,0.16,0.45,19.5,0.0,0,1,3.6,2.8,0.09,1.4,2.2,Vitória,Brasileiro,André Silva (Vitória)
Tomás Händel,POR,MF,23,12.1,1,19,2,10.5,1.57,0.17,0.05,0.5,20.9,0.0,0,0,1.1,1.1,0.06,-0.1,-0.1,Vitória,Brasileiro,Tomás Händel (Vitória)
Tomás Ribeiro,POR,DF,24,10.4,1,5,1,20.0,0.48,0.1,0.2,1.0,10.7,0.0,0,0,0.7,0.7,0.14,0.3,0.3,Vitória,Brasileiro,Tomás Ribeiro (Vitória)
Tiago Silva,POR,MF,30,9.5,3,12,4,33.3,1.27,0.42,0.08,0.25,30.0,2.0,2,2,1.9,0.4,0.03,1.1,0.6,Vitória,Brasileiro,Tiago Silva (Vitória)
João Mendes,POR,"MF,FW",29,8.8,5,24,10,41.7,2.72,1.13,0.21,0.5,21.2,0.0,0,0,3.3,3.3,0.14,1.7,1.7,Vitória,Brasileiro,João Mendes (Vitória)
Manuel Manu,POR,DF,22,10.0,1,6,1,16.7,0.6,0.1,0.17,1.0,15.7,1.0,0,0,0.6,0.6,0.09,0.4,0.4,Vitória,Brasileiro,Manuel Manu (Vitória)
Bruno Gaspar,ANG,"MF,DF",30,8.5,1,5,1,20.0,0.59,0.12,0.2,1.0,16.2,0.0,0,0,0.2,0.2,0.03,0.8,0.8,Vitória,Brasileiro,Bruno Gaspar (Vitória)
Daniel Bandeira,POR,MF,23,7.2,1,8,4,50.0,1.11,0.55,0.13,0.25,22.8,0.0,0,0,0.3,0.3,0.04,0.7,0.7,Vitória,Brasileiro,Daniel Bandeira (Vitória)
Afonso freitas,POR,"DF,MF",23,6.0,0,4,0,0.0,0.67,0.0,0.0,0.0,14.5,0.0,0,0,0.2,0.2,0.04,-0.2,-0.2,Vitória,Brasileiro,Afonso freitas (Vitória)
Ricardo Mangas,POR,"DF,MF",25,6.9,0,9,1,11.1,1.31,0.15,0.0,0.0,13.6,0.0,0,0,0.6,0.6,0.06,-0.6,-0.6,Vitória,Brasileiro,Ricardo Mangas (Vitória)
Miguel Magalhães,POR,"DF,MF",21,5.4,0,1,0,0.0,0.19,0.0,0.0,0.0,26.1,0.0,0,0,0.0,0.0,0.03,0.0,0.0,Vitória,Brasileiro,Miguel Magalhães (Vitória)
Toni Borevkovic,CRO,DF,26,5.0,0,5,1,20.0,1.0,0.2,0.0,0.0,7.7,0.0,0,0,0.7,0.7,0.15,-0.7,-0.7,Vitória,Brasileiro,Toni Borevkovic (Vitória)
Mikel Villanueva,VEN,DF,30,3.9,0,2,0,0.0,0.51,0.0,0.0,0.0,22.3,0.0,0,0,0.1,0.1,0.04,-0.1,-0.1,Vitória,Brasileiro,Mikel Villanueva (Vitória)
Nelson,ANG,"DF,FW",25,4.5,1,6,2,33.3,1.34,0.45,0.17,0.5,23.2,0.0,0,0,0.7,0.7,0.11,0.3,0.3,Vitória,Brasileiro,Nelson (Vitória)
Adrián Butzke,ESP,FW,24,1.8,0,2,1,50.0,1.11,0.56,0.0,0.0,25.2,0.0,0,0,0.5,0.5,0.23,-0.5,-0.5,Vitória,Brasileiro,Adrián Butzke (Vitória)
Zé Carlos,POR,"MF,DF",22,3.1,0,1,0,0.0,0.32,0.0,0.0,0.0,15.3,0.0,0,0,0.1,0.1,0.11,-0.1,-0.1,Vitória,Brasileiro,Zé Carlos (Vitória)
Nuno Santos,POR,"FW,MF",24,2.0,0,7,1,14.3,3.52,0.5,0.0,0.0,25.3,0.0,0,0,0.3,0.3,0.04,-0.3,-0.3,Vitória,Brasileiro,Nuno Santos (Vitória)
Safira,BRA,FW,28,1.6,1,3,2,66.7,1.87,1.25,0.0,0.0,17.5,0.0,1,1,1.9,1.1,0.36,-0.9,-1.1,Vitória,Brasileiro,Safira (Vitória)
André André,POR,MF,34,0.9,0,1,0,0.0,1.06,0.0,0.0,0.0,26.1,0.0,0,0,0.0,0.0,0.05,0.0,0.0,Vitória,Brasileiro,André André (Vitória)
Fabijan Buntić,CRO,GK,26,15.0,0,0,0,0.0,0.0,0.0,0.0,0.0,0.0,0.0,0,0,0.0,0.0,0.0,0.0,0.0,Vizela,Brasileiro,Fabijan Buntić (Vizela)
Anderson Jesus,BRA,DF,28,14.9,0,9,1,11.1,0.6,0.07,0.0,0.0,11.1,0.0,0,0,0.5,0.5,0.06,-0.5,-0.5,Vizela,Brasileiro,Anderson Jesus (Vizela)
Samuel Essende,FRA,FW,25,14.6,7,36,15,41.7,2.46,1.02,0.19,0.47,13.9,0.0,0,0,4.5,4.5,0.13,2.5,2.5,Vizela,Brasileiro,Samuel Essende (Vizela)
Samu,POR,"MF,FW",27,14.6,2,26,7,26.9,1.78,0.48,0.0,0.0,25.4,4.0,2,3,4.1,1.7,0.07,-2.1,-1.7,Vizela,Brasileiro,Samu (Vizela)
Bruno Wilson,POR,DF,27,14.0,0,14,3,21.4,1.0,0.21,0.0,0.0,11.2,0.0,0,0,1.2,1.2,0.09,-1.2,-1.2,Vizela,Brasileiro,Bruno Wilson (Vizela)
Tomás Costa Silva,POR,DF,24,13.5,0,7,4,57.1,0.52,0.3,0.0,0.0,18.6,0.0,0,0,0.3,0.3,0.05,-0.3,-0.3,Vizela,Brasileiro,Tomás Costa Silva (Vizela)
Nuno Gonçalo Moreira,POR,"FW,MF",24,9.9,1,27,6,22.2,2.72,0.6,0.04,0.17,20.5,1.0,0,0,1.6,1.6,0.06,-0.6,-0.6,Vizela,Brasileiro,Nuno Gonçalo Moreira (Vizela)
Matías Lacava,VEN,"FW,MF",21,9.0,0,10,3,30.0,1.11,0.33,0.0,0.0,18.5,0.0,0,0,0.6,0.6,0.06,-0.6,-0.6,Vizela,Brasileiro,Matías Lacava (Vizela)
Matheus Pereira,BRA,"DF,MF",23,10.6,1,6,2,33.3,0.57,0.19,0.17,0.5,27.5,0.0,0,0,0.3,0.3,0.05,0.7,0.7,Vizela,Brasileiro,Matheus Pereira (Vizela)
Diogo Nascimento,POR,MF,21,10.2,0,17,6,35.3,1.66,0.59,0.0,0.0,19.7,0.0,0,0,0.8,0.8,0.05,-0.8,-0.8,Vizela,Brasileiro,Diogo Nascimento (Vizela)
João Escoval,POR,DF,26,6.4,0,5,0,0.0,0.79,0.0,0.0,0.0,9.5,0.0,0,0,0.3,0.3,0.05,-0.3,-0.3,Vizela,Brasileiro,João Escoval (Vizela)
Rafael Bustamante,COL,MF,24,5.9,0,7,0,0.0,1.18,0.0,0.0,0.0,27.8,0.0,0,0,0.2,0.2,0.02,-0.2,-0.2,Vizela,Brasileiro,Rafael Bustamante (Vizela)
Pedro Ortiz,ESP,MF,23,5.7,0,0,0,0.0,0.0,0.0,0.0,0.0,0.0,0.0,0,0,0.0,0.0,0.0,0.0,0.0,Vizela,Brasileiro,Pedro Ortiz (Vizela)
Aleksandar Busnić,SRB,"MF,FW",26,4.9,0,1,0,0.0,0.21,0.0,0.0,0.0,22.3,0.0,0,0,0.0,0.0,0.03,0.0,0.0,Vizela,Brasileiro,Aleksandar Busnić (Vizela)
Alberto Soro,ESP,"MF,FW",24,2.5,1,4,2,50.0,1.58,0.79,0.25,0.5,17.9,0.0,0,0,0.6,0.6,0.16,0.4,0.4,Vizela,Brasileiro,Alberto Soro (Vizela)
Alexis Méndez,USA,"MF,FW",23,2.5,0,6,2,33.3,2.43,0.81,0.0,0.0,28.5,1.0,0,0,0.2,0.2,0.03,-0.2,-0.2,Vizela,Brasileiro,Alexis Méndez (Vizela)
Kiko Bondoso,POR,"FW,MF",28,2.1,0,2,0,0.0,0.93,0.0,0.0,0.0,7.6,0.0,0,0,0.2,0.2,0.12,-0.2,-0.2,Vizela,Brasileiro,Kiko Bondoso (Vizela)
Orest Lebedenko,UKR,DF,25,2.1,0,1,0,0.0,0.48,0.0,0.0,0.0,25.0,0.0,0,0,0.1,0.1,0.05,-0.1,-0.1,Vizela,Brasileiro,Orest Lebedenko (Vizela)
Hugo Oliveira,POR,"MF,DF",21,1.5,0,0,0,0.0,0.0,0.0,0.0,0.0,0.0,0.0,0,0,0.0,0.0,0.0,0.0,0.0,Vizela,Brasileiro,Hugo Oliveira (Vizela)
Dylan Saint-Louis,CGO,"FW,MF",28,2.1,1,4,1,25.0,1.87,0.47,0.25,1.0,17.3,0.0,0,0,0.4,0.4,0.1,0.6,0.6,Vizela,Brasileiro,Dylan Saint-Louis (Vizela)
Jardel,GNB,"FW,MF",26,1.8,0,5,2,40.0,2.81,1.13,0.0,0.0,20.6,0.0,0,0,0.5,0.5,0.09,-0.5,-0.5,Vizela,Brasileiro,Jardel (Vizela)
Iker Unzueta,ESP,FW,25,0.3,0,1,0,0.0,3.46,0.0,0.0,0.0,16.6,0.0,0,0,0.0,0.0,0.02,0.0,0.0,Vizela,Brasileiro,Iker Unzueta (Vizela)
Osama Rashid,IRQ,"MF,FW",31,0.2,0,1,1,100.0,4.09,4.09,0.0,0.0,33.0,0.0,0,0,0.0,0.0,0.02,0.0,0.0,Vizela,Brasileiro,Osama Rashid (Vizela)
