Player,Nation,Pos,Age,MP,Playing Time_Starts,Playing Time_Min,Playing Time_90s,Performance_Gls,Performance_Ast,Performance_G+A,Performance_G-PK,Performance_PK,Performance_PKatt,Performance_CrdY,Performance_CrdR,Expected_xG,Expected_npxG,Expected_xAG,Expected_npxG+xAG,Progression_PrgC,Progression_PrgP,Progression_PrgR,Per 90 Minutes_Gls,Per 90 Minutes_Ast,Per 90 Minutes_G+A,Per 90 Minutes_G-PK,Per 90 Minutes_G+A-PK,Per 90 Minutes_xG,Per 90 Minutes_xAG,Per 90 Minutes_xG+xAG,Per 90 Minutes_npxG,Per 90 Minutes_npxG+xAG,Team,Championship,Player_Team
Ignacio De Arruabarrena,URU,GK,26,15,15,1350.0,15.0,0.0,0.0,0.0,0.0,0.0,0.0,3.0,0.0,0.0,0.0,0.0,0.0,0.0,1.0,1.0,0.0,0.0,0.0,0.0,0.0,0.0,0.0,0.0,0.0,0.0,Arouca,Brasileiro,Ignacio De Arruabarrena (Arouca)
Rafa Mújica,ESP,FW,25,15,14,1210.0,13.4,8.0,0.0,8.0,8.0,0.0,0.0,3.0,1.0,6.9,6.9,0.6,7.5,19.0,10.0,74.0,0.6,0.0,0.6,0.6,0.6,0.51,0.04,0.55,0.51,0.55,Arouca,Brasileiro,Rafa Mújica (Arouca)
Cristo González,ESP,"FW,MF",26,15,14,1154.0,12.8,6.0,2.0,8.0,6.0,0.0,1.0,2.0,0.0,4.4,3.6,2.0,5.6,31.0,54.0,96.0,0.47,0.16,0.62,0.47,0.62,0.34,0.16,0.5,0.28,0.44,Arouca,Brasileiro,Cristo González (Arouca)
Morlaye Sylla,GUI,MF,25,14,14,1084.0,12.0,1.0,4.0,5.0,1.0,0.0,1.0,6.0,0.0,2.2,1.4,1.5,2.9,19.0,67.0,33.0,0.08,0.33,0.42,0.08,0.42,0.18,0.13,0.31,0.11,0.24,Arouca,Brasileiro,Morlaye Sylla (Arouca)
David Simão,POR,MF,33,14,13,1084.0,12.0,0.0,3.0,3.0,0.0,0.0,0.0,3.0,1.0,0.1,0.1,2.2,2.3,7.0,92.0,18.0,0.0,0.25,0.25,0.0,0.25,0.01,0.18,0.19,0.01,0.19,Arouca,Brasileiro,David Simão (Arouca)
Jason,ESP,"MF,FW",29,15,13,1063.0,11.8,3.0,1.0,4.0,3.0,0.0,0.0,1.0,0.0,2.6,2.6,1.2,3.8,23.0,41.0,99.0,0.25,0.08,0.34,0.25,0.34,0.22,0.1,0.32,0.22,0.32,Arouca,Brasileiro,Jason (Arouca)
Francisco Montero,ESP,DF,24,12,12,1077.0,12.0,1.0,0.0,1.0,1.0,0.0,0.0,2.0,0.0,0.8,0.8,0.0,0.8,7.0,45.0,4.0,0.08,0.0,0.08,0.08,0.08,0.07,0.0,0.07,0.07,0.07,Arouca,Brasileiro,Francisco Montero (Arouca)
Nino Galović,CRO,DF,31,12,12,1064.0,11.8,0.0,1.0,1.0,0.0,0.0,0.0,1.0,0.0,0.3,0.3,0.5,0.9,2.0,33.0,1.0,0.0,0.08,0.08,0.0,0.08,0.03,0.04,0.07,0.03,0.07,Arouca,Brasileiro,Nino Galović (Arouca)
Tiago Esgaio,POR,DF,28,13,12,1034.0,11.5,0.0,2.0,2.0,0.0,0.0,0.0,3.0,0.0,0.5,0.5,1.9,2.4,14.0,56.0,44.0,0.0,0.17,0.17,0.0,0.17,0.04,0.17,0.21,0.04,0.21,Arouca,Brasileiro,Tiago Esgaio (Arouca)
Eboue Kouassi,CIV,MF,26,11,8,682.0,7.6,0.0,0.0,0.0,0.0,0.0,0.0,2.0,1.0,0.4,0.4,0.3,0.7,3.0,26.0,5.0,0.0,0.0,0.0,0.0,0.0,0.05,0.04,0.09,0.05,0.09,Arouca,Brasileiro,Eboue Kouassi (Arouca)
Weverson,BRA,"DF,MF",23,9,8,623.0,6.9,0.0,1.0,1.0,0.0,0.0,0.0,2.0,0.0,0.0,0.0,1.2,1.2,11.0,20.0,45.0,0.0,0.14,0.14,0.0,0.14,0.0,0.17,0.18,0.0,0.18,Arouca,Brasileiro,Weverson (Arouca)
Rafael Fernandes,POR,DF,21,9,7,669.0,7.4,0.0,0.0,0.0,0.0,0.0,0.0,2.0,1.0,0.2,0.2,0.1,0.4,5.0,26.0,2.0,0.0,0.0,0.0,0.0,0.0,0.03,0.02,0.05,0.03,0.05,Arouca,Brasileiro,Rafael Fernandes (Arouca)
Alfonso Trezza,URU,"FW,MF",24,12,7,611.0,6.8,0.0,0.0,0.0,0.0,0.0,0.0,4.0,0.0,0.9,0.9,0.3,1.2,7.0,18.0,45.0,0.0,0.0,0.0,0.0,0.0,0.13,0.04,0.17,0.13,0.17,Arouca,Brasileiro,Alfonso Trezza (Arouca)
Bogdan Milovanov,UKR,"DF,MF",25,11,6,563.0,6.3,0.0,0.0,0.0,0.0,0.0,0.0,2.0,1.0,0.1,0.1,0.2,0.2,8.0,21.0,28.0,0.0,0.0,0.0,0.0,0.0,0.01,0.03,0.04,0.01,0.04,Arouca,Brasileiro,Bogdan Milovanov (Arouca)
Pedro Santos,POR,MF,23,11,2,233.0,2.6,1.0,0.0,1.0,1.0,0.0,0.0,4.0,0.0,0.3,0.3,0.1,0.4,14.0,31.0,8.0,0.39,0.0,0.39,0.39,0.39,0.1,0.04,0.14,0.1,0.14,Arouca,Brasileiro,Pedro Santos (Arouca)
Oriol Busquets,ESP,MF,24,6,2,227.0,2.5,0.0,0.0,0.0,0.0,0.0,0.0,1.0,0.0,0.0,0.0,0.0,0.0,1.0,8.0,3.0,0.0,0.0,0.0,0.0,0.0,0.0,0.0,0.0,0.0,0.0,Arouca,Brasileiro,Oriol Busquets (Arouca)
Quaresma,BRA,DF,27,3,2,191.0,2.1,0.0,1.0,1.0,0.0,0.0,0.0,1.0,0.0,0.0,0.0,0.6,0.6,4.0,7.0,11.0,0.0,0.47,0.47,0.0,0.47,0.02,0.26,0.28,0.02,0.28,Arouca,Brasileiro,Quaresma (Arouca)
Matí­as Rocha,URU,DF,22,3,2,53.0,0.6,0.0,0.0,0.0,0.0,0.0,0.0,0.0,1.0,0.0,0.0,0.0,0.0,0.0,1.0,0.0,0.0,0.0,0.0,0.0,0.0,0.0,0.0,0.0,0.0,0.0,Arouca,Brasileiro,Matí­as Rocha (Arouca)
Jerome Opoku,GHA,DF,25,2,1,135.0,1.5,0.0,0.0,0.0,0.0,0.0,0.0,0.0,0.0,0.0,0.0,0.0,0.0,0.0,1.0,1.0,0.0,0.0,0.0,0.0,0.0,0.02,0.0,0.02,0.02,0.02,Arouca,Brasileiro,Jerome Opoku (Arouca)
Vitinho,BRA,"FW,MF",23,3,1,79.0,0.9,0.0,0.0,0.0,0.0,0.0,0.0,0.0,0.0,0.2,0.2,0.0,0.2,2.0,5.0,11.0,0.0,0.0,0.0,0.0,0.0,0.18,0.05,0.23,0.18,0.23,Arouca,Brasileiro,Vitinho (Arouca)
Miguel Puche García,ESP,"FW,MF",22,12,0,185.0,2.1,0.0,0.0,0.0,0.0,0.0,0.0,0.0,0.0,0.1,0.1,0.4,0.5,7.0,4.0,21.0,0.0,0.0,0.0,0.0,0.0,0.06,0.17,0.23,0.06,0.23,Arouca,Brasileiro,Miguel Puche García (Arouca)
André Bukia,COD,"MF,FW",28,8,0,120.0,1.3,1.0,1.0,2.0,1.0,0.0,0.0,0.0,0.0,0.6,0.6,0.4,1.0,15.0,11.0,23.0,0.75,0.75,1.5,0.75,1.5,0.44,0.27,0.71,0.44,0.71,Arouca,Brasileiro,André Bukia (Arouca)
Moses Yaw,GHA,"DF,MF",24,2,0,63.0,0.7,0.0,0.0,0.0,0.0,0.0,0.0,0.0,0.0,0.0,0.0,0.0,0.0,2.0,1.0,0.0,0.0,0.0,0.0,0.0,0.0,0.0,0.0,0.0,0.0,0.0,Arouca,Brasileiro,Moses Yaw (Arouca)
Benji Michel,USA,"FW,MF",26,4,0,27.0,0.3,0.0,0.0,0.0,0.0,0.0,0.0,0.0,0.0,0.1,0.1,0.1,0.1,2.0,3.0,2.0,0.0,0.0,0.0,0.0,0.0,0.17,0.18,0.36,0.17,0.36,Arouca,Brasileiro,Benji Michel (Arouca)
Yusuf Lawal,NGA,"FW,MF",25,4,0,26.0,0.3,0.0,0.0,0.0,0.0,0.0,0.0,0.0,0.0,0.0,0.0,0.1,0.1,2.0,2.0,4.0,0.0,0.0,0.0,0.0,0.0,0.0,0.22,0.22,0.0,0.22,Arouca,Brasileiro,Yusuf Lawal (Arouca)
Mosquito,BRA,GK,27,0,0,0.0,0.0,0.0,0.0,0.0,0.0,0.0,0.0,0.0,0.0,0.0,0.0,0.0,0.0,0.0,0.0,0.0,0.0,0.0,0.0,0.0,0.0,0.0,0.0,0.0,0.0,0.0,Arouca,Brasileiro,Mosquito (Arouca)
Pedro Manuel da Silva Moreira,POR,MF,34,0,0,0.0,0.0,0.0,0.0,0.0,0.0,0.0,0.0,0.0,0.0,0.0,0.0,0.0,0.0,0.0,0.0,0.0,0.0,0.0,0.0,0.0,0.0,0.0,0.0,0.0,0.0,0.0,Arouca,Brasileiro,Pedro Manuel da Silva Moreira (Arouca)
João Valido,POR,GK,23,0,0,0.0,0.0,0.0,0.0,0.0,0.0,0.0,0.0,0.0,0.0,0.0,0.0,0.0,0.0,0.0,0.0,0.0,0.0,0.0,0.0,0.0,0.0,0.0,0.0,0.0,0.0,0.0,Arouca,Brasileiro,João Valido (Arouca)
Fredrik Aursnes,NOR,"DF,MF",28,15,15,1333.0,14.8,2.0,4.0,6.0,2.0,0.0,0.0,1.0,0.0,1.6,1.6,4.0,5.6,50.0,99.0,151.0,0.14,0.27,0.41,0.14,0.41,0.11,0.27,0.38,0.11,0.38,Benfica,Brasileiro,Fredrik Aursnes (Benfica)
Rafa Silva,POR,MF,30,15,15,1321.0,14.7,5.0,6.0,11.0,5.0,0.0,0.0,2.0,0.0,8.1,8.1,5.9,14.0,77.0,102.0,146.0,0.34,0.41,0.75,0.34,0.75,0.55,0.41,0.96,0.55,0.96,Benfica,Brasileiro,Rafa Silva (Benfica)
António Silva,POR,DF,20,14,14,1259.0,14.0,1.0,0.0,1.0,1.0,0.0,0.0,3.0,0.0,1.1,1.1,0.0,1.1,16.0,67.0,2.0,0.07,0.0,0.07,0.07,0.07,0.08,0.0,0.08,0.08,0.08,Benfica,Brasileiro,António Silva (Benfica)
Nicolás Otamendi,ARG,DF,35,14,14,1252.0,13.9,0.0,0.0,0.0,0.0,0.0,0.0,5.0,0.0,1.5,1.5,1.2,2.8,29.0,74.0,14.0,0.0,0.0,0.0,0.0,0.0,0.11,0.09,0.2,0.11,0.2,Benfica,Brasileiro,Nicolás Otamendi (Benfica)
João Mário,POR,"FW,MF",30,14,13,1075.0,11.9,2.0,0.0,2.0,1.0,1.0,1.0,3.0,0.0,3.2,2.4,1.1,3.5,36.0,77.0,110.0,0.17,0.0,0.17,0.08,0.08,0.27,0.09,0.36,0.2,0.29,Benfica,Brasileiro,João Mário (Benfica)
João Neves,POR,MF,19,15,12,1039.0,11.5,1.0,1.0,2.0,1.0,0.0,0.0,3.0,0.0,0.8,0.8,0.9,1.6,19.0,71.0,26.0,0.09,0.09,0.17,0.09,0.17,0.07,0.08,0.14,0.07,0.14,Benfica,Brasileiro,João Neves (Benfica)
Anatolii Trubin,UKR,GK,22,11,11,990.0,11.0,0.0,0.0,0.0,0.0,0.0,0.0,1.0,0.0,0.0,0.0,0.0,0.0,0.0,0.0,0.0,0.0,0.0,0.0,0.0,0.0,0.0,0.0,0.0,0.0,0.0,Benfica,Brasileiro,Anatolii Trubin (Benfica)
Ángel Di María,ARG,FW,35,12,11,939.0,10.4,5.0,1.0,6.0,4.0,1.0,1.0,2.0,0.0,4.8,4.0,3.1,7.1,49.0,77.0,132.0,0.48,0.1,0.58,0.38,0.48,0.46,0.3,0.76,0.38,0.68,Benfica,Brasileiro,Ángel Di María (Benfica)
Orkun Kökçü,TUR,MF,23,11,10,834.0,9.3,1.0,2.0,3.0,1.0,0.0,0.0,3.0,0.0,1.0,1.0,2.6,3.6,21.0,114.0,17.0,0.11,0.22,0.32,0.11,0.32,0.11,0.28,0.39,0.11,0.39,Benfica,Brasileiro,Orkun Kökçü (Benfica)
Morato,BRA,DF,22,9,7,672.0,7.5,0.0,1.0,1.0,0.0,0.0,0.0,1.0,0.0,0.3,0.3,0.6,1.0,13.0,32.0,22.0,0.0,0.13,0.13,0.0,0.13,0.05,0.09,0.13,0.05,0.13,Benfica,Brasileiro,Morato (Benfica)
Florentino Luís,POR,MF,24,12,7,598.0,6.6,0.0,0.0,0.0,0.0,0.0,0.0,2.0,0.0,1.0,1.0,0.2,1.2,2.0,51.0,11.0,0.0,0.0,0.0,0.0,0.0,0.15,0.02,0.17,0.15,0.17,Benfica,Brasileiro,Florentino Luís (Benfica)
Alexander Bah,DEN,DF,26,7,7,559.0,6.2,1.0,0.0,1.0,1.0,0.0,0.0,2.0,0.0,0.5,0.5,0.3,0.8,11.0,35.0,39.0,0.16,0.0,0.16,0.16,0.16,0.08,0.05,0.13,0.08,0.13,Benfica,Brasileiro,Alexander Bah (Benfica)
Petar Musa,CRO,FW,25,12,6,499.0,5.5,4.0,2.0,6.0,4.0,0.0,0.0,1.0,1.0,3.6,3.6,1.1,4.7,6.0,11.0,26.0,0.72,0.36,1.08,0.72,1.08,0.64,0.2,0.85,0.64,0.85,Benfica,Brasileiro,Petar Musa (Benfica)
Arthur,BRA,FW,25,12,4,456.0,5.1,1.0,0.0,1.0,1.0,0.0,0.0,1.0,0.0,2.3,2.3,0.1,2.4,7.0,7.0,23.0,0.2,0.0,0.2,0.2,0.2,0.45,0.03,0.48,0.45,0.48,Benfica,Brasileiro,Arthur (Benfica)
David Neres,BRA,FW,26,9,4,414.0,4.6,1.0,3.0,4.0,1.0,0.0,0.0,0.0,0.0,1.5,1.5,2.4,4.0,41.0,24.0,57.0,0.22,0.65,0.87,0.22,0.87,0.33,0.53,0.86,0.33,0.86,Benfica,Brasileiro,David Neres (Benfica)
Casper Tengstedt,DEN,FW,23,11,4,369.0,4.1,3.0,0.0,3.0,3.0,0.0,0.0,0.0,0.0,2.4,2.4,0.9,3.3,13.0,6.0,32.0,0.73,0.0,0.73,0.73,0.73,0.59,0.21,0.81,0.59,0.81,Benfica,Brasileiro,Casper Tengstedt (Benfica)
Samuel Soares,POR,GK,21,3,3,270.0,3.0,0.0,0.0,0.0,0.0,0.0,0.0,0.0,0.0,0.0,0.0,0.0,0.0,0.0,0.0,0.0,0.0,0.0,0.0,0.0,0.0,0.0,0.0,0.0,0.0,0.0,Benfica,Brasileiro,Samuel Soares (Benfica)
David Jurásek,CZE,DF,23,6,2,259.0,2.9,0.0,0.0,0.0,0.0,0.0,0.0,1.0,0.0,0.1,0.1,0.7,0.9,8.0,9.0,29.0,0.0,0.0,0.0,0.0,0.0,0.05,0.26,0.3,0.05,0.3,Benfica,Brasileiro,David Jurásek (Benfica)
Chiquinho,POR,MF,28,8,1,189.0,2.1,0.0,0.0,0.0,0.0,0.0,0.0,1.0,0.0,0.1,0.1,0.5,0.6,6.0,24.0,9.0,0.0,0.0,0.0,0.0,0.0,0.06,0.25,0.31,0.06,0.31,Benfica,Brasileiro,Chiquinho (Benfica)
Gonçalo Guedes,POR,"FW,MF",27,8,1,120.0,1.3,0.0,0.0,0.0,0.0,0.0,0.0,0.0,0.0,0.3,0.3,0.0,0.3,9.0,5.0,23.0,0.0,0.0,0.0,0.0,0.0,0.2,0.0,0.2,0.2,0.2,Benfica,Brasileiro,Gonçalo Guedes (Benfica)
Tomás Araújo,POR,"DF,MF",21,3,1,93.0,1.0,0.0,0.0,0.0,0.0,0.0,0.0,0.0,0.0,0.1,0.1,0.0,0.1,1.0,2.0,2.0,0.0,0.0,0.0,0.0,0.0,0.05,0.0,0.05,0.05,0.05,Benfica,Brasileiro,Tomás Araújo (Benfica)
Odisseas Vlachodimos,GRE,GK,29,1,1,90.0,1.0,0.0,0.0,0.0,0.0,0.0,0.0,0.0,0.0,0.0,0.0,0.0,0.0,0.0,0.0,0.0,0.0,0.0,0.0,0.0,0.0,0.0,0.0,0.0,0.0,0.0,Benfica,Brasileiro,Odisseas Vlachodimos (Benfica)
Juan Bernat,ESP,DF,30,2,1,77.0,0.9,0.0,0.0,0.0,0.0,0.0,0.0,0.0,0.0,0.0,0.0,0.0,0.0,1.0,5.0,2.0,0.0,0.0,0.0,0.0,0.0,0.0,0.0,0.0,0.0,0.0,Benfica,Brasileiro,Juan Bernat (Benfica)
Tiago Gouveia,POR,FW,22,1,1,69.0,0.8,0.0,0.0,0.0,0.0,0.0,0.0,0.0,0.0,0.1,0.1,0.0,0.1,2.0,2.0,7.0,0.0,0.0,0.0,0.0,0.0,0.16,0.0,0.16,0.16,0.16,Benfica,Brasileiro,Tiago Gouveia (Benfica)
João Victor,BRA,DF,25,2,0,29.0,0.3,0.0,0.0,0.0,0.0,0.0,0.0,0.0,0.0,0.0,0.0,0.0,0.0,0.0,1.0,6.0,0.0,0.0,0.0,0.0,0.0,0.0,0.0,0.0,0.0,0.0,Benfica,Brasileiro,João Victor (Benfica)
Gustavo Marques,BRA,DF,22,1,0,3.0,0.0,0.0,0.0,0.0,0.0,0.0,0.0,0.0,0.0,0.0,0.0,0.0,0.0,0.0,0.0,0.0,0.0,0.0,0.0,0.0,0.0,0.0,0.0,0.0,0.0,0.0,Benfica,Brasileiro,Gustavo Marques (Benfica)
Mihailo Ristić,SRB,DF,28,1,0,1.0,0.0,0.0,0.0,0.0,0.0,0.0,0.0,0.0,0.0,0.0,0.0,0.1,0.1,1.0,2.0,4.0,0.0,0.0,0.0,0.0,0.0,0.0,9.64,9.64,0.0,9.64,Benfica,Brasileiro,Mihailo Ristić (Benfica)
Andreas Schjelderup,NOR,FW,19,0,0,0.0,0.0,0.0,0.0,0.0,0.0,0.0,0.0,0.0,0.0,0.0,0.0,0.0,0.0,0.0,0.0,0.0,0.0,0.0,0.0,0.0,0.0,0.0,0.0,0.0,0.0,0.0,Benfica,Brasileiro,Andreas Schjelderup (Benfica)
Hugo Sequeira,POR,MF,19,0,0,0.0,0.0,0.0,0.0,0.0,0.0,0.0,0.0,0.0,0.0,0.0,0.0,0.0,0.0,0.0,0.0,0.0,0.0,0.0,0.0,0.0,0.0,0.0,0.0,0.0,0.0,0.0,Benfica,Brasileiro,Hugo Sequeira (Benfica)
Gerson Sousa,POR,MF,21,0,0,0.0,0.0,0.0,0.0,0.0,0.0,0.0,0.0,0.0,0.0,0.0,0.0,0.0,0.0,0.0,0.0,0.0,0.0,0.0,0.0,0.0,0.0,0.0,0.0,0.0,0.0,0.0,Benfica,Brasileiro,Gerson Sousa (Benfica)
João Gonçalves,POR,GK,23,14,14,1260.0,14.0,0.0,0.0,0.0,0.0,0.0,0.0,1.0,0.0,0.0,0.0,0.0,0.0,0.0,0.0,0.0,0.0,0.0,0.0,0.0,0.0,0.0,0.0,0.0,0.0,0.0,Boavista,Brasileiro,João Gonçalves (Boavista)
Róbert Boženík,SVK,FW,24,14,14,1203.0,13.4,6.0,2.0,8.0,6.0,0.0,0.0,2.0,0.0,6.1,6.1,2.6,8.7,11.0,12.0,54.0,0.45,0.15,0.6,0.45,0.6,0.46,0.19,0.65,0.46,0.65,Boavista,Brasileiro,Róbert Boženík (Boavista)
Salvador Agra,POR,"DF,FW",32,14,14,1129.0,12.5,2.0,1.0,3.0,2.0,0.0,0.0,1.0,0.0,1.3,1.3,1.5,2.7,32.0,49.0,78.0,0.16,0.08,0.24,0.16,0.24,0.1,0.12,0.22,0.1,0.22,Boavista,Brasileiro,Salvador Agra (Boavista)
Gaius Makouta,CGO,MF,26,14,14,1114.0,12.4,0.0,1.0,1.0,0.0,0.0,0.0,5.0,0.0,0.8,0.8,0.9,1.7,25.0,44.0,48.0,0.0,0.08,0.08,0.0,0.08,0.07,0.07,0.14,0.07,0.14,Boavista,Brasileiro,Gaius Makouta (Boavista)
Chidozie Awaziem,NGA,DF,26,13,13,1170.0,13.0,0.0,0.0,0.0,0.0,0.0,0.0,4.0,0.0,0.7,0.7,0.0,0.7,2.0,35.0,2.0,0.0,0.0,0.0,0.0,0.0,0.05,0.0,0.05,0.05,0.05,Boavista,Brasileiro,Chidozie Awaziem (Boavista)
Sebastián Pérez Cardona,COL,MF,30,13,13,1019.0,11.3,0.0,0.0,0.0,0.0,0.0,0.0,7.0,1.0,0.3,0.3,0.1,0.5,4.0,54.0,13.0,0.0,0.0,0.0,0.0,0.0,0.03,0.01,0.04,0.03,0.04,Boavista,Brasileiro,Sebastián Pérez Cardona (Boavista)
Bruno Onyemaechi,NGA,DF,24,12,12,1036.0,11.5,0.0,1.0,1.0,0.0,0.0,0.0,2.0,0.0,1.1,1.1,0.8,2.0,31.0,30.0,39.0,0.0,0.09,0.09,0.0,0.09,0.1,0.07,0.17,0.1,0.17,Boavista,Brasileiro,Bruno Onyemaechi (Boavista)
Tiago Fonseca Morais,POR,FW,20,12,12,949.0,10.5,5.0,0.0,5.0,4.0,1.0,1.0,5.0,2.0,2.5,1.7,1.2,2.9,32.0,46.0,60.0,0.47,0.0,0.47,0.38,0.38,0.23,0.12,0.35,0.16,0.27,Boavista,Brasileiro,Tiago Fonseca Morais (Boavista)
Rodrigo Abascal,URU,DF,29,11,11,962.0,10.7,0.0,0.0,0.0,0.0,0.0,0.0,2.0,0.0,0.2,0.2,0.1,0.3,6.0,28.0,4.0,0.0,0.0,0.0,0.0,0.0,0.02,0.0,0.03,0.02,0.03,Boavista,Brasileiro,Rodrigo Abascal (Boavista)
Miguel Reisinho,POR,MF,24,12,11,882.0,9.8,1.0,1.0,2.0,1.0,0.0,0.0,3.0,0.0,0.7,0.7,0.3,1.0,7.0,27.0,16.0,0.1,0.1,0.2,0.1,0.2,0.07,0.03,0.1,0.07,0.1,Boavista,Brasileiro,Miguel Reisinho (Boavista)
Pedro Malheiro,POR,DF,22,7,7,572.0,6.4,2.0,1.0,3.0,2.0,0.0,0.0,2.0,0.0,0.2,0.2,1.1,1.3,11.0,25.0,12.0,0.31,0.16,0.47,0.31,0.47,0.04,0.17,0.2,0.04,0.2,Boavista,Brasileiro,Pedro Malheiro (Boavista)
Filipe Ferreira,POR,DF,33,8,6,566.0,6.3,0.0,1.0,1.0,0.0,0.0,0.0,3.0,0.0,0.0,0.0,0.3,0.3,3.0,9.0,2.0,0.0,0.16,0.16,0.0,0.16,0.0,0.05,0.05,0.0,0.05,Boavista,Brasileiro,Filipe Ferreira (Boavista)
Bruno Lourenço,POR,"FW,MF",25,12,6,528.0,5.9,1.0,0.0,1.0,0.0,1.0,1.0,1.0,1.0,1.5,0.7,0.7,1.4,8.0,11.0,22.0,0.17,0.0,0.17,0.0,0.0,0.26,0.12,0.37,0.12,0.24,Boavista,Brasileiro,Bruno Lourenço (Boavista)
Masaki Watai,JPN,"FW,MF",24,7,3,241.0,2.7,0.0,0.0,0.0,0.0,0.0,0.0,0.0,0.0,0.1,0.1,0.0,0.1,5.0,9.0,17.0,0.0,0.0,0.0,0.0,0.0,0.02,0.02,0.04,0.02,0.04,Boavista,Brasileiro,Masaki Watai (Boavista)
Ilija Vukotić,MNE,MF,24,11,2,324.0,3.6,1.0,0.0,1.0,1.0,0.0,0.0,1.0,0.0,0.2,0.2,0.6,0.8,2.0,10.0,6.0,0.28,0.0,0.28,0.28,0.28,0.05,0.16,0.21,0.05,0.21,Boavista,Brasileiro,Ilija Vukotić (Boavista)
Martim Tavares,POR,"FW,MF",20,7,1,132.0,1.5,1.0,1.0,2.0,1.0,0.0,0.0,1.0,0.0,0.8,0.8,0.2,1.0,2.0,1.0,6.0,0.68,0.68,1.36,0.68,1.36,0.56,0.13,0.69,0.56,0.69,Boavista,Brasileiro,Martim Tavares (Boavista)
Ibrahima Camará,GUI,MF,24,5,1,120.0,1.3,0.0,0.0,0.0,0.0,0.0,0.0,0.0,0.0,0.0,0.0,0.2,0.2,2.0,11.0,4.0,0.0,0.0,0.0,0.0,0.0,0.02,0.12,0.14,0.02,0.14,Boavista,Brasileiro,Ibrahima Camará (Boavista)
Berna,POR,"FW,DF",20,12,0,217.0,2.4,0.0,0.0,0.0,0.0,0.0,0.0,2.0,0.0,0.1,0.1,0.7,0.7,5.0,12.0,17.0,0.0,0.0,0.0,0.0,0.0,0.03,0.27,0.3,0.03,0.3,Boavista,Brasileiro,Berna (Boavista)
Luís Santos,POR,"DF,FW",23,7,0,192.0,2.1,0.0,0.0,0.0,0.0,0.0,0.0,0.0,0.0,0.1,0.1,0.1,0.2,4.0,8.0,14.0,0.0,0.0,0.0,0.0,0.0,0.04,0.06,0.1,0.04,0.1,Boavista,Brasileiro,Luís Santos (Boavista)
Jeriel Córdova,VEN,"FW,MF",21,9,0,119.0,1.3,0.0,0.0,0.0,0.0,0.0,0.0,2.0,0.0,0.8,0.8,0.7,1.4,0.0,1.0,7.0,0.0,0.0,0.0,0.0,0.0,0.57,0.51,1.08,0.57,1.08,Boavista,Brasileiro,Jeriel Córdova (Boavista)
Joel silva,POR,"MF,FW",20,2,0,49.0,0.5,0.0,0.0,0.0,0.0,0.0,0.0,0.0,0.0,0.0,0.0,0.0,0.0,0.0,1.0,0.0,0.0,0.0,0.0,0.0,0.0,0.0,0.0,0.0,0.0,0.0,Boavista,Brasileiro,Joel silva (Boavista)
Vincent Sasso,FRA,MF,32,1,0,1.0,0.0,0.0,0.0,0.0,0.0,0.0,0.0,0.0,0.0,0.0,0.0,0.0,0.0,0.0,0.0,0.0,0.0,0.0,0.0,0.0,0.0,0.0,0.0,0.0,0.0,0.0,Boavista,Brasileiro,Vincent Sasso (Boavista)
Gonçalo Almeida,POR,DF,20,0,0,0.0,0.0,0.0,0.0,0.0,0.0,0.0,0.0,0.0,0.0,0.0,0.0,0.0,0.0,0.0,0.0,0.0,0.0,0.0,0.0,0.0,0.0,0.0,0.0,0.0,0.0,0.0,Boavista,Brasileiro,Gonçalo Almeida (Boavista)
Tiago Machado,POR,FW,19,0,0,0.0,0.0,0.0,0.0,0.0,0.0,0.0,0.0,0.0,0.0,0.0,0.0,0.0,0.0,0.0,0.0,0.0,0.0,0.0,0.0,0.0,0.0,0.0,0.0,0.0,0.0,0.0,Boavista,Brasileiro,Tiago Machado (Boavista)
Luis Pires,BRA,GK,19,0,0,0.0,0.0,0.0,0.0,0.0,0.0,0.0,0.0,0.0,0.0,0.0,0.0,0.0,0.0,0.0,0.0,0.0,0.0,0.0,0.0,0.0,0.0,0.0,0.0,0.0,0.0,0.0,Boavista,Brasileiro,Luis Pires (Boavista)
Tomé,POR,GK,17,0,0,0.0,0.0,0.0,0.0,0.0,0.0,0.0,0.0,0.0,0.0,0.0,0.0,0.0,0.0,0.0,0.0,0.0,0.0,0.0,0.0,0.0,0.0,0.0,0.0,0.0,0.0,0.0,Boavista,Brasileiro,Tomé (Boavista)
Matheus,BRA,GK,31,14,14,1260.0,14.0,0.0,0.0,0.0,0.0,0.0,0.0,2.0,0.0,0.0,0.0,0.0,0.0,0.0,2.0,0.0,0.0,0.0,0.0,0.0,0.0,0.0,0.0,0.0,0.0,0.0,Braga,Brasileiro,Matheus (Braga)
Ricardo Horta,POR,"FW,MF",29,12,12,1042.0,11.6,7.0,2.0,9.0,7.0,0.0,0.0,1.0,0.0,4.2,4.2,3.8,8.0,20.0,74.0,99.0,0.6,0.17,0.78,0.6,0.78,0.37,0.33,0.7,0.37,0.7,Braga,Brasileiro,Ricardo Horta (Braga)
Simon Banza,COD,FW,27,14,11,985.0,10.9,13.0,3.0,16.0,12.0,1.0,1.0,1.0,0.0,9.8,9.1,1.6,10.6,3.0,15.0,71.0,1.19,0.27,1.46,1.1,1.37,0.9,0.14,1.04,0.83,0.97,Braga,Brasileiro,Simon Banza (Braga)
Cristian Borja,COL,DF,30,12,11,927.0,10.3,0.0,2.0,2.0,0.0,0.0,0.0,2.0,0.0,0.0,0.0,1.5,1.5,25.0,62.0,68.0,0.0,0.19,0.19,0.0,0.19,0.0,0.15,0.15,0.0,0.15,Braga,Brasileiro,Cristian Borja (Braga)
Álvaro djaló,ESP,"FW,MF",24,14,11,914.0,10.2,5.0,3.0,8.0,5.0,0.0,0.0,3.0,0.0,4.9,4.9,2.6,7.6,38.0,29.0,98.0,0.49,0.3,0.79,0.49,0.79,0.49,0.26,0.75,0.49,0.75,Braga,Brasileiro,Álvaro djaló (Braga)
Victor Gomez,ESP,DF,23,11,11,801.0,8.9,0.0,1.0,1.0,0.0,0.0,0.0,0.0,0.0,0.3,0.3,2.2,2.4,15.0,64.0,76.0,0.0,0.11,0.11,0.0,0.11,0.03,0.25,0.27,0.03,0.27,Braga,Brasileiro,Victor Gomez (Braga)
José Fonte,POR,DF,40,10,9,888.0,9.9,0.0,0.0,0.0,0.0,0.0,0.0,5.0,0.0,0.2,0.2,0.0,0.2,6.0,47.0,5.0,0.0,0.0,0.0,0.0,0.0,0.02,0.0,0.02,0.02,0.02,Braga,Brasileiro,José Fonte (Braga)
Bruma,POR,FW,29,12,9,777.0,8.6,2.0,1.0,3.0,2.0,0.0,0.0,1.0,0.0,2.8,2.8,0.8,3.6,48.0,48.0,102.0,0.23,0.12,0.35,0.23,0.35,0.33,0.09,0.42,0.33,0.42,Braga,Brasileiro,Bruma (Braga)
Almoatasem Al Musrati,LBY,MF,27,9,8,689.0,7.7,3.0,0.0,3.0,1.0,2.0,2.0,1.0,0.0,2.4,0.8,0.3,1.2,4.0,70.0,4.0,0.39,0.0,0.39,0.13,0.13,0.31,0.05,0.36,0.11,0.15,Braga,Brasileiro,Almoatasem Al Musrati (Braga)
Serdar Saatçı,TUR,DF,20,8,8,684.0,7.6,0.0,2.0,2.0,0.0,0.0,0.0,4.0,0.0,0.2,0.2,0.4,0.6,2.0,14.0,2.0,0.0,0.26,0.26,0.0,0.26,0.03,0.05,0.08,0.03,0.08,Braga,Brasileiro,Serdar Saatçı (Braga)
Rodrigo Zalazar,URU,MF,24,12,8,611.0,6.8,0.0,1.0,1.0,0.0,0.0,0.0,2.0,0.0,0.5,0.5,2.7,3.3,22.0,62.0,23.0,0.0,0.15,0.15,0.0,0.15,0.08,0.4,0.48,0.08,0.48,Braga,Brasileiro,Rodrigo Zalazar (Braga)
Sikou Niakaté,MLI,DF,24,7,6,540.0,6.0,0.0,0.0,0.0,0.0,0.0,0.0,2.0,1.0,0.3,0.3,0.2,0.5,3.0,15.0,0.0,0.0,0.0,0.0,0.0,0.0,0.04,0.03,0.08,0.04,0.08,Braga,Brasileiro,Sikou Niakaté (Braga)
Vitor Carvalho,BRA,MF,26,11,6,507.0,5.6,0.0,0.0,0.0,0.0,0.0,0.0,2.0,0.0,0.3,0.3,0.0,0.4,7.0,25.0,2.0,0.0,0.0,0.0,0.0,0.0,0.06,0.0,0.06,0.06,0.06,Braga,Brasileiro,Vitor Carvalho (Braga)
Pizzi,POR,"MF,FW",34,12,6,473.0,5.3,1.0,3.0,4.0,1.0,0.0,0.0,0.0,0.0,1.0,1.0,1.9,2.9,9.0,43.0,44.0,0.19,0.57,0.76,0.19,0.76,0.2,0.36,0.56,0.2,0.56,Braga,Brasileiro,Pizzi (Braga)
Paulo Oliveira,POR,DF,31,5,5,450.0,5.0,0.0,1.0,1.0,0.0,0.0,0.0,1.0,0.0,0.0,0.0,0.1,0.1,2.0,19.0,3.0,0.0,0.2,0.2,0.0,0.2,0.0,0.01,0.01,0.0,0.01,Braga,Brasileiro,Paulo Oliveira (Braga)
Abel Ruiz,ESP,"FW,MF",23,11,4,553.0,6.1,1.0,1.0,2.0,1.0,0.0,0.0,3.0,0.0,2.1,2.1,0.6,2.7,9.0,6.0,54.0,0.16,0.16,0.33,0.16,0.33,0.34,0.1,0.44,0.34,0.44,Braga,Brasileiro,Abel Ruiz (Braga)
André Horta,POR,MF,27,11,4,446.0,5.0,2.0,1.0,3.0,2.0,0.0,0.0,0.0,0.0,0.4,0.4,0.8,1.2,15.0,69.0,19.0,0.4,0.2,0.61,0.4,0.61,0.08,0.17,0.25,0.08,0.25,Braga,Brasileiro,André Horta (Braga)
João Moutinho,POR,MF,37,11,4,427.0,4.7,0.0,0.0,0.0,0.0,0.0,0.0,4.0,0.0,0.1,0.1,0.5,0.6,8.0,48.0,11.0,0.0,0.0,0.0,0.0,0.0,0.02,0.1,0.12,0.02,0.12,Braga,Brasileiro,João Moutinho (Braga)
Adrián Marín,ESP,DF,26,7,3,306.0,3.4,0.0,0.0,0.0,0.0,0.0,0.0,0.0,0.0,0.2,0.2,0.3,0.5,7.0,19.0,17.0,0.0,0.0,0.0,0.0,0.0,0.05,0.1,0.15,0.05,0.15,Braga,Brasileiro,Adrián Marín (Braga)
Joe Mendes,SWE,DF,20,5,3,282.0,3.1,0.0,1.0,1.0,0.0,0.0,0.0,0.0,0.0,0.0,0.0,0.7,0.7,12.0,11.0,18.0,0.0,0.32,0.32,0.0,0.32,0.0,0.23,0.23,0.0,0.23,Braga,Brasileiro,Joe Mendes (Braga)
Rony Lopes,POR,"FW,DF",28,9,1,164.0,1.8,1.0,0.0,1.0,1.0,0.0,0.0,0.0,0.0,0.9,0.9,0.2,1.1,11.0,14.0,25.0,0.55,0.0,0.55,0.55,0.55,0.48,0.09,0.57,0.48,0.57,Braga,Brasileiro,Rony Lopes (Braga)
Roger Fernandes,GNB,"DF,FW",18,3,0,58.0,0.6,0.0,2.0,2.0,0.0,0.0,0.0,0.0,0.0,0.1,0.1,0.9,1.0,5.0,5.0,18.0,0.0,3.1,3.1,0.0,3.1,0.18,1.32,1.51,0.18,1.51,Braga,Brasileiro,Roger Fernandes (Braga)
André Castro,POR,MF,35,2,0,40.0,0.4,0.0,0.0,0.0,0.0,0.0,0.0,0.0,0.0,0.0,0.0,0.0,0.0,0.0,2.0,0.0,0.0,0.0,0.0,0.0,0.0,0.07,0.0,0.07,0.07,0.07,Braga,Brasileiro,André Castro (Braga)
Diogo Fonseca,POR,DF,21,0,0,0.0,0.0,0.0,0.0,0.0,0.0,0.0,0.0,0.0,0.0,0.0,0.0,0.0,0.0,0.0,0.0,0.0,0.0,0.0,0.0,0.0,0.0,0.0,0.0,0.0,0.0,0.0,Braga,Brasileiro,Diogo Fonseca (Braga)
Lukáš Horníček,CZE,GK,21,0,0,0.0,0.0,0.0,0.0,0.0,0.0,0.0,0.0,0.0,0.0,0.0,0.0,0.0,0.0,0.0,0.0,0.0,0.0,0.0,0.0,0.0,0.0,0.0,0.0,0.0,0.0,0.0,Braga,Brasileiro,Lukáš Horníček (Braga)
Tiago Sá,POR,GK,28,0,0,0.0,0.0,0.0,0.0,0.0,0.0,0.0,0.0,0.0,0.0,0.0,0.0,0.0,0.0,0.0,0.0,0.0,0.0,0.0,0.0,0.0,0.0,0.0,0.0,0.0,0.0,0.0,Braga,Brasileiro,Tiago Sá (Braga)
Ricardo Batista,POR,GK,37,14,14,1260.0,14.0,0.0,0.0,0.0,0.0,0.0,0.0,1.0,0.0,0.0,0.0,0.0,0.0,0.0,0.0,0.0,0.0,0.0,0.0,0.0,0.0,0.0,0.0,0.0,0.0,0.0,Casa Pia,Brasileiro,Ricardo Batista (Casa Pia)
Nermin Zolotić,BIH,DF,30,14,14,1240.0,13.8,0.0,0.0,0.0,0.0,0.0,0.0,2.0,0.0,0.1,0.1,0.0,0.1,11.0,47.0,3.0,0.0,0.0,0.0,0.0,0.0,0.01,0.0,0.01,0.01,0.01,Casa Pia,Brasileiro,Nermin Zolotić (Casa Pia)
Leonardo Lelo,POR,"MF,DF",23,14,14,1233.0,13.7,0.0,1.0,1.0,0.0,0.0,0.0,0.0,0.0,0.4,0.4,0.9,1.3,25.0,45.0,43.0,0.0,0.07,0.07,0.0,0.07,0.03,0.07,0.09,0.03,0.09,Casa Pia,Brasileiro,Leonardo Lelo (Casa Pia)
Fernando Varela,CPV,DF,36,13,13,1160.0,12.9,0.0,1.0,1.0,0.0,0.0,0.0,1.0,0.0,0.1,0.1,0.3,0.4,1.0,25.0,4.0,0.0,0.08,0.08,0.0,0.08,0.0,0.03,0.03,0.0,0.03,Casa Pia,Brasileiro,Fernando Varela (Casa Pia)
Yuki Soma,JPN,"FW,MF",26,13,12,916.0,10.2,0.0,2.0,2.0,0.0,0.0,0.0,1.0,0.0,0.3,0.3,1.3,1.6,31.0,13.0,57.0,0.0,0.2,0.2,0.0,0.2,0.03,0.13,0.16,0.03,0.16,Casa Pia,Brasileiro,Yuki Soma (Casa Pia)
Larra,ESP,"MF,DF",26,12,12,877.0,9.7,1.0,1.0,2.0,1.0,0.0,0.0,3.0,0.0,0.2,0.2,1.0,1.2,29.0,27.0,23.0,0.1,0.1,0.21,0.1,0.21,0.02,0.1,0.12,0.02,0.12,Casa Pia,Brasileiro,Larra (Casa Pia)
Clayton,BRA,FW,24,14,11,870.0,9.7,5.0,0.0,5.0,5.0,0.0,0.0,1.0,0.0,3.6,3.6,0.3,3.9,17.0,15.0,48.0,0.52,0.0,0.52,0.52,0.52,0.37,0.03,0.41,0.37,0.41,Casa Pia,Brasileiro,Clayton (Casa Pia)
Vasco Fernandes,POR,DF,37,10,10,900.0,10.0,0.0,0.0,0.0,0.0,0.0,0.0,2.0,0.0,0.1,0.1,0.1,0.1,2.0,18.0,4.0,0.0,0.0,0.0,0.0,0.0,0.01,0.01,0.01,0.01,0.01,Casa Pia,Brasileiro,Vasco Fernandes (Casa Pia)
Neto,BRA,MF,32,13,10,802.0,8.9,0.0,0.0,0.0,0.0,0.0,0.0,5.0,0.0,0.2,0.2,0.6,0.7,2.0,49.0,9.0,0.0,0.0,0.0,0.0,0.0,0.02,0.06,0.08,0.02,0.08,Casa Pia,Brasileiro,Neto (Casa Pia)
Pablo Roberto,BRA,MF,24,12,10,801.0,8.9,2.0,2.0,4.0,2.0,0.0,0.0,5.0,1.0,0.7,0.7,0.8,1.5,13.0,48.0,20.0,0.22,0.22,0.45,0.22,0.45,0.07,0.1,0.17,0.07,0.17,Casa Pia,Brasileiro,Pablo Roberto (Casa Pia)
Beni,ANG,MF,21,12,5,647.0,7.2,0.0,1.0,1.0,0.0,0.0,0.0,4.0,0.0,0.1,0.1,0.1,0.2,10.0,29.0,7.0,0.0,0.14,0.14,0.0,0.14,0.01,0.02,0.03,0.01,0.03,Casa Pia,Brasileiro,Beni (Casa Pia)
Felippe Cardoso,BRA,FW,25,14,4,511.0,5.7,1.0,0.0,1.0,1.0,0.0,1.0,3.0,0.0,2.3,1.5,0.2,1.7,4.0,8.0,20.0,0.18,0.0,0.18,0.18,0.18,0.4,0.03,0.43,0.26,0.29,Casa Pia,Brasileiro,Felippe Cardoso (Casa Pia)
João Nunes,POR,DF,28,5,4,370.0,4.1,0.0,0.0,0.0,0.0,0.0,0.0,0.0,0.0,0.0,0.0,0.1,0.1,1.0,10.0,0.0,0.0,0.0,0.0,0.0,0.0,0.0,0.02,0.02,0.0,0.02,Casa Pia,Brasileiro,João Nunes (Casa Pia)
Saviour Godwin,NGA,"FW,MF",27,4,4,344.0,3.8,1.0,0.0,1.0,0.0,1.0,1.0,0.0,0.0,1.4,0.6,0.1,0.7,23.0,8.0,31.0,0.26,0.0,0.26,0.0,0.0,0.36,0.03,0.39,0.16,0.19,Casa Pia,Brasileiro,Saviour Godwin (Casa Pia)
Samuel Justo,POR,MF,19,10,4,344.0,3.8,1.0,0.0,1.0,1.0,0.0,0.0,1.0,0.0,0.5,0.5,0.1,0.6,5.0,14.0,15.0,0.26,0.0,0.26,0.26,0.26,0.14,0.03,0.17,0.14,0.17,Casa Pia,Brasileiro,Samuel Justo (Casa Pia)
Tiago Dias,POR,"MF,FW",25,9,4,339.0,3.8,1.0,0.0,1.0,1.0,0.0,0.0,1.0,0.0,0.2,0.2,0.3,0.4,21.0,14.0,32.0,0.27,0.0,0.27,0.27,0.27,0.04,0.07,0.12,0.04,0.12,Casa Pia,Brasileiro,Tiago Dias (Casa Pia)
Fernando,BRA,FW,30,12,3,367.0,4.1,1.0,0.0,1.0,0.0,1.0,1.0,0.0,0.0,1.2,0.4,0.1,0.5,6.0,7.0,26.0,0.25,0.0,0.25,0.0,0.0,0.3,0.02,0.32,0.11,0.13,Casa Pia,Brasileiro,Fernando (Casa Pia)
Jajá,BRA,FW,22,8,3,349.0,3.9,0.0,0.0,0.0,0.0,0.0,0.0,0.0,0.0,0.3,0.3,0.4,0.7,20.0,10.0,26.0,0.0,0.0,0.0,0.0,0.0,0.07,0.11,0.18,0.07,0.18,Casa Pia,Brasileiro,Jajá (Casa Pia)
André Geraldes,POR,"MF,DF",32,11,2,356.0,4.0,0.0,0.0,0.0,0.0,0.0,0.0,2.0,0.0,0.0,0.0,0.0,0.0,2.0,12.0,18.0,0.0,0.0,0.0,0.0,0.0,0.0,0.0,0.0,0.0,0.0,Casa Pia,Brasileiro,André Geraldes (Casa Pia)
Artur Serobyan,ARM,MF,20,2,1,65.0,0.7,0.0,0.0,0.0,0.0,0.0,0.0,1.0,0.0,0.0,0.0,0.0,0.0,1.0,1.0,3.0,0.0,0.0,0.0,0.0,0.0,0.0,0.0,0.0,0.0,0.0,Casa Pia,Brasileiro,Artur Serobyan (Casa Pia)
Telasco Segovia,VEN,MF,20,2,0,30.0,0.3,0.0,0.0,0.0,0.0,0.0,0.0,0.0,0.0,0.0,0.0,0.0,0.0,0.0,1.0,3.0,0.0,0.0,0.0,0.0,0.0,0.0,0.0,0.0,0.0,0.0,Casa Pia,Brasileiro,Telasco Segovia (Casa Pia)
Rafael Martins,BRA,MF,34,2,0,26.0,0.3,0.0,0.0,0.0,0.0,0.0,0.0,0.0,0.0,0.0,0.0,0.0,0.0,0.0,0.0,1.0,0.0,0.0,0.0,0.0,0.0,0.0,0.0,0.0,0.0,0.0,Casa Pia,Brasileiro,Rafael Martins (Casa Pia)
Duplexe Tchamba,CMR,"DF,FW",25,2,0,10.0,0.1,0.0,0.0,0.0,0.0,0.0,0.0,0.0,0.0,0.0,0.0,0.0,0.0,0.0,0.0,0.0,0.0,0.0,0.0,0.0,0.0,0.24,0.0,0.24,0.24,0.24,Casa Pia,Brasileiro,Duplexe Tchamba (Casa Pia)
Diogo Pinto,POR,MF,24,1,0,9.0,0.1,0.0,0.0,0.0,0.0,0.0,0.0,0.0,0.0,0.0,0.0,0.0,0.0,0.0,1.0,0.0,0.0,0.0,0.0,0.0,0.0,0.0,0.0,0.0,0.0,0.0,Casa Pia,Brasileiro,Diogo Pinto (Casa Pia)
Rafael Brito,POR,DF,21,0,0,0.0,0.0,0.0,0.0,0.0,0.0,0.0,0.0,0.0,0.0,0.0,0.0,0.0,0.0,0.0,0.0,0.0,0.0,0.0,0.0,0.0,0.0,0.0,0.0,0.0,0.0,0.0,Casa Pia,Brasileiro,Rafael Brito (Casa Pia)
Samuel Ceita,POR,FW,17,0,0,0.0,0.0,0.0,0.0,0.0,0.0,0.0,0.0,0.0,0.0,0.0,0.0,0.0,0.0,0.0,0.0,0.0,0.0,0.0,0.0,0.0,0.0,0.0,0.0,0.0,0.0,0.0,Casa Pia,Brasileiro,Samuel Ceita (Casa Pia)
Derick,BRA,FW,30,0,0,0.0,0.0,0.0,0.0,0.0,0.0,0.0,0.0,0.0,0.0,0.0,0.0,0.0,0.0,0.0,0.0,0.0,0.0,0.0,0.0,0.0,0.0,0.0,0.0,0.0,0.0,0.0,Casa Pia,Brasileiro,Derick (Casa Pia)
Afonso Monteiro,POR,GK,18,0,0,0.0,0.0,0.0,0.0,0.0,0.0,0.0,0.0,0.0,0.0,0.0,0.0,0.0,0.0,0.0,0.0,0.0,0.0,0.0,0.0,0.0,0.0,0.0,0.0,0.0,0.0,0.0,Casa Pia,Brasileiro,Afonso Monteiro (Casa Pia)
Isaac Monteiro,POR,DF,19,0,0,0.0,0.0,0.0,0.0,0.0,0.0,0.0,0.0,0.0,0.0,0.0,0.0,0.0,0.0,0.0,0.0,0.0,0.0,0.0,0.0,0.0,0.0,0.0,0.0,0.0,0.0,0.0,Casa Pia,Brasileiro,Isaac Monteiro (Casa Pia)
Lucas Paes,BRA,GK,26,0,0,0.0,0.0,0.0,0.0,0.0,0.0,0.0,0.0,0.0,0.0,0.0,0.0,0.0,0.0,0.0,0.0,0.0,0.0,0.0,0.0,0.0,0.0,0.0,0.0,0.0,0.0,0.0,Casa Pia,Brasileiro,Lucas Paes (Casa Pia)
Héctor,ESP,FW,28,15,15,1289.0,14.3,8.0,1.0,9.0,6.0,2.0,2.0,1.0,0.0,6.6,5.0,0.6,5.6,5.0,30.0,39.0,0.56,0.07,0.63,0.42,0.49,0.46,0.04,0.5,0.35,0.39,Chaves,Brasileiro,Héctor (Chaves)
Kelechi Nwakali,NGA,MF,25,15,12,1068.0,11.9,0.0,3.0,3.0,0.0,0.0,0.0,2.0,0.0,0.5,0.5,2.4,2.8,16.0,91.0,15.0,0.0,0.25,0.25,0.0,0.25,0.04,0.2,0.24,0.04,0.24,Chaves,Brasileiro,Kelechi Nwakali (Chaves)
Bruno Langa,MOZ,"DF,MF",26,14,12,1043.0,11.6,1.0,0.0,1.0,1.0,0.0,0.0,5.0,1.0,0.3,0.3,0.8,1.1,25.0,64.0,42.0,0.09,0.0,0.09,0.09,0.09,0.02,0.07,0.09,0.02,0.09,Chaves,Brasileiro,Bruno Langa (Chaves)
Bruno Rodrigues,POR,DF,22,12,12,1011.0,11.2,0.0,0.0,0.0,0.0,0.0,0.0,3.0,0.0,0.3,0.3,0.0,0.3,9.0,31.0,2.0,0.0,0.0,0.0,0.0,0.0,0.03,0.0,0.03,0.03,0.03,Chaves,Brasileiro,Bruno Rodrigues (Chaves)
Hugo Souza,BRA,GK,24,11,11,990.0,11.0,0.0,0.0,0.0,0.0,0.0,0.0,2.0,0.0,0.0,0.0,0.1,0.1,0.0,0.0,0.0,0.0,0.0,0.0,0.0,0.0,0.0,0.0,0.0,0.0,0.0,Chaves,Brasileiro,Hugo Souza (Chaves)
João Pedro Araújo Correia,CPV,"DF,MF",27,13,11,908.0,10.1,1.0,0.0,1.0,1.0,0.0,0.0,3.0,0.0,0.3,0.3,0.4,0.6,28.0,24.0,51.0,0.1,0.0,0.1,0.1,0.1,0.03,0.04,0.06,0.03,0.06,Chaves,Brasileiro,João Pedro Araújo Correia (Chaves)
Sandro Cruz,POR,"DF,MF",22,12,10,774.0,8.6,1.0,1.0,2.0,1.0,0.0,0.0,1.0,0.0,0.2,0.2,0.7,0.9,10.0,16.0,12.0,0.12,0.12,0.23,0.12,0.23,0.03,0.08,0.1,0.03,0.1,Chaves,Brasileiro,Sandro Cruz (Chaves)
Ygor Nogueira,BRA,DF,28,10,9,783.0,8.7,0.0,0.0,0.0,0.0,0.0,0.0,7.0,2.0,0.6,0.6,0.5,1.1,5.0,21.0,2.0,0.0,0.0,0.0,0.0,0.0,0.07,0.05,0.12,0.07,0.12,Chaves,Brasileiro,Ygor Nogueira (Chaves)
Steven Vitória,CAN,DF,36,10,9,740.0,8.2,0.0,0.0,0.0,0.0,0.0,0.0,2.0,0.0,0.4,0.4,0.2,0.6,0.0,7.0,0.0,0.0,0.0,0.0,0.0,0.0,0.05,0.03,0.07,0.05,0.07,Chaves,Brasileiro,Steven Vitória (Chaves)
Leandro Sanca,GNB,"FW,MF",23,14,8,863.0,9.6,0.0,3.0,3.0,0.0,0.0,0.0,2.0,0.0,1.1,1.1,1.4,2.5,38.0,22.0,79.0,0.0,0.31,0.31,0.0,0.31,0.12,0.14,0.26,0.12,0.26,Chaves,Brasileiro,Leandro Sanca (Chaves)
Ricardo Guimarães,MOZ,MF,28,12,7,591.0,6.6,0.0,0.0,0.0,0.0,0.0,0.0,3.0,0.0,0.2,0.2,0.3,0.5,8.0,18.0,18.0,0.0,0.0,0.0,0.0,0.0,0.03,0.05,0.08,0.03,0.08,Chaves,Brasileiro,Ricardo Guimarães (Chaves)
Paulo Victor,BRA,FW,22,12,6,624.0,6.9,1.0,1.0,2.0,1.0,0.0,0.0,7.0,0.0,1.1,1.1,0.3,1.5,13.0,10.0,42.0,0.14,0.14,0.29,0.14,0.29,0.16,0.05,0.21,0.16,0.21,Chaves,Brasileiro,Paulo Victor (Chaves)
Rúben Tiago Rodrigues Ribeiro,POR,"MF,FW",36,8,6,542.0,6.0,0.0,0.0,0.0,0.0,0.0,0.0,5.0,1.0,0.2,0.2,0.9,1.1,12.0,25.0,17.0,0.0,0.0,0.0,0.0,0.0,0.03,0.16,0.19,0.03,0.19,Chaves,Brasileiro,Rúben Tiago Rodrigues Ribeiro (Chaves)
Benny,POR,"MF,FW",23,13,5,511.0,5.7,1.0,0.0,1.0,1.0,0.0,0.0,0.0,0.0,0.9,0.9,1.6,2.6,13.0,24.0,34.0,0.18,0.0,0.18,0.18,0.18,0.16,0.29,0.45,0.16,0.45,Chaves,Brasileiro,Benny (Chaves)
Jo,BRA,"FW,MF",28,9,4,398.0,4.4,2.0,0.0,2.0,2.0,0.0,0.0,0.0,0.0,1.9,1.9,0.3,2.3,3.0,1.0,18.0,0.45,0.0,0.45,0.45,0.45,0.43,0.08,0.51,0.43,0.51,Chaves,Brasileiro,Jo (Chaves)
João Pedro,POR,MF,30,11,4,373.0,4.1,0.0,0.0,0.0,0.0,0.0,0.0,1.0,0.0,0.2,0.2,0.1,0.3,2.0,16.0,6.0,0.0,0.0,0.0,0.0,0.0,0.06,0.02,0.08,0.06,0.08,Chaves,Brasileiro,João Pedro (Chaves)
Rodrigo Nascimento,BRA,GK,27,4,4,360.0,4.0,0.0,0.0,0.0,0.0,0.0,0.0,0.0,0.0,0.0,0.0,0.0,0.0,0.0,0.0,0.0,0.0,0.0,0.0,0.0,0.0,0.0,0.0,0.0,0.0,0.0,Chaves,Brasileiro,Rodrigo Nascimento (Chaves)
Thibang Phete,RSA,"DF,MF",29,5,4,330.0,3.7,0.0,0.0,0.0,0.0,0.0,0.0,0.0,0.0,0.0,0.0,0.0,0.0,0.0,7.0,1.0,0.0,0.0,0.0,0.0,0.0,0.0,0.01,0.01,0.0,0.01,Chaves,Brasileiro,Thibang Phete (Chaves)
Rúben Lameiras,POR,"FW,MF",29,5,4,206.0,2.3,0.0,0.0,0.0,0.0,0.0,0.0,1.0,0.0,0.1,0.1,0.2,0.3,2.0,7.0,5.0,0.0,0.0,0.0,0.0,0.0,0.04,0.08,0.13,0.04,0.13,Chaves,Brasileiro,Rúben Lameiras (Chaves)
Issah Abbas,GHA,"MF,FW",25,6,3,282.0,3.1,0.0,2.0,2.0,0.0,0.0,0.0,1.0,0.0,0.8,0.8,0.7,1.5,7.0,6.0,20.0,0.0,0.64,0.64,0.0,0.64,0.24,0.22,0.46,0.24,0.46,Chaves,Brasileiro,Issah Abbas (Chaves)
Carraça,POR,"MF,DF",30,7,3,264.0,2.9,0.0,0.0,0.0,0.0,0.0,0.0,0.0,0.0,0.2,0.2,0.2,0.3,5.0,6.0,25.0,0.0,0.0,0.0,0.0,0.0,0.05,0.06,0.11,0.05,0.11,Chaves,Brasileiro,Carraça (Chaves)
João Queirós,POR,DF,25,5,2,235.0,2.6,0.0,0.0,0.0,0.0,0.0,0.0,0.0,0.0,0.2,0.2,0.0,0.2,0.0,8.0,1.0,0.0,0.0,0.0,0.0,0.0,0.09,0.0,0.09,0.09,0.09,Chaves,Brasileiro,João Queirós (Chaves)
Habib sylla,CIV,DF,24,4,2,202.0,2.2,0.0,0.0,0.0,0.0,0.0,0.0,1.0,0.0,0.0,0.0,0.0,0.1,6.0,4.0,10.0,0.0,0.0,0.0,0.0,0.0,0.0,0.02,0.02,0.0,0.02,Chaves,Brasileiro,Habib sylla (Chaves)
Hélder Morim,POR,MF,22,4,1,168.0,1.9,0.0,0.0,0.0,0.0,0.0,0.0,1.0,0.0,0.1,0.1,0.0,0.1,0.0,2.0,1.0,0.0,0.0,0.0,0.0,0.0,0.06,0.01,0.08,0.06,0.08,Chaves,Brasileiro,Hélder Morim (Chaves)
Pedro Pinho,POR,MF,23,5,1,155.0,1.7,1.0,0.0,1.0,1.0,0.0,0.0,1.0,0.0,0.2,0.2,0.0,0.2,0.0,5.0,0.0,0.58,0.0,0.58,0.58,0.58,0.1,0.0,0.1,0.1,0.1,Chaves,Brasileiro,Pedro Pinho (Chaves)
Rodrigo Melro,POR,DF,19,1,0,1.0,0.0,0.0,0.0,0.0,0.0,0.0,0.0,0.0,0.0,0.0,0.0,0.0,0.0,0.0,0.0,0.0,0.0,0.0,0.0,0.0,0.0,0.0,0.0,0.0,0.0,0.0,Chaves,Brasileiro,Rodrigo Melro (Chaves)
Eduardo Borges,POR,DF,23,0,0,0.0,0.0,0.0,0.0,0.0,0.0,0.0,0.0,0.0,0.0,0.0,0.0,0.0,0.0,0.0,0.0,0.0,0.0,0.0,0.0,0.0,0.0,0.0,0.0,0.0,0.0,0.0,Chaves,Brasileiro,Eduardo Borges (Chaves)
Catatau,BRA,MF,22,0,0,0.0,0.0,0.0,0.0,0.0,0.0,0.0,0.0,0.0,0.0,0.0,0.0,0.0,0.0,0.0,0.0,0.0,0.0,0.0,0.0,0.0,0.0,0.0,0.0,0.0,0.0,0.0,Chaves,Brasileiro,Catatau (Chaves)
Gonçalo Filipe,POR,GK,23,0,0,0.0,0.0,0.0,0.0,0.0,0.0,0.0,0.0,0.0,0.0,0.0,0.0,0.0,0.0,0.0,0.0,0.0,0.0,0.0,0.0,0.0,0.0,0.0,0.0,0.0,0.0,0.0,Chaves,Brasileiro,Gonçalo Filipe (Chaves)
Guilherme Oliveira,BRA,DF,24,0,0,0.0,0.0,0.0,0.0,0.0,0.0,0.0,0.0,0.0,0.0,0.0,0.0,0.0,0.0,0.0,0.0,0.0,0.0,0.0,0.0,0.0,0.0,0.0,0.0,0.0,0.0,0.0,Chaves,Brasileiro,Guilherme Oliveira (Chaves)
Picas,ANG,FW,22,0,0,0.0,0.0,0.0,0.0,0.0,0.0,0.0,0.0,0.0,0.0,0.0,0.0,0.0,0.0,0.0,0.0,0.0,0.0,0.0,0.0,0.0,0.0,0.0,0.0,0.0,0.0,0.0,Chaves,Brasileiro,Picas (Chaves)
Rafik Guitane,FRA,"FW,MF",24,14,14,1225.0,13.6,3.0,2.0,5.0,3.0,0.0,0.0,0.0,0.0,1.2,1.2,2.2,3.5,53.0,52.0,69.0,0.22,0.15,0.37,0.22,0.37,0.09,0.16,0.25,0.09,0.25,Estoril,Brasileiro,Rafik Guitane (Estoril)
Tiago Araújo,POR,"DF,MF",22,14,14,1213.0,13.5,1.0,1.0,2.0,1.0,0.0,0.0,4.0,0.0,0.9,0.9,1.3,2.1,32.0,45.0,75.0,0.07,0.07,0.15,0.07,0.15,0.06,0.09,0.16,0.06,0.16,Estoril,Brasileiro,Tiago Araújo (Estoril)
Bernardo Vital,POR,DF,23,12,12,1035.0,11.5,1.0,0.0,1.0,1.0,0.0,0.0,4.0,0.0,0.4,0.4,0.0,0.5,2.0,32.0,1.0,0.09,0.0,0.09,0.09,0.09,0.04,0.0,0.04,0.04,0.04,Estoril,Brasileiro,Bernardo Vital (Estoril)
Jordan Holsgrove,SCO,MF,24,12,12,984.0,10.9,2.0,2.0,4.0,2.0,0.0,0.0,5.0,1.0,0.5,0.5,1.2,1.7,12.0,80.0,7.0,0.18,0.18,0.37,0.18,0.37,0.04,0.11,0.16,0.04,0.16,Estoril,Brasileiro,Jordan Holsgrove (Estoril)
Pedro Álvaro,POR,DF,23,11,11,990.0,11.0,0.0,0.0,0.0,0.0,0.0,0.0,4.0,0.0,0.3,0.3,0.6,0.9,0.0,17.0,3.0,0.0,0.0,0.0,0.0,0.0,0.02,0.06,0.08,0.02,0.08,Estoril,Brasileiro,Pedro Álvaro (Estoril)
João Marques,POR,"MF,FW",21,14,10,957.0,10.6,3.0,3.0,6.0,3.0,0.0,0.0,3.0,0.0,2.4,2.4,1.7,4.1,22.0,37.0,39.0,0.28,0.28,0.56,0.28,0.56,0.22,0.16,0.39,0.22,0.39,Estoril,Brasileiro,João Marques (Estoril)
Volnei Feltes,BRA,DF,23,11,10,876.0,9.7,0.0,2.0,2.0,0.0,0.0,0.0,3.0,0.0,0.3,0.3,0.7,1.0,11.0,29.0,19.0,0.0,0.21,0.21,0.0,0.21,0.03,0.07,0.1,0.03,0.1,Estoril,Brasileiro,Volnei Feltes (Estoril)
Rodrigo Gomes,POR,"DF,MF",20,13,9,956.0,10.6,4.0,5.0,9.0,4.0,0.0,0.0,3.0,0.0,3.6,3.6,1.7,5.3,32.0,23.0,63.0,0.38,0.47,0.85,0.38,0.85,0.34,0.16,0.5,0.34,0.5,Estoril,Brasileiro,Rodrigo Gomes (Estoril)
Marcelo Carné,BRA,GK,33,9,9,810.0,9.0,0.0,0.0,0.0,0.0,0.0,0.0,1.0,0.0,0.0,0.0,0.0,0.0,0.0,0.0,0.0,0.0,0.0,0.0,0.0,0.0,0.0,0.0,0.0,0.0,0.0,Estoril,Brasileiro,Marcelo Carné (Estoril)
Cassiano,BRA,FW,34,14,9,694.0,7.7,4.0,2.0,6.0,3.0,1.0,1.0,2.0,0.0,3.7,3.0,0.7,3.7,6.0,9.0,27.0,0.52,0.26,0.78,0.39,0.65,0.49,0.09,0.58,0.38,0.48,Estoril,Brasileiro,Cassiano (Estoril)
Mateus Fernandes,POR,MF,19,11,8,764.0,8.5,0.0,0.0,0.0,0.0,0.0,0.0,3.0,0.0,0.2,0.2,1.2,1.4,24.0,36.0,13.0,0.0,0.0,0.0,0.0,0.0,0.03,0.14,0.16,0.03,0.16,Estoril,Brasileiro,Mateus Fernandes (Estoril)
Heriberto Tavares,POR,"FW,MF",26,14,7,506.0,5.6,1.0,0.0,1.0,1.0,0.0,0.0,2.0,0.0,0.9,0.9,0.1,1.0,21.0,7.0,48.0,0.18,0.0,0.18,0.18,0.18,0.16,0.01,0.17,0.16,0.17,Estoril,Brasileiro,Heriberto Tavares (Estoril)
Alejandro Marqués,VEN,FW,23,13,5,566.0,6.3,5.0,0.0,5.0,5.0,0.0,0.0,2.0,0.0,2.4,2.4,0.1,2.6,2.0,5.0,14.0,0.8,0.0,0.8,0.8,0.8,0.38,0.02,0.41,0.38,0.41,Estoril,Brasileiro,Alejandro Marqués (Estoril)
Daniel Leite,POR,GK,25,5,5,450.0,5.0,0.0,0.0,0.0,0.0,0.0,0.0,0.0,0.0,0.0,0.0,0.0,0.0,0.0,0.0,0.0,0.0,0.0,0.0,0.0,0.0,0.0,0.0,0.0,0.0,0.0,Estoril,Brasileiro,Daniel Leite (Estoril)
Koba Koindredi,FRA,MF,22,7,4,315.0,3.5,0.0,0.0,0.0,0.0,0.0,0.0,0.0,0.0,0.2,0.2,0.2,0.4,5.0,8.0,4.0,0.0,0.0,0.0,0.0,0.0,0.06,0.06,0.13,0.06,0.13,Estoril,Brasileiro,Koba Koindredi (Estoril)
Erick Cabaco,URU,DF,28,6,3,335.0,3.7,0.0,0.0,0.0,0.0,0.0,0.0,0.0,0.0,0.4,0.4,0.0,0.4,1.0,10.0,0.0,0.0,0.0,0.0,0.0,0.0,0.1,0.0,0.1,0.1,0.1,Estoril,Brasileiro,Erick Cabaco (Estoril)
Eliaquim Mangala,FRA,DF,32,5,3,275.0,3.1,1.0,0.0,1.0,1.0,0.0,0.0,0.0,0.0,0.8,0.8,0.0,0.8,0.0,2.0,0.0,0.33,0.0,0.33,0.33,0.33,0.27,0.0,0.27,0.27,0.27,Estoril,Brasileiro,Eliaquim Mangala (Estoril)
Raúl Parra,ESP,DF,24,5,3,218.0,2.4,0.0,0.0,0.0,0.0,0.0,0.0,0.0,0.0,0.0,0.0,0.1,0.1,2.0,12.0,6.0,0.0,0.0,0.0,0.0,0.0,0.0,0.02,0.02,0.0,0.02,Estoril,Brasileiro,Raúl Parra (Estoril)
Ivan Pavlic,BEL,MF,22,5,3,180.0,2.0,0.0,0.0,0.0,0.0,0.0,0.0,0.0,0.0,0.0,0.0,0.1,0.1,4.0,6.0,5.0,0.0,0.0,0.0,0.0,0.0,0.0,0.07,0.07,0.0,0.07,Estoril,Brasileiro,Ivan Pavlic (Estoril)
Alexandre Miguel Barros Soares,POR,MF,32,6,2,249.0,2.8,0.0,0.0,0.0,0.0,0.0,0.0,0.0,0.0,0.0,0.0,0.1,0.1,3.0,5.0,10.0,0.0,0.0,0.0,0.0,0.0,0.02,0.03,0.05,0.02,0.05,Estoril,Brasileiro,Alexandre Miguel Barros Soares (Estoril)
Wagner Pina,POR,"DF,MF",21,6,1,131.0,1.5,0.0,0.0,0.0,0.0,0.0,0.0,1.0,0.0,0.1,0.1,0.0,0.1,1.0,1.0,6.0,0.0,0.0,0.0,0.0,0.0,0.08,0.0,0.08,0.08,0.08,Estoril,Brasileiro,Wagner Pina (Estoril)
João Carlos,BRA,"FW,DF",28,6,0,56.0,0.6,0.0,0.0,0.0,0.0,0.0,0.0,2.0,0.0,0.1,0.1,0.0,0.1,1.0,0.0,4.0,0.0,0.0,0.0,0.0,0.0,0.13,0.07,0.2,0.13,0.2,Estoril,Brasileiro,João Carlos (Estoril)
Mor Ndiaye,SEN,"FW,MF",23,2,0,17.0,0.2,0.0,0.0,0.0,0.0,0.0,0.0,0.0,0.0,0.0,0.0,0.0,0.0,0.0,0.0,0.0,0.0,0.0,0.0,0.0,0.0,0.0,0.0,0.0,0.0,0.0,Estoril,Brasileiro,Mor Ndiaye (Estoril)
Rodrigo Martins,POR,"DF,FW",25,2,0,6.0,0.1,0.0,0.0,0.0,0.0,0.0,0.0,0.0,0.0,0.0,0.0,0.0,0.0,1.0,0.0,0.0,0.0,0.0,0.0,0.0,0.0,0.0,0.0,0.0,0.0,0.0,Estoril,Brasileiro,Rodrigo Martins (Estoril)
Michel Costa,BRA,MF,22,0,0,0.0,0.0,0.0,0.0,0.0,0.0,0.0,0.0,0.0,0.0,0.0,0.0,0.0,0.0,0.0,0.0,0.0,0.0,0.0,0.0,0.0,0.0,0.0,0.0,0.0,0.0,0.0,Estoril,Brasileiro,Michel Costa (Estoril)
Bamidele Isa Yusuf,NGA,FW,22,0,0,0.0,0.0,0.0,0.0,0.0,0.0,0.0,0.0,0.0,0.0,0.0,0.0,0.0,0.0,0.0,0.0,0.0,0.0,0.0,0.0,0.0,0.0,0.0,0.0,0.0,0.0,0.0,Estoril,Brasileiro,Bamidele Isa Yusuf (Estoril)
Harouna Sy,FRA,DF,27,0,0,0.0,0.0,0.0,0.0,0.0,0.0,0.0,0.0,0.0,0.0,0.0,0.0,0.0,0.0,0.0,0.0,0.0,0.0,0.0,0.0,0.0,0.0,0.0,0.0,0.0,0.0,0.0,Estoril,Brasileiro,Harouna Sy (Estoril)
Ronald,BRA,"MF,FW",22,15,15,1223.0,13.6,1.0,2.0,3.0,1.0,0.0,0.0,3.0,0.0,1.9,1.9,2.5,4.3,32.0,30.0,92.0,0.07,0.15,0.22,0.07,0.22,0.14,0.18,0.32,0.14,0.32,Estrela,Brasileiro,Ronald (Estrela)
Gaspar,ANG,DF,26,14,14,1215.0,13.5,1.0,0.0,1.0,1.0,0.0,0.0,5.0,0.0,0.5,0.5,0.1,0.6,8.0,39.0,3.0,0.07,0.0,0.07,0.07,0.07,0.04,0.0,0.04,0.04,0.04,Estrela,Brasileiro,Gaspar (Estrela)
Léo Jabá,BRA,"MF,FW",25,14,13,904.0,10.0,3.0,2.0,5.0,2.0,1.0,1.0,3.0,0.0,2.0,1.2,2.2,3.4,36.0,23.0,81.0,0.3,0.2,0.5,0.2,0.4,0.2,0.22,0.41,0.12,0.34,Estrela,Brasileiro,Léo Jabá (Estrela)
Leo Cordeiro,BRA,MF,28,14,12,1110.0,12.3,2.0,0.0,2.0,2.0,0.0,0.0,3.0,0.0,1.3,1.3,0.5,1.8,8.0,46.0,16.0,0.16,0.0,0.16,0.16,0.16,0.11,0.04,0.15,0.11,0.15,Estrela,Brasileiro,Leo Cordeiro (Estrela)
João Reis,POR,"DF,MF",31,13,12,1046.0,11.6,0.0,0.0,0.0,0.0,0.0,0.0,2.0,0.0,0.0,0.0,0.1,0.1,9.0,58.0,41.0,0.0,0.0,0.0,0.0,0.0,0.0,0.01,0.01,0.0,0.01,Estrela,Brasileiro,João Reis (Estrela)
Hevertton Santos,BRA,"DF,MF",22,13,11,948.0,10.5,0.0,1.0,1.0,0.0,0.0,0.0,1.0,0.0,0.8,0.8,2.1,2.9,15.0,51.0,35.0,0.0,0.09,0.09,0.0,0.09,0.08,0.2,0.28,0.08,0.28,Estrela,Brasileiro,Hevertton Santos (Estrela)
Aloísio Souza Genézio,BRA,MF,27,10,10,706.0,7.8,0.0,1.0,1.0,0.0,0.0,0.0,3.0,0.0,0.4,0.4,0.4,0.9,2.0,36.0,9.0,0.0,0.13,0.13,0.0,0.13,0.06,0.05,0.11,0.06,0.11,Estrela,Brasileiro,Aloísio Souza Genézio (Estrela)
Johnstone Omurwa,KEN,DF,25,10,9,771.0,8.6,0.0,0.0,0.0,0.0,0.0,0.0,2.0,0.0,0.3,0.3,0.0,0.4,11.0,29.0,0.0,0.0,0.0,0.0,0.0,0.0,0.04,0.0,0.04,0.04,0.04,Estrela,Brasileiro,Johnstone Omurwa (Estrela)
Miguel Lopes,POR,DF,37,9,9,675.0,7.5,0.0,0.0,0.0,0.0,0.0,0.0,1.0,1.0,0.1,0.1,0.0,0.1,3.0,21.0,2.0,0.0,0.0,0.0,0.0,0.0,0.01,0.0,0.01,0.01,0.01,Estrela,Brasileiro,Miguel Lopes (Estrela)
Jean Felipe,BRA,"MF,DF",29,13,7,734.0,8.2,1.0,1.0,2.0,1.0,0.0,0.0,0.0,0.0,0.3,0.3,2.0,2.3,5.0,38.0,46.0,0.12,0.12,0.25,0.12,0.25,0.03,0.24,0.28,0.03,0.28,Estrela,Brasileiro,Jean Felipe (Estrela)
Bruno Brigido,BRA,GK,32,7,7,630.0,7.0,0.0,0.0,0.0,0.0,0.0,0.0,0.0,0.0,0.0,0.0,0.1,0.1,0.0,0.0,0.0,0.0,0.0,0.0,0.0,0.0,0.0,0.01,0.01,0.0,0.01,Estrela,Brasileiro,Bruno Brigido (Estrela)
Ronaldo Tavares,POR,FW,26,12,7,555.0,6.2,2.0,0.0,2.0,2.0,0.0,0.0,2.0,0.0,3.3,3.3,0.5,3.8,12.0,7.0,37.0,0.32,0.0,0.32,0.32,0.32,0.54,0.08,0.62,0.54,0.62,Estrela,Brasileiro,Ronaldo Tavares (Estrela)
Vitó Ferreira,POR,MF,26,8,7,522.0,5.8,0.0,0.0,0.0,0.0,0.0,0.0,0.0,0.0,0.2,0.2,0.2,0.4,2.0,23.0,10.0,0.0,0.0,0.0,0.0,0.0,0.04,0.03,0.07,0.04,0.07,Estrela,Brasileiro,Vitó Ferreira (Estrela)
Mansur,BRA,DF,30,7,6,539.0,6.0,0.0,0.0,0.0,0.0,0.0,0.0,4.0,1.0,0.0,0.0,0.0,0.0,8.0,29.0,8.0,0.0,0.0,0.0,0.0,0.0,0.0,0.0,0.0,0.0,0.0,Estrela,Brasileiro,Mansur (Estrela)
Kikas,POR,"FW,MF",25,13,5,619.0,6.9,3.0,0.0,3.0,3.0,0.0,0.0,3.0,0.0,1.7,1.7,0.7,2.3,3.0,13.0,46.0,0.44,0.0,0.44,0.44,0.44,0.24,0.1,0.34,0.24,0.34,Estrela,Brasileiro,Kikas (Estrela)
Wagner Santos,BRA,GK,25,5,5,427.0,4.7,0.0,0.0,0.0,0.0,0.0,0.0,0.0,1.0,0.0,0.0,0.0,0.0,0.0,0.0,0.0,0.0,0.0,0.0,0.0,0.0,0.0,0.0,0.0,0.0,0.0,Estrela,Brasileiro,Wagner Santos (Estrela)
Almeida,BRA,DF,23,6,4,396.0,4.4,0.0,1.0,1.0,0.0,0.0,0.0,1.0,0.0,0.0,0.0,0.1,0.1,2.0,8.0,1.0,0.0,0.23,0.23,0.0,0.23,0.01,0.01,0.02,0.01,0.02,Estrela,Brasileiro,Almeida (Estrela)
Nkanyiso Shinga,RSA,"DF,MF",23,6,4,336.0,3.7,0.0,0.0,0.0,0.0,0.0,0.0,0.0,0.0,0.0,0.0,0.1,0.1,3.0,12.0,9.0,0.0,0.0,0.0,0.0,0.0,0.0,0.03,0.03,0.0,0.03,Estrela,Brasileiro,Nkanyiso Shinga (Estrela)
André Inácio,BRA,"FW,MF",21,9,3,342.0,3.8,1.0,0.0,1.0,1.0,0.0,0.0,1.0,0.0,2.0,2.0,0.5,2.5,11.0,2.0,13.0,0.26,0.0,0.26,0.26,0.26,0.53,0.13,0.66,0.53,0.66,Estrela,Brasileiro,André Inácio (Estrela)
António Filipe de Carvalho,POR,GK,38,3,3,270.0,3.0,0.0,0.0,0.0,0.0,0.0,0.0,0.0,0.0,0.0,0.0,0.0,0.0,0.0,0.0,0.0,0.0,0.0,0.0,0.0,0.0,0.0,0.0,0.0,0.0,0.0,Estrela,Brasileiro,António Filipe de Carvalho (Estrela)
Pedro Sá,POR,MF,30,8,1,267.0,3.0,0.0,0.0,0.0,0.0,0.0,0.0,0.0,0.0,0.0,0.0,0.0,0.0,0.0,9.0,3.0,0.0,0.0,0.0,0.0,0.0,0.01,0.0,0.02,0.01,0.02,Estrela,Brasileiro,Pedro Sá (Estrela)
Regis Ndo,MLI,"FW,MF",22,8,1,195.0,2.2,0.0,1.0,1.0,0.0,0.0,0.0,0.0,0.0,0.4,0.4,0.5,0.9,8.0,12.0,17.0,0.0,0.46,0.46,0.0,0.46,0.19,0.23,0.42,0.19,0.42,Estrela,Brasileiro,Regis Ndo (Estrela)
Alioune Ndour,SEN,"FW,MF",22,9,0,169.0,1.9,0.0,1.0,1.0,0.0,0.0,0.0,1.0,0.0,1.1,1.1,0.6,1.7,6.0,5.0,18.0,0.0,0.53,0.53,0.0,0.53,0.56,0.33,0.89,0.56,0.89,Estrela,Brasileiro,Alioune Ndour (Estrela)
Keliano,ANG,MF,20,9,0,120.0,1.3,0.0,0.0,0.0,0.0,0.0,0.0,0.0,0.0,0.2,0.2,0.0,0.2,0.0,3.0,3.0,0.0,0.0,0.0,0.0,0.0,0.16,0.0,0.16,0.16,0.16,Estrela,Brasileiro,Keliano (Estrela)
Gustavo Henrique,BRA,FW,24,2,0,19.0,0.2,0.0,0.0,0.0,0.0,0.0,0.0,0.0,0.0,0.0,0.0,0.0,0.0,0.0,0.0,0.0,0.0,0.0,0.0,0.0,0.0,0.0,0.0,0.0,0.0,0.0,Estrela,Brasileiro,Gustavo Henrique (Estrela)
Cambila,ANG,GK,21,1,0,17.0,0.2,0.0,0.0,0.0,0.0,0.0,0.0,0.0,0.0,0.0,0.0,0.0,0.0,0.0,0.0,0.0,0.0,0.0,0.0,0.0,0.0,0.0,0.0,0.0,0.0,0.0,Estrela,Brasileiro,Cambila (Estrela)
Brenner,BRA,FW,21,0,0,0.0,0.0,0.0,0.0,0.0,0.0,0.0,0.0,0.0,0.0,0.0,0.0,0.0,0.0,0.0,0.0,0.0,0.0,0.0,0.0,0.0,0.0,0.0,0.0,0.0,0.0,0.0,Estrela,Brasileiro,Brenner (Estrela)
Euri Carvalho,POR,FW,19,0,0,0.0,0.0,0.0,0.0,0.0,0.0,0.0,0.0,0.0,0.0,0.0,0.0,0.0,0.0,0.0,0.0,0.0,0.0,0.0,0.0,0.0,0.0,0.0,0.0,0.0,0.0,0.0,Estrela,Brasileiro,Euri Carvalho (Estrela)
Manuel Figueiredo,POR,MF,21,0,0,0.0,0.0,0.0,0.0,0.0,0.0,0.0,0.0,0.0,0.0,0.0,0.0,0.0,0.0,0.0,0.0,0.0,0.0,0.0,0.0,0.0,0.0,0.0,0.0,0.0,0.0,0.0,Estrela,Brasileiro,Manuel Figueiredo (Estrela)
Pedro Mendes,POR,DF,33,0,0,0.0,0.0,0.0,0.0,0.0,0.0,0.0,0.0,0.0,0.0,0.0,0.0,0.0,0.0,0.0,0.0,0.0,0.0,0.0,0.0,0.0,0.0,0.0,0.0,0.0,0.0,0.0,Estrela,Brasileiro,Pedro Mendes (Estrela)
Luiz Lúcio Reis Júnior,BRA,GK,22,15,15,1350.0,15.0,0.0,0.0,0.0,0.0,0.0,0.0,1.0,0.0,0.0,0.0,0.0,0.0,0.0,0.0,0.0,0.0,0.0,0.0,0.0,0.0,0.0,0.0,0.0,0.0,0.0,Famalicão,Brasileiro,Luiz Lúcio Reis Júnior (Famalicão)
Moura,POR,DF,24,15,15,1350.0,15.0,1.0,3.0,4.0,1.0,0.0,0.0,4.0,0.0,0.2,0.2,3.6,3.7,31.0,50.0,92.0,0.07,0.2,0.27,0.07,0.27,0.01,0.24,0.25,0.01,0.25,Famalicão,Brasileiro,Moura (Famalicão)
Zaydou Youssouf,FRA,MF,24,14,14,1177.0,13.1,0.0,0.0,0.0,0.0,0.0,1.0,5.0,1.0,1.2,0.4,0.3,0.7,18.0,67.0,3.0,0.0,0.0,0.0,0.0,0.0,0.09,0.02,0.12,0.03,0.05,Famalicão,Brasileiro,Zaydou Youssouf (Famalicão)
Otavio Ataide,BRA,DF,21,13,12,1094.0,12.2,2.0,0.0,2.0,2.0,0.0,0.0,3.0,0.0,0.7,0.7,0.2,0.9,4.0,35.0,2.0,0.16,0.0,0.16,0.16,0.16,0.06,0.01,0.07,0.06,0.07,Famalicão,Brasileiro,Otavio Ataide (Famalicão)
Jhonder Cádiz,VEN,FW,28,13,10,842.0,9.4,4.0,0.0,4.0,3.0,1.0,1.0,2.0,1.0,3.5,2.7,0.2,2.9,8.0,12.0,36.0,0.43,0.0,0.43,0.32,0.32,0.37,0.02,0.39,0.28,0.31,Famalicão,Brasileiro,Jhonder Cádiz (Famalicão)
Riccieli,BRA,DF,25,10,10,808.0,9.0,0.0,1.0,1.0,0.0,0.0,0.0,4.0,2.0,0.3,0.3,0.1,0.4,1.0,17.0,0.0,0.0,0.11,0.11,0.0,0.11,0.04,0.01,0.04,0.04,0.04,Famalicão,Brasileiro,Riccieli (Famalicão)
Mirko Topić,SRB,MF,22,14,8,841.0,9.3,0.0,0.0,0.0,0.0,0.0,0.0,4.0,0.0,0.5,0.5,0.2,0.7,11.0,49.0,7.0,0.0,0.0,0.0,0.0,0.0,0.06,0.02,0.07,0.06,0.07,Famalicão,Brasileiro,Mirko Topić (Famalicão)
Nathan,BRA,DF,22,12,8,724.0,8.0,0.0,0.0,0.0,0.0,0.0,0.0,3.0,0.0,0.2,0.2,0.3,0.4,22.0,16.0,23.0,0.0,0.0,0.0,0.0,0.0,0.02,0.03,0.05,0.02,0.05,Famalicão,Brasileiro,Nathan (Famalicão)
José Luis Rodríguez,PAN,FW,25,9,8,684.0,7.6,0.0,2.0,2.0,0.0,0.0,0.0,0.0,0.0,0.3,0.3,0.7,1.0,30.0,16.0,38.0,0.0,0.26,0.26,0.0,0.26,0.04,0.09,0.13,0.04,0.13,Famalicão,Brasileiro,José Luis Rodríguez (Famalicão)
Gustavo sá,POR,MF,19,10,8,609.0,6.8,1.0,2.0,3.0,1.0,0.0,0.0,1.0,0.0,0.9,0.9,0.6,1.5,9.0,21.0,25.0,0.15,0.3,0.44,0.15,0.44,0.14,0.09,0.22,0.14,0.22,Famalicão,Brasileiro,Gustavo sá (Famalicão)
Chiquinho,POR,"FW,MF",23,10,8,602.0,6.7,1.0,0.0,1.0,1.0,0.0,0.0,3.0,1.0,1.2,1.2,0.6,1.8,18.0,9.0,35.0,0.15,0.0,0.15,0.15,0.15,0.18,0.09,0.27,0.18,0.27,Famalicão,Brasileiro,Chiquinho (Famalicão)
Martin Agirregabiria,ESP,DF,27,13,7,656.0,7.3,0.0,0.0,0.0,0.0,0.0,0.0,3.0,0.0,0.0,0.0,0.2,0.2,12.0,30.0,39.0,0.0,0.0,0.0,0.0,0.0,0.0,0.03,0.03,0.0,0.03,Famalicão,Brasileiro,Martin Agirregabiria (Famalicão)
Henrique Araújo,POR,FW,21,13,6,544.0,6.0,0.0,0.0,0.0,0.0,0.0,0.0,1.0,0.0,0.7,0.7,0.6,1.3,5.0,9.0,22.0,0.0,0.0,0.0,0.0,0.0,0.11,0.11,0.22,0.11,0.22,Famalicão,Brasileiro,Henrique Araújo (Famalicão)
Óscar Aranda,ESP,"FW,MF",21,12,6,539.0,6.0,1.0,0.0,1.0,1.0,0.0,0.0,2.0,0.0,0.6,0.6,0.5,1.2,20.0,24.0,14.0,0.17,0.0,0.17,0.17,0.17,0.11,0.09,0.2,0.11,0.2,Famalicão,Brasileiro,Óscar Aranda (Famalicão)
Justin de Haas,NED,DF,23,9,5,553.0,6.1,1.0,0.0,1.0,1.0,0.0,0.0,0.0,0.0,0.4,0.4,0.0,0.4,1.0,10.0,1.0,0.16,0.0,0.16,0.16,0.16,0.07,0.0,0.07,0.07,0.07,Famalicão,Brasileiro,Justin de Haas (Famalicão)
Otso Liimatta,FIN,MF,19,6,5,365.0,4.1,0.0,0.0,0.0,0.0,0.0,0.0,0.0,0.0,0.2,0.2,0.0,0.3,10.0,5.0,19.0,0.0,0.0,0.0,0.0,0.0,0.06,0.01,0.07,0.06,0.07,Famalicão,Brasileiro,Otso Liimatta (Famalicão)
Gustavo Assuncao,POR,MF,23,11,4,446.0,5.0,0.0,0.0,0.0,0.0,0.0,0.0,5.0,0.0,0.1,0.1,0.2,0.3,5.0,16.0,2.0,0.0,0.0,0.0,0.0,0.0,0.01,0.04,0.05,0.01,0.05,Famalicão,Brasileiro,Gustavo Assuncao (Famalicão)
Tom Lacoux,FRA,MF,21,7,4,276.0,3.1,0.0,0.0,0.0,0.0,0.0,0.0,1.0,0.0,0.1,0.1,0.0,0.1,3.0,7.0,1.0,0.0,0.0,0.0,0.0,0.0,0.04,0.01,0.05,0.04,0.05,Famalicão,Brasileiro,Tom Lacoux (Famalicão)
Théo Fonseca,FRA,FW,23,5,4,274.0,3.0,1.0,0.0,1.0,1.0,0.0,0.0,0.0,0.0,1.0,1.0,0.0,1.0,3.0,6.0,12.0,0.33,0.0,0.33,0.33,0.33,0.33,0.0,0.33,0.33,0.33,Famalicão,Brasileiro,Théo Fonseca (Famalicão)
Enea Mihaj,ALB,DF,25,3,3,245.0,2.7,0.0,0.0,0.0,0.0,0.0,0.0,1.0,0.0,0.0,0.0,0.0,0.0,0.0,5.0,0.0,0.0,0.0,0.0,0.0,0.0,0.0,0.0,0.0,0.0,0.0,Famalicão,Brasileiro,Enea Mihaj (Famalicão)
Mihai Dobre,ROU,"FW,MF",25,9,2,268.0,3.0,0.0,0.0,0.0,0.0,0.0,0.0,0.0,0.0,0.4,0.4,0.1,0.5,7.0,2.0,11.0,0.0,0.0,0.0,0.0,0.0,0.12,0.04,0.17,0.12,0.17,Famalicão,Brasileiro,Mihai Dobre (Famalicão)
Pablo,BRA,"FW,MF",19,8,2,197.0,2.2,0.0,0.0,0.0,0.0,0.0,0.0,3.0,1.0,0.2,0.2,0.2,0.4,2.0,3.0,9.0,0.0,0.0,0.0,0.0,0.0,0.1,0.1,0.2,0.1,0.2,Famalicão,Brasileiro,Pablo (Famalicão)
Afonso Rodrigues,POR,"FW,MF",21,8,1,236.0,2.6,1.0,0.0,1.0,1.0,0.0,0.0,1.0,0.0,0.6,0.6,0.1,0.7,6.0,3.0,15.0,0.38,0.0,0.38,0.38,0.38,0.21,0.04,0.26,0.21,0.26,Famalicão,Brasileiro,Afonso Rodrigues (Famalicão)
Rúben Lima,POR,"DF,MF",34,0,0,0.0,0.0,0.0,0.0,0.0,0.0,0.0,0.0,0.0,0.0,0.0,0.0,0.0,0.0,0.0,0.0,0.0,0.0,0.0,0.0,0.0,0.0,0.0,0.0,0.0,0.0,0.0,Famalicão,Brasileiro,Rúben Lima (Famalicão)
Ivan Zlobin,RUS,GK,26,0,0,0.0,0.0,0.0,0.0,0.0,0.0,0.0,0.0,0.0,0.0,0.0,0.0,0.0,0.0,0.0,0.0,0.0,0.0,0.0,0.0,0.0,0.0,0.0,0.0,0.0,0.0,0.0,Famalicão,Brasileiro,Ivan Zlobin (Famalicão)
Ricardo Velho,POR,GK,25,14,14,1260.0,14.0,0.0,0.0,0.0,0.0,0.0,0.0,1.0,0.0,0.0,0.0,0.1,0.1,0.0,0.0,0.0,0.0,0.0,0.0,0.0,0.0,0.0,0.0,0.0,0.0,0.0,Farense,Brasileiro,Ricardo Velho (Farense)
Talocha,POR,DF,34,14,14,1244.0,13.8,0.0,1.0,1.0,0.0,0.0,0.0,2.0,0.0,0.3,0.3,0.8,1.1,17.0,50.0,43.0,0.0,0.07,0.07,0.0,0.07,0.02,0.06,0.08,0.02,0.08,Farense,Brasileiro,Talocha (Farense)
Claudio Falcão,BRA,MF,29,14,14,1220.0,13.6,3.0,0.0,3.0,3.0,0.0,0.0,3.0,0.0,1.3,1.3,0.1,1.5,4.0,37.0,5.0,0.22,0.0,0.22,0.22,0.22,0.1,0.01,0.11,0.1,0.11,Farense,Brasileiro,Claudio Falcão (Farense)
Mattheus Oliveira,BRA,MF,29,14,14,1053.0,11.7,4.0,1.0,5.0,3.0,1.0,1.0,4.0,0.0,2.0,1.2,2.2,3.5,14.0,54.0,23.0,0.34,0.09,0.43,0.26,0.34,0.17,0.19,0.36,0.11,0.3,Farense,Brasileiro,Mattheus Oliveira (Farense)
Gonçalo Silva,POR,DF,32,13,13,1097.0,12.2,0.0,0.0,0.0,0.0,0.0,0.0,1.0,1.0,0.0,0.0,0.0,0.0,1.0,21.0,1.0,0.0,0.0,0.0,0.0,0.0,0.0,0.0,0.0,0.0,0.0,Farense,Brasileiro,Gonçalo Silva (Farense)
Bachir Belloumi,ALG,"FW,MF",21,14,13,956.0,10.6,3.0,2.0,5.0,3.0,0.0,0.0,2.0,0.0,2.4,2.4,1.3,3.7,23.0,30.0,67.0,0.28,0.19,0.47,0.28,0.47,0.22,0.12,0.35,0.22,0.35,Farense,Brasileiro,Bachir Belloumi (Farense)
David Pastor,BRA,DF,23,13,12,1072.0,11.9,0.0,0.0,0.0,0.0,0.0,0.0,4.0,0.0,0.1,0.1,0.9,1.0,17.0,46.0,25.0,0.0,0.0,0.0,0.0,0.0,0.01,0.07,0.08,0.01,0.08,Farense,Brasileiro,David Pastor (Farense)
Marco Matias,POR,"FW,MF",34,13,11,891.0,9.9,0.0,2.0,2.0,0.0,0.0,0.0,3.0,0.0,1.6,1.6,1.2,2.8,18.0,26.0,61.0,0.0,0.2,0.2,0.0,0.2,0.17,0.12,0.28,0.17,0.28,Farense,Brasileiro,Marco Matias (Farense)
Bruno Duarte,BRA,FW,27,14,10,904.0,10.0,4.0,1.0,5.0,2.0,2.0,2.0,1.0,0.0,3.3,1.7,0.8,2.5,18.0,24.0,48.0,0.4,0.1,0.5,0.2,0.3,0.33,0.08,0.41,0.17,0.25,Farense,Brasileiro,Bruno Duarte (Farense)
Zach Muscat,MLT,DF,30,10,9,791.0,8.8,1.0,0.0,1.0,1.0,0.0,0.0,1.0,1.0,0.9,0.9,0.1,1.0,1.0,13.0,1.0,0.11,0.0,0.11,0.11,0.11,0.11,0.01,0.11,0.11,0.11,Farense,Brasileiro,Zach Muscat (Farense)
Fabrício Isidoro,BRA,MF,31,13,9,778.0,8.6,2.0,1.0,3.0,2.0,0.0,0.0,4.0,1.0,0.9,0.9,0.8,1.6,9.0,40.0,20.0,0.23,0.12,0.35,0.23,0.35,0.1,0.09,0.19,0.1,0.19,Farense,Brasileiro,Fabrício Isidoro (Farense)
Rui Costa,POR,"FW,MF",27,14,6,539.0,6.0,3.0,2.0,5.0,3.0,0.0,1.0,2.0,0.0,2.4,1.6,0.6,2.2,12.0,18.0,33.0,0.5,0.33,0.83,0.5,0.83,0.4,0.11,0.5,0.27,0.37,Farense,Brasileiro,Rui Costa (Farense)
Artur Jorge Marques Amorim,POR,DF,29,7,5,484.0,5.4,0.0,0.0,0.0,0.0,0.0,0.0,3.0,0.0,0.2,0.2,0.1,0.3,2.0,6.0,0.0,0.0,0.0,0.0,0.0,0.0,0.05,0.01,0.06,0.05,0.06,Farense,Brasileiro,Artur Jorge Marques Amorim (Farense)
Vítor Gonçalves,POR,MF,31,9,5,391.0,4.3,0.0,0.0,0.0,0.0,0.0,0.0,0.0,0.0,0.0,0.0,0.7,0.7,5.0,13.0,12.0,0.0,0.0,0.0,0.0,0.0,0.01,0.15,0.17,0.01,0.17,Farense,Brasileiro,Vítor Gonçalves (Farense)
Elves Baldé,POR,"FW,MF",24,9,2,209.0,2.3,1.0,1.0,2.0,1.0,0.0,0.0,0.0,0.0,1.3,1.3,0.2,1.5,7.0,6.0,19.0,0.43,0.43,0.86,0.43,0.86,0.58,0.08,0.67,0.58,0.67,Farense,Brasileiro,Elves Baldé (Farense)
Fran Delgado,ESP,DF,22,4,2,188.0,2.1,0.0,0.0,0.0,0.0,0.0,0.0,0.0,0.0,0.0,0.0,0.0,0.0,2.0,6.0,3.0,0.0,0.0,0.0,0.0,0.0,0.0,0.01,0.01,0.0,0.01,Farense,Brasileiro,Fran Delgado (Farense)
Igor Rossi Branco,BRA,DF,34,3,1,125.0,1.4,0.0,0.0,0.0,0.0,0.0,0.0,1.0,0.0,0.0,0.0,0.0,0.0,1.0,2.0,1.0,0.0,0.0,0.0,0.0,0.0,0.04,0.0,0.04,0.04,0.04,Farense,Brasileiro,Igor Rossi Branco (Farense)
Rafael Barbosa,POR,"FW,MF",27,11,0,209.0,2.3,1.0,0.0,1.0,1.0,0.0,0.0,1.0,0.0,0.5,0.5,0.3,0.8,7.0,9.0,28.0,0.43,0.0,0.43,0.43,0.43,0.21,0.12,0.33,0.21,0.33,Farense,Brasileiro,Rafael Barbosa (Farense)
Zé Luís,CPV,"FW,MF",32,5,0,134.0,1.5,0.0,0.0,0.0,0.0,0.0,0.0,1.0,0.0,0.3,0.3,0.3,0.6,6.0,6.0,15.0,0.0,0.0,0.0,0.0,0.0,0.2,0.21,0.41,0.2,0.41,Farense,Brasileiro,Zé Luís (Farense)
Facundo Cáseres,ARG,"MF,DF",22,5,0,99.0,1.1,0.0,0.0,0.0,0.0,0.0,0.0,1.0,0.0,0.1,0.1,0.0,0.1,1.0,3.0,1.0,0.0,0.0,0.0,0.0,0.0,0.07,0.0,0.07,0.07,0.07,Farense,Brasileiro,Facundo Cáseres (Farense)
Cristian Ponde,POR,MF,28,2,0,46.0,0.5,0.0,0.0,0.0,0.0,0.0,0.0,0.0,0.0,0.0,0.0,0.0,0.0,0.0,1.0,3.0,0.0,0.0,0.0,0.0,0.0,0.02,0.0,0.02,0.02,0.02,Farense,Brasileiro,Cristian Ponde (Farense)
André Seruca,POR,MF,23,5,0,33.0,0.4,0.0,0.0,0.0,0.0,0.0,0.0,0.0,0.0,0.0,0.0,0.0,0.0,0.0,2.0,0.0,0.0,0.0,0.0,0.0,0.0,0.0,0.0,0.0,0.0,0.0,Farense,Brasileiro,André Seruca (Farense)
Talys Oliveira,BRA,DF,24,1,0,9.0,0.1,0.0,0.0,0.0,0.0,0.0,0.0,0.0,0.0,0.0,0.0,0.0,0.0,0.0,1.0,1.0,0.0,0.0,0.0,0.0,0.0,0.42,0.0,0.42,0.42,0.42,Farense,Brasileiro,Talys Oliveira (Farense)
Luiz Felipe,BRA,GK,26,0,0,0.0,0.0,0.0,0.0,0.0,0.0,0.0,0.0,0.0,0.0,0.0,0.0,0.0,0.0,0.0,0.0,0.0,0.0,0.0,0.0,0.0,0.0,0.0,0.0,0.0,0.0,0.0,Farense,Brasileiro,Luiz Felipe (Farense)
Maxuel Silva,BRA,FW,23,0,0,0.0,0.0,0.0,0.0,0.0,0.0,0.0,0.0,0.0,0.0,0.0,0.0,0.0,0.0,0.0,0.0,0.0,0.0,0.0,0.0,0.0,0.0,0.0,0.0,0.0,0.0,0.0,Farense,Brasileiro,Maxuel Silva (Farense)
Rúben Fernandes,POR,DF,37,14,14,1260.0,14.0,1.0,0.0,1.0,1.0,0.0,0.0,2.0,0.0,0.5,0.5,0.3,0.8,4.0,32.0,1.0,0.07,0.0,0.07,0.07,0.07,0.03,0.02,0.06,0.03,0.06,Gil Vicente FC,Brasileiro,Rúben Fernandes (Gil Vicente FC)
José Carlos,POR,DF,25,13,13,1144.0,12.7,1.0,1.0,2.0,1.0,0.0,0.0,5.0,0.0,0.2,0.2,0.5,0.7,12.0,31.0,37.0,0.08,0.08,0.16,0.08,0.16,0.02,0.04,0.06,0.02,0.06,Gil Vicente FC,Brasileiro,José Carlos (Gil Vicente FC)
Maxime Dominguez,SUI,"MF,FW",27,14,13,1083.0,12.0,5.0,3.0,8.0,4.0,1.0,1.0,4.0,0.0,2.4,1.6,2.2,3.8,21.0,71.0,55.0,0.42,0.25,0.66,0.33,0.58,0.2,0.18,0.38,0.13,0.31,Gil Vicente FC,Brasileiro,Maxime Dominguez (Gil Vicente FC)
Pedro Tiba,POR,MF,35,13,13,1046.0,11.6,3.0,1.0,4.0,2.0,1.0,2.0,6.0,0.0,1.9,0.3,1.0,1.3,12.0,63.0,14.0,0.26,0.09,0.34,0.17,0.26,0.16,0.08,0.24,0.03,0.11,Gil Vicente FC,Brasileiro,Pedro Tiba (Gil Vicente FC)
Leonardo Buta,POR,DF,21,14,12,1083.0,12.0,0.0,1.0,1.0,0.0,0.0,0.0,1.0,0.0,0.0,0.0,0.4,0.4,30.0,49.0,39.0,0.0,0.08,0.08,0.0,0.08,0.0,0.03,0.03,0.0,0.03,Gil Vicente FC,Brasileiro,Leonardo Buta (Gil Vicente FC)
Andrew,BRA,GK,22,12,12,1080.0,12.0,0.0,0.0,0.0,0.0,0.0,0.0,0.0,0.0,0.0,0.0,0.0,0.0,0.0,0.0,0.0,0.0,0.0,0.0,0.0,0.0,0.0,0.0,0.0,0.0,0.0,Gil Vicente FC,Brasileiro,Andrew (Gil Vicente FC)
Gabriel Pereira,BRA,DF,23,12,12,1068.0,11.9,1.0,0.0,1.0,1.0,0.0,0.0,4.0,0.0,1.0,1.0,0.0,1.0,2.0,31.0,2.0,0.08,0.0,0.08,0.08,0.08,0.09,0.0,0.09,0.09,0.09,Gil Vicente FC,Brasileiro,Gabriel Pereira (Gil Vicente FC)
Kanya Fujimoto,JPN,MF,24,13,9,827.0,9.2,2.0,4.0,6.0,1.0,1.0,1.0,0.0,0.0,1.8,1.0,1.4,2.4,16.0,45.0,43.0,0.22,0.44,0.65,0.11,0.54,0.19,0.16,0.35,0.11,0.26,Gil Vicente FC,Brasileiro,Kanya Fujimoto (Gil Vicente FC)
Martim Carvalho,POR,MF,20,13,9,757.0,8.4,0.0,2.0,2.0,0.0,0.0,0.0,4.0,0.0,0.1,0.1,0.7,0.8,22.0,45.0,11.0,0.0,0.24,0.24,0.0,0.24,0.01,0.08,0.1,0.01,0.1,Gil Vicente FC,Brasileiro,Martim Carvalho (Gil Vicente FC)
Félix Correia,POR,FW,22,10,8,711.0,7.9,2.0,2.0,4.0,2.0,0.0,0.0,2.0,0.0,1.5,1.5,0.7,2.2,25.0,28.0,68.0,0.25,0.25,0.51,0.25,0.51,0.19,0.09,0.28,0.19,0.28,Gil Vicente FC,Brasileiro,Félix Correia (Gil Vicente FC)
Murilo Costa,BRA,FW,29,11,8,640.0,7.1,1.0,1.0,2.0,0.0,1.0,1.0,2.0,0.0,1.9,1.1,0.5,1.6,16.0,11.0,53.0,0.14,0.14,0.28,0.0,0.14,0.26,0.07,0.33,0.15,0.22,Gil Vicente FC,Brasileiro,Murilo Costa (Gil Vicente FC)
Roko Baturina,CRO,FW,23,12,7,558.0,6.2,2.0,0.0,2.0,2.0,0.0,0.0,0.0,0.0,0.7,0.7,0.3,0.9,5.0,4.0,20.0,0.32,0.0,0.32,0.32,0.32,0.11,0.04,0.15,0.11,0.15,Gil Vicente FC,Brasileiro,Roko Baturina (Gil Vicente FC)
Marlon,BRA,"FW,MF",26,11,4,386.0,4.3,0.0,0.0,0.0,0.0,0.0,0.0,1.0,0.0,0.1,0.1,0.2,0.3,12.0,14.0,34.0,0.0,0.0,0.0,0.0,0.0,0.03,0.05,0.08,0.03,0.08,Gil Vicente FC,Brasileiro,Marlon (Gil Vicente FC)
Depú,ANG,FW,23,7,4,365.0,4.1,3.0,0.0,3.0,3.0,0.0,0.0,0.0,0.0,2.1,2.1,0.0,2.2,4.0,4.0,19.0,0.74,0.0,0.74,0.74,0.74,0.53,0.01,0.54,0.53,0.54,Gil Vicente FC,Brasileiro,Depú (Gil Vicente FC)
Mory Gbane,CIV,MF,23,10,3,361.0,4.0,0.0,0.0,0.0,0.0,0.0,0.0,4.0,0.0,0.1,0.1,0.0,0.1,7.0,17.0,3.0,0.0,0.0,0.0,0.0,0.0,0.02,0.0,0.02,0.02,0.02,Gil Vicente FC,Brasileiro,Mory Gbane (Gil Vicente FC)
Né lopes,POR,DF,23,3,3,249.0,2.8,0.0,0.0,0.0,0.0,0.0,0.0,0.0,0.0,0.0,0.0,0.0,0.0,3.0,9.0,3.0,0.0,0.0,0.0,0.0,0.0,0.0,0.0,0.0,0.0,0.0,Gil Vicente FC,Brasileiro,Né lopes (Gil Vicente FC)
Tidjany Chabrol,FRA,"FW,MF",21,12,2,362.0,4.0,2.0,0.0,2.0,2.0,0.0,0.0,0.0,0.0,1.0,1.0,0.3,1.3,18.0,9.0,50.0,0.5,0.0,0.5,0.5,0.5,0.25,0.08,0.33,0.25,0.33,Gil Vicente FC,Brasileiro,Tidjany Chabrol (Gil Vicente FC)
Vinicius Dias,BRA,GK,26,2,2,180.0,2.0,0.0,0.0,0.0,0.0,0.0,0.0,0.0,0.0,0.0,0.0,0.0,0.0,0.0,0.0,0.0,0.0,0.0,0.0,0.0,0.0,0.0,0.0,0.0,0.0,0.0,Gil Vicente FC,Brasileiro,Vinicius Dias (Gil Vicente FC)
Kiko Vilas Boas,POR,DF,24,5,2,177.0,2.0,0.0,0.0,0.0,0.0,0.0,0.0,0.0,0.0,0.0,0.0,0.0,0.0,5.0,3.0,8.0,0.0,0.0,0.0,0.0,0.0,0.0,0.0,0.0,0.0,0.0,Gil Vicente FC,Brasileiro,Kiko Vilas Boas (Gil Vicente FC)
Ali Alipour,IRN,FW,28,3,2,155.0,1.7,0.0,0.0,0.0,0.0,0.0,0.0,0.0,0.0,0.0,0.0,0.0,0.0,1.0,3.0,5.0,0.0,0.0,0.0,0.0,0.0,0.02,0.0,0.02,0.02,0.02,Gil Vicente FC,Brasileiro,Ali Alipour (Gil Vicente FC)
Miguel Monteiro,POR,FW,20,7,1,199.0,2.2,1.0,1.0,2.0,1.0,0.0,0.0,0.0,0.0,1.0,1.0,0.2,1.3,4.0,0.0,9.0,0.45,0.45,0.9,0.45,0.9,0.46,0.11,0.57,0.46,0.57,Gil Vicente FC,Brasileiro,Miguel Monteiro (Gil Vicente FC)
Roan Wilson,CRC,"MF,DF",21,4,1,91.0,1.0,1.0,0.0,1.0,1.0,0.0,0.0,0.0,0.0,1.1,1.1,0.0,1.1,0.0,2.0,0.0,0.99,0.0,0.99,0.99,0.99,1.1,0.0,1.1,1.1,1.1,Gil Vicente FC,Brasileiro,Roan Wilson (Gil Vicente FC)
Jesús Castillo,PER,MF,22,3,0,30.0,0.3,0.0,0.0,0.0,0.0,0.0,0.0,0.0,0.0,0.0,0.0,0.0,0.0,0.0,5.0,2.0,0.0,0.0,0.0,0.0,0.0,0.09,0.0,0.09,0.09,0.09,Gil Vicente FC,Brasileiro,Jesús Castillo (Gil Vicente FC)
Thomas Luciano,BRA,DF,21,2,0,22.0,0.2,0.0,0.0,0.0,0.0,0.0,0.0,0.0,0.0,0.0,0.0,0.1,0.1,1.0,2.0,2.0,0.0,0.0,0.0,0.0,0.0,0.0,0.24,0.24,0.0,0.24,Gil Vicente FC,Brasileiro,Thomas Luciano (Gil Vicente FC)
André Simões,POR,FW,20,1,0,14.0,0.2,0.0,0.0,0.0,0.0,0.0,0.0,0.0,0.0,0.0,0.0,0.0,0.0,1.0,1.0,0.0,0.0,0.0,0.0,0.0,0.0,0.0,0.0,0.0,0.0,0.0,Gil Vicente FC,Brasileiro,André Simões (Gil Vicente FC)
Felipe Silva Lipe,BRA,DF,21,1,0,12.0,0.1,0.0,0.0,0.0,0.0,0.0,0.0,0.0,0.0,0.0,0.0,0.0,0.0,0.0,0.0,0.0,0.0,0.0,0.0,0.0,0.0,0.0,0.11,0.11,0.0,0.11,Gil Vicente FC,Brasileiro,Felipe Silva Lipe (Gil Vicente FC)
Brian Araújo,FRA,GK,23,0,0,0.0,0.0,0.0,0.0,0.0,0.0,0.0,0.0,0.0,0.0,0.0,0.0,0.0,0.0,0.0,0.0,0.0,0.0,0.0,0.0,0.0,0.0,0.0,0.0,0.0,0.0,0.0,Gil Vicente FC,Brasileiro,Brian Araújo (Gil Vicente FC)
Marcelo dos Santos Ferreira,BRA,DF,34,15,15,1350.0,15.0,1.0,0.0,1.0,1.0,0.0,0.0,3.0,0.0,0.4,0.4,0.0,0.4,2.0,30.0,0.0,0.07,0.0,0.07,0.07,0.07,0.03,0.0,0.03,0.03,0.03,Moreirense,Brasileiro,Marcelo dos Santos Ferreira (Moreirense)
Kewin,BRA,GK,28,15,15,1350.0,15.0,0.0,0.0,0.0,0.0,0.0,0.0,0.0,0.0,0.0,0.0,0.0,0.0,0.0,0.0,0.0,0.0,0.0,0.0,0.0,0.0,0.0,0.0,0.0,0.0,0.0,Moreirense,Brasileiro,Kewin (Moreirense)
André Luis,BRA,FW,29,15,15,1330.0,14.8,6.0,2.0,8.0,5.0,1.0,1.0,4.0,0.0,3.5,2.7,2.0,4.7,16.0,29.0,73.0,0.41,0.14,0.54,0.34,0.47,0.24,0.13,0.37,0.18,0.32,Moreirense,Brasileiro,André Luis (Moreirense)
Alan,BRA,MF,23,15,15,1198.0,13.3,2.0,4.0,6.0,2.0,0.0,0.0,3.0,0.0,2.1,2.1,2.4,4.4,35.0,80.0,52.0,0.15,0.3,0.45,0.15,0.45,0.15,0.18,0.33,0.15,0.33,Moreirense,Brasileiro,Alan (Moreirense)
Lawrence Ofori,GHA,MF,25,14,14,1233.0,13.7,0.0,1.0,1.0,0.0,0.0,0.0,5.0,0.0,0.1,0.1,0.9,1.0,20.0,67.0,13.0,0.0,0.07,0.07,0.0,0.07,0.01,0.07,0.08,0.01,0.08,Moreirense,Brasileiro,Lawrence Ofori (Moreirense)
Gonçalo Franco,POR,MF,23,14,14,1166.0,13.0,0.0,3.0,3.0,0.0,0.0,0.0,5.0,0.0,0.8,0.8,2.4,3.2,7.0,47.0,22.0,0.0,0.23,0.23,0.0,0.23,0.06,0.18,0.25,0.06,0.25,Moreirense,Brasileiro,Gonçalo Franco (Moreirense)
Maracás,BRA,DF,29,12,12,1077.0,12.0,1.0,0.0,1.0,1.0,0.0,0.0,5.0,1.0,0.5,0.5,0.0,0.5,2.0,24.0,0.0,0.08,0.0,0.08,0.08,0.08,0.04,0.0,0.04,0.04,0.04,Moreirense,Brasileiro,Maracás (Moreirense)
Fabiano,BRA,DF,23,13,11,1074.0,11.9,1.0,1.0,2.0,1.0,0.0,0.0,3.0,0.0,0.7,0.7,0.3,1.0,19.0,48.0,23.0,0.08,0.08,0.17,0.08,0.17,0.06,0.03,0.09,0.06,0.09,Moreirense,Brasileiro,Fabiano (Moreirense)
Pedro Amador,POR,DF,25,15,11,897.0,10.0,0.0,0.0,0.0,0.0,0.0,0.0,0.0,0.0,0.1,0.1,0.3,0.4,25.0,23.0,33.0,0.0,0.0,0.0,0.0,0.0,0.01,0.03,0.04,0.01,0.04,Moreirense,Brasileiro,Pedro Amador (Moreirense)
Kobamelo Kodisang,RSA,FW,24,13,11,816.0,9.1,1.0,3.0,4.0,1.0,0.0,0.0,0.0,0.0,2.0,2.0,1.3,3.3,21.0,21.0,66.0,0.11,0.33,0.44,0.11,0.44,0.22,0.14,0.36,0.22,0.36,Moreirense,Brasileiro,Kobamelo Kodisang (Moreirense)
João Pedro Gomes Camacho,POR,FW,29,12,10,803.0,8.9,3.0,3.0,6.0,3.0,0.0,0.0,1.0,0.0,1.7,1.7,1.1,2.8,38.0,31.0,56.0,0.34,0.34,0.67,0.34,0.67,0.19,0.12,0.31,0.19,0.31,Moreirense,Brasileiro,João Pedro Gomes Camacho (Moreirense)
Madson,BRA,FW,24,15,8,791.0,8.8,3.0,0.0,3.0,3.0,0.0,0.0,2.0,0.0,2.0,2.0,0.6,2.6,39.0,14.0,82.0,0.34,0.0,0.34,0.34,0.34,0.23,0.06,0.29,0.23,0.29,Moreirense,Brasileiro,Madson (Moreirense)
Godfried Frimpong,NED,DF,24,12,5,524.0,5.8,1.0,1.0,2.0,1.0,0.0,0.0,1.0,0.0,0.2,0.2,0.4,0.6,3.0,19.0,17.0,0.17,0.17,0.34,0.17,0.34,0.03,0.07,0.1,0.03,0.1,Moreirense,Brasileiro,Godfried Frimpong (Moreirense)
Dinis Pinto,POR,DF,23,4,4,276.0,3.1,0.0,0.0,0.0,0.0,0.0,0.0,1.0,0.0,0.0,0.0,0.0,0.1,2.0,11.0,6.0,0.0,0.0,0.0,0.0,0.0,0.01,0.02,0.02,0.01,0.02,Moreirense,Brasileiro,Dinis Pinto (Moreirense)
Carlos Ponck,CPV,DF,28,5,3,294.0,3.3,0.0,0.0,0.0,0.0,0.0,0.0,1.0,0.0,0.0,0.0,0.0,0.0,0.0,3.0,0.0,0.0,0.0,0.0,0.0,0.0,0.01,0.0,0.01,0.01,0.01,Moreirense,Brasileiro,Carlos Ponck (Moreirense)
Wallisson Luiz,BRA,"MF,FW",26,11,1,200.0,2.2,0.0,0.0,0.0,0.0,0.0,0.0,3.0,1.0,0.2,0.2,0.0,0.2,1.0,8.0,3.0,0.0,0.0,0.0,0.0,0.0,0.08,0.02,0.1,0.08,0.1,Moreirense,Brasileiro,Wallisson Luiz (Moreirense)
Rúben Ramos,POR,MF,24,5,1,90.0,1.0,0.0,0.0,0.0,0.0,0.0,0.0,1.0,0.0,0.0,0.0,0.0,0.0,2.0,4.0,0.0,0.0,0.0,0.0,0.0,0.0,0.0,0.0,0.0,0.0,0.0,Moreirense,Brasileiro,Rúben Ramos (Moreirense)
Jeremy Antonisse,CUW,"FW,MF",21,11,0,185.0,2.1,0.0,0.0,0.0,0.0,0.0,0.0,2.0,1.0,0.4,0.4,0.2,0.6,7.0,7.0,17.0,0.0,0.0,0.0,0.0,0.0,0.21,0.09,0.3,0.21,0.3,Moreirense,Brasileiro,Jeremy Antonisse (Moreirense)
Pedro Aparício,POR,"MF,FW",28,10,0,114.0,1.3,0.0,0.0,0.0,0.0,0.0,0.0,1.0,0.0,0.6,0.6,0.3,0.9,5.0,8.0,7.0,0.0,0.0,0.0,0.0,0.0,0.48,0.24,0.71,0.48,0.71,Moreirense,Brasileiro,Pedro Aparício (Moreirense)
Matheus Aiás,BRA,"MF,FW",26,9,0,63.0,0.7,1.0,0.0,1.0,1.0,0.0,0.0,0.0,0.0,0.3,0.3,0.0,0.3,3.0,3.0,4.0,1.43,0.0,1.43,1.43,1.43,0.4,0.03,0.43,0.4,0.43,Moreirense,Brasileiro,Matheus Aiás (Moreirense)
Rodrigo Macedo,POR,MF,20,2,0,12.0,0.1,0.0,0.0,0.0,0.0,0.0,0.0,0.0,0.0,0.0,0.0,0.0,0.0,0.0,0.0,1.0,0.0,0.0,0.0,0.0,0.0,0.0,0.0,0.0,0.0,0.0,Moreirense,Brasileiro,Rodrigo Macedo (Moreirense)
Gilberto Batista,POR,MF,20,1,0,1.0,0.0,0.0,0.0,0.0,0.0,0.0,0.0,0.0,0.0,0.0,0.0,0.0,0.0,0.0,0.0,0.0,0.0,0.0,0.0,0.0,0.0,0.0,0.0,0.0,0.0,0.0,Moreirense,Brasileiro,Gilberto Batista (Moreirense)
Matar Manga,GAM,MF,19,0,0,0.0,0.0,0.0,0.0,0.0,0.0,0.0,0.0,0.0,0.0,0.0,0.0,0.0,0.0,0.0,0.0,0.0,0.0,0.0,0.0,0.0,0.0,0.0,0.0,0.0,0.0,0.0,Moreirense,Brasileiro,Matar Manga (Moreirense)
Rafael Santos,BRA,DF,25,0,0,0.0,0.0,0.0,0.0,0.0,0.0,0.0,0.0,0.0,0.0,0.0,0.0,0.0,0.0,0.0,0.0,0.0,0.0,0.0,0.0,0.0,0.0,0.0,0.0,0.0,0.0,0.0,Moreirense,Brasileiro,Rafael Santos (Moreirense)
Caio Secco,BRA,GK,33,0,0,0.0,0.0,0.0,0.0,0.0,0.0,0.0,0.0,0.0,0.0,0.0,0.0,0.0,0.0,0.0,0.0,0.0,0.0,0.0,0.0,0.0,0.0,0.0,0.0,0.0,0.0,0.0,Moreirense,Brasileiro,Caio Secco (Moreirense)
Filipe Relvas,POR,DF,24,14,14,1244.0,13.8,1.0,1.0,2.0,1.0,0.0,0.0,4.0,0.0,0.5,0.5,0.2,0.8,5.0,42.0,6.0,0.07,0.07,0.14,0.07,0.14,0.04,0.02,0.06,0.04,0.06,Portimonense,Brasileiro,Filipe Relvas (Portimonense)
Carlinhos,BRA,MF,29,13,13,1164.0,12.9,4.0,2.0,6.0,2.0,2.0,2.0,5.0,0.0,2.6,1.0,2.1,3.1,29.0,69.0,28.0,0.31,0.15,0.46,0.15,0.31,0.2,0.16,0.36,0.08,0.24,Portimonense,Brasileiro,Carlinhos (Portimonense)
Vinicius Silvestre,BRA,GK,29,12,12,1080.0,12.0,0.0,0.0,0.0,0.0,0.0,0.0,1.0,0.0,0.0,0.0,0.0,0.0,0.0,0.0,0.0,0.0,0.0,0.0,0.0,0.0,0.0,0.0,0.0,0.0,0.0,Portimonense,Brasileiro,Vinicius Silvestre (Portimonense)
Hélio Varela,CPV,"FW,MF",21,14,12,1074.0,11.9,4.0,0.0,4.0,4.0,0.0,0.0,3.0,0.0,1.7,1.7,0.2,1.8,57.0,35.0,97.0,0.34,0.0,0.34,0.34,0.34,0.14,0.01,0.15,0.14,0.15,Portimonense,Brasileiro,Hélio Varela (Portimonense)
Pedrão,BRA,DF,26,12,11,1035.0,11.5,2.0,0.0,2.0,2.0,0.0,0.0,2.0,0.0,1.0,1.0,0.2,1.2,11.0,42.0,7.0,0.17,0.0,0.17,0.17,0.17,0.09,0.02,0.1,0.09,0.1,Portimonense,Brasileiro,Pedrão (Portimonense)
Alemão,BRA,DF,21,11,11,984.0,10.9,0.0,0.0,0.0,0.0,0.0,0.0,5.0,0.0,0.1,0.1,0.3,0.4,4.0,14.0,1.0,0.0,0.0,0.0,0.0,0.0,0.01,0.03,0.04,0.01,0.04,Portimonense,Brasileiro,Alemão (Portimonense)
Dener,BRA,MF,31,11,11,881.0,9.8,1.0,1.0,2.0,1.0,0.0,0.0,6.0,0.0,0.8,0.6,0.3,0.9,8.0,34.0,7.0,0.1,0.1,0.2,0.1,0.2,0.08,0.03,0.11,0.07,0.1,Portimonense,Brasileiro,Dener (Portimonense)
Sylvester Jasper,BUL,"FW,MF",22,12,11,843.0,9.4,1.0,2.0,3.0,1.0,0.0,0.0,1.0,0.0,1.9,1.9,0.9,2.8,24.0,22.0,48.0,0.11,0.21,0.32,0.11,0.32,0.21,0.1,0.3,0.21,0.3,Portimonense,Brasileiro,Sylvester Jasper (Portimonense)
Gonçalo Costa,POR,"DF,MF",23,13,10,892.0,9.9,0.0,3.0,3.0,0.0,0.0,0.0,3.0,1.0,0.5,0.5,1.7,2.2,23.0,41.0,48.0,0.0,0.3,0.3,0.0,0.3,0.05,0.17,0.22,0.05,0.22,Portimonense,Brasileiro,Gonçalo Costa (Portimonense)
Ronie Carrillo,ECU,FW,27,12,9,757.0,8.4,3.0,0.0,3.0,3.0,0.0,0.0,0.0,1.0,1.7,1.7,1.0,2.7,6.0,13.0,28.0,0.36,0.0,0.36,0.36,0.36,0.21,0.12,0.33,0.21,0.33,Portimonense,Brasileiro,Ronie Carrillo (Portimonense)
Guga,POR,"DF,MF",20,10,7,645.0,7.2,0.0,0.0,0.0,0.0,0.0,0.0,3.0,0.0,0.1,0.1,0.1,0.2,8.0,4.0,23.0,0.0,0.0,0.0,0.0,0.0,0.02,0.01,0.03,0.02,0.03,Portimonense,Brasileiro,Guga (Portimonense)
Igor Marques,BRA,"DF,MF",24,10,6,576.0,6.4,0.0,1.0,1.0,0.0,0.0,0.0,2.0,0.0,0.0,0.0,0.9,0.9,18.0,20.0,26.0,0.0,0.16,0.16,0.0,0.16,0.0,0.14,0.14,0.0,0.14,Portimonense,Brasileiro,Igor Marques (Portimonense)
Maurício,BRA,MF,35,7,6,451.0,5.0,0.0,0.0,0.0,0.0,0.0,0.0,1.0,0.0,0.7,0.7,0.0,0.7,2.0,16.0,4.0,0.0,0.0,0.0,0.0,0.0,0.14,0.01,0.15,0.14,0.15,Portimonense,Brasileiro,Maurício (Portimonense)
Rildo,BRA,"FW,MF",23,11,5,509.0,5.7,0.0,1.0,1.0,0.0,0.0,1.0,3.0,0.0,1.4,0.7,0.7,1.4,6.0,9.0,35.0,0.0,0.18,0.18,0.0,0.18,0.24,0.13,0.37,0.12,0.25,Portimonense,Brasileiro,Rildo (Portimonense)
Moustapha Seck,SEN,"DF,MF",27,10,4,301.0,3.3,0.0,0.0,0.0,0.0,0.0,0.0,2.0,0.0,0.0,0.0,0.0,0.0,5.0,6.0,15.0,0.0,0.0,0.0,0.0,0.0,0.01,0.0,0.01,0.01,0.01,Portimonense,Brasileiro,Moustapha Seck (Portimonense)
Paulo Estrela Moreira,POR,"MF,FW",24,9,3,377.0,4.2,0.0,1.0,1.0,0.0,0.0,0.0,0.0,0.0,0.1,0.1,0.1,0.1,1.0,22.0,1.0,0.0,0.24,0.24,0.0,0.24,0.02,0.02,0.03,0.02,0.03,Portimonense,Brasileiro,Paulo Estrela Moreira (Portimonense)
Nonoca,BRA,"MF,FW",25,9,3,320.0,3.6,0.0,0.0,0.0,0.0,0.0,0.0,0.0,0.0,0.1,0.1,0.4,0.4,0.0,4.0,1.0,0.0,0.0,0.0,0.0,0.0,0.02,0.1,0.12,0.02,0.12,Portimonense,Brasileiro,Nonoca (Portimonense)
Kosuke Nakamura,JPN,GK,28,2,2,180.0,2.0,0.0,0.0,0.0,0.0,0.0,0.0,0.0,0.0,0.0,0.0,0.0,0.0,0.0,0.0,0.0,0.0,0.0,0.0,0.0,0.0,0.0,0.0,0.0,0.0,0.0,Portimonense,Brasileiro,Kosuke Nakamura (Portimonense)
Paulinho,POR,"FW,MF",24,8,2,169.0,1.9,0.0,0.0,0.0,0.0,0.0,0.0,0.0,0.0,0.6,0.6,0.0,0.6,1.0,0.0,5.0,0.0,0.0,0.0,0.0,0.0,0.31,0.0,0.31,0.31,0.31,Portimonense,Brasileiro,Paulinho (Portimonense)
Rafael Alcobia,POR,DF,20,2,1,113.0,1.3,0.0,0.0,0.0,0.0,0.0,0.0,0.0,0.0,0.0,0.0,0.1,0.1,2.0,3.0,0.0,0.0,0.0,0.0,0.0,0.0,0.0,0.07,0.07,0.0,0.07,Portimonense,Brasileiro,Rafael Alcobia (Portimonense)
Luan Campos,BRA,"FW,MF",21,6,1,97.0,1.1,0.0,0.0,0.0,0.0,0.0,0.0,1.0,0.0,0.1,0.1,0.2,0.3,0.0,2.0,5.0,0.0,0.0,0.0,0.0,0.0,0.12,0.17,0.29,0.12,0.29,Portimonense,Brasileiro,Luan Campos (Portimonense)
Zinho,BRA,"FW,MF",20,8,0,117.0,1.3,0.0,0.0,0.0,0.0,0.0,0.0,1.0,0.0,0.0,0.0,0.4,0.4,6.0,2.0,12.0,0.0,0.0,0.0,0.0,0.0,0.02,0.3,0.32,0.02,0.32,Portimonense,Brasileiro,Zinho (Portimonense)
Midana Cassama,GNB,MF,21,1,0,18.0,0.2,0.0,0.0,0.0,0.0,0.0,0.0,0.0,1.0,0.3,0.3,0.0,0.3,0.0,0.0,2.0,0.0,0.0,0.0,0.0,0.0,1.31,0.0,1.31,1.31,1.31,Portimonense,Brasileiro,Midana Cassama (Portimonense)
Jose Souza,POR,MF,22,1,0,8.0,0.1,0.0,0.0,0.0,0.0,0.0,0.0,0.0,0.0,0.0,0.0,0.0,0.0,0.0,1.0,0.0,0.0,0.0,0.0,0.0,0.0,0.0,0.0,0.0,0.0,0.0,Portimonense,Brasileiro,Jose Souza (Portimonense)
Dennis Adeniran,ENG,MF,24,1,0,6.0,0.1,0.0,0.0,0.0,0.0,0.0,0.0,0.0,0.0,0.0,0.0,0.0,0.0,0.0,0.0,0.0,0.0,0.0,0.0,0.0,0.0,0.0,0.0,0.0,0.0,0.0,Portimonense,Brasileiro,Dennis Adeniran (Portimonense)
João,BRA,GK,23,0,0,0.0,0.0,0.0,0.0,0.0,0.0,0.0,0.0,0.0,0.0,0.0,0.0,0.0,0.0,0.0,0.0,0.0,0.0,0.0,0.0,0.0,0.0,0.0,0.0,0.0,0.0,0.0,Portimonense,Brasileiro,João (Portimonense)
Davis Nascimento,BRA,MF,21,0,0,0.0,0.0,0.0,0.0,0.0,0.0,0.0,0.0,0.0,0.0,0.0,0.0,0.0,0.0,0.0,0.0,0.0,0.0,0.0,0.0,0.0,0.0,0.0,0.0,0.0,0.0,0.0,Portimonense,Brasileiro,Davis Nascimento (Portimonense)
Gabriel Souza,BRA,GK,19,0,0,0.0,0.0,0.0,0.0,0.0,0.0,0.0,0.0,0.0,0.0,0.0,0.0,0.0,0.0,0.0,0.0,0.0,0.0,0.0,0.0,0.0,0.0,0.0,0.0,0.0,0.0,0.0,Portimonense,Brasileiro,Gabriel Souza (Portimonense)
Ângelo Taveira,POR,MF,23,0,0,0.0,0.0,0.0,0.0,0.0,0.0,0.0,0.0,0.0,0.0,0.0,0.0,0.0,0.0,0.0,0.0,0.0,0.0,0.0,0.0,0.0,0.0,0.0,0.0,0.0,0.0,0.0,Portimonense,Brasileiro,Ângelo Taveira (Portimonense)
Kim Yonghak,KOR,FW,20,0,0,0.0,0.0,0.0,0.0,0.0,0.0,0.0,0.0,0.0,0.0,0.0,0.0,0.0,0.0,0.0,0.0,0.0,0.0,0.0,0.0,0.0,0.0,0.0,0.0,0.0,0.0,0.0,Portimonense,Brasileiro,Kim Yonghak (Portimonense)
Diogo Costa,POR,GK,24,15,15,1350.0,15.0,0.0,0.0,0.0,0.0,0.0,0.0,0.0,0.0,0.0,0.0,0.0,0.0,0.0,1.0,0.0,0.0,0.0,0.0,0.0,0.0,0.0,0.0,0.0,0.0,0.0,Porto,Brasileiro,Diogo Costa (Porto)
Pepê,BRA,"MF,DF",26,15,13,1185.0,13.2,0.0,2.0,2.0,0.0,0.0,0.0,1.0,0.0,1.8,1.8,1.8,3.6,34.0,77.0,93.0,0.0,0.15,0.15,0.0,0.15,0.14,0.14,0.27,0.14,0.27,Porto,Brasileiro,Pepê (Porto)
Stephen Eustáquio,CAN,MF,27,15,13,1178.0,13.1,2.0,2.0,4.0,2.0,0.0,0.0,2.0,0.0,1.4,1.4,2.6,4.1,9.0,87.0,33.0,0.15,0.15,0.31,0.15,0.31,0.11,0.2,0.31,0.11,0.31,Porto,Brasileiro,Stephen Eustáquio (Porto)
Mehdi Taremi,IRN,FW,31,15,13,1162.0,12.9,3.0,1.0,4.0,2.0,1.0,2.0,3.0,0.0,3.5,2.0,1.6,3.6,20.0,35.0,78.0,0.23,0.08,0.31,0.15,0.23,0.27,0.12,0.4,0.15,0.28,Porto,Brasileiro,Mehdi Taremi (Porto)
João Mário Lopes,POR,DF,23,12,12,951.0,10.6,1.0,0.0,1.0,1.0,0.0,0.0,1.0,0.0,0.7,0.7,0.8,1.5,51.0,53.0,93.0,0.09,0.0,0.09,0.09,0.09,0.06,0.07,0.14,0.06,0.14,Porto,Brasileiro,João Mário Lopes (Porto)
Alan Varela,ARG,MF,22,12,11,830.0,9.2,0.0,0.0,0.0,0.0,0.0,0.0,5.0,0.0,0.5,0.5,0.2,0.7,10.0,44.0,4.0,0.0,0.0,0.0,0.0,0.0,0.06,0.02,0.08,0.06,0.08,Porto,Brasileiro,Alan Varela (Porto)
Galeno,BRA,"MF,DF",26,13,9,908.0,10.1,1.0,2.0,3.0,0.0,1.0,2.0,2.0,0.0,3.2,1.6,1.5,3.1,39.0,20.0,101.0,0.1,0.2,0.3,0.0,0.2,0.32,0.15,0.46,0.16,0.31,Porto,Brasileiro,Galeno (Porto)
Pepe,POR,DF,40,8,8,649.0,7.2,1.0,1.0,2.0,1.0,0.0,0.0,2.0,1.0,1.0,1.0,0.1,1.2,2.0,27.0,1.0,0.14,0.14,0.28,0.14,0.28,0.14,0.02,0.16,0.14,0.16,Porto,Brasileiro,Pepe (Porto)
Evanilson,BRA,FW,24,10,8,628.0,7.0,4.0,1.0,5.0,4.0,0.0,0.0,2.0,0.0,2.7,2.6,0.6,3.2,12.0,16.0,44.0,0.57,0.14,0.72,0.57,0.72,0.39,0.08,0.47,0.37,0.45,Porto,Brasileiro,Evanilson (Porto)
Fábio Cardoso,POR,DF,29,11,7,621.0,6.9,0.0,1.0,1.0,0.0,0.0,0.0,3.0,1.0,0.3,0.3,0.3,0.6,15.0,64.0,1.0,0.0,0.14,0.14,0.0,0.14,0.04,0.04,0.09,0.04,0.09,Porto,Brasileiro,Fábio Cardoso (Porto)
David Carmo,POR,DF,24,7,7,608.0,6.8,0.0,0.0,0.0,0.0,0.0,0.0,6.0,1.0,0.7,0.7,0.1,0.8,4.0,31.0,4.0,0.0,0.0,0.0,0.0,0.0,0.11,0.01,0.12,0.11,0.12,Porto,Brasileiro,David Carmo (Porto)
Wendell,BRA,DF,30,8,6,620.0,6.9,1.0,1.0,2.0,1.0,0.0,0.0,6.0,1.0,0.2,0.2,0.7,0.9,21.0,41.0,47.0,0.15,0.15,0.29,0.15,0.29,0.03,0.1,0.12,0.03,0.12,Porto,Brasileiro,Wendell (Porto)
Iván Marcano,ESP,DF,36,5,5,367.0,4.1,2.0,0.0,2.0,2.0,0.0,0.0,1.0,0.0,1.3,1.3,0.1,1.4,6.0,45.0,0.0,0.49,0.0,0.49,0.49,0.49,0.32,0.03,0.35,0.32,0.35,Porto,Brasileiro,Iván Marcano (Porto)
Zé Pedro Figueiredo,POR,DF,26,5,4,426.0,4.7,1.0,0.0,1.0,1.0,0.0,0.0,1.0,0.0,0.7,0.7,0.0,0.7,5.0,37.0,5.0,0.21,0.0,0.21,0.21,0.21,0.14,0.0,0.14,0.14,0.14,Porto,Brasileiro,Zé Pedro Figueiredo (Porto)
André Franco,POR,"MF,FW",25,12,4,370.0,4.1,0.0,1.0,1.0,0.0,0.0,0.0,1.0,0.0,0.6,0.6,1.6,2.1,7.0,27.0,26.0,0.0,0.24,0.24,0.0,0.24,0.14,0.38,0.52,0.14,0.52,Porto,Brasileiro,André Franco (Porto)
Nicolás González,ESP,MF,21,7,4,367.0,4.1,0.0,0.0,0.0,0.0,0.0,0.0,4.0,0.0,0.1,0.1,0.4,0.6,2.0,32.0,9.0,0.0,0.0,0.0,0.0,0.0,0.03,0.11,0.14,0.03,0.14,Porto,Brasileiro,Nicolás González (Porto)
Toni Martínez,ESP,FW,26,10,4,363.0,4.0,2.0,0.0,2.0,2.0,0.0,0.0,3.0,0.0,1.0,1.0,0.5,1.4,4.0,3.0,25.0,0.5,0.0,0.5,0.5,0.5,0.24,0.12,0.36,0.24,0.36,Porto,Brasileiro,Toni Martínez (Porto)
Jorge Eduardo Sánchez,MEX,DF,26,6,4,348.0,3.9,0.0,0.0,0.0,0.0,0.0,0.0,3.0,0.0,0.5,0.5,0.2,0.7,6.0,23.0,21.0,0.0,0.0,0.0,0.0,0.0,0.13,0.04,0.17,0.13,0.17,Porto,Brasileiro,Jorge Eduardo Sánchez (Porto)
Zaidu Sanusi,NGA,DF,26,4,4,254.0,2.8,1.0,0.0,1.0,1.0,0.0,0.0,0.0,0.0,0.2,0.2,0.2,0.4,6.0,5.0,16.0,0.35,0.0,0.35,0.35,0.35,0.08,0.06,0.13,0.08,0.13,Porto,Brasileiro,Zaidu Sanusi (Porto)
Francisco Conceição,POR,"MF,FW",21,8,3,335.0,3.7,2.0,1.0,3.0,2.0,0.0,0.0,6.0,0.0,1.5,1.5,0.7,2.2,22.0,14.0,47.0,0.54,0.27,0.81,0.54,0.81,0.4,0.18,0.58,0.4,0.58,Porto,Brasileiro,Francisco Conceição (Porto)
Ivan Jaime Pajuelo,ESP,MF,23,7,3,259.0,2.9,1.0,0.0,1.0,1.0,0.0,0.0,0.0,0.0,0.5,0.5,0.3,0.8,7.0,17.0,15.0,0.35,0.0,0.35,0.35,0.35,0.18,0.09,0.27,0.18,0.27,Porto,Brasileiro,Ivan Jaime Pajuelo (Porto)
João Miguel,POR,DF,23,3,2,191.0,2.1,0.0,1.0,1.0,0.0,0.0,0.0,0.0,0.0,0.0,0.0,0.5,0.5,8.0,11.0,15.0,0.0,0.47,0.47,0.0,0.47,0.02,0.21,0.23,0.02,0.23,Porto,Brasileiro,João Miguel (Porto)
Romário Baró,POR,"MF,FW",23,4,2,122.0,1.4,0.0,0.0,0.0,0.0,0.0,0.0,0.0,0.0,0.2,0.2,0.2,0.3,2.0,7.0,12.0,0.0,0.0,0.0,0.0,0.0,0.12,0.12,0.24,0.12,0.24,Porto,Brasileiro,Romário Baró (Porto)
Gonçalo Borges,POR,"MF,DF",22,9,1,210.0,2.3,0.0,2.0,2.0,0.0,0.0,0.0,2.0,0.0,0.2,0.2,1.8,2.0,23.0,8.0,42.0,0.0,0.86,0.86,0.0,0.86,0.08,0.79,0.87,0.08,0.87,Porto,Brasileiro,Gonçalo Borges (Porto)
Fran Navarro,ESP,"FW,MF",25,6,1,174.0,1.9,0.0,0.0,0.0,0.0,0.0,0.0,0.0,0.0,1.2,1.2,0.2,1.4,1.0,3.0,6.0,0.0,0.0,0.0,0.0,0.0,0.62,0.13,0.75,0.62,0.75,Porto,Brasileiro,Fran Navarro (Porto)
Marko Grujić,SRB,MF,27,5,1,120.0,1.3,0.0,1.0,1.0,0.0,0.0,0.0,1.0,0.0,0.1,0.1,0.7,0.7,1.0,19.0,2.0,0.0,0.75,0.75,0.0,0.75,0.06,0.49,0.55,0.06,0.55,Porto,Brasileiro,Marko Grujić (Porto)
Otávio,POR,"MF,FW",28,1,1,90.0,1.0,0.0,0.0,0.0,0.0,0.0,0.0,1.0,0.0,0.0,0.0,0.1,0.1,1.0,4.0,3.0,0.0,0.0,0.0,0.0,0.0,0.03,0.1,0.13,0.03,0.13,Porto,Brasileiro,Otávio (Porto)
Danny Loader,ENG,"FW,DF",23,3,0,43.0,0.5,0.0,0.0,0.0,0.0,0.0,0.0,1.0,0.0,0.1,0.1,0.0,0.1,1.0,3.0,4.0,0.0,0.0,0.0,0.0,0.0,0.22,0.0,0.22,0.22,0.22,Porto,Brasileiro,Danny Loader (Porto)
Bernardo Folha,POR,MF,21,0,0,0.0,0.0,0.0,0.0,0.0,0.0,0.0,0.0,0.0,0.0,0.0,0.0,0.0,0.0,0.0,0.0,0.0,0.0,0.0,0.0,0.0,0.0,0.0,0.0,0.0,0.0,0.0,Porto,Brasileiro,Bernardo Folha (Porto)
Samuel Portugal,BRA,GK,29,0,0,0.0,0.0,0.0,0.0,0.0,0.0,0.0,0.0,0.0,0.0,0.0,0.0,0.0,0.0,0.0,0.0,0.0,0.0,0.0,0.0,0.0,0.0,0.0,0.0,0.0,0.0,0.0,Porto,Brasileiro,Samuel Portugal (Porto)
Cláudio Ramos,POR,GK,32,0,0,0.0,0.0,0.0,0.0,0.0,0.0,0.0,0.0,0.0,0.0,0.0,0.0,0.0,0.0,0.0,0.0,0.0,0.0,0.0,0.0,0.0,0.0,0.0,0.0,0.0,0.0,0.0,Porto,Brasileiro,Cláudio Ramos (Porto)
Costinha,POR,"MF,DF",23,15,15,1350.0,15.0,2.0,3.0,5.0,0.0,2.0,2.0,1.0,0.0,2.3,0.7,2.8,3.5,41.0,40.0,88.0,0.13,0.2,0.33,0.0,0.2,0.15,0.19,0.34,0.05,0.24,Rio Ave,Brasileiro,Costinha (Rio Ave)
Aderlan Santos,BRA,DF,34,15,15,1350.0,15.0,2.0,0.0,2.0,2.0,0.0,0.0,4.0,0.0,1.0,1.0,0.6,1.6,3.0,42.0,3.0,0.13,0.0,0.13,0.13,0.13,0.07,0.04,0.11,0.07,0.11,Rio Ave,Brasileiro,Aderlan Santos (Rio Ave)
Fábio Conceição,POR,"MF,DF",22,15,15,1333.0,14.8,1.0,0.0,1.0,1.0,0.0,0.0,3.0,0.0,1.6,1.6,2.1,3.7,39.0,55.0,126.0,0.07,0.0,0.07,0.07,0.07,0.11,0.14,0.25,0.11,0.25,Rio Ave,Brasileiro,Fábio Conceição (Rio Ave)
Amine Oudrhiri,MAR,MF,31,15,15,1160.0,12.9,0.0,0.0,0.0,0.0,0.0,0.0,4.0,0.0,0.1,0.1,0.4,0.5,8.0,64.0,8.0,0.0,0.0,0.0,0.0,0.0,0.01,0.03,0.04,0.01,0.04,Rio Ave,Brasileiro,Amine Oudrhiri (Rio Ave)
Josué Sá,POR,DF,31,13,12,1051.0,11.7,0.0,0.0,0.0,0.0,0.0,0.0,2.0,0.0,0.1,0.1,0.5,0.6,17.0,51.0,4.0,0.0,0.0,0.0,0.0,0.0,0.01,0.04,0.05,0.01,0.05,Rio Ave,Brasileiro,Josué Sá (Rio Ave)
Gonçalo Rodrigues,POR,MF,26,12,12,972.0,10.8,0.0,0.0,0.0,0.0,0.0,0.0,2.0,0.0,1.3,1.3,1.1,2.4,22.0,58.0,33.0,0.0,0.0,0.0,0.0,0.0,0.12,0.1,0.22,0.12,0.22,Rio Ave,Brasileiro,Gonçalo Rodrigues (Rio Ave)
Emmanuel Boateng,GHA,FW,27,11,9,866.0,9.6,3.0,1.0,4.0,3.0,0.0,0.0,3.0,0.0,5.1,5.1,0.9,6.0,11.0,9.0,44.0,0.31,0.1,0.42,0.31,0.42,0.53,0.1,0.62,0.53,0.62,Rio Ave,Brasileiro,Emmanuel Boateng (Rio Ave)
Joca,POR,"FW,MF",27,9,9,623.0,6.9,1.0,1.0,2.0,1.0,0.0,0.0,1.0,0.0,0.6,0.6,1.3,1.9,15.0,23.0,33.0,0.14,0.14,0.29,0.14,0.29,0.08,0.19,0.27,0.08,0.27,Rio Ave,Brasileiro,Joca (Rio Ave)
Jhonatan,BRA,GK,32,8,8,720.0,8.0,0.0,0.0,0.0,0.0,0.0,0.0,2.0,0.0,0.0,0.0,0.0,0.0,0.0,1.0,0.0,0.0,0.0,0.0,0.0,0.0,0.0,0.0,0.0,0.0,0.0,Rio Ave,Brasileiro,Jhonatan (Rio Ave)
Miguel Nóbrega,POR,DF,23,9,8,711.0,7.9,1.0,0.0,1.0,1.0,0.0,0.0,4.0,0.0,0.8,0.8,0.0,0.8,13.0,33.0,5.0,0.13,0.0,0.13,0.13,0.13,0.1,0.0,0.1,0.1,0.1,Rio Ave,Brasileiro,Miguel Nóbrega (Rio Ave)
Magrão,BRA,GK,23,7,7,630.0,7.0,0.0,0.0,0.0,0.0,0.0,0.0,0.0,0.0,0.0,0.0,0.0,0.0,0.0,0.0,0.0,0.0,0.0,0.0,0.0,0.0,0.0,0.0,0.0,0.0,0.0,Rio Ave,Brasileiro,Magrão (Rio Ave)
André Pereira,POR,FW,28,11,7,584.0,6.5,1.0,0.0,1.0,1.0,0.0,0.0,3.0,0.0,1.0,1.0,0.2,1.3,6.0,14.0,31.0,0.15,0.0,0.15,0.15,0.15,0.16,0.03,0.19,0.16,0.19,Rio Ave,Brasileiro,André Pereira (Rio Ave)
Renato Pantalon,CRO,DF,26,9,7,569.0,6.3,0.0,0.0,0.0,0.0,0.0,0.0,5.0,0.0,0.0,0.0,0.1,0.1,7.0,29.0,2.0,0.0,0.0,0.0,0.0,0.0,0.0,0.01,0.01,0.0,0.01,Rio Ave,Brasileiro,Renato Pantalon (Rio Ave)
Leonardo Ruíz,COL,FW,27,10,6,579.0,6.4,2.0,0.0,2.0,1.0,1.0,1.0,1.0,0.0,3.9,3.1,0.0,3.1,4.0,9.0,31.0,0.31,0.0,0.31,0.16,0.16,0.6,0.0,0.6,0.48,0.48,Rio Ave,Brasileiro,Leonardo Ruíz (Rio Ave)
Bruno Ventura,POR,"FW,MF",22,11,5,481.0,5.3,0.0,0.0,0.0,0.0,0.0,0.0,1.0,0.0,0.9,0.9,2.1,3.0,6.0,11.0,36.0,0.0,0.0,0.0,0.0,0.0,0.17,0.39,0.56,0.17,0.56,Rio Ave,Brasileiro,Bruno Ventura (Rio Ave)
João Graça,POR,"MF,FW",28,12,5,469.0,5.2,0.0,0.0,0.0,0.0,0.0,0.0,5.0,0.0,0.2,0.2,0.1,0.3,11.0,23.0,12.0,0.0,0.0,0.0,0.0,0.0,0.04,0.03,0.07,0.04,0.07,Rio Ave,Brasileiro,João Graça (Rio Ave)
Zé Manuel,POR,"MF,FW",33,13,3,405.0,4.5,1.0,0.0,1.0,1.0,0.0,0.0,0.0,0.0,1.2,1.2,0.5,1.7,5.0,9.0,22.0,0.22,0.0,0.22,0.22,0.22,0.27,0.11,0.38,0.27,0.38,Rio Ave,Brasileiro,Zé Manuel (Rio Ave)
Hernâni Fortes,POR,FW,32,12,3,339.0,3.8,0.0,1.0,1.0,0.0,0.0,0.0,0.0,0.0,0.4,0.4,0.9,1.3,7.0,4.0,33.0,0.0,0.27,0.27,0.0,0.27,0.1,0.25,0.35,0.1,0.35,Rio Ave,Brasileiro,Hernâni Fortes (Rio Ave)
Savio,BRA,"DF,MF",28,7,2,253.0,2.8,0.0,1.0,1.0,0.0,0.0,0.0,1.0,0.0,0.0,0.0,0.9,0.9,4.0,25.0,4.0,0.0,0.36,0.36,0.0,0.36,0.0,0.31,0.31,0.0,0.31,Rio Ave,Brasileiro,Savio (Rio Ave)
Patrick,BRA,DF,26,6,2,142.0,1.6,0.0,0.0,0.0,0.0,0.0,0.0,0.0,0.0,0.0,0.0,0.0,0.0,2.0,5.0,0.0,0.0,0.0,0.0,0.0,0.0,0.02,0.0,0.02,0.02,0.02,Rio Ave,Brasileiro,Patrick (Rio Ave)
Vítor Gomes,POR,MF,36,10,0,169.0,1.9,0.0,0.0,0.0,0.0,0.0,0.0,1.0,0.0,0.1,0.1,0.0,0.1,0.0,12.0,1.0,0.0,0.0,0.0,0.0,0.0,0.05,0.0,0.05,0.05,0.05,Rio Ave,Brasileiro,Vítor Gomes (Rio Ave)
Ukra,POR,"MF,FW",35,4,0,59.0,0.7,0.0,0.0,0.0,0.0,0.0,0.0,1.0,0.0,0.0,0.0,0.0,0.0,2.0,2.0,5.0,0.0,0.0,0.0,0.0,0.0,0.0,0.0,0.0,0.0,0.0,Rio Ave,Brasileiro,Ukra (Rio Ave)
Nuno Namora,POR,"DF,MF",25,3,0,29.0,0.3,0.0,0.0,0.0,0.0,0.0,0.0,0.0,0.0,0.0,0.0,0.0,0.0,3.0,8.0,2.0,0.0,0.0,0.0,0.0,0.0,0.0,0.0,0.0,0.0,0.0,Rio Ave,Brasileiro,Nuno Namora (Rio Ave)
Julien Lomboto,COD,MF,21,1,0,6.0,0.1,0.0,0.0,0.0,0.0,0.0,0.0,0.0,0.0,0.0,0.0,0.0,0.0,0.0,1.0,0.0,0.0,0.0,0.0,0.0,0.0,0.0,0.0,0.0,0.0,0.0,Rio Ave,Brasileiro,Julien Lomboto (Rio Ave)
Lucas Flores,BRA,GK,21,0,0,0.0,0.0,0.0,0.0,0.0,0.0,0.0,0.0,0.0,0.0,0.0,0.0,0.0,0.0,0.0,0.0,0.0,0.0,0.0,0.0,0.0,0.0,0.0,0.0,0.0,0.0,0.0,Rio Ave,Brasileiro,Lucas Flores (Rio Ave)
Antonio Adán,ESP,GK,36,14,14,1260.0,14.0,0.0,0.0,0.0,0.0,0.0,0.0,0.0,0.0,0.0,0.0,0.0,0.0,0.0,0.0,0.0,0.0,0.0,0.0,0.0,0.0,0.0,0.0,0.0,0.0,0.0,Sporting CP,Brasileiro,Antonio Adán (Sporting CP)
Ousmane Diomande,CIV,DF,20,14,14,1210.0,13.4,1.0,1.0,2.0,1.0,0.0,0.0,4.0,1.0,0.9,0.9,0.2,1.1,15.0,70.0,2.0,0.07,0.07,0.15,0.07,0.15,0.07,0.02,0.08,0.07,0.08,Sporting CP,Brasileiro,Ousmane Diomande (Sporting CP)
Pedro Gonçalves,POR,"FW,MF",25,14,14,1198.0,13.3,4.0,3.0,7.0,4.0,0.0,0.0,3.0,0.0,5.4,5.4,3.7,9.1,41.0,77.0,105.0,0.3,0.23,0.53,0.3,0.53,0.41,0.28,0.68,0.41,0.68,Sporting CP,Brasileiro,Pedro Gonçalves (Sporting CP)
Viktor Gyökeres,SWE,FW,25,13,13,1165.0,12.9,10.0,5.0,15.0,8.0,2.0,2.0,2.0,0.0,5.8,4.2,1.9,6.2,50.0,26.0,155.0,0.77,0.39,1.16,0.62,1.0,0.45,0.15,0.6,0.33,0.48,Sporting CP,Brasileiro,Viktor Gyökeres (Sporting CP)
Hidemasa Morita,JPN,MF,28,13,13,1157.0,12.9,1.0,2.0,3.0,1.0,0.0,0.0,3.0,0.0,1.7,1.7,1.1,2.7,10.0,73.0,25.0,0.08,0.16,0.23,0.08,0.23,0.13,0.08,0.21,0.13,0.21,Sporting CP,Brasileiro,Hidemasa Morita (Sporting CP)
Gonçalo Inácio,POR,DF,22,14,13,1117.0,12.4,1.0,0.0,1.0,1.0,0.0,0.0,7.0,1.0,0.5,0.5,0.1,0.6,20.0,96.0,2.0,0.08,0.0,0.08,0.08,0.08,0.04,0.01,0.05,0.04,0.05,Sporting CP,Brasileiro,Gonçalo Inácio (Sporting CP)
Sebastián Coates,URU,DF,33,12,12,947.0,10.5,0.0,0.0,0.0,0.0,0.0,0.0,5.0,0.0,0.9,0.9,0.3,1.2,4.0,33.0,0.0,0.0,0.0,0.0,0.0,0.0,0.08,0.03,0.11,0.08,0.11,Sporting CP,Brasileiro,Sebastián Coates (Sporting CP)
Morten Hjulmand,DEN,MF,24,13,12,942.0,10.5,1.0,1.0,2.0,1.0,0.0,0.0,5.0,0.0,0.9,0.9,0.6,1.5,0.0,59.0,14.0,0.1,0.1,0.19,0.1,0.19,0.09,0.06,0.15,0.09,0.15,Sporting CP,Brasileiro,Morten Hjulmand (Sporting CP)
Marcus Edwards,ENG,"FW,MF",25,13,11,882.0,9.8,2.0,3.0,5.0,2.0,0.0,0.0,4.0,0.0,1.8,1.8,4.6,6.4,49.0,50.0,69.0,0.2,0.31,0.51,0.2,0.51,0.18,0.47,0.65,0.18,0.65,Sporting CP,Brasileiro,Marcus Edwards (Sporting CP)
Ricardo Esgaio,POR,"MF,DF",30,14,11,784.0,8.7,0.0,2.0,2.0,0.0,0.0,0.0,4.0,0.0,0.4,0.4,1.3,1.7,17.0,29.0,65.0,0.0,0.23,0.23,0.0,0.23,0.04,0.15,0.19,0.04,0.19,Sporting CP,Brasileiro,Ricardo Esgaio (Sporting CP)
Nuno Santos,POR,"MF,DF",28,13,9,714.0,7.9,1.0,2.0,3.0,1.0,0.0,0.0,3.0,0.0,0.9,0.9,2.0,3.0,22.0,37.0,85.0,0.13,0.25,0.38,0.13,0.38,0.12,0.25,0.37,0.12,0.37,Sporting CP,Brasileiro,Nuno Santos (Sporting CP)
Matheus Reis,BRA,"DF,MF",28,13,6,698.0,7.8,0.0,2.0,2.0,0.0,0.0,0.0,1.0,0.0,0.0,0.0,0.8,0.8,26.0,50.0,57.0,0.0,0.26,0.26,0.0,0.26,0.0,0.1,0.11,0.0,0.11,Sporting CP,Brasileiro,Matheus Reis (Sporting CP)
Geny Catamo,MOZ,"MF,DF",22,12,4,533.0,5.9,1.0,1.0,2.0,1.0,0.0,0.0,0.0,0.0,0.8,0.8,1.0,1.8,30.0,19.0,41.0,0.17,0.17,0.34,0.17,0.34,0.13,0.17,0.3,0.13,0.3,Sporting CP,Brasileiro,Geny Catamo (Sporting CP)
Paulinho,POR,FW,31,13,4,483.0,5.4,6.0,0.0,6.0,6.0,0.0,0.0,0.0,0.0,3.6,3.6,0.6,4.2,11.0,28.0,33.0,1.12,0.0,1.12,1.12,1.12,0.66,0.12,0.78,0.66,0.78,Sporting CP,Brasileiro,Paulinho (Sporting CP)
Daniel Bragança,POR,MF,24,9,2,203.0,2.3,1.0,0.0,1.0,1.0,0.0,0.0,1.0,0.0,0.8,0.8,0.2,0.9,3.0,14.0,1.0,0.44,0.0,0.44,0.44,0.44,0.34,0.08,0.42,0.34,0.42,Sporting CP,Brasileiro,Daniel Bragança (Sporting CP)
Francisco Trincão,POR,"FW,MF",24,11,1,216.0,2.4,0.0,0.0,0.0,0.0,0.0,0.0,0.0,0.0,1.1,1.1,0.4,1.5,6.0,14.0,18.0,0.0,0.0,0.0,0.0,0.0,0.45,0.17,0.62,0.45,0.62,Sporting CP,Brasileiro,Francisco Trincão (Sporting CP)
Eduardo Quaresma,POR,DF,21,3,1,114.0,1.3,0.0,0.0,0.0,0.0,0.0,0.0,2.0,0.0,0.0,0.0,0.0,0.0,1.0,4.0,1.0,0.0,0.0,0.0,0.0,0.0,0.0,0.0,0.0,0.0,0.0,Sporting CP,Brasileiro,Eduardo Quaresma (Sporting CP)
Jerry St. Juste,NED,DF,27,4,0,109.0,1.2,0.0,0.0,0.0,0.0,0.0,0.0,0.0,0.0,0.0,0.0,0.0,0.0,0.0,3.0,0.0,0.0,0.0,0.0,0.0,0.0,0.0,0.0,0.0,0.0,0.0,Sporting CP,Brasileiro,Jerry St. Juste (Sporting CP)
Afonso Bastardo,POR,MF,18,1,0,25.0,0.3,0.0,0.0,0.0,0.0,0.0,0.0,0.0,0.0,0.0,0.0,0.0,0.0,2.0,3.0,7.0,0.0,0.0,0.0,0.0,0.0,0.0,0.0,0.0,0.0,0.0,Sporting CP,Brasileiro,Afonso Bastardo (Sporting CP)
Iván Fresneda,ESP,MF,19,1,0,6.0,0.1,0.0,0.0,0.0,0.0,0.0,0.0,0.0,0.0,0.0,0.0,0.0,0.0,1.0,1.0,2.0,0.0,0.0,0.0,0.0,0.0,0.0,0.0,0.0,0.0,0.0,Sporting CP,Brasileiro,Iván Fresneda (Sporting CP)
Luís Neto,POR,DF,35,3,0,5.0,0.1,0.0,0.0,0.0,0.0,0.0,0.0,3.0,0.0,0.0,0.0,0.0,0.0,0.0,0.0,0.0,0.0,0.0,0.0,0.0,0.0,0.0,0.0,0.0,0.0,0.0,Sporting CP,Brasileiro,Luís Neto (Sporting CP)
Mateus Fernandes,POR,FW,19,1,0,3.0,0.0,0.0,0.0,0.0,0.0,0.0,0.0,0.0,0.0,0.0,0.0,0.0,0.0,0.0,0.0,0.0,0.0,0.0,0.0,0.0,0.0,0.0,0.0,0.0,0.0,0.0,Sporting CP,Brasileiro,Mateus Fernandes (Sporting CP)
Jovane Cabral,CPV,"FW,MF",25,0,0,0.0,0.0,0.0,0.0,0.0,0.0,0.0,0.0,0.0,0.0,0.0,0.0,0.0,0.0,0.0,0.0,0.0,0.0,0.0,0.0,0.0,0.0,0.0,0.0,0.0,0.0,0.0,Sporting CP,Brasileiro,Jovane Cabral (Sporting CP)
Rodrigo Duarte,POR,FW,18,0,0,0.0,0.0,0.0,0.0,0.0,0.0,0.0,0.0,0.0,0.0,0.0,0.0,0.0,0.0,0.0,0.0,0.0,0.0,0.0,0.0,0.0,0.0,0.0,0.0,0.0,0.0,0.0,Sporting CP,Brasileiro,Rodrigo Duarte (Sporting CP)
Dario Essugo,POR,MF,18,0,0,0.0,0.0,0.0,0.0,0.0,0.0,0.0,0.0,0.0,0.0,0.0,0.0,0.0,0.0,0.0,0.0,0.0,0.0,0.0,0.0,0.0,0.0,0.0,0.0,0.0,0.0,0.0,Sporting CP,Brasileiro,Dario Essugo (Sporting CP)
Franco Israel,URU,GK,23,0,0,0.0,0.0,0.0,0.0,0.0,0.0,0.0,0.0,0.0,0.0,0.0,0.0,0.0,0.0,0.0,0.0,0.0,0.0,0.0,0.0,0.0,0.0,0.0,0.0,0.0,0.0,0.0,Sporting CP,Brasileiro,Franco Israel (Sporting CP)
Diogo Pinto,POR,GK,19,0,0,0.0,0.0,0.0,0.0,0.0,0.0,0.0,0.0,0.0,0.0,0.0,0.0,0.0,0.0,0.0,0.0,0.0,0.0,0.0,0.0,0.0,0.0,0.0,0.0,0.0,0.0,0.0,Sporting CP,Brasileiro,Diogo Pinto (Sporting CP)
Geovany Quenda,POR,FW,16,0,0,0.0,0.0,0.0,0.0,0.0,0.0,0.0,0.0,0.0,0.0,0.0,0.0,0.0,0.0,0.0,0.0,0.0,0.0,0.0,0.0,0.0,0.0,0.0,0.0,0.0,0.0,0.0,Sporting CP,Brasileiro,Geovany Quenda (Sporting CP)
Francisco Silva,POR,GK,18,0,0,0.0,0.0,0.0,0.0,0.0,0.0,0.0,0.0,0.0,0.0,0.0,0.0,0.0,0.0,0.0,0.0,0.0,0.0,0.0,0.0,0.0,0.0,0.0,0.0,0.0,0.0,0.0,Sporting CP,Brasileiro,Francisco Silva (Sporting CP)
Jorge Filipe Oliveira Fernandes,POR,DF,26,15,15,1350.0,15.0,0.0,1.0,1.0,0.0,0.0,0.0,2.0,0.0,0.7,0.7,0.6,1.3,16.0,66.0,4.0,0.0,0.07,0.07,0.0,0.07,0.05,0.04,0.09,0.05,0.09,Vitória,Brasileiro,Jorge Filipe Oliveira Fernandes (Vitória)
Bruno Varela,CPV,GK,29,15,15,1350.0,15.0,0.0,0.0,0.0,0.0,0.0,0.0,1.0,0.0,0.0,0.0,0.0,0.0,0.0,0.0,0.0,0.0,0.0,0.0,0.0,0.0,0.0,0.0,0.0,0.0,0.0,Vitória,Brasileiro,Bruno Varela (Vitória)
Jota Silva,POR,"FW,MF",24,15,15,1273.0,14.1,4.0,2.0,6.0,4.0,0.0,0.0,4.0,0.0,3.4,3.4,2.0,5.3,36.0,26.0,117.0,0.28,0.14,0.42,0.28,0.42,0.24,0.14,0.38,0.24,0.38,Vitória,Brasileiro,Jota Silva (Vitória)
André Silva,BRA,FW,26,14,13,1120.0,12.4,5.0,2.0,7.0,5.0,0.0,1.0,2.0,0.0,3.6,2.8,1.9,4.6,6.0,33.0,73.0,0.4,0.16,0.56,0.4,0.56,0.29,0.15,0.44,0.22,0.37,Vitória,Brasileiro,André Silva (Vitória)
Tomás Händel,POR,MF,23,14,12,1087.0,12.1,1.0,1.0,2.0,1.0,0.0,0.0,2.0,0.0,1.1,1.1,0.8,1.8,20.0,54.0,20.0,0.08,0.08,0.17,0.08,0.17,0.09,0.06,0.15,0.09,0.15,Vitória,Brasileiro,Tomás Händel (Vitória)
Tomás Ribeiro,POR,DF,24,11,11,938.0,10.4,1.0,0.0,1.0,1.0,0.0,0.0,4.0,0.0,0.7,0.7,0.2,0.9,7.0,37.0,6.0,0.1,0.0,0.1,0.1,0.1,0.07,0.02,0.09,0.07,0.09,Vitória,Brasileiro,Tomás Ribeiro (Vitória)
Tiago Silva,POR,MF,30,12,11,852.0,9.5,3.0,4.0,7.0,1.0,2.0,2.0,4.0,0.0,1.9,0.4,1.7,2.1,16.0,76.0,14.0,0.32,0.42,0.74,0.11,0.53,0.21,0.18,0.39,0.04,0.22,Vitória,Brasileiro,Tiago Silva (Vitória)
João Mendes,POR,"MF,FW",29,13,11,793.0,8.8,5.0,2.0,7.0,5.0,0.0,0.0,2.0,1.0,3.3,3.3,2.0,5.3,20.0,43.0,64.0,0.57,0.23,0.79,0.57,0.79,0.38,0.22,0.6,0.38,0.6,Vitória,Brasileiro,João Mendes (Vitória)
Manuel Manu,POR,DF,22,11,10,901.0,10.0,1.0,0.0,1.0,1.0,0.0,0.0,3.0,0.0,0.6,0.6,0.1,0.6,4.0,27.0,2.0,0.1,0.0,0.1,0.1,0.1,0.06,0.01,0.06,0.06,0.06,Vitória,Brasileiro,Manuel Manu (Vitória)
Bruno Gaspar,ANG,"MF,DF",30,10,10,762.0,8.5,1.0,1.0,2.0,1.0,0.0,0.0,2.0,0.0,0.2,0.2,0.8,1.0,15.0,29.0,63.0,0.12,0.12,0.24,0.12,0.24,0.02,0.1,0.12,0.02,0.12,Vitória,Brasileiro,Bruno Gaspar (Vitória)
Daniel Bandeira,POR,MF,23,13,8,650.0,7.2,1.0,2.0,3.0,1.0,0.0,0.0,1.0,0.0,0.3,0.3,0.7,1.0,9.0,35.0,5.0,0.14,0.28,0.42,0.14,0.42,0.04,0.1,0.14,0.04,0.14,Vitória,Brasileiro,Daniel Bandeira (Vitória)
Afonso freitas,POR,"DF,MF",23,9,8,541.0,6.0,0.0,0.0,0.0,0.0,0.0,0.0,2.0,0.0,0.2,0.2,0.3,0.5,8.0,14.0,34.0,0.0,0.0,0.0,0.0,0.0,0.03,0.05,0.08,0.03,0.08,Vitória,Brasileiro,Afonso freitas (Vitória)
Ricardo Mangas,POR,"DF,MF",25,7,7,617.0,6.9,0.0,1.0,1.0,0.0,0.0,0.0,1.0,0.0,0.6,0.6,0.9,1.5,9.0,15.0,46.0,0.0,0.15,0.15,0.0,0.15,0.08,0.13,0.22,0.08,0.22,Vitória,Brasileiro,Ricardo Mangas (Vitória)
Miguel Magalhães,POR,"DF,MF",21,10,5,484.0,5.4,0.0,0.0,0.0,0.0,0.0,0.0,1.0,0.0,0.0,0.0,0.1,0.1,6.0,24.0,20.0,0.0,0.0,0.0,0.0,0.0,0.0,0.02,0.03,0.0,0.03,Vitória,Brasileiro,Miguel Magalhães (Vitória)
Toni Borevkovic,CRO,DF,26,5,5,450.0,5.0,0.0,0.0,0.0,0.0,0.0,0.0,1.0,0.0,0.7,0.7,0.0,0.7,0.0,6.0,0.0,0.0,0.0,0.0,0.0,0.0,0.14,0.0,0.14,0.14,0.14,Vitória,Brasileiro,Toni Borevkovic (Vitória)
Mikel Villanueva,VEN,DF,30,4,4,352.0,3.9,0.0,0.0,0.0,0.0,0.0,0.0,1.0,0.0,0.1,0.1,0.0,0.1,4.0,18.0,0.0,0.0,0.0,0.0,0.0,0.0,0.02,0.0,0.02,0.02,0.02,Vitória,Brasileiro,Mikel Villanueva (Vitória)
Nelson,ANG,"DF,FW",25,14,2,402.0,4.5,1.0,0.0,1.0,1.0,0.0,0.0,1.0,0.0,0.7,0.7,0.1,0.8,9.0,19.0,38.0,0.22,0.0,0.22,0.22,0.22,0.15,0.02,0.17,0.15,0.17,Vitória,Brasileiro,Nelson (Vitória)
Adrián Butzke,ESP,FW,24,5,2,162.0,1.8,0.0,0.0,0.0,0.0,0.0,0.0,0.0,0.0,0.5,0.5,0.0,0.5,1.0,0.0,10.0,0.0,0.0,0.0,0.0,0.0,0.25,0.02,0.27,0.25,0.27,Vitória,Brasileiro,Adrián Butzke (Vitória)
Zé Carlos,POR,"MF,DF",22,14,1,277.0,3.1,0.0,0.0,0.0,0.0,0.0,0.0,4.0,0.0,0.1,0.1,0.7,0.8,8.0,22.0,13.0,0.0,0.0,0.0,0.0,0.0,0.04,0.21,0.25,0.04,0.25,Vitória,Brasileiro,Zé Carlos (Vitória)
Nuno Santos,POR,"FW,MF",24,9,0,179.0,2.0,0.0,0.0,0.0,0.0,0.0,0.0,0.0,1.0,0.3,0.3,0.2,0.4,6.0,8.0,14.0,0.0,0.0,0.0,0.0,0.0,0.13,0.08,0.2,0.13,0.2,Vitória,Brasileiro,Nuno Santos (Vitória)
Safira,BRA,FW,28,8,0,144.0,1.6,1.0,0.0,1.0,0.0,1.0,1.0,0.0,0.0,1.9,1.1,0.7,1.8,4.0,4.0,13.0,0.62,0.0,0.62,0.0,0.0,1.16,0.44,1.61,0.67,1.11,Vitória,Brasileiro,Safira (Vitória)
André André,POR,MF,34,6,0,85.0,0.9,0.0,0.0,0.0,0.0,0.0,0.0,1.0,0.0,0.0,0.0,0.0,0.0,1.0,4.0,2.0,0.0,0.0,0.0,0.0,0.0,0.05,0.0,0.05,0.05,0.05,Vitória,Brasileiro,André André (Vitória)
Charles,BRA,GK,29,0,0,0.0,0.0,0.0,0.0,0.0,0.0,0.0,0.0,0.0,0.0,0.0,0.0,0.0,0.0,0.0,0.0,0.0,0.0,0.0,0.0,0.0,0.0,0.0,0.0,0.0,0.0,0.0,Vitória,Brasileiro,Charles (Vitória)
Índio,BRA,MF,24,0,0,0.0,0.0,0.0,0.0,0.0,0.0,0.0,0.0,0.0,0.0,0.0,0.0,0.0,0.0,0.0,0.0,0.0,0.0,0.0,0.0,0.0,0.0,0.0,0.0,0.0,0.0,0.0,Vitória,Brasileiro,Índio (Vitória)
Gonçalo Nogueira,POR,MF,20,0,0,0.0,0.0,0.0,0.0,0.0,0.0,0.0,0.0,0.0,0.0,0.0,0.0,0.0,0.0,0.0,0.0,0.0,0.0,0.0,0.0,0.0,0.0,0.0,0.0,0.0,0.0,0.0,Vitória,Brasileiro,Gonçalo Nogueira (Vitória)
Mamadou Tounkara,FRA,FW,22,0,0,0.0,0.0,0.0,0.0,0.0,0.0,0.0,0.0,0.0,0.0,0.0,0.0,0.0,0.0,0.0,0.0,0.0,0.0,0.0,0.0,0.0,0.0,0.0,0.0,0.0,0.0,0.0,Vitória,Brasileiro,Mamadou Tounkara (Vitória)
Fabijan Buntić,CRO,GK,26,15,15,1350.0,15.0,0.0,0.0,0.0,0.0,0.0,0.0,0.0,0.0,0.0,0.0,0.0,0.0,0.0,0.0,0.0,0.0,0.0,0.0,0.0,0.0,0.0,0.0,0.0,0.0,0.0,Vizela,Brasileiro,Fabijan Buntić (Vizela)
Anderson Jesus,BRA,DF,28,15,15,1340.0,14.9,0.0,0.0,0.0,0.0,0.0,0.0,2.0,0.0,0.5,0.5,0.1,0.6,1.0,26.0,0.0,0.0,0.0,0.0,0.0,0.0,0.03,0.01,0.04,0.03,0.04,Vizela,Brasileiro,Anderson Jesus (Vizela)
Samuel Essende,FRA,FW,25,15,15,1318.0,14.6,7.0,0.0,7.0,7.0,0.0,0.0,1.0,0.0,4.5,4.5,0.2,4.7,21.0,15.0,69.0,0.48,0.0,0.48,0.48,0.48,0.31,0.01,0.32,0.31,0.32,Vizela,Brasileiro,Samuel Essende (Vizela)
Samu,POR,"MF,FW",27,15,15,1312.0,14.6,2.0,1.0,3.0,0.0,2.0,3.0,3.0,0.0,4.1,1.7,2.4,4.1,8.0,114.0,56.0,0.14,0.07,0.21,0.0,0.07,0.28,0.16,0.44,0.12,0.28,Vizela,Brasileiro,Samu (Vizela)
Bruno Wilson,POR,DF,27,14,14,1259.0,14.0,0.0,0.0,0.0,0.0,0.0,0.0,1.0,1.0,1.2,1.2,0.0,1.3,4.0,49.0,8.0,0.0,0.0,0.0,0.0,0.0,0.09,0.0,0.09,0.09,0.09,Vizela,Brasileiro,Bruno Wilson (Vizela)
Tomás Costa Silva,POR,DF,24,14,14,1216.0,13.5,0.0,2.0,2.0,0.0,0.0,0.0,0.0,1.0,0.3,0.3,2.1,2.4,21.0,43.0,100.0,0.0,0.15,0.15,0.0,0.15,0.03,0.15,0.18,0.03,0.18,Vizela,Brasileiro,Tomás Costa Silva (Vizela)
Nuno Gonçalo Moreira,POR,"FW,MF",24,13,13,894.0,9.9,1.0,2.0,3.0,1.0,0.0,0.0,1.0,0.0,1.6,1.6,2.4,4.0,16.0,51.0,65.0,0.1,0.2,0.3,0.1,0.3,0.16,0.24,0.4,0.16,0.4,Vizela,Brasileiro,Nuno Gonçalo Moreira (Vizela)
Matías Lacava,VEN,"FW,MF",21,12,12,809.0,9.0,0.0,2.0,2.0,0.0,0.0,0.0,4.0,1.0,0.6,0.6,0.8,1.4,17.0,19.0,56.0,0.0,0.22,0.22,0.0,0.22,0.07,0.09,0.16,0.07,0.16,Vizela,Brasileiro,Matías Lacava (Vizela)
Matheus Pereira,BRA,"DF,MF",23,13,11,955.0,10.6,1.0,0.0,1.0,1.0,0.0,0.0,6.0,0.0,0.3,0.3,0.2,0.5,24.0,39.0,47.0,0.09,0.0,0.09,0.09,0.09,0.03,0.02,0.05,0.03,0.05,Vizela,Brasileiro,Matheus Pereira (Vizela)
Diogo Nascimento,POR,MF,21,15,9,920.0,10.2,0.0,0.0,0.0,0.0,0.0,0.0,2.0,0.0,0.8,0.8,0.1,0.9,9.0,52.0,33.0,0.0,0.0,0.0,0.0,0.0,0.08,0.01,0.09,0.08,0.09,Vizela,Brasileiro,Diogo Nascimento (Vizela)
João Escoval,POR,DF,26,9,7,573.0,6.4,0.0,0.0,0.0,0.0,0.0,0.0,5.0,0.0,0.3,0.3,0.1,0.3,4.0,14.0,4.0,0.0,0.0,0.0,0.0,0.0,0.04,0.01,0.05,0.04,0.05,Vizela,Brasileiro,João Escoval (Vizela)
Rafael Bustamante,COL,MF,24,9,6,535.0,5.9,0.0,0.0,0.0,0.0,0.0,0.0,1.0,0.0,0.2,0.2,0.1,0.3,2.0,23.0,6.0,0.0,0.0,0.0,0.0,0.0,0.03,0.02,0.05,0.03,0.05,Vizela,Brasileiro,Rafael Bustamante (Vizela)
Pedro Ortiz,ESP,MF,23,8,6,512.0,5.7,0.0,0.0,0.0,0.0,0.0,0.0,5.0,0.0,0.0,0.0,0.0,0.0,2.0,21.0,1.0,0.0,0.0,0.0,0.0,0.0,0.0,0.0,0.0,0.0,0.0,Vizela,Brasileiro,Pedro Ortiz (Vizela)
Aleksandar Busnić,SRB,"MF,FW",26,9,5,439.0,4.9,0.0,0.0,0.0,0.0,0.0,0.0,1.0,0.0,0.0,0.0,0.0,0.0,0.0,16.0,2.0,0.0,0.0,0.0,0.0,0.0,0.01,0.0,0.01,0.01,0.01,Vizela,Brasileiro,Aleksandar Busnić (Vizela)
Alberto Soro,ESP,"MF,FW",24,8,2,228.0,2.5,1.0,0.0,1.0,1.0,0.0,0.0,2.0,0.0,0.6,0.6,0.0,0.7,3.0,17.0,19.0,0.39,0.0,0.39,0.39,0.39,0.25,0.02,0.26,0.25,0.26,Vizela,Brasileiro,Alberto Soro (Vizela)
Alexis Méndez,USA,"MF,FW",23,8,2,222.0,2.5,0.0,1.0,1.0,0.0,0.0,0.0,1.0,0.0,0.2,0.2,0.5,0.7,4.0,22.0,12.0,0.0,0.41,0.41,0.0,0.41,0.06,0.22,0.29,0.06,0.29,Vizela,Brasileiro,Alexis Méndez (Vizela)
Kiko Bondoso,POR,"FW,MF",28,3,2,193.0,2.1,0.0,0.0,0.0,0.0,0.0,0.0,0.0,0.0,0.2,0.2,0.3,0.5,5.0,8.0,22.0,0.0,0.0,0.0,0.0,0.0,0.11,0.14,0.25,0.11,0.25,Vizela,Brasileiro,Kiko Bondoso (Vizela)
Orest Lebedenko,UKR,DF,25,7,1,187.0,2.1,0.0,0.0,0.0,0.0,0.0,0.0,0.0,0.0,0.1,0.1,0.1,0.1,10.0,8.0,7.0,0.0,0.0,0.0,0.0,0.0,0.03,0.04,0.07,0.03,0.07,Vizela,Brasileiro,Orest Lebedenko (Vizela)
Hugo Oliveira,POR,"MF,DF",21,4,1,135.0,1.5,0.0,1.0,1.0,0.0,0.0,0.0,0.0,0.0,0.0,0.0,0.1,0.1,8.0,6.0,6.0,0.0,0.67,0.67,0.0,0.67,0.0,0.1,0.1,0.0,0.1,Vizela,Brasileiro,Hugo Oliveira (Vizela)
Dylan Saint-Louis,CGO,"FW,MF",28,12,0,193.0,2.1,1.0,0.0,1.0,1.0,0.0,0.0,1.0,0.0,0.4,0.4,0.3,0.7,5.0,9.0,29.0,0.47,0.0,0.47,0.47,0.47,0.18,0.13,0.31,0.18,0.31,Vizela,Brasileiro,Dylan Saint-Louis (Vizela)
Jardel,GNB,"FW,MF",26,11,0,160.0,1.8,0.0,1.0,1.0,0.0,0.0,0.0,0.0,0.0,0.5,0.5,0.5,0.9,6.0,12.0,17.0,0.0,0.56,0.56,0.0,0.56,0.26,0.28,0.53,0.26,0.53,Vizela,Brasileiro,Jardel (Vizela)
Iker Unzueta,ESP,FW,25,2,0,26.0,0.3,0.0,0.0,0.0,0.0,0.0,0.0,0.0,0.0,0.0,0.0,0.0,0.0,0.0,2.0,5.0,0.0,0.0,0.0,0.0,0.0,0.08,0.0,0.08,0.08,0.08,Vizela,Brasileiro,Iker Unzueta (Vizela)
Osama Rashid,IRQ,"MF,FW",31,5,0,22.0,0.2,0.0,0.0,0.0,0.0,0.0,0.0,0.0,0.0,0.0,0.0,0.0,0.1,0.0,2.0,0.0,0.0,0.0,0.0,0.0,0.0,0.1,0.19,0.29,0.1,0.29,Vizela,Brasileiro,Osama Rashid (Vizela)
Joaquín Ariel Novillo,ARG,DF,25,0,0,0.0,0.0,0.0,0.0,0.0,0.0,0.0,0.0,0.0,0.0,0.0,0.0,0.0,0.0,0.0,0.0,0.0,0.0,0.0,0.0,0.0,0.0,0.0,0.0,0.0,0.0,0.0,Vizela,Brasileiro,Joaquín Ariel Novillo (Vizela)
Rodrigo Ramos,POR,MF,19,0,0,0.0,0.0,0.0,0.0,0.0,0.0,0.0,0.0,0.0,0.0,0.0,0.0,0.0,0.0,0.0,0.0,0.0,0.0,0.0,0.0,0.0,0.0,0.0,0.0,0.0,0.0,0.0,Vizela,Brasileiro,Rodrigo Ramos (Vizela)
Francesco Ruberto,SUI,GK,30,0,0,0.0,0.0,0.0,0.0,0.0,0.0,0.0,0.0,0.0,0.0,0.0,0.0,0.0,0.0,0.0,0.0,0.0,0.0,0.0,0.0,0.0,0.0,0.0,0.0,0.0,0.0,0.0,Vizela,Brasileiro,Francesco Ruberto (Vizela)
