Player,Nation,Pos,Age,90s,Total_Cmp,Total_Att,Total_Cmp%,Total_TotDist,Total_PrgDist,Short_Cmp,Short_Att,Short_Cmp%,Medium_Cmp,Medium_Att,Medium_Cmp%,Long_Cmp,Long_Att,Long_Cmp%,Ast,xAG,Expected_xA,Expected_A-xAG,KP,1/3,PPA,CrsPA,PrgP,Team,Championship,Player_Team
Ignacio De Arruabarrena,URU,GK,26,15.0,335.0,499.0,67.1,8889.0,6828.0,72.0,73.0,98.6,159.0,164.0,97.0,103.0,260.0,39.6,0,0.0,0.0,0.0,0.0,3.0,0.0,0.0,1.0,Arouca,Brasileiro,Ignacio De Arruabarrena (Arouca)
Rafa Mújica,ESP,FW,25,13.4,153.0,195.0,78.5,1952.0,233.0,109.0,127.0,85.8,32.0,45.0,71.1,7.0,9.0,77.8,0,0.6,0.3,-0.6,11.0,3.0,3.0,0.0,10.0,Arouca,Brasileiro,Rafa Mújica (Arouca)
Cristo González,ESP,"FW,MF",26,12.8,279.0,384.0,72.7,4078.0,1065.0,160.0,190.0,84.2,96.0,128.0,75.0,12.0,26.0,46.2,2,2.0,2.5,0.0,19.0,31.0,16.0,2.0,54.0,Arouca,Brasileiro,Cristo González (Arouca)
Morlaye Sylla,GUI,MF,25,12.0,450.0,554.0,81.2,7708.0,2062.0,203.0,227.0,89.4,192.0,223.0,86.1,42.0,72.0,58.3,4,1.5,1.5,2.5,23.0,52.0,13.0,1.0,67.0,Arouca,Brasileiro,Morlaye Sylla (Arouca)
David Simão,POR,MF,33,12.0,609.0,771.0,79.0,11577.0,3901.0,254.0,289.0,87.9,262.0,307.0,85.3,87.0,147.0,59.2,3,2.2,1.5,0.8,19.0,73.0,8.0,3.0,92.0,Arouca,Brasileiro,David Simão (Arouca)
Jason,ESP,"MF,FW",29,11.8,310.0,443.0,70.0,5230.0,1573.0,152.0,175.0,86.9,118.0,163.0,72.4,29.0,62.0,46.8,1,1.2,1.5,-0.2,16.0,20.0,13.0,4.0,41.0,Arouca,Brasileiro,Jason (Arouca)
Francisco Montero,ESP,DF,24,12.0,572.0,704.0,81.3,11587.0,3954.0,170.0,195.0,87.2,314.0,345.0,91.0,84.0,149.0,56.4,0,0.0,0.1,0.0,1.0,44.0,3.0,0.0,45.0,Arouca,Brasileiro,Francisco Montero (Arouca)
Nino Galović,CRO,DF,31,11.8,533.0,607.0,87.8,10725.0,3806.0,160.0,172.0,93.0,300.0,319.0,94.0,69.0,104.0,66.3,1,0.5,0.2,0.5,2.0,28.0,1.0,0.0,33.0,Arouca,Brasileiro,Nino Galović (Arouca)
Tiago Esgaio,POR,DF,28,11.5,518.0,693.0,74.7,9281.0,3694.0,219.0,262.0,83.6,235.0,297.0,79.1,53.0,92.0,57.6,2,1.9,1.5,0.1,14.0,38.0,8.0,5.0,56.0,Arouca,Brasileiro,Tiago Esgaio (Arouca)
Eboue Kouassi,CIV,MF,26,7.6,299.0,348.0,85.9,5068.0,1359.0,143.0,162.0,88.3,128.0,142.0,90.1,22.0,32.0,68.8,0,0.3,0.6,-0.3,4.0,24.0,4.0,0.0,26.0,Arouca,Brasileiro,Eboue Kouassi (Arouca)
Weverson,BRA,"DF,MF",23,6.9,257.0,342.0,75.1,4288.0,1235.0,142.0,153.0,92.8,87.0,108.0,80.6,25.0,58.0,43.1,1,1.2,0.9,-0.2,8.0,20.0,8.0,6.0,20.0,Arouca,Brasileiro,Weverson (Arouca)
Rafael Fernandes,POR,DF,21,7.4,347.0,382.0,90.8,6267.0,2343.0,133.0,139.0,95.7,186.0,195.0,95.4,27.0,39.0,69.2,0,0.1,0.1,-0.1,2.0,24.0,0.0,0.0,26.0,Arouca,Brasileiro,Rafael Fernandes (Arouca)
Alfonso Trezza,URU,"FW,MF",24,6.8,127.0,194.0,65.5,2025.0,657.0,66.0,81.0,81.5,46.0,66.0,69.7,9.0,24.0,37.5,0,0.3,0.3,-0.3,6.0,15.0,2.0,0.0,18.0,Arouca,Brasileiro,Alfonso Trezza (Arouca)
Bogdan Milovanov,UKR,"DF,MF",25,6.3,230.0,333.0,69.1,4186.0,1293.0,100.0,124.0,80.6,104.0,136.0,76.5,23.0,57.0,40.4,0,0.2,0.4,-0.2,2.0,19.0,5.0,5.0,21.0,Arouca,Brasileiro,Bogdan Milovanov (Arouca)
Pedro Santos,POR,MF,23,2.6,202.0,229.0,88.2,3831.0,1017.0,79.0,86.0,91.9,91.0,97.0,93.8,29.0,40.0,72.5,0,0.1,0.2,-0.1,3.0,29.0,2.0,0.0,31.0,Arouca,Brasileiro,Pedro Santos (Arouca)
Oriol Busquets,ESP,MF,24,2.5,114.0,127.0,89.8,1870.0,444.0,46.0,48.0,95.8,52.0,57.0,91.2,10.0,15.0,66.7,0,0.0,0.1,0.0,0.0,10.0,1.0,0.0,8.0,Arouca,Brasileiro,Oriol Busquets (Arouca)
Quaresma,BRA,DF,27,2.1,71.0,97.0,73.2,1230.0,439.0,33.0,38.0,86.8,27.0,34.0,79.4,8.0,16.0,50.0,1,0.6,0.1,0.4,3.0,5.0,3.0,2.0,7.0,Arouca,Brasileiro,Quaresma (Arouca)
Matí­as Rocha,URU,DF,22,0.6,27.0,35.0,77.1,452.0,179.0,10.0,12.0,83.3,17.0,18.0,94.4,0.0,5.0,0.0,0,0.0,0.0,0.0,0.0,0.0,0.0,0.0,1.0,Arouca,Brasileiro,Matí­as Rocha (Arouca)
Jerome Opoku,GHA,DF,25,1.5,37.0,48.0,77.1,705.0,207.0,15.0,16.0,93.8,16.0,16.0,100.0,5.0,10.0,50.0,0,0.0,0.0,0.0,0.0,0.0,0.0,0.0,1.0,Arouca,Brasileiro,Jerome Opoku (Arouca)
Vitinho,BRA,"FW,MF",23,0.9,31.0,42.0,73.8,537.0,134.0,15.0,19.0,78.9,12.0,14.0,85.7,3.0,6.0,50.0,0,0.0,0.2,0.0,1.0,5.0,0.0,0.0,5.0,Arouca,Brasileiro,Vitinho (Arouca)
Miguel Puche García,ESP,"FW,MF",22,2.1,50.0,65.0,76.9,678.0,90.0,27.0,30.0,90.0,18.0,23.0,78.3,1.0,5.0,20.0,0,0.4,0.2,-0.4,5.0,2.0,2.0,0.0,4.0,Arouca,Brasileiro,Miguel Puche García (Arouca)
André Bukia,COD,"MF,FW",28,1.3,48.0,71.0,67.6,740.0,240.0,24.0,29.0,82.8,15.0,21.0,71.4,5.0,12.0,41.7,1,0.4,0.5,0.6,4.0,5.0,5.0,4.0,11.0,Arouca,Brasileiro,André Bukia (Arouca)
Moses Yaw,GHA,"DF,MF",24,0.7,32.0,39.0,82.1,598.0,306.0,13.0,13.0,100.0,12.0,16.0,75.0,5.0,7.0,71.4,0,0.0,0.0,0.0,0.0,2.0,1.0,1.0,1.0,Arouca,Brasileiro,Moses Yaw (Arouca)
Benji Michel,USA,"FW,MF",26,0.3,7.0,13.0,53.8,113.0,32.0,5.0,8.0,62.5,1.0,3.0,33.3,1.0,1.0,100.0,0,0.1,0.0,-0.1,1.0,3.0,0.0,0.0,3.0,Arouca,Brasileiro,Benji Michel (Arouca)
Yusuf Lawal,NGA,"FW,MF",25,0.3,10.0,13.0,76.9,173.0,54.0,4.0,4.0,100.0,5.0,6.0,83.3,1.0,1.0,100.0,0,0.1,0.1,-0.1,3.0,0.0,1.0,1.0,2.0,Arouca,Brasileiro,Yusuf Lawal (Arouca)
Fredrik Aursnes,NOR,"DF,MF",28,14.8,827.0,1023.0,80.8,13231.0,4654.0,417.0,461.0,90.5,342.0,407.0,84.0,48.0,94.0,51.1,4,4.0,3.5,0.0,23.0,64.0,29.0,5.0,99.0,Benfica,Brasileiro,Fredrik Aursnes (Benfica)
Rafa Silva,POR,MF,30,14.7,482.0,590.0,81.7,6608.0,1697.0,290.0,326.0,89.0,148.0,169.0,87.6,20.0,31.0,64.5,6,5.9,4.6,0.1,36.0,41.0,38.0,1.0,102.0,Benfica,Brasileiro,Rafa Silva (Benfica)
António Silva,POR,DF,20,14.0,771.0,832.0,92.7,14163.0,5150.0,274.0,290.0,94.5,419.0,433.0,96.8,66.0,89.0,74.2,0,0.0,0.7,0.0,1.0,66.0,3.0,0.0,67.0,Benfica,Brasileiro,António Silva (Benfica)
Nicolás Otamendi,ARG,DF,35,13.9,796.0,890.0,89.4,15643.0,6100.0,271.0,291.0,93.1,423.0,449.0,94.2,90.0,122.0,73.8,0,1.2,0.8,-1.2,9.0,77.0,1.0,0.0,74.0,Benfica,Brasileiro,Nicolás Otamendi (Benfica)
João Mário,POR,"FW,MF",30,11.9,582.0,699.0,83.3,7914.0,1927.0,357.0,391.0,91.3,179.0,215.0,83.3,18.0,42.0,42.9,0,1.1,2.2,-1.1,18.0,52.0,21.0,1.0,77.0,Benfica,Brasileiro,João Mário (Benfica)
João Neves,POR,MF,19,11.5,820.0,938.0,87.4,14301.0,4057.0,412.0,449.0,91.8,300.0,336.0,89.3,93.0,124.0,75.0,1,0.9,1.4,0.1,9.0,73.0,11.0,6.0,71.0,Benfica,Brasileiro,João Neves (Benfica)
Anatolii Trubin,UKR,GK,22,11.0,245.0,301.0,81.4,5579.0,4156.0,76.0,76.0,100.0,123.0,127.0,96.9,46.0,96.0,47.9,0,0.0,0.0,0.0,0.0,3.0,0.0,0.0,0.0,Benfica,Brasileiro,Anatolii Trubin (Benfica)
Ángel Di María,ARG,FW,35,10.4,431.0,606.0,71.1,7482.0,2638.0,222.0,262.0,84.7,140.0,191.0,73.3,55.0,106.0,51.9,1,3.1,4.6,-2.1,33.0,47.0,43.0,12.0,77.0,Benfica,Brasileiro,Ángel Di María (Benfica)
Orkun Kökçü,TUR,MF,23,9.3,600.0,718.0,83.6,11317.0,3806.0,258.0,288.0,89.6,238.0,270.0,88.1,88.0,125.0,70.4,2,2.6,1.5,-0.6,22.0,102.0,17.0,2.0,114.0,Benfica,Brasileiro,Orkun Kökçü (Benfica)
Morato,BRA,DF,22,7.5,316.0,390.0,81.0,5576.0,2057.0,149.0,164.0,90.9,136.0,158.0,86.1,26.0,48.0,54.2,1,0.6,0.3,0.4,6.0,23.0,3.0,1.0,32.0,Benfica,Brasileiro,Morato (Benfica)
Florentino Luís,POR,MF,24,6.6,481.0,545.0,88.3,7587.0,2577.0,259.0,280.0,92.5,178.0,196.0,90.8,35.0,39.0,89.7,0,0.2,0.5,-0.2,4.0,56.0,8.0,0.0,51.0,Benfica,Brasileiro,Florentino Luís (Benfica)
Alexander Bah,DEN,DF,26,6.2,336.0,433.0,77.6,5573.0,1742.0,173.0,202.0,85.6,126.0,156.0,80.8,28.0,49.0,57.1,0,0.3,0.3,-0.3,5.0,22.0,7.0,0.0,35.0,Benfica,Brasileiro,Alexander Bah (Benfica)
Petar Musa,CRO,FW,25,5.5,80.0,110.0,72.7,1009.0,275.0,59.0,70.0,84.3,12.0,21.0,57.1,4.0,10.0,40.0,2,1.1,0.5,0.9,5.0,1.0,4.0,0.0,11.0,Benfica,Brasileiro,Petar Musa (Benfica)
Arthur,BRA,FW,25,5.1,66.0,85.0,77.6,780.0,96.0,44.0,53.0,83.0,16.0,21.0,76.2,0.0,0.0,0.0,0,0.1,0.6,-0.1,4.0,2.0,3.0,0.0,7.0,Benfica,Brasileiro,Arthur (Benfica)
David Neres,BRA,FW,26,4.6,217.0,283.0,76.7,3000.0,531.0,134.0,151.0,88.7,73.0,89.0,82.0,5.0,18.0,27.8,3,2.4,2.7,0.6,14.0,15.0,7.0,3.0,24.0,Benfica,Brasileiro,David Neres (Benfica)
Casper Tengstedt,DEN,FW,23,4.1,53.0,77.0,68.8,634.0,118.0,39.0,47.0,83.0,12.0,19.0,63.2,0.0,3.0,0.0,0,0.9,1.1,-0.9,7.0,2.0,3.0,1.0,6.0,Benfica,Brasileiro,Casper Tengstedt (Benfica)
Samuel Soares,POR,GK,21,3.0,69.0,81.0,85.2,1604.0,1172.0,17.0,17.0,100.0,37.0,37.0,100.0,15.0,27.0,55.6,0,0.0,0.0,0.0,0.0,1.0,0.0,0.0,0.0,Benfica,Brasileiro,Samuel Soares (Benfica)
David Jurásek,CZE,DF,23,2.9,149.0,188.0,79.3,2313.0,772.0,70.0,74.0,94.6,72.0,86.0,83.7,5.0,18.0,27.8,0,0.7,1.5,-0.7,7.0,3.0,8.0,4.0,9.0,Benfica,Brasileiro,David Jurásek (Benfica)
Chiquinho,POR,MF,28,2.1,162.0,196.0,82.7,2696.0,977.0,76.0,86.0,88.4,68.0,77.0,88.3,13.0,23.0,56.5,0,0.5,0.4,-0.5,6.0,19.0,3.0,0.0,24.0,Benfica,Brasileiro,Chiquinho (Benfica)
Gonçalo Guedes,POR,"FW,MF",27,1.3,57.0,77.0,74.0,780.0,162.0,37.0,48.0,77.1,17.0,21.0,81.0,2.0,3.0,66.7,0,0.0,0.2,0.0,0.0,1.0,1.0,0.0,5.0,Benfica,Brasileiro,Gonçalo Guedes (Benfica)
Tomás Araújo,POR,"DF,MF",21,1.0,59.0,66.0,89.4,1021.0,542.0,26.0,31.0,83.9,27.0,29.0,93.1,4.0,4.0,100.0,0,0.0,0.0,0.0,0.0,4.0,0.0,0.0,2.0,Benfica,Brasileiro,Tomás Araújo (Benfica)
Odisseas Vlachodimos,GRE,GK,29,1.0,16.0,20.0,80.0,421.0,357.0,2.0,2.0,100.0,10.0,10.0,100.0,4.0,8.0,50.0,0,0.0,0.0,0.0,0.0,0.0,0.0,0.0,0.0,Benfica,Brasileiro,Odisseas Vlachodimos (Benfica)
Juan Bernat,ESP,DF,30,0.9,42.0,44.0,95.5,602.0,135.0,24.0,25.0,96.0,18.0,19.0,94.7,0.0,0.0,0.0,0,0.0,0.0,0.0,0.0,1.0,1.0,0.0,5.0,Benfica,Brasileiro,Juan Bernat (Benfica)
Tiago Gouveia,POR,FW,22,0.8,24.0,27.0,88.9,317.0,60.0,16.0,16.0,100.0,8.0,10.0,80.0,0.0,0.0,0.0,0,0.0,0.0,0.0,0.0,1.0,1.0,0.0,2.0,Benfica,Brasileiro,Tiago Gouveia (Benfica)
João Victor,BRA,DF,25,0.3,24.0,28.0,85.7,387.0,100.0,12.0,14.0,85.7,9.0,11.0,81.8,2.0,2.0,100.0,0,0.0,0.0,0.0,0.0,3.0,0.0,0.0,1.0,Benfica,Brasileiro,João Victor (Benfica)
Gustavo Marques,BRA,DF,22,0.0,3.0,3.0,100.0,50.0,44.0,1.0,1.0,100.0,2.0,2.0,100.0,0.0,0.0,0.0,0,0.0,0.0,0.0,0.0,0.0,0.0,0.0,0.0,Benfica,Brasileiro,Gustavo Marques (Benfica)
Mihailo Ristić,SRB,DF,28,0.0,10.0,13.0,76.9,160.0,78.0,7.0,8.0,87.5,2.0,3.0,66.7,1.0,2.0,50.0,0,0.1,0.2,-0.1,3.0,0.0,2.0,1.0,2.0,Benfica,Brasileiro,Mihailo Ristić (Benfica)
João Gonçalves,POR,GK,23,14.0,251.0,366.0,68.6,6453.0,4476.0,58.0,58.0,100.0,128.0,131.0,97.7,64.0,174.0,36.8,0,0.0,0.0,0.0,0.0,2.0,0.0,0.0,0.0,Boavista,Brasileiro,João Gonçalves (Boavista)
Róbert Boženík,SVK,FW,24,13.4,131.0,183.0,71.6,2291.0,357.0,57.0,71.0,80.3,50.0,68.0,73.5,18.0,24.0,75.0,2,2.6,1.5,-0.6,11.0,11.0,3.0,3.0,12.0,Boavista,Brasileiro,Róbert Boženík (Boavista)
Salvador Agra,POR,"DF,FW",32,12.5,470.0,610.0,77.0,8212.0,2808.0,207.0,229.0,90.4,209.0,254.0,82.3,46.0,100.0,46.0,1,1.5,2.2,-0.5,22.0,23.0,18.0,10.0,49.0,Boavista,Brasileiro,Salvador Agra (Boavista)
Gaius Makouta,CGO,MF,26,12.4,424.0,527.0,80.5,6420.0,1520.0,248.0,288.0,86.1,146.0,178.0,82.0,20.0,37.0,54.1,1,0.9,0.8,0.1,10.0,39.0,6.0,1.0,44.0,Boavista,Brasileiro,Gaius Makouta (Boavista)
Chidozie Awaziem,NGA,DF,26,13.0,656.0,779.0,84.2,13433.0,5103.0,204.0,223.0,91.5,370.0,396.0,93.4,79.0,151.0,52.3,0,0.0,0.1,0.0,0.0,27.0,0.0,0.0,35.0,Boavista,Brasileiro,Chidozie Awaziem (Boavista)
Sebastián Pérez Cardona,COL,MF,30,11.3,657.0,769.0,85.4,12063.0,3663.0,267.0,294.0,90.8,306.0,340.0,90.0,70.0,108.0,64.8,0,0.1,0.5,-0.1,6.0,41.0,6.0,1.0,54.0,Boavista,Brasileiro,Sebastián Pérez Cardona (Boavista)
Bruno Onyemaechi,NGA,DF,24,11.5,452.0,648.0,69.8,7481.0,2859.0,228.0,268.0,85.1,177.0,233.0,76.0,35.0,106.0,33.0,1,0.8,1.0,0.2,6.0,25.0,5.0,4.0,30.0,Boavista,Brasileiro,Bruno Onyemaechi (Boavista)
Tiago Fonseca Morais,POR,FW,20,10.5,196.0,293.0,66.9,3345.0,1146.0,87.0,124.0,70.2,80.0,107.0,74.8,20.0,37.0,54.1,0,1.2,0.9,-1.2,12.0,23.0,12.0,3.0,46.0,Boavista,Brasileiro,Tiago Fonseca Morais (Boavista)
Rodrigo Abascal,URU,DF,29,10.7,555.0,666.0,83.3,11953.0,5214.0,176.0,188.0,93.6,277.0,301.0,92.0,99.0,164.0,60.4,0,0.1,0.1,-0.1,1.0,26.0,1.0,0.0,28.0,Boavista,Brasileiro,Rodrigo Abascal (Boavista)
Miguel Reisinho,POR,MF,24,9.8,320.0,388.0,82.5,5419.0,1385.0,175.0,197.0,88.8,98.0,118.0,83.1,39.0,53.0,73.6,1,0.3,0.2,0.7,8.0,30.0,2.0,0.0,27.0,Boavista,Brasileiro,Miguel Reisinho (Boavista)
Pedro Malheiro,POR,DF,22,6.4,294.0,365.0,80.5,4747.0,1470.0,156.0,174.0,89.7,107.0,125.0,85.6,21.0,46.0,45.7,1,1.1,0.4,-0.1,6.0,24.0,5.0,3.0,25.0,Boavista,Brasileiro,Pedro Malheiro (Boavista)
Filipe Ferreira,POR,DF,33,6.3,323.0,400.0,80.8,5794.0,2155.0,133.0,145.0,91.7,153.0,179.0,85.5,30.0,65.0,46.2,1,0.3,0.1,0.7,3.0,13.0,0.0,0.0,9.0,Boavista,Brasileiro,Filipe Ferreira (Boavista)
Bruno Lourenço,POR,"FW,MF",25,5.9,104.0,155.0,67.1,1775.0,490.0,52.0,65.0,80.0,32.0,47.0,68.1,13.0,25.0,52.0,0,0.7,0.3,-0.7,6.0,9.0,1.0,0.0,11.0,Boavista,Brasileiro,Bruno Lourenço (Boavista)
Masaki Watai,JPN,"FW,MF",24,2.7,75.0,88.0,85.2,1291.0,242.0,37.0,40.0,92.5,31.0,34.0,91.2,7.0,9.0,77.8,0,0.0,0.1,0.0,2.0,6.0,2.0,1.0,9.0,Boavista,Brasileiro,Masaki Watai (Boavista)
Ilija Vukotić,MNE,MF,24,3.6,131.0,152.0,86.2,2286.0,514.0,46.0,55.0,83.6,69.0,76.0,90.8,10.0,12.0,83.3,0,0.6,0.5,-0.6,3.0,5.0,5.0,2.0,10.0,Boavista,Brasileiro,Ilija Vukotić (Boavista)
Martim Tavares,POR,"FW,MF",20,1.5,28.0,35.0,80.0,454.0,112.0,13.0,14.0,92.9,9.0,11.0,81.8,3.0,4.0,75.0,1,0.2,0.1,0.8,3.0,1.0,1.0,0.0,1.0,Boavista,Brasileiro,Martim Tavares (Boavista)
Ibrahima Camará,GUI,MF,24,1.3,47.0,62.0,75.8,879.0,273.0,23.0,23.0,100.0,11.0,18.0,61.1,10.0,15.0,66.7,0,0.2,0.1,-0.2,1.0,6.0,1.0,0.0,11.0,Boavista,Brasileiro,Ibrahima Camará (Boavista)
Berna,POR,"FW,DF",20,2.4,97.0,130.0,74.6,1545.0,487.0,48.0,55.0,87.3,42.0,51.0,82.4,7.0,18.0,38.9,0,0.7,0.3,-0.7,4.0,6.0,4.0,2.0,12.0,Boavista,Brasileiro,Berna (Boavista)
Luís Santos,POR,"DF,FW",23,2.1,77.0,101.0,76.2,1080.0,304.0,51.0,58.0,87.9,23.0,31.0,74.2,2.0,9.0,22.2,0,0.1,0.1,-0.1,2.0,4.0,3.0,3.0,8.0,Boavista,Brasileiro,Luís Santos (Boavista)
Jeriel Córdova,VEN,"FW,MF",21,1.3,23.0,31.0,74.2,290.0,30.0,12.0,16.0,75.0,9.0,11.0,81.8,0.0,1.0,0.0,0,0.7,0.1,-0.7,3.0,4.0,0.0,0.0,1.0,Boavista,Brasileiro,Jeriel Córdova (Boavista)
Joel silva,POR,"MF,FW",20,0.5,22.0,29.0,75.9,297.0,82.0,14.0,17.0,82.4,5.0,5.0,100.0,1.0,3.0,33.3,0,0.0,0.0,0.0,0.0,2.0,0.0,0.0,1.0,Boavista,Brasileiro,Joel silva (Boavista)
Vincent Sasso,FRA,MF,32,0.0,4.0,4.0,100.0,59.0,22.0,2.0,2.0,100.0,2.0,2.0,100.0,0.0,0.0,0.0,0,0.0,0.0,0.0,0.0,0.0,0.0,0.0,0.0,Boavista,Brasileiro,Vincent Sasso (Boavista)
Matheus,BRA,GK,31,14.0,381.0,507.0,75.1,9931.0,7684.0,86.0,86.0,100.0,193.0,196.0,98.5,101.0,224.0,45.1,0,0.0,0.0,0.0,0.0,10.0,0.0,0.0,2.0,Braga,Brasileiro,Matheus (Braga)
Ricardo Horta,POR,"FW,MF",29,11.6,433.0,538.0,80.5,6226.0,1786.0,257.0,290.0,88.6,126.0,156.0,80.8,29.0,50.0,58.0,2,3.8,2.7,-1.8,26.0,37.0,27.0,5.0,74.0,Braga,Brasileiro,Ricardo Horta (Braga)
Simon Banza,COD,FW,27,10.9,121.0,172.0,70.3,1714.0,374.0,68.0,94.0,72.3,33.0,44.0,75.0,9.0,11.0,81.8,3,1.6,0.7,1.4,11.0,8.0,6.0,1.0,15.0,Braga,Brasileiro,Simon Banza (Braga)
Cristian Borja,COL,DF,30,10.3,597.0,721.0,82.8,9617.0,3556.0,307.0,334.0,91.9,247.0,284.0,87.0,32.0,69.0,46.4,2,1.5,1.5,0.5,18.0,47.0,22.0,9.0,62.0,Braga,Brasileiro,Cristian Borja (Braga)
Álvaro djaló,ESP,"FW,MF",24,10.2,176.0,263.0,66.9,2632.0,688.0,102.0,119.0,85.7,57.0,88.0,64.8,8.0,22.0,36.4,3,2.6,2.3,0.4,16.0,17.0,12.0,4.0,29.0,Braga,Brasileiro,Álvaro djaló (Braga)
Victor Gomez,ESP,DF,23,8.9,428.0,514.0,83.3,7278.0,2792.0,197.0,224.0,87.9,188.0,213.0,88.3,38.0,62.0,61.3,1,2.2,2.0,-1.2,18.0,45.0,29.0,14.0,64.0,Braga,Brasileiro,Victor Gomez (Braga)
José Fonte,POR,DF,40,9.9,522.0,615.0,84.9,10200.0,3772.0,162.0,183.0,88.5,309.0,335.0,92.2,46.0,83.0,55.4,0,0.0,0.2,0.0,0.0,45.0,4.0,0.0,47.0,Braga,Brasileiro,José Fonte (Braga)
Bruma,POR,FW,29,8.6,312.0,398.0,78.4,4039.0,1078.0,203.0,231.0,87.9,86.0,113.0,76.1,10.0,17.0,58.8,1,0.8,2.0,0.2,14.0,14.0,23.0,2.0,48.0,Braga,Brasileiro,Bruma (Braga)
Almoatasem Al Musrati,LBY,MF,27,7.7,450.0,530.0,84.9,9421.0,2829.0,162.0,183.0,88.5,196.0,217.0,90.3,85.0,116.0,73.3,0,0.3,1.1,-0.3,5.0,70.0,6.0,1.0,70.0,Braga,Brasileiro,Almoatasem Al Musrati (Braga)
Serdar Saatçı,TUR,DF,20,7.6,438.0,496.0,88.3,7743.0,2914.0,175.0,190.0,92.1,235.0,245.0,95.9,24.0,52.0,46.2,2,0.4,0.1,1.6,5.0,15.0,0.0,0.0,14.0,Braga,Brasileiro,Serdar Saatçı (Braga)
Rodrigo Zalazar,URU,MF,24,6.8,379.0,462.0,82.0,7212.0,2196.0,157.0,175.0,89.7,157.0,180.0,87.2,55.0,87.0,63.2,1,2.7,3.0,-1.7,19.0,52.0,19.0,4.0,62.0,Braga,Brasileiro,Rodrigo Zalazar (Braga)
Sikou Niakaté,MLI,DF,24,6.0,273.0,341.0,80.1,5133.0,2032.0,99.0,111.0,89.2,138.0,153.0,90.2,29.0,66.0,43.9,0,0.2,0.9,-0.2,3.0,18.0,0.0,0.0,15.0,Braga,Brasileiro,Sikou Niakaté (Braga)
Vitor Carvalho,BRA,MF,26,5.6,276.0,326.0,84.7,4833.0,1223.0,114.0,131.0,87.0,128.0,143.0,89.5,26.0,40.0,65.0,0,0.0,0.3,0.0,1.0,34.0,3.0,0.0,25.0,Braga,Brasileiro,Vitor Carvalho (Braga)
Pizzi,POR,"MF,FW",34,5.3,279.0,324.0,86.1,4149.0,1100.0,153.0,167.0,91.6,87.0,98.0,88.8,23.0,31.0,74.2,3,1.9,1.5,1.1,14.0,18.0,14.0,1.0,43.0,Braga,Brasileiro,Pizzi (Braga)
Paulo Oliveira,POR,DF,31,5.0,293.0,351.0,83.5,5556.0,2339.0,102.0,111.0,91.9,158.0,176.0,89.8,30.0,57.0,52.6,1,0.1,0.2,0.9,1.0,21.0,1.0,0.0,19.0,Braga,Brasileiro,Paulo Oliveira (Braga)
Abel Ruiz,ESP,"FW,MF",23,6.1,119.0,144.0,82.6,1422.0,184.0,79.0,89.0,88.8,26.0,33.0,78.8,4.0,5.0,80.0,1,0.6,0.6,0.4,10.0,3.0,1.0,0.0,6.0,Braga,Brasileiro,Abel Ruiz (Braga)
André Horta,POR,MF,27,5.0,392.0,460.0,85.2,6894.0,1953.0,185.0,193.0,95.9,162.0,184.0,88.0,38.0,70.0,54.3,1,0.8,0.9,0.2,10.0,62.0,12.0,2.0,69.0,Braga,Brasileiro,André Horta (Braga)
João Moutinho,POR,MF,37,4.7,357.0,421.0,84.8,6133.0,1853.0,162.0,177.0,91.5,151.0,169.0,89.3,34.0,54.0,63.0,0,0.5,0.6,-0.5,11.0,47.0,8.0,1.0,48.0,Braga,Brasileiro,João Moutinho (Braga)
Adrián Marín,ESP,DF,26,3.4,159.0,209.0,76.1,2539.0,1242.0,88.0,103.0,85.4,58.0,69.0,84.1,9.0,25.0,36.0,0,0.3,0.2,-0.3,3.0,23.0,3.0,0.0,19.0,Braga,Brasileiro,Adrián Marín (Braga)
Joe Mendes,SWE,DF,20,3.1,114.0,155.0,73.5,1737.0,541.0,66.0,76.0,86.8,33.0,47.0,70.2,10.0,24.0,41.7,1,0.7,0.1,0.3,2.0,11.0,1.0,1.0,11.0,Braga,Brasileiro,Joe Mendes (Braga)
Rony Lopes,POR,"FW,DF",28,1.8,65.0,93.0,69.9,1039.0,227.0,31.0,41.0,75.6,24.0,30.0,80.0,6.0,12.0,50.0,0,0.2,0.2,-0.2,3.0,6.0,3.0,0.0,14.0,Braga,Brasileiro,Rony Lopes (Braga)
Roger Fernandes,GNB,"DF,FW",18,0.6,42.0,53.0,79.2,836.0,212.0,14.0,16.0,87.5,23.0,27.0,85.2,5.0,10.0,50.0,2,0.9,0.8,1.1,6.0,2.0,5.0,5.0,5.0,Braga,Brasileiro,Roger Fernandes (Braga)
André Castro,POR,MF,35,0.4,29.0,34.0,85.3,418.0,63.0,17.0,19.0,89.5,10.0,11.0,90.9,1.0,2.0,50.0,0,0.0,0.0,0.0,0.0,2.0,0.0,0.0,2.0,Braga,Brasileiro,André Castro (Braga)
Ricardo Batista,POR,GK,37,14.0,318.0,466.0,68.2,9076.0,6479.0,56.0,56.0,100.0,162.0,164.0,98.8,100.0,246.0,40.7,0,0.0,0.0,0.0,0.0,1.0,0.0,0.0,0.0,Casa Pia,Brasileiro,Ricardo Batista (Casa Pia)
Nermin Zolotić,BIH,DF,30,13.8,628.0,725.0,86.6,11740.0,4924.0,241.0,262.0,92.0,330.0,360.0,91.7,54.0,88.0,61.4,0,0.0,0.1,0.0,0.0,45.0,1.0,1.0,47.0,Casa Pia,Brasileiro,Nermin Zolotić (Casa Pia)
Leonardo Lelo,POR,"MF,DF",23,13.7,475.0,657.0,72.3,7644.0,2822.0,256.0,292.0,87.7,176.0,231.0,76.2,38.0,100.0,38.0,1,0.9,1.0,0.1,21.0,32.0,11.0,2.0,45.0,Casa Pia,Brasileiro,Leonardo Lelo (Casa Pia)
Fernando Varela,CPV,DF,36,12.9,393.0,486.0,80.9,7496.0,2865.0,153.0,171.0,89.5,196.0,220.0,89.1,41.0,87.0,47.1,1,0.3,0.6,0.7,4.0,26.0,2.0,0.0,25.0,Casa Pia,Brasileiro,Fernando Varela (Casa Pia)
Yuki Soma,JPN,"FW,MF",26,10.2,136.0,222.0,61.3,2370.0,764.0,68.0,88.0,77.3,45.0,76.0,59.2,17.0,34.0,50.0,2,1.3,1.3,0.7,10.0,6.0,6.0,4.0,13.0,Casa Pia,Brasileiro,Yuki Soma (Casa Pia)
Larra,ESP,"MF,DF",26,9.7,333.0,442.0,75.3,5205.0,2087.0,183.0,207.0,88.4,128.0,169.0,75.7,16.0,48.0,33.3,1,1.0,0.6,0.0,12.0,17.0,5.0,2.0,27.0,Casa Pia,Brasileiro,Larra (Casa Pia)
Clayton,BRA,FW,24,9.7,118.0,176.0,67.0,1873.0,301.0,58.0,79.0,73.4,47.0,62.0,75.8,8.0,15.0,53.3,0,0.3,0.7,-0.3,8.0,12.0,5.0,1.0,15.0,Casa Pia,Brasileiro,Clayton (Casa Pia)
Vasco Fernandes,POR,DF,37,10.0,359.0,441.0,81.4,6837.0,2823.0,139.0,157.0,88.5,176.0,195.0,90.3,41.0,76.0,53.9,0,0.1,0.1,-0.1,3.0,18.0,1.0,0.0,18.0,Casa Pia,Brasileiro,Vasco Fernandes (Casa Pia)
Neto,BRA,MF,32,8.9,301.0,382.0,78.8,4974.0,1650.0,154.0,182.0,84.6,109.0,130.0,83.8,26.0,45.0,57.8,0,0.6,0.4,-0.6,9.0,46.0,5.0,1.0,49.0,Casa Pia,Brasileiro,Neto (Casa Pia)
Pablo Roberto,BRA,MF,24,8.9,234.0,312.0,75.0,4357.0,1466.0,103.0,133.0,77.4,93.0,112.0,83.0,31.0,46.0,67.4,2,0.8,0.8,1.2,14.0,32.0,9.0,2.0,48.0,Casa Pia,Brasileiro,Pablo Roberto (Casa Pia)
Beni,ANG,MF,21,7.2,267.0,298.0,89.6,4437.0,1293.0,124.0,135.0,91.9,124.0,132.0,93.9,16.0,22.0,72.7,1,0.1,0.2,0.9,4.0,23.0,3.0,1.0,29.0,Casa Pia,Brasileiro,Beni (Casa Pia)
Felippe Cardoso,BRA,FW,25,5.7,56.0,78.0,71.8,851.0,131.0,32.0,40.0,80.0,15.0,18.0,83.3,6.0,7.0,85.7,0,0.2,0.1,-0.2,3.0,8.0,2.0,0.0,8.0,Casa Pia,Brasileiro,Felippe Cardoso (Casa Pia)
João Nunes,POR,DF,28,4.1,159.0,194.0,82.0,2905.0,1116.0,67.0,71.0,94.4,76.0,91.0,83.5,16.0,30.0,53.3,0,0.1,0.1,-0.1,2.0,12.0,1.0,1.0,10.0,Casa Pia,Brasileiro,João Nunes (Casa Pia)
Saviour Godwin,NGA,"FW,MF",27,3.8,44.0,80.0,55.0,656.0,239.0,27.0,36.0,75.0,15.0,29.0,51.7,2.0,9.0,22.2,0,0.1,0.1,-0.1,1.0,4.0,3.0,1.0,8.0,Casa Pia,Brasileiro,Saviour Godwin (Casa Pia)
Samuel Justo,POR,MF,19,3.8,139.0,180.0,77.2,2114.0,604.0,74.0,84.0,88.1,51.0,65.0,78.5,8.0,18.0,44.4,0,0.1,0.1,-0.1,5.0,8.0,1.0,1.0,14.0,Casa Pia,Brasileiro,Samuel Justo (Casa Pia)
Tiago Dias,POR,"MF,FW",25,3.8,96.0,141.0,68.1,1539.0,462.0,48.0,54.0,88.9,43.0,58.0,74.1,3.0,20.0,15.0,0,0.3,0.9,-0.3,5.0,6.0,8.0,6.0,14.0,Casa Pia,Brasileiro,Tiago Dias (Casa Pia)
Fernando,BRA,FW,30,4.1,63.0,91.0,69.2,878.0,133.0,39.0,48.0,81.3,22.0,26.0,84.6,1.0,5.0,20.0,0,0.1,0.1,-0.1,3.0,5.0,1.0,0.0,7.0,Casa Pia,Brasileiro,Fernando (Casa Pia)
Jajá,BRA,FW,22,3.9,48.0,84.0,57.1,724.0,306.0,24.0,34.0,70.6,20.0,33.0,60.6,2.0,6.0,33.3,0,0.4,0.3,-0.4,2.0,6.0,1.0,0.0,10.0,Casa Pia,Brasileiro,Jajá (Casa Pia)
André Geraldes,POR,"MF,DF",32,4.0,133.0,186.0,71.5,2295.0,975.0,60.0,77.0,77.9,63.0,80.0,78.8,7.0,21.0,33.3,0,0.0,0.1,0.0,1.0,8.0,0.0,0.0,12.0,Casa Pia,Brasileiro,André Geraldes (Casa Pia)
Artur Serobyan,ARM,MF,20,0.7,8.0,14.0,57.1,117.0,2.0,5.0,8.0,62.5,3.0,4.0,75.0,0.0,0.0,0.0,0,0.0,0.0,0.0,0.0,0.0,0.0,0.0,1.0,Casa Pia,Brasileiro,Artur Serobyan (Casa Pia)
Telasco Segovia,VEN,MF,20,0.3,10.0,13.0,76.9,91.0,6.0,8.0,10.0,80.0,1.0,2.0,50.0,0.0,0.0,0.0,0,0.0,0.0,0.0,0.0,1.0,0.0,0.0,1.0,Casa Pia,Brasileiro,Telasco Segovia (Casa Pia)
Rafael Martins,BRA,MF,34,0.3,10.0,12.0,83.3,155.0,17.0,5.0,5.0,100.0,4.0,4.0,100.0,1.0,1.0,100.0,0,0.0,0.0,0.0,0.0,0.0,0.0,0.0,0.0,Casa Pia,Brasileiro,Rafael Martins (Casa Pia)
Duplexe Tchamba,CMR,"DF,FW",25,0.1,2.0,2.0,100.0,40.0,13.0,1.0,1.0,100.0,1.0,1.0,100.0,0.0,0.0,0.0,0,0.0,0.0,0.0,0.0,0.0,0.0,0.0,0.0,Casa Pia,Brasileiro,Duplexe Tchamba (Casa Pia)
Diogo Pinto,POR,MF,24,0.1,3.0,5.0,60.0,32.0,16.0,2.0,2.0,100.0,1.0,1.0,100.0,0.0,1.0,0.0,0,0.0,0.0,0.0,0.0,1.0,0.0,0.0,1.0,Casa Pia,Brasileiro,Diogo Pinto (Casa Pia)
Héctor,ESP,FW,28,14.3,217.0,283.0,76.7,3002.0,560.0,136.0,172.0,79.1,57.0,63.0,90.5,12.0,13.0,92.3,1,0.6,0.3,0.4,7.0,19.0,4.0,0.0,30.0,Chaves,Brasileiro,Héctor (Chaves)
Kelechi Nwakali,NGA,MF,25,11.9,527.0,640.0,82.3,11565.0,3353.0,176.0,192.0,91.7,240.0,265.0,90.6,108.0,171.0,63.2,3,2.4,2.1,0.6,28.0,74.0,3.0,0.0,91.0,Chaves,Brasileiro,Kelechi Nwakali (Chaves)
Bruno Langa,MOZ,"DF,MF",26,11.6,397.0,576.0,68.9,7288.0,3629.0,182.0,216.0,84.3,167.0,229.0,72.9,42.0,96.0,43.8,0,0.8,1.0,-0.8,10.0,44.0,15.0,8.0,64.0,Chaves,Brasileiro,Bruno Langa (Chaves)
Bruno Rodrigues,POR,DF,22,11.2,403.0,492.0,81.9,8227.0,2852.0,132.0,142.0,93.0,216.0,243.0,88.9,50.0,85.0,58.8,0,0.0,0.1,0.0,0.0,22.0,0.0,0.0,31.0,Chaves,Brasileiro,Bruno Rodrigues (Chaves)
Hugo Souza,BRA,GK,24,11.0,231.0,357.0,64.7,7527.0,5767.0,20.0,20.0,100.0,105.0,111.0,94.6,106.0,226.0,46.9,0,0.1,0.0,-0.1,1.0,2.0,0.0,0.0,0.0,Chaves,Brasileiro,Hugo Souza (Chaves)
João Pedro Araújo Correia,CPV,"DF,MF",27,10.1,291.0,451.0,64.5,5181.0,1910.0,129.0,157.0,82.2,124.0,173.0,71.7,32.0,90.0,35.6,0,0.4,0.4,-0.4,6.0,21.0,8.0,4.0,24.0,Chaves,Brasileiro,João Pedro Araújo Correia (Chaves)
Sandro Cruz,POR,"DF,MF",22,8.6,242.0,338.0,71.6,4584.0,2042.0,113.0,136.0,83.1,98.0,119.0,82.4,29.0,66.0,43.9,1,0.7,0.7,0.3,6.0,21.0,4.0,1.0,16.0,Chaves,Brasileiro,Sandro Cruz (Chaves)
Ygor Nogueira,BRA,DF,28,8.7,324.0,398.0,81.4,6025.0,2430.0,120.0,137.0,87.6,159.0,185.0,85.9,35.0,63.0,55.6,0,0.5,0.0,-0.5,1.0,21.0,0.0,0.0,21.0,Chaves,Brasileiro,Ygor Nogueira (Chaves)
Steven Vitória,CAN,DF,36,8.2,220.0,270.0,81.5,4377.0,1672.0,58.0,68.0,85.3,139.0,152.0,91.4,22.0,45.0,48.9,0,0.2,0.4,-0.2,2.0,0.0,0.0,0.0,7.0,Chaves,Brasileiro,Steven Vitória (Chaves)
Leandro Sanca,GNB,"FW,MF",23,9.6,166.0,243.0,68.3,2666.0,564.0,85.0,107.0,79.4,66.0,97.0,68.0,12.0,18.0,66.7,3,1.4,1.4,1.6,18.0,13.0,9.0,5.0,22.0,Chaves,Brasileiro,Leandro Sanca (Chaves)
Ricardo Guimarães,MOZ,MF,28,6.6,243.0,294.0,82.7,4244.0,903.0,106.0,122.0,86.9,107.0,120.0,89.2,22.0,40.0,55.0,0,0.3,0.3,-0.3,7.0,20.0,2.0,0.0,18.0,Chaves,Brasileiro,Ricardo Guimarães (Chaves)
Paulo Victor,BRA,FW,22,6.9,101.0,147.0,68.7,1278.0,216.0,68.0,85.0,80.0,25.0,35.0,71.4,3.0,7.0,42.9,1,0.3,0.2,0.7,9.0,4.0,2.0,0.0,10.0,Chaves,Brasileiro,Paulo Victor (Chaves)
Rúben Tiago Rodrigues Ribeiro,POR,"MF,FW",36,6.0,245.0,290.0,84.5,4232.0,1151.0,117.0,127.0,92.1,94.0,105.0,89.5,27.0,41.0,65.9,0,0.9,0.9,-0.9,10.0,18.0,4.0,1.0,25.0,Chaves,Brasileiro,Rúben Tiago Rodrigues Ribeiro (Chaves)
Benny,POR,"MF,FW",23,5.7,123.0,189.0,65.1,2161.0,880.0,52.0,69.0,75.4,48.0,70.0,68.6,15.0,37.0,40.5,0,1.6,1.3,-1.6,17.0,9.0,10.0,6.0,24.0,Chaves,Brasileiro,Benny (Chaves)
Jo,BRA,"FW,MF",28,4.4,37.0,73.0,50.7,441.0,23.0,22.0,37.0,59.5,9.0,15.0,60.0,1.0,4.0,25.0,0,0.3,0.1,-0.3,4.0,1.0,0.0,0.0,1.0,Chaves,Brasileiro,Jo (Chaves)
João Pedro,POR,MF,30,4.1,122.0,169.0,72.2,2086.0,670.0,60.0,73.0,82.2,48.0,62.0,77.4,11.0,23.0,47.8,0,0.1,0.1,-0.1,2.0,16.0,0.0,0.0,16.0,Chaves,Brasileiro,João Pedro (Chaves)
Rodrigo Nascimento,BRA,GK,27,4.0,79.0,122.0,64.8,2595.0,2177.0,10.0,10.0,100.0,32.0,32.0,100.0,37.0,80.0,46.3,0,0.0,0.0,0.0,1.0,4.0,0.0,0.0,0.0,Chaves,Brasileiro,Rodrigo Nascimento (Chaves)
Thibang Phete,RSA,"DF,MF",29,3.7,123.0,134.0,91.8,2422.0,554.0,36.0,38.0,94.7,67.0,71.0,94.4,17.0,21.0,81.0,0,0.0,0.0,0.0,2.0,7.0,0.0,0.0,7.0,Chaves,Brasileiro,Thibang Phete (Chaves)
Rúben Lameiras,POR,"FW,MF",29,2.3,42.0,59.0,71.2,637.0,185.0,22.0,27.0,81.5,12.0,15.0,80.0,4.0,12.0,33.3,0,0.2,0.1,-0.2,3.0,5.0,1.0,0.0,7.0,Chaves,Brasileiro,Rúben Lameiras (Chaves)
Issah Abbas,GHA,"MF,FW",25,3.1,48.0,67.0,71.6,866.0,240.0,16.0,17.0,94.1,24.0,33.0,72.7,5.0,11.0,45.5,2,0.7,0.7,1.3,4.0,3.0,6.0,4.0,6.0,Chaves,Brasileiro,Issah Abbas (Chaves)
Carraça,POR,"MF,DF",30,2.9,117.0,163.0,71.8,2090.0,783.0,56.0,63.0,88.9,47.0,63.0,74.6,14.0,30.0,46.7,0,0.2,0.3,-0.2,5.0,7.0,4.0,4.0,6.0,Chaves,Brasileiro,Carraça (Chaves)
João Queirós,POR,DF,25,2.6,74.0,102.0,72.5,1651.0,827.0,17.0,21.0,81.0,41.0,49.0,83.7,15.0,27.0,55.6,0,0.0,0.0,0.0,0.0,9.0,0.0,0.0,8.0,Chaves,Brasileiro,João Queirós (Chaves)
Habib sylla,CIV,DF,24,2.2,63.0,102.0,61.8,1219.0,522.0,31.0,40.0,77.5,17.0,29.0,58.6,14.0,26.0,53.8,0,0.0,0.1,0.0,2.0,6.0,3.0,3.0,4.0,Chaves,Brasileiro,Habib sylla (Chaves)
Hélder Morim,POR,MF,22,1.9,33.0,43.0,76.7,589.0,158.0,15.0,21.0,71.4,14.0,15.0,93.3,4.0,6.0,66.7,0,0.0,0.0,0.0,2.0,1.0,0.0,0.0,2.0,Chaves,Brasileiro,Hélder Morim (Chaves)
Pedro Pinho,POR,MF,23,1.7,44.0,64.0,68.8,813.0,247.0,19.0,26.0,73.1,18.0,26.0,69.2,7.0,10.0,70.0,0,0.0,0.0,0.0,0.0,2.0,0.0,0.0,5.0,Chaves,Brasileiro,Pedro Pinho (Chaves)
Rodrigo Melro,POR,DF,19,0.0,1.0,2.0,50.0,10.0,3.0,1.0,1.0,100.0,0.0,0.0,0.0,0.0,0.0,0.0,0,0.0,0.0,0.0,0.0,1.0,0.0,0.0,0.0,Chaves,Brasileiro,Rodrigo Melro (Chaves)
Rafik Guitane,FRA,"FW,MF",24,13.6,266.0,366.0,72.7,4157.0,1125.0,150.0,184.0,81.5,89.0,119.0,74.8,18.0,29.0,62.1,2,2.2,2.0,-0.2,20.0,26.0,26.0,1.0,52.0,Estoril,Brasileiro,Rafik Guitane (Estoril)
Tiago Araújo,POR,"DF,MF",22,13.5,432.0,626.0,69.0,8173.0,3044.0,199.0,240.0,82.9,163.0,220.0,74.1,57.0,129.0,44.2,1,1.3,0.9,-0.3,9.0,33.0,14.0,10.0,45.0,Estoril,Brasileiro,Tiago Araújo (Estoril)
Bernardo Vital,POR,DF,23,11.5,506.0,562.0,90.0,9547.0,4062.0,179.0,187.0,95.7,265.0,278.0,95.3,55.0,83.0,66.3,0,0.0,0.1,0.0,2.0,22.0,1.0,0.0,32.0,Estoril,Brasileiro,Bernardo Vital (Estoril)
Jordan Holsgrove,SCO,MF,24,10.9,703.0,810.0,86.8,12989.0,3674.0,277.0,298.0,93.0,315.0,339.0,92.9,87.0,135.0,64.4,2,1.2,0.9,0.8,11.0,66.0,6.0,0.0,80.0,Estoril,Brasileiro,Jordan Holsgrove (Estoril)
Pedro Álvaro,POR,DF,23,11.0,430.0,501.0,85.8,8751.0,3803.0,133.0,143.0,93.0,248.0,258.0,96.1,46.0,89.0,51.7,0,0.6,0.5,-0.6,3.0,15.0,2.0,1.0,17.0,Estoril,Brasileiro,Pedro Álvaro (Estoril)
João Marques,POR,"MF,FW",21,10.6,226.0,299.0,75.6,4289.0,1172.0,95.0,113.0,84.1,84.0,101.0,83.2,36.0,54.0,66.7,3,1.7,1.9,1.3,16.0,20.0,12.0,3.0,37.0,Estoril,Brasileiro,João Marques (Estoril)
Volnei Feltes,BRA,DF,23,9.7,326.0,456.0,71.5,6727.0,2465.0,139.0,161.0,86.3,126.0,168.0,75.0,57.0,105.0,54.3,2,0.7,0.5,1.3,5.0,28.0,7.0,2.0,29.0,Estoril,Brasileiro,Volnei Feltes (Estoril)
Rodrigo Gomes,POR,"DF,MF",20,10.6,203.0,291.0,69.8,3220.0,1004.0,102.0,132.0,77.3,81.0,100.0,81.0,11.0,27.0,40.7,5,1.7,1.1,3.3,23.0,12.0,10.0,3.0,23.0,Estoril,Brasileiro,Rodrigo Gomes (Estoril)
Marcelo Carné,BRA,GK,33,9.0,218.0,326.0,66.9,5940.0,4041.0,44.0,46.0,95.7,111.0,115.0,96.5,62.0,161.0,38.5,0,0.0,0.0,0.0,1.0,7.0,0.0,0.0,0.0,Estoril,Brasileiro,Marcelo Carné (Estoril)
Cassiano,BRA,FW,34,7.7,60.0,98.0,61.2,809.0,165.0,34.0,47.0,72.3,21.0,33.0,63.6,0.0,1.0,0.0,2,0.7,0.5,1.3,5.0,4.0,3.0,0.0,9.0,Estoril,Brasileiro,Cassiano (Estoril)
Mateus Fernandes,POR,MF,19,8.5,361.0,434.0,83.2,6215.0,1688.0,161.0,185.0,87.0,162.0,181.0,89.5,28.0,48.0,58.3,0,1.2,0.7,-1.2,15.0,29.0,6.0,3.0,36.0,Estoril,Brasileiro,Mateus Fernandes (Estoril)
Heriberto Tavares,POR,"FW,MF",26,5.6,63.0,108.0,58.3,940.0,199.0,38.0,51.0,74.5,17.0,31.0,54.8,4.0,10.0,40.0,0,0.1,0.3,-0.1,2.0,2.0,6.0,2.0,7.0,Estoril,Brasileiro,Heriberto Tavares (Estoril)
Alejandro Marqués,VEN,FW,23,6.3,50.0,66.0,75.8,589.0,77.0,28.0,32.0,87.5,15.0,22.0,68.2,0.0,1.0,0.0,0,0.1,0.2,-0.1,4.0,2.0,3.0,0.0,5.0,Estoril,Brasileiro,Alejandro Marqués (Estoril)
Daniel Leite,POR,GK,25,5.0,101.0,138.0,73.2,2437.0,1764.0,25.0,25.0,100.0,49.0,51.0,96.1,27.0,61.0,44.3,0,0.0,0.0,0.0,0.0,1.0,0.0,0.0,0.0,Estoril,Brasileiro,Daniel Leite (Estoril)
Koba Koindredi,FRA,MF,22,3.5,98.0,125.0,78.4,1709.0,462.0,44.0,51.0,86.3,45.0,51.0,88.2,8.0,17.0,47.1,0,0.2,0.1,-0.2,6.0,6.0,1.0,0.0,8.0,Estoril,Brasileiro,Koba Koindredi (Estoril)
Erick Cabaco,URU,DF,28,3.7,148.0,181.0,81.8,3182.0,1267.0,42.0,44.0,95.5,76.0,81.0,93.8,30.0,55.0,54.5,0,0.0,0.0,0.0,0.0,11.0,1.0,0.0,10.0,Estoril,Brasileiro,Erick Cabaco (Estoril)
Eliaquim Mangala,FRA,DF,32,3.1,116.0,128.0,90.6,2270.0,699.0,39.0,39.0,100.0,64.0,71.0,90.1,12.0,15.0,80.0,0,0.0,0.0,0.0,0.0,2.0,0.0,0.0,2.0,Estoril,Brasileiro,Eliaquim Mangala (Estoril)
Raúl Parra,ESP,DF,24,2.4,127.0,153.0,83.0,2445.0,812.0,42.0,43.0,97.7,66.0,74.0,89.2,16.0,29.0,55.2,0,0.1,0.1,-0.1,3.0,5.0,3.0,0.0,12.0,Estoril,Brasileiro,Raúl Parra (Estoril)
Ivan Pavlic,BEL,MF,22,2.0,39.0,60.0,65.0,577.0,168.0,19.0,26.0,73.1,15.0,16.0,93.8,2.0,10.0,20.0,0,0.1,0.1,-0.1,2.0,5.0,1.0,0.0,6.0,Estoril,Brasileiro,Ivan Pavlic (Estoril)
Alexandre Miguel Barros Soares,POR,MF,32,2.8,60.0,84.0,71.4,998.0,348.0,29.0,37.0,78.4,21.0,26.0,80.8,7.0,11.0,63.6,0,0.1,0.2,-0.1,1.0,6.0,0.0,0.0,5.0,Estoril,Brasileiro,Alexandre Miguel Barros Soares (Estoril)
Wagner Pina,POR,"DF,MF",21,1.5,29.0,45.0,64.4,404.0,90.0,14.0,19.0,73.7,13.0,18.0,72.2,0.0,5.0,0.0,0,0.0,0.0,0.0,0.0,1.0,0.0,0.0,1.0,Estoril,Brasileiro,Wagner Pina (Estoril)
João Carlos,BRA,"FW,DF",28,0.6,11.0,25.0,44.0,127.0,4.0,6.0,11.0,54.5,4.0,8.0,50.0,0.0,0.0,0.0,0,0.0,0.0,0.0,1.0,0.0,0.0,0.0,0.0,Estoril,Brasileiro,João Carlos (Estoril)
Mor Ndiaye,SEN,"FW,MF",23,0.2,3.0,7.0,42.9,27.0,9.0,2.0,3.0,66.7,0.0,2.0,0.0,0.0,1.0,0.0,0,0.0,0.0,0.0,0.0,0.0,0.0,0.0,0.0,Estoril,Brasileiro,Mor Ndiaye (Estoril)
Rodrigo Martins,POR,"DF,FW",25,0.1,2.0,3.0,66.7,18.0,5.0,1.0,1.0,100.0,0.0,0.0,0.0,0.0,0.0,0.0,0,0.0,0.0,0.0,0.0,0.0,0.0,0.0,0.0,Estoril,Brasileiro,Rodrigo Martins (Estoril)
Ronald,BRA,"MF,FW",22,13.6,211.0,312.0,67.6,3516.0,925.0,108.0,135.0,80.0,74.0,99.0,74.7,20.0,46.0,43.5,2,2.5,1.9,-0.5,15.0,20.0,11.0,6.0,30.0,Estrela,Brasileiro,Ronald (Estrela)
Gaspar,ANG,DF,26,13.5,599.0,719.0,83.3,12172.0,5086.0,185.0,218.0,84.9,323.0,362.0,89.2,86.0,126.0,68.3,0,0.1,0.8,-0.1,1.0,35.0,3.0,2.0,39.0,Estrela,Brasileiro,Gaspar (Estrela)
Léo Jabá,BRA,"MF,FW",25,10.0,147.0,238.0,61.8,2442.0,731.0,71.0,93.0,76.3,51.0,70.0,72.9,16.0,37.0,43.2,2,2.2,1.7,-0.2,12.0,16.0,13.0,6.0,23.0,Estrela,Brasileiro,Léo Jabá (Estrela)
Leo Cordeiro,BRA,MF,28,12.3,424.0,498.0,85.1,7483.0,1464.0,193.0,209.0,92.3,176.0,192.0,91.7,43.0,67.0,64.2,0,0.5,0.7,-0.5,8.0,30.0,6.0,0.0,46.0,Estrela,Brasileiro,Leo Cordeiro (Estrela)
João Reis,POR,"DF,MF",31,11.6,468.0,641.0,73.0,7883.0,3103.0,234.0,275.0,85.1,187.0,246.0,76.0,41.0,79.0,51.9,0,0.1,0.3,-0.1,3.0,46.0,6.0,1.0,58.0,Estrela,Brasileiro,João Reis (Estrela)
Hevertton Santos,BRA,"DF,MF",22,10.5,422.0,579.0,72.9,7983.0,3819.0,184.0,219.0,84.0,187.0,231.0,81.0,51.0,105.0,48.6,1,2.1,1.6,-1.1,16.0,34.0,10.0,3.0,51.0,Estrela,Brasileiro,Hevertton Santos (Estrela)
Aloísio Souza Genézio,BRA,MF,27,7.8,223.0,291.0,76.6,4099.0,1168.0,94.0,106.0,88.7,101.0,129.0,78.3,27.0,49.0,55.1,1,0.4,0.5,0.6,4.0,25.0,4.0,0.0,36.0,Estrela,Brasileiro,Aloísio Souza Genézio (Estrela)
Johnstone Omurwa,KEN,DF,25,8.6,361.0,430.0,84.0,7060.0,2732.0,122.0,148.0,82.4,191.0,210.0,91.0,44.0,66.0,66.7,0,0.0,0.1,0.0,2.0,20.0,1.0,0.0,29.0,Estrela,Brasileiro,Johnstone Omurwa (Estrela)
Miguel Lopes,POR,DF,37,7.5,294.0,358.0,82.1,6164.0,2109.0,76.0,91.0,83.5,183.0,200.0,91.5,34.0,61.0,55.7,0,0.0,0.1,0.0,1.0,18.0,2.0,0.0,21.0,Estrela,Brasileiro,Miguel Lopes (Estrela)
Jean Felipe,BRA,"MF,DF",29,8.2,313.0,440.0,71.1,5516.0,2803.0,155.0,177.0,87.6,124.0,165.0,75.2,30.0,80.0,37.5,1,2.0,1.9,-1.0,13.0,27.0,11.0,5.0,38.0,Estrela,Brasileiro,Jean Felipe (Estrela)
Bruno Brigido,BRA,GK,32,7.0,176.0,231.0,76.2,5328.0,3776.0,19.0,19.0,100.0,101.0,102.0,99.0,56.0,109.0,51.4,0,0.1,0.0,-0.1,1.0,2.0,1.0,0.0,0.0,Estrela,Brasileiro,Bruno Brigido (Estrela)
Ronaldo Tavares,POR,FW,26,6.2,52.0,107.0,48.6,771.0,176.0,28.0,57.0,49.1,15.0,29.0,51.7,4.0,5.0,80.0,0,0.5,0.5,-0.5,9.0,6.0,3.0,0.0,7.0,Estrela,Brasileiro,Ronaldo Tavares (Estrela)
Vitó Ferreira,POR,MF,26,5.8,190.0,267.0,71.2,3092.0,994.0,101.0,121.0,83.5,64.0,83.0,77.1,21.0,44.0,47.7,0,0.2,0.4,-0.2,4.0,21.0,2.0,0.0,23.0,Estrela,Brasileiro,Vitó Ferreira (Estrela)
Mansur,BRA,DF,30,6.0,284.0,358.0,79.3,5709.0,2150.0,100.0,120.0,83.3,141.0,157.0,89.8,41.0,69.0,59.4,0,0.0,0.1,0.0,0.0,20.0,3.0,2.0,29.0,Estrela,Brasileiro,Mansur (Estrela)
Kikas,POR,"FW,MF",25,6.9,79.0,129.0,61.2,1283.0,238.0,45.0,65.0,69.2,20.0,29.0,69.0,10.0,18.0,55.6,0,0.7,0.4,-0.7,4.0,9.0,7.0,2.0,13.0,Estrela,Brasileiro,Kikas (Estrela)
Wagner Santos,BRA,GK,25,4.7,148.0,189.0,78.3,3847.0,2428.0,23.0,23.0,100.0,90.0,91.0,98.9,35.0,73.0,47.9,0,0.0,0.0,0.0,0.0,3.0,0.0,0.0,0.0,Estrela,Brasileiro,Wagner Santos (Estrela)
Almeida,BRA,DF,23,4.4,168.0,216.0,77.8,3482.0,1229.0,43.0,54.0,79.6,96.0,104.0,92.3,27.0,53.0,50.9,1,0.1,0.0,0.9,1.0,5.0,1.0,0.0,8.0,Estrela,Brasileiro,Almeida (Estrela)
Nkanyiso Shinga,RSA,"DF,MF",23,3.7,139.0,181.0,76.8,2537.0,862.0,59.0,64.0,92.2,66.0,83.0,79.5,12.0,29.0,41.4,0,0.1,0.1,-0.1,1.0,6.0,2.0,1.0,12.0,Estrela,Brasileiro,Nkanyiso Shinga (Estrela)
André Inácio,BRA,"FW,MF",21,3.8,38.0,66.0,57.6,520.0,77.0,25.0,36.0,69.4,7.0,12.0,58.3,3.0,5.0,60.0,0,0.5,0.1,-0.5,3.0,1.0,2.0,1.0,2.0,Estrela,Brasileiro,André Inácio (Estrela)
António Filipe de Carvalho,POR,GK,38,3.0,86.0,118.0,72.9,2199.0,1408.0,11.0,11.0,100.0,50.0,52.0,96.2,25.0,55.0,45.5,0,0.0,0.0,0.0,0.0,1.0,0.0,0.0,0.0,Estrela,Brasileiro,António Filipe de Carvalho (Estrela)
Pedro Sá,POR,MF,30,3.0,102.0,149.0,68.5,1905.0,462.0,47.0,55.0,85.5,41.0,60.0,68.3,13.0,25.0,52.0,0,0.0,0.0,0.0,1.0,9.0,0.0,0.0,9.0,Estrela,Brasileiro,Pedro Sá (Estrela)
Regis Ndo,MLI,"FW,MF",22,2.2,49.0,70.0,70.0,839.0,219.0,19.0,27.0,70.4,22.0,28.0,78.6,5.0,8.0,62.5,1,0.5,0.5,0.5,6.0,1.0,7.0,3.0,12.0,Estrela,Brasileiro,Regis Ndo (Estrela)
Alioune Ndour,SEN,"FW,MF",22,1.9,35.0,55.0,63.6,526.0,74.0,20.0,33.0,60.6,12.0,15.0,80.0,2.0,5.0,40.0,1,0.6,0.3,0.4,2.0,2.0,1.0,0.0,5.0,Estrela,Brasileiro,Alioune Ndour (Estrela)
Keliano,ANG,MF,20,1.3,27.0,37.0,73.0,468.0,109.0,15.0,16.0,93.8,10.0,15.0,66.7,2.0,3.0,66.7,0,0.0,0.0,0.0,0.0,5.0,0.0,0.0,3.0,Estrela,Brasileiro,Keliano (Estrela)
Gustavo Henrique,BRA,FW,24,0.2,0.0,0.0,0.0,0.0,0.0,0.0,0.0,0.0,0.0,0.0,0.0,0.0,0.0,0.0,0,0.0,0.0,0.0,0.0,0.0,0.0,0.0,0.0,Estrela,Brasileiro,Gustavo Henrique (Estrela)
Cambila,ANG,GK,21,0.2,5.0,6.0,83.3,101.0,52.0,0.0,0.0,0.0,5.0,5.0,100.0,0.0,0.0,0.0,0,0.0,0.0,0.0,0.0,0.0,0.0,0.0,0.0,Estrela,Brasileiro,Cambila (Estrela)
Luiz Lúcio Reis Júnior,BRA,GK,22,15.0,391.0,503.0,77.7,10459.0,6824.0,61.0,61.0,100.0,220.0,223.0,98.7,108.0,213.0,50.7,0,0.0,0.0,0.0,0.0,5.0,0.0,0.0,0.0,Famalicão,Brasileiro,Luiz Lúcio Reis Júnior (Famalicão)
Moura,POR,DF,24,15.0,522.0,723.0,72.2,10305.0,4511.0,220.0,253.0,87.0,204.0,286.0,71.3,89.0,155.0,57.4,3,3.6,3.0,-0.6,40.0,38.0,24.0,19.0,50.0,Famalicão,Brasileiro,Moura (Famalicão)
Zaydou Youssouf,FRA,MF,24,13.1,505.0,606.0,83.3,11352.0,3427.0,171.0,179.0,95.5,221.0,248.0,89.1,106.0,159.0,66.7,0,0.3,0.7,-0.3,12.0,54.0,15.0,4.0,67.0,Famalicão,Brasileiro,Zaydou Youssouf (Famalicão)
Otavio Ataide,BRA,DF,21,12.2,523.0,656.0,79.7,11705.0,4749.0,157.0,184.0,85.3,252.0,286.0,88.1,107.0,164.0,65.2,0,0.2,0.5,-0.2,2.0,32.0,3.0,3.0,35.0,Famalicão,Brasileiro,Otavio Ataide (Famalicão)
Jhonder Cádiz,VEN,FW,28,9.4,89.0,174.0,51.1,1102.0,260.0,52.0,86.0,60.5,19.0,47.0,40.4,5.0,10.0,50.0,0,0.2,0.2,-0.2,4.0,6.0,2.0,1.0,12.0,Famalicão,Brasileiro,Jhonder Cádiz (Famalicão)
Riccieli,BRA,DF,25,9.0,407.0,497.0,81.9,9773.0,3301.0,72.0,90.0,80.0,240.0,269.0,89.2,93.0,126.0,73.8,1,0.1,0.0,0.9,2.0,15.0,0.0,0.0,17.0,Famalicão,Brasileiro,Riccieli (Famalicão)
Mirko Topić,SRB,MF,22,9.3,362.0,420.0,86.2,7075.0,1576.0,134.0,154.0,87.0,177.0,192.0,92.2,45.0,57.0,78.9,0,0.2,0.1,-0.2,7.0,40.0,0.0,0.0,49.0,Famalicão,Brasileiro,Mirko Topić (Famalicão)
Nathan,BRA,DF,22,8.0,245.0,315.0,77.8,4234.0,1430.0,129.0,146.0,88.4,91.0,111.0,82.0,20.0,35.0,57.1,0,0.3,0.2,-0.3,4.0,10.0,2.0,0.0,16.0,Famalicão,Brasileiro,Nathan (Famalicão)
José Luis Rodríguez,PAN,FW,25,7.6,118.0,175.0,67.4,1938.0,492.0,63.0,77.0,81.8,40.0,55.0,72.7,11.0,30.0,36.7,2,0.7,1.2,1.3,10.0,5.0,8.0,5.0,16.0,Famalicão,Brasileiro,José Luis Rodríguez (Famalicão)
Gustavo sá,POR,MF,19,6.8,117.0,175.0,66.9,2147.0,607.0,58.0,76.0,76.3,40.0,53.0,75.5,18.0,32.0,56.3,2,0.6,0.7,1.4,8.0,20.0,5.0,0.0,21.0,Famalicão,Brasileiro,Gustavo sá (Famalicão)
Chiquinho,POR,"FW,MF",23,6.7,51.0,105.0,48.6,854.0,312.0,29.0,37.0,78.4,12.0,27.0,44.4,8.0,30.0,26.7,0,0.6,0.8,-0.6,8.0,6.0,2.0,0.0,9.0,Famalicão,Brasileiro,Chiquinho (Famalicão)
Martin Agirregabiria,ESP,DF,27,7.3,269.0,382.0,70.4,4833.0,2117.0,112.0,132.0,84.8,134.0,163.0,82.2,20.0,69.0,29.0,0,0.2,0.4,-0.2,3.0,22.0,8.0,4.0,30.0,Famalicão,Brasileiro,Martin Agirregabiria (Famalicão)
Henrique Araújo,POR,FW,21,6.0,103.0,131.0,78.6,1310.0,149.0,66.0,81.0,81.5,24.0,30.0,80.0,4.0,4.0,100.0,0,0.6,0.2,-0.6,6.0,2.0,2.0,0.0,9.0,Famalicão,Brasileiro,Henrique Araújo (Famalicão)
Óscar Aranda,ESP,"FW,MF",21,6.0,116.0,157.0,73.9,2393.0,805.0,49.0,59.0,83.1,50.0,62.0,80.6,17.0,30.0,56.7,0,0.5,0.6,-0.5,7.0,22.0,4.0,1.0,24.0,Famalicão,Brasileiro,Óscar Aranda (Famalicão)
Justin de Haas,NED,DF,23,6.1,296.0,348.0,85.1,6384.0,2503.0,91.0,97.0,93.8,147.0,166.0,88.6,58.0,81.0,71.6,0,0.0,0.1,0.0,0.0,10.0,0.0,0.0,10.0,Famalicão,Brasileiro,Justin de Haas (Famalicão)
Otso Liimatta,FIN,MF,19,4.1,57.0,81.0,70.4,871.0,200.0,30.0,38.0,78.9,22.0,31.0,71.0,4.0,7.0,57.1,0,0.0,0.1,0.0,1.0,4.0,0.0,0.0,5.0,Famalicão,Brasileiro,Otso Liimatta (Famalicão)
Gustavo Assuncao,POR,MF,23,5.0,189.0,227.0,83.3,3618.0,987.0,68.0,74.0,91.9,95.0,103.0,92.2,23.0,38.0,60.5,0,0.2,0.2,-0.2,3.0,20.0,4.0,2.0,16.0,Famalicão,Brasileiro,Gustavo Assuncao (Famalicão)
Tom Lacoux,FRA,MF,21,3.1,132.0,164.0,80.5,2595.0,551.0,43.0,55.0,78.2,70.0,76.0,92.1,19.0,27.0,70.4,0,0.0,0.0,0.0,1.0,12.0,0.0,0.0,7.0,Famalicão,Brasileiro,Tom Lacoux (Famalicão)
Théo Fonseca,FRA,FW,23,3.0,40.0,55.0,72.7,649.0,272.0,20.0,22.0,90.9,13.0,18.0,72.2,4.0,6.0,66.7,0,0.0,0.0,0.0,0.0,4.0,0.0,0.0,6.0,Famalicão,Brasileiro,Théo Fonseca (Famalicão)
Enea Mihaj,ALB,DF,25,2.7,132.0,148.0,89.2,2976.0,1051.0,34.0,39.0,87.2,72.0,74.0,97.3,26.0,34.0,76.5,0,0.0,0.0,0.0,0.0,5.0,0.0,0.0,5.0,Famalicão,Brasileiro,Enea Mihaj (Famalicão)
Mihai Dobre,ROU,"FW,MF",25,3.0,52.0,69.0,75.4,700.0,198.0,35.0,38.0,92.1,12.0,20.0,60.0,2.0,2.0,100.0,0,0.1,0.1,-0.1,3.0,4.0,0.0,0.0,2.0,Famalicão,Brasileiro,Mihai Dobre (Famalicão)
Pablo,BRA,"FW,MF",19,2.2,36.0,45.0,80.0,481.0,141.0,26.0,29.0,89.7,7.0,9.0,77.8,2.0,3.0,66.7,0,0.2,0.3,-0.2,3.0,2.0,2.0,1.0,3.0,Famalicão,Brasileiro,Pablo (Famalicão)
Afonso Rodrigues,POR,"FW,MF",21,2.6,23.0,41.0,56.1,269.0,73.0,14.0,16.0,87.5,6.0,14.0,42.9,0.0,5.0,0.0,0,0.1,0.0,-0.1,2.0,2.0,0.0,0.0,3.0,Famalicão,Brasileiro,Afonso Rodrigues (Famalicão)
Ricardo Velho,POR,GK,25,14.0,235.0,466.0,50.4,8567.0,6688.0,17.0,17.0,100.0,102.0,102.0,100.0,116.0,345.0,33.6,0,0.1,0.0,-0.1,1.0,7.0,1.0,0.0,0.0,Farense,Brasileiro,Ricardo Velho (Farense)
Talocha,POR,DF,34,13.8,462.0,668.0,69.2,8122.0,3795.0,191.0,221.0,86.4,218.0,277.0,78.7,41.0,124.0,33.1,1,0.8,1.3,0.2,10.0,48.0,4.0,3.0,50.0,Farense,Brasileiro,Talocha (Farense)
Claudio Falcão,BRA,MF,29,13.6,305.0,431.0,70.8,6360.0,2114.0,107.0,134.0,79.9,140.0,184.0,76.1,55.0,94.0,58.5,0,0.1,0.2,-0.1,5.0,28.0,3.0,0.0,37.0,Farense,Brasileiro,Claudio Falcão (Farense)
Mattheus Oliveira,BRA,MF,29,11.7,360.0,470.0,76.6,6729.0,2265.0,143.0,158.0,90.5,158.0,191.0,82.7,50.0,98.0,51.0,1,2.2,1.4,-1.2,19.0,34.0,7.0,3.0,54.0,Farense,Brasileiro,Mattheus Oliveira (Farense)
Gonçalo Silva,POR,DF,32,12.2,406.0,517.0,78.5,9708.0,3540.0,73.0,89.0,82.0,229.0,256.0,89.5,101.0,156.0,64.7,0,0.0,0.1,0.0,0.0,32.0,4.0,0.0,21.0,Farense,Brasileiro,Gonçalo Silva (Farense)
Bachir Belloumi,ALG,"FW,MF",21,10.6,184.0,310.0,59.4,2907.0,1161.0,100.0,142.0,70.4,63.0,102.0,61.8,14.0,38.0,36.8,2,1.3,1.4,0.7,10.0,27.0,11.0,2.0,30.0,Farense,Brasileiro,Bachir Belloumi (Farense)
David Pastor,BRA,DF,23,11.9,390.0,516.0,75.6,6839.0,3456.0,169.0,188.0,89.9,184.0,221.0,83.3,33.0,75.0,44.0,0,0.9,0.7,-0.9,6.0,25.0,12.0,3.0,46.0,Farense,Brasileiro,David Pastor (Farense)
Marco Matias,POR,"FW,MF",34,9.9,170.0,248.0,68.5,2979.0,952.0,86.0,106.0,81.1,53.0,72.0,73.6,25.0,52.0,48.1,2,1.2,0.9,0.8,16.0,16.0,14.0,8.0,26.0,Farense,Brasileiro,Marco Matias (Farense)
Bruno Duarte,BRA,FW,27,10.0,144.0,239.0,60.3,2406.0,620.0,75.0,110.0,68.2,44.0,76.0,57.9,16.0,20.0,80.0,1,0.8,0.6,0.2,14.0,12.0,7.0,2.0,24.0,Farense,Brasileiro,Bruno Duarte (Farense)
Zach Muscat,MLT,DF,30,8.8,300.0,359.0,83.6,6954.0,2233.0,44.0,49.0,89.8,200.0,223.0,89.7,56.0,84.0,66.7,0,0.1,0.0,-0.1,1.0,13.0,0.0,0.0,13.0,Farense,Brasileiro,Zach Muscat (Farense)
Fabrício Isidoro,BRA,MF,31,8.6,229.0,297.0,77.1,4168.0,960.0,85.0,101.0,84.2,111.0,135.0,82.2,24.0,39.0,61.5,1,0.8,0.4,0.2,8.0,25.0,4.0,1.0,40.0,Farense,Brasileiro,Fabrício Isidoro (Farense)
Rui Costa,POR,"FW,MF",27,6.0,62.0,110.0,56.4,1234.0,414.0,26.0,42.0,61.9,23.0,38.0,60.5,11.0,16.0,68.8,2,0.6,0.3,1.4,6.0,11.0,5.0,1.0,18.0,Farense,Brasileiro,Rui Costa (Farense)
Artur Jorge Marques Amorim,POR,DF,29,5.4,133.0,170.0,78.2,3012.0,982.0,28.0,31.0,90.3,85.0,93.0,91.4,20.0,42.0,47.6,0,0.1,0.0,-0.1,1.0,6.0,1.0,0.0,6.0,Farense,Brasileiro,Artur Jorge Marques Amorim (Farense)
Vítor Gonçalves,POR,MF,31,4.3,109.0,151.0,72.2,1836.0,462.0,54.0,60.0,90.0,40.0,59.0,67.8,13.0,22.0,59.1,0,0.7,1.0,-0.7,6.0,12.0,4.0,3.0,13.0,Farense,Brasileiro,Vítor Gonçalves (Farense)
Elves Baldé,POR,"FW,MF",24,2.3,33.0,67.0,49.3,717.0,222.0,11.0,20.0,55.0,13.0,25.0,52.0,8.0,16.0,50.0,1,0.2,0.2,0.8,3.0,2.0,3.0,2.0,6.0,Farense,Brasileiro,Elves Baldé (Farense)
Fran Delgado,ESP,DF,22,2.1,87.0,110.0,79.1,1380.0,644.0,47.0,51.0,92.2,34.0,43.0,79.1,5.0,14.0,35.7,0,0.0,0.0,0.0,1.0,9.0,1.0,0.0,6.0,Farense,Brasileiro,Fran Delgado (Farense)
Igor Rossi Branco,BRA,DF,34,1.4,34.0,48.0,70.8,782.0,285.0,8.0,12.0,66.7,19.0,22.0,86.4,7.0,12.0,58.3,0,0.0,0.0,0.0,0.0,3.0,0.0,0.0,2.0,Farense,Brasileiro,Igor Rossi Branco (Farense)
Rafael Barbosa,POR,"FW,MF",27,2.3,83.0,120.0,69.2,1428.0,393.0,38.0,45.0,84.4,37.0,45.0,82.2,6.0,19.0,31.6,0,0.3,0.3,-0.3,3.0,7.0,2.0,1.0,9.0,Farense,Brasileiro,Rafael Barbosa (Farense)
Zé Luís,CPV,"FW,MF",32,1.5,25.0,43.0,58.1,446.0,161.0,14.0,23.0,60.9,9.0,13.0,69.2,2.0,2.0,100.0,0,0.3,0.2,-0.3,2.0,2.0,1.0,0.0,6.0,Farense,Brasileiro,Zé Luís (Farense)
Facundo Cáseres,ARG,"MF,DF",22,1.1,28.0,35.0,80.0,434.0,93.0,16.0,19.0,84.2,8.0,10.0,80.0,3.0,4.0,75.0,0,0.0,0.0,0.0,0.0,2.0,0.0,0.0,3.0,Farense,Brasileiro,Facundo Cáseres (Farense)
Cristian Ponde,POR,MF,28,0.5,10.0,16.0,62.5,154.0,36.0,7.0,9.0,77.8,3.0,4.0,75.0,0.0,2.0,0.0,0,0.0,0.0,0.0,0.0,0.0,0.0,0.0,1.0,Farense,Brasileiro,Cristian Ponde (Farense)
André Seruca,POR,MF,23,0.4,14.0,24.0,58.3,243.0,79.0,4.0,8.0,50.0,9.0,12.0,75.0,1.0,3.0,33.3,0,0.0,0.0,0.0,0.0,1.0,0.0,0.0,2.0,Farense,Brasileiro,André Seruca (Farense)
Talys Oliveira,BRA,DF,24,0.1,5.0,7.0,71.4,97.0,7.0,3.0,3.0,100.0,1.0,1.0,100.0,1.0,2.0,50.0,0,0.0,0.0,0.0,0.0,0.0,0.0,0.0,1.0,Farense,Brasileiro,Talys Oliveira (Farense)
Rúben Fernandes,POR,DF,37,14.0,706.0,841.0,83.9,15187.0,4957.0,156.0,180.0,86.7,458.0,485.0,94.4,89.0,161.0,55.3,0,0.3,0.4,-0.3,2.0,30.0,2.0,0.0,32.0,Gil Vicente FC,Brasileiro,Rúben Fernandes (Gil Vicente FC)
José Carlos,POR,DF,25,12.7,522.0,716.0,72.9,8850.0,3519.0,245.0,288.0,85.1,227.0,309.0,73.5,42.0,96.0,43.8,1,0.5,0.4,0.5,8.0,25.0,7.0,4.0,31.0,Gil Vicente FC,Brasileiro,José Carlos (Gil Vicente FC)
Maxime Dominguez,SUI,"MF,FW",27,12.0,421.0,522.0,80.7,6843.0,2216.0,222.0,248.0,89.5,139.0,173.0,80.3,42.0,66.0,63.6,3,2.2,2.3,0.8,25.0,47.0,10.0,1.0,71.0,Gil Vicente FC,Brasileiro,Maxime Dominguez (Gil Vicente FC)
Pedro Tiba,POR,MF,35,11.6,457.0,582.0,78.5,8461.0,2576.0,185.0,213.0,86.9,210.0,256.0,82.0,54.0,82.0,65.9,1,1.0,1.3,0.0,13.0,37.0,9.0,1.0,63.0,Gil Vicente FC,Brasileiro,Pedro Tiba (Gil Vicente FC)
Leonardo Buta,POR,DF,21,12.0,455.0,592.0,76.9,7486.0,2929.0,237.0,268.0,88.4,175.0,230.0,76.1,33.0,67.0,49.3,1,0.4,0.5,0.6,5.0,36.0,3.0,0.0,49.0,Gil Vicente FC,Brasileiro,Leonardo Buta (Gil Vicente FC)
Andrew,BRA,GK,22,12.0,333.0,439.0,75.9,8586.0,5966.0,64.0,64.0,100.0,183.0,185.0,98.9,84.0,184.0,45.7,0,0.0,0.0,0.0,0.0,1.0,0.0,0.0,0.0,Gil Vicente FC,Brasileiro,Andrew (Gil Vicente FC)
Gabriel Pereira,BRA,DF,23,11.9,661.0,759.0,87.1,14071.0,4895.0,143.0,158.0,90.5,432.0,455.0,94.9,81.0,136.0,59.6,0,0.0,0.1,0.0,0.0,22.0,1.0,0.0,31.0,Gil Vicente FC,Brasileiro,Gabriel Pereira (Gil Vicente FC)
Kanya Fujimoto,JPN,MF,24,9.2,248.0,343.0,72.3,3678.0,977.0,139.0,174.0,79.9,88.0,111.0,79.3,12.0,27.0,44.4,4,1.4,1.4,2.6,9.0,25.0,10.0,0.0,45.0,Gil Vicente FC,Brasileiro,Kanya Fujimoto (Gil Vicente FC)
Martim Carvalho,POR,MF,20,8.4,336.0,393.0,85.5,5579.0,1593.0,162.0,184.0,88.0,134.0,152.0,88.2,28.0,37.0,75.7,2,0.7,1.0,1.3,10.0,33.0,4.0,0.0,45.0,Gil Vicente FC,Brasileiro,Martim Carvalho (Gil Vicente FC)
Félix Correia,POR,FW,22,7.9,177.0,254.0,69.7,2675.0,782.0,98.0,118.0,83.1,58.0,81.0,71.6,12.0,24.0,50.0,2,0.7,0.8,1.3,10.0,12.0,15.0,2.0,28.0,Gil Vicente FC,Brasileiro,Félix Correia (Gil Vicente FC)
Murilo Costa,BRA,FW,29,7.1,149.0,200.0,74.5,2230.0,494.0,84.0,101.0,83.2,47.0,60.0,78.3,11.0,17.0,64.7,1,0.5,0.8,0.5,8.0,11.0,5.0,2.0,11.0,Gil Vicente FC,Brasileiro,Murilo Costa (Gil Vicente FC)
Roko Baturina,CRO,FW,23,6.2,77.0,115.0,67.0,985.0,99.0,52.0,74.0,70.3,22.0,30.0,73.3,0.0,1.0,0.0,0,0.3,0.3,-0.3,3.0,2.0,1.0,0.0,4.0,Gil Vicente FC,Brasileiro,Roko Baturina (Gil Vicente FC)
Marlon,BRA,"FW,MF",26,4.3,86.0,124.0,69.4,1307.0,426.0,51.0,63.0,81.0,27.0,40.0,67.5,6.0,12.0,50.0,0,0.2,0.4,-0.2,2.0,13.0,5.0,1.0,14.0,Gil Vicente FC,Brasileiro,Marlon (Gil Vicente FC)
Depú,ANG,FW,23,4.1,44.0,63.0,69.8,527.0,100.0,32.0,45.0,71.1,10.0,12.0,83.3,0.0,0.0,0.0,0,0.0,0.0,0.0,1.0,3.0,1.0,0.0,4.0,Gil Vicente FC,Brasileiro,Depú (Gil Vicente FC)
Mory Gbane,CIV,MF,23,4.0,150.0,172.0,87.2,2783.0,691.0,47.0,57.0,82.5,87.0,96.0,90.6,13.0,14.0,92.9,0,0.0,0.0,0.0,0.0,8.0,0.0,0.0,17.0,Gil Vicente FC,Brasileiro,Mory Gbane (Gil Vicente FC)
Né lopes,POR,DF,23,2.8,151.0,170.0,88.8,3156.0,922.0,35.0,40.0,87.5,101.0,110.0,91.8,15.0,18.0,83.3,0,0.0,0.0,0.0,0.0,6.0,1.0,0.0,9.0,Gil Vicente FC,Brasileiro,Né lopes (Gil Vicente FC)
Tidjany Chabrol,FRA,"FW,MF",21,4.0,121.0,154.0,78.6,1608.0,274.0,76.0,86.0,88.4,39.0,52.0,75.0,2.0,6.0,33.3,0,0.3,0.4,-0.3,5.0,9.0,2.0,0.0,9.0,Gil Vicente FC,Brasileiro,Tidjany Chabrol (Gil Vicente FC)
Vinicius Dias,BRA,GK,26,2.0,38.0,51.0,74.5,1055.0,771.0,5.0,5.0,100.0,20.0,20.0,100.0,13.0,26.0,50.0,0,0.0,0.0,0.0,0.0,1.0,0.0,0.0,0.0,Gil Vicente FC,Brasileiro,Vinicius Dias (Gil Vicente FC)
Kiko Vilas Boas,POR,DF,24,2.0,67.0,104.0,64.4,1247.0,334.0,25.0,30.0,83.3,36.0,52.0,69.2,6.0,15.0,40.0,0,0.0,0.0,0.0,0.0,2.0,1.0,1.0,3.0,Gil Vicente FC,Brasileiro,Kiko Vilas Boas (Gil Vicente FC)
Ali Alipour,IRN,FW,28,1.7,25.0,39.0,64.1,324.0,67.0,15.0,17.0,88.2,9.0,13.0,69.2,0.0,3.0,0.0,0,0.0,0.1,0.0,0.0,1.0,2.0,0.0,3.0,Gil Vicente FC,Brasileiro,Ali Alipour (Gil Vicente FC)
Miguel Monteiro,POR,FW,20,2.2,16.0,29.0,55.2,212.0,20.0,11.0,17.0,64.7,5.0,9.0,55.6,0.0,0.0,0.0,1,0.2,0.0,0.8,3.0,1.0,0.0,0.0,0.0,Gil Vicente FC,Brasileiro,Miguel Monteiro (Gil Vicente FC)
Roan Wilson,CRC,"MF,DF",21,1.0,38.0,41.0,92.7,679.0,142.0,13.0,16.0,81.3,23.0,23.0,100.0,2.0,2.0,100.0,0,0.0,0.2,0.0,0.0,1.0,0.0,0.0,2.0,Gil Vicente FC,Brasileiro,Roan Wilson (Gil Vicente FC)
Jesús Castillo,PER,MF,22,0.3,29.0,40.0,72.5,544.0,263.0,13.0,14.0,92.9,11.0,15.0,73.3,5.0,11.0,45.5,0,0.0,0.0,0.0,0.0,6.0,0.0,0.0,5.0,Gil Vicente FC,Brasileiro,Jesús Castillo (Gil Vicente FC)
Thomas Luciano,BRA,DF,21,0.2,11.0,20.0,55.0,165.0,87.0,6.0,6.0,100.0,5.0,11.0,45.5,0.0,3.0,0.0,0,0.1,0.0,-0.1,1.0,1.0,1.0,1.0,2.0,Gil Vicente FC,Brasileiro,Thomas Luciano (Gil Vicente FC)
André Simões,POR,FW,20,0.2,12.0,12.0,100.0,202.0,40.0,6.0,6.0,100.0,3.0,3.0,100.0,2.0,2.0,100.0,0,0.0,0.0,0.0,0.0,0.0,0.0,0.0,1.0,Gil Vicente FC,Brasileiro,André Simões (Gil Vicente FC)
Felipe Silva Lipe,BRA,DF,21,0.1,15.0,16.0,93.8,292.0,66.0,6.0,6.0,100.0,7.0,7.0,100.0,2.0,3.0,66.7,0,0.0,0.0,0.0,1.0,0.0,0.0,0.0,0.0,Gil Vicente FC,Brasileiro,Felipe Silva Lipe (Gil Vicente FC)
Marcelo dos Santos Ferreira,BRA,DF,34,15.0,617.0,739.0,83.5,13476.0,4377.0,141.0,163.0,86.5,395.0,429.0,92.1,79.0,136.0,58.1,0,0.0,0.1,0.0,0.0,32.0,1.0,0.0,30.0,Moreirense,Brasileiro,Marcelo dos Santos Ferreira (Moreirense)
Kewin,BRA,GK,28,15.0,386.0,558.0,69.2,12633.0,9839.0,56.0,56.0,100.0,159.0,163.0,97.5,170.0,335.0,50.7,0,0.0,0.1,0.0,0.0,14.0,1.0,0.0,0.0,Moreirense,Brasileiro,Kewin (Moreirense)
André Luis,BRA,FW,29,14.8,179.0,302.0,59.3,2416.0,682.0,110.0,162.0,67.9,57.0,94.0,60.6,4.0,14.0,28.6,2,2.0,1.0,0.0,19.0,18.0,9.0,0.0,29.0,Moreirense,Brasileiro,André Luis (Moreirense)
Alan,BRA,MF,23,13.3,433.0,570.0,76.0,7456.0,2298.0,207.0,237.0,87.3,178.0,204.0,87.3,40.0,104.0,38.5,4,2.4,1.8,1.6,43.0,61.0,9.0,1.0,80.0,Moreirense,Brasileiro,Alan (Moreirense)
Lawrence Ofori,GHA,MF,25,13.7,525.0,583.0,90.1,9444.0,2786.0,224.0,235.0,95.3,250.0,269.0,92.9,46.0,64.0,71.9,1,0.9,0.5,0.1,8.0,52.0,5.0,1.0,67.0,Moreirense,Brasileiro,Lawrence Ofori (Moreirense)
Gonçalo Franco,POR,MF,23,13.0,340.0,440.0,77.3,5710.0,2007.0,170.0,198.0,85.9,136.0,165.0,82.4,26.0,50.0,52.0,3,2.4,1.6,0.6,12.0,38.0,8.0,3.0,47.0,Moreirense,Brasileiro,Gonçalo Franco (Moreirense)
Maracás,BRA,DF,29,12.0,463.0,550.0,84.2,9978.0,3288.0,108.0,121.0,89.3,287.0,302.0,95.0,68.0,121.0,56.2,0,0.0,0.0,0.0,0.0,16.0,0.0,0.0,24.0,Moreirense,Brasileiro,Maracás (Moreirense)
Fabiano,BRA,DF,23,11.9,415.0,588.0,70.6,8203.0,3016.0,164.0,202.0,81.2,181.0,241.0,75.1,68.0,123.0,55.3,1,0.3,0.6,0.7,7.0,49.0,8.0,7.0,48.0,Moreirense,Brasileiro,Fabiano (Moreirense)
Pedro Amador,POR,DF,25,10.0,358.0,482.0,74.3,6937.0,2934.0,145.0,176.0,82.4,154.0,199.0,77.4,56.0,92.0,60.9,0,0.3,0.6,-0.3,6.0,16.0,11.0,8.0,23.0,Moreirense,Brasileiro,Pedro Amador (Moreirense)
Kobamelo Kodisang,RSA,FW,24,9.1,129.0,196.0,65.8,2173.0,624.0,57.0,77.0,74.0,57.0,77.0,74.0,8.0,16.0,50.0,3,1.3,1.0,1.7,11.0,9.0,11.0,6.0,21.0,Moreirense,Brasileiro,Kobamelo Kodisang (Moreirense)
João Pedro Gomes Camacho,POR,FW,29,8.9,143.0,209.0,68.4,2668.0,730.0,67.0,92.0,72.8,52.0,70.0,74.3,20.0,27.0,74.1,3,1.1,0.8,1.9,12.0,12.0,13.0,4.0,31.0,Moreirense,Brasileiro,João Pedro Gomes Camacho (Moreirense)
Madson,BRA,FW,24,8.8,141.0,232.0,60.8,2165.0,557.0,76.0,107.0,71.0,49.0,76.0,64.5,9.0,21.0,42.9,0,0.6,0.7,-0.6,11.0,5.0,8.0,3.0,14.0,Moreirense,Brasileiro,Madson (Moreirense)
Godfried Frimpong,NED,DF,24,5.8,217.0,283.0,76.7,3689.0,1574.0,101.0,114.0,88.6,90.0,119.0,75.6,18.0,35.0,51.4,1,0.4,0.8,0.6,4.0,16.0,1.0,1.0,19.0,Moreirense,Brasileiro,Godfried Frimpong (Moreirense)
Dinis Pinto,POR,DF,23,3.1,77.0,113.0,68.1,1378.0,618.0,31.0,39.0,79.5,37.0,50.0,74.0,8.0,21.0,38.1,0,0.0,0.1,0.0,1.0,3.0,3.0,0.0,11.0,Moreirense,Brasileiro,Dinis Pinto (Moreirense)
Carlos Ponck,CPV,DF,28,3.3,156.0,176.0,88.6,2880.0,998.0,54.0,59.0,91.5,92.0,95.0,96.8,7.0,16.0,43.8,0,0.0,0.0,0.0,0.0,1.0,0.0,0.0,3.0,Moreirense,Brasileiro,Carlos Ponck (Moreirense)
Wallisson Luiz,BRA,"MF,FW",26,2.2,50.0,70.0,71.4,953.0,338.0,17.0,23.0,73.9,26.0,33.0,78.8,7.0,10.0,70.0,0,0.0,0.0,0.0,1.0,4.0,1.0,1.0,8.0,Moreirense,Brasileiro,Wallisson Luiz (Moreirense)
Rúben Ramos,POR,MF,24,1.0,25.0,32.0,78.1,343.0,94.0,17.0,19.0,89.5,8.0,10.0,80.0,0.0,3.0,0.0,0,0.0,0.0,0.0,0.0,2.0,0.0,0.0,4.0,Moreirense,Brasileiro,Rúben Ramos (Moreirense)
Jeremy Antonisse,CUW,"FW,MF",21,2.1,43.0,60.0,71.7,580.0,221.0,28.0,38.0,73.7,10.0,13.0,76.9,3.0,5.0,60.0,0,0.2,0.2,-0.2,3.0,2.0,1.0,0.0,7.0,Moreirense,Brasileiro,Jeremy Antonisse (Moreirense)
Pedro Aparício,POR,"MF,FW",28,1.3,45.0,62.0,72.6,896.0,297.0,19.0,20.0,95.0,18.0,26.0,69.2,7.0,13.0,53.8,0,0.3,0.4,-0.3,2.0,6.0,2.0,0.0,8.0,Moreirense,Brasileiro,Pedro Aparício (Moreirense)
Matheus Aiás,BRA,"MF,FW",26,0.7,12.0,18.0,66.7,181.0,59.0,4.0,4.0,100.0,4.0,6.0,66.7,1.0,4.0,25.0,0,0.0,0.0,0.0,1.0,3.0,0.0,0.0,3.0,Moreirense,Brasileiro,Matheus Aiás (Moreirense)
Rodrigo Macedo,POR,MF,20,0.1,4.0,4.0,100.0,68.0,14.0,2.0,2.0,100.0,2.0,2.0,100.0,0.0,0.0,0.0,0,0.0,0.0,0.0,0.0,0.0,0.0,0.0,0.0,Moreirense,Brasileiro,Rodrigo Macedo (Moreirense)
Gilberto Batista,POR,MF,20,0.0,0.0,0.0,0.0,0.0,0.0,0.0,0.0,0.0,0.0,0.0,0.0,0.0,0.0,0.0,0,0.0,0.0,0.0,0.0,0.0,0.0,0.0,0.0,Moreirense,Brasileiro,Gilberto Batista (Moreirense)
Filipe Relvas,POR,DF,24,13.8,599.0,742.0,80.7,11612.0,4643.0,208.0,241.0,86.3,317.0,363.0,87.3,67.0,118.0,56.8,1,0.2,0.3,0.8,5.0,38.0,6.0,2.0,42.0,Portimonense,Brasileiro,Filipe Relvas (Portimonense)
Carlinhos,BRA,MF,29,12.9,441.0,582.0,75.8,8529.0,2586.0,187.0,225.0,83.1,173.0,201.0,86.1,74.0,123.0,60.2,2,2.1,1.8,-0.1,25.0,51.0,6.0,1.0,69.0,Portimonense,Brasileiro,Carlinhos (Portimonense)
Vinicius Silvestre,BRA,GK,29,12.0,283.0,403.0,70.2,8825.0,6644.0,29.0,29.0,100.0,146.0,152.0,96.1,107.0,220.0,48.6,0,0.0,0.0,0.0,0.0,4.0,1.0,0.0,0.0,Portimonense,Brasileiro,Vinicius Silvestre (Portimonense)
Hélio Varela,CPV,"FW,MF",21,11.9,233.0,307.0,75.9,3453.0,664.0,140.0,162.0,86.4,69.0,91.0,75.8,15.0,20.0,75.0,0,0.2,0.7,-0.2,5.0,15.0,11.0,2.0,35.0,Portimonense,Brasileiro,Hélio Varela (Portimonense)
Pedrão,BRA,DF,26,11.5,441.0,560.0,78.8,8986.0,4142.0,153.0,167.0,91.6,220.0,260.0,84.6,66.0,123.0,53.7,0,0.2,0.1,-0.2,6.0,33.0,5.0,1.0,42.0,Portimonense,Brasileiro,Pedrão (Portimonense)
Alemão,BRA,DF,21,10.9,325.0,391.0,83.1,6748.0,2695.0,103.0,112.0,92.0,176.0,191.0,92.1,43.0,80.0,53.8,0,0.3,0.0,-0.3,2.0,11.0,0.0,0.0,14.0,Portimonense,Brasileiro,Alemão (Portimonense)
Dener,BRA,MF,31,9.8,308.0,376.0,81.9,5391.0,1930.0,138.0,152.0,90.8,137.0,158.0,86.7,27.0,42.0,64.3,1,0.3,0.4,0.7,5.0,30.0,3.0,0.0,34.0,Portimonense,Brasileiro,Dener (Portimonense)
Sylvester Jasper,BUL,"FW,MF",22,9.4,174.0,240.0,72.5,2412.0,553.0,100.0,116.0,86.2,58.0,78.0,74.4,5.0,16.0,31.3,2,0.9,0.8,1.1,7.0,11.0,7.0,2.0,22.0,Portimonense,Brasileiro,Sylvester Jasper (Portimonense)
Gonçalo Costa,POR,"DF,MF",23,9.9,337.0,477.0,70.6,5517.0,2599.0,171.0,205.0,83.4,139.0,178.0,78.1,23.0,59.0,39.0,3,1.7,1.2,1.3,14.0,32.0,11.0,9.0,41.0,Portimonense,Brasileiro,Gonçalo Costa (Portimonense)
Ronie Carrillo,ECU,FW,27,8.4,128.0,186.0,68.8,1786.0,267.0,83.0,105.0,79.0,39.0,58.0,67.2,3.0,6.0,50.0,0,1.0,0.7,-1.0,10.0,5.0,7.0,2.0,13.0,Portimonense,Brasileiro,Ronie Carrillo (Portimonense)
Guga,POR,"DF,MF",20,7.2,157.0,206.0,76.2,2486.0,864.0,87.0,105.0,82.9,61.0,75.0,81.3,7.0,16.0,43.8,0,0.1,0.1,-0.1,2.0,4.0,2.0,2.0,4.0,Portimonense,Brasileiro,Guga (Portimonense)
Igor Marques,BRA,"DF,MF",24,6.4,218.0,290.0,75.2,3506.0,1586.0,103.0,117.0,88.0,92.0,110.0,83.6,13.0,33.0,39.4,1,0.9,0.7,0.1,8.0,16.0,7.0,6.0,20.0,Portimonense,Brasileiro,Igor Marques (Portimonense)
Maurício,BRA,MF,35,5.0,169.0,204.0,82.8,2623.0,642.0,89.0,101.0,88.1,64.0,73.0,87.7,8.0,14.0,57.1,0,0.0,0.1,0.0,2.0,13.0,1.0,0.0,16.0,Portimonense,Brasileiro,Maurício (Portimonense)
Rildo,BRA,"FW,MF",23,5.7,71.0,100.0,71.0,1106.0,278.0,41.0,48.0,85.4,22.0,32.0,68.8,6.0,13.0,46.2,1,0.7,0.4,0.3,3.0,6.0,2.0,0.0,9.0,Portimonense,Brasileiro,Rildo (Portimonense)
Moustapha Seck,SEN,"DF,MF",27,3.3,104.0,159.0,65.4,1752.0,608.0,45.0,58.0,77.6,43.0,63.0,68.3,11.0,24.0,45.8,0,0.0,0.1,0.0,1.0,3.0,1.0,1.0,6.0,Portimonense,Brasileiro,Moustapha Seck (Portimonense)
Paulo Estrela Moreira,POR,"MF,FW",24,4.2,191.0,240.0,79.6,3706.0,1217.0,63.0,76.0,82.9,95.0,104.0,91.3,27.0,51.0,52.9,1,0.1,0.1,0.9,3.0,24.0,1.0,0.0,22.0,Portimonense,Brasileiro,Paulo Estrela Moreira (Portimonense)
Nonoca,BRA,"MF,FW",25,3.6,115.0,131.0,87.8,2051.0,431.0,44.0,47.0,93.6,56.0,65.0,86.2,10.0,13.0,76.9,0,0.4,0.4,-0.4,4.0,6.0,1.0,1.0,4.0,Portimonense,Brasileiro,Nonoca (Portimonense)
Kosuke Nakamura,JPN,GK,28,2.0,55.0,74.0,74.3,1399.0,909.0,10.0,10.0,100.0,30.0,30.0,100.0,15.0,34.0,44.1,0,0.0,0.0,0.0,0.0,0.0,0.0,0.0,0.0,Portimonense,Brasileiro,Kosuke Nakamura (Portimonense)
Paulinho,POR,"FW,MF",24,1.9,21.0,34.0,61.8,254.0,54.0,11.0,15.0,73.3,7.0,13.0,53.8,0.0,0.0,0.0,0,0.0,0.0,0.0,0.0,0.0,0.0,0.0,0.0,Portimonense,Brasileiro,Paulinho (Portimonense)
Rafael Alcobia,POR,DF,20,1.3,59.0,75.0,78.7,1234.0,555.0,18.0,18.0,100.0,31.0,36.0,86.1,9.0,19.0,47.4,0,0.1,0.0,-0.1,2.0,6.0,1.0,0.0,3.0,Portimonense,Brasileiro,Rafael Alcobia (Portimonense)
Luan Campos,BRA,"FW,MF",21,1.1,13.0,25.0,52.0,228.0,75.0,4.0,6.0,66.7,6.0,9.0,66.7,2.0,5.0,40.0,0,0.2,0.1,-0.2,2.0,1.0,0.0,0.0,2.0,Portimonense,Brasileiro,Luan Campos (Portimonense)
Zinho,BRA,"FW,MF",20,1.3,18.0,26.0,69.2,225.0,57.0,11.0,14.0,78.6,5.0,9.0,55.6,1.0,1.0,100.0,0,0.4,0.6,-0.4,2.0,0.0,1.0,0.0,2.0,Portimonense,Brasileiro,Zinho (Portimonense)
Midana Cassama,GNB,MF,21,0.2,3.0,5.0,60.0,29.0,0.0,3.0,4.0,75.0,0.0,1.0,0.0,0.0,0.0,0.0,0,0.0,0.0,0.0,0.0,0.0,0.0,0.0,0.0,Portimonense,Brasileiro,Midana Cassama (Portimonense)
Jose Souza,POR,MF,22,0.1,8.0,8.0,100.0,149.0,71.0,4.0,4.0,100.0,3.0,3.0,100.0,1.0,1.0,100.0,0,0.0,0.0,0.0,0.0,2.0,0.0,0.0,1.0,Portimonense,Brasileiro,Jose Souza (Portimonense)
Dennis Adeniran,ENG,MF,24,0.1,2.0,2.0,100.0,31.0,0.0,1.0,1.0,100.0,1.0,1.0,100.0,0.0,0.0,0.0,0,0.0,0.0,0.0,0.0,0.0,0.0,0.0,0.0,Portimonense,Brasileiro,Dennis Adeniran (Portimonense)
Diogo Costa,POR,GK,24,15.0,453.0,580.0,78.1,12459.0,8376.0,55.0,57.0,96.5,245.0,248.0,98.8,152.0,272.0,55.9,0,0.0,0.0,0.0,0.0,9.0,0.0,0.0,1.0,Porto,Brasileiro,Diogo Costa (Porto)
Pepê,BRA,"MF,DF",26,13.2,423.0,558.0,75.8,6951.0,1897.0,209.0,258.0,81.0,177.0,213.0,83.1,30.0,52.0,57.7,2,1.8,2.6,0.2,17.0,40.0,32.0,5.0,77.0,Porto,Brasileiro,Pepê (Porto)
Stephen Eustáquio,CAN,MF,27,13.1,641.0,784.0,81.8,11601.0,3174.0,267.0,317.0,84.2,296.0,337.0,87.8,65.0,98.0,66.3,2,2.6,3.2,-0.6,24.0,56.0,20.0,1.0,87.0,Porto,Brasileiro,Stephen Eustáquio (Porto)
Mehdi Taremi,IRN,FW,31,12.9,239.0,318.0,75.2,3263.0,759.0,142.0,169.0,84.0,74.0,93.0,79.6,8.0,15.0,53.3,1,1.6,2.0,-0.6,14.0,22.0,9.0,0.0,35.0,Porto,Brasileiro,Mehdi Taremi (Porto)
João Mário Lopes,POR,DF,23,10.6,450.0,556.0,80.9,7103.0,2084.0,229.0,255.0,89.8,191.0,235.0,81.3,20.0,39.0,51.3,0,0.8,1.1,-0.8,10.0,29.0,12.0,6.0,53.0,Porto,Brasileiro,João Mário Lopes (Porto)
Alan Varela,ARG,MF,22,9.2,473.0,545.0,86.8,8419.0,2064.0,219.0,244.0,89.8,202.0,220.0,91.8,47.0,67.0,70.1,0,0.2,0.3,-0.2,2.0,47.0,5.0,0.0,44.0,Porto,Brasileiro,Alan Varela (Porto)
Galeno,BRA,"MF,DF",26,10.1,221.0,324.0,68.2,3527.0,916.0,109.0,133.0,82.0,95.0,130.0,73.1,11.0,32.0,34.4,2,1.5,2.0,0.5,16.0,13.0,9.0,1.0,20.0,Porto,Brasileiro,Galeno (Porto)
Pepe,POR,DF,40,7.2,426.0,511.0,83.4,8314.0,3304.0,160.0,178.0,89.9,206.0,228.0,90.4,55.0,94.0,58.5,1,0.1,0.2,0.9,3.0,39.0,2.0,0.0,27.0,Porto,Brasileiro,Pepe (Porto)
Evanilson,BRA,FW,24,7.0,123.0,162.0,75.9,1545.0,382.0,77.0,98.0,78.6,28.0,32.0,87.5,6.0,9.0,66.7,1,0.6,1.3,0.4,7.0,8.0,6.0,1.0,16.0,Porto,Brasileiro,Evanilson (Porto)
Fábio Cardoso,POR,DF,29,6.9,468.0,516.0,90.7,9520.0,3266.0,146.0,158.0,92.4,273.0,287.0,95.1,48.0,65.0,73.8,1,0.3,0.6,0.7,3.0,51.0,2.0,0.0,64.0,Porto,Brasileiro,Fábio Cardoso (Porto)
David Carmo,POR,DF,24,6.8,360.0,424.0,84.9,7618.0,2590.0,103.0,111.0,92.8,212.0,221.0,95.9,44.0,83.0,53.0,0,0.1,0.2,-0.1,2.0,36.0,2.0,0.0,31.0,Porto,Brasileiro,David Carmo (Porto)
Wendell,BRA,DF,30,6.9,359.0,449.0,80.0,6456.0,1836.0,144.0,160.0,90.0,185.0,214.0,86.4,28.0,58.0,48.3,1,0.7,1.2,0.3,9.0,16.0,9.0,5.0,41.0,Porto,Brasileiro,Wendell (Porto)
Iván Marcano,ESP,DF,36,4.1,286.0,319.0,89.7,6147.0,2136.0,77.0,83.0,92.8,161.0,169.0,95.3,48.0,59.0,81.4,0,0.1,0.3,-0.1,2.0,35.0,4.0,1.0,45.0,Porto,Brasileiro,Iván Marcano (Porto)
Zé Pedro Figueiredo,POR,DF,26,4.7,296.0,340.0,87.1,6420.0,2021.0,76.0,85.0,89.4,170.0,185.0,91.9,48.0,62.0,77.4,0,0.0,0.4,0.0,0.0,37.0,3.0,2.0,37.0,Porto,Brasileiro,Zé Pedro Figueiredo (Porto)
André Franco,POR,"MF,FW",25,4.1,191.0,242.0,78.9,3033.0,982.0,97.0,107.0,90.7,72.0,82.0,87.8,17.0,40.0,42.5,1,1.6,1.2,-0.6,12.0,16.0,6.0,1.0,27.0,Porto,Brasileiro,André Franco (Porto)
Nicolás González,ESP,MF,21,4.1,235.0,265.0,88.7,4062.0,1069.0,113.0,122.0,92.6,97.0,105.0,92.4,24.0,31.0,77.4,0,0.4,0.6,-0.4,4.0,25.0,3.0,1.0,32.0,Porto,Brasileiro,Nicolás González (Porto)
Toni Martínez,ESP,FW,26,4.0,48.0,70.0,68.6,528.0,64.0,34.0,49.0,69.4,9.0,12.0,75.0,0.0,2.0,0.0,0,0.5,0.3,-0.5,4.0,2.0,2.0,0.0,3.0,Porto,Brasileiro,Toni Martínez (Porto)
Jorge Eduardo Sánchez,MEX,DF,26,3.9,203.0,246.0,82.5,3080.0,975.0,116.0,127.0,91.3,72.0,86.0,83.7,12.0,18.0,66.7,0,0.2,0.2,-0.2,3.0,8.0,2.0,0.0,23.0,Porto,Brasileiro,Jorge Eduardo Sánchez (Porto)
Zaidu Sanusi,NGA,DF,26,2.8,117.0,172.0,68.0,2031.0,634.0,55.0,66.0,83.3,50.0,70.0,71.4,11.0,26.0,42.3,0,0.2,0.2,-0.2,5.0,8.0,3.0,2.0,5.0,Porto,Brasileiro,Zaidu Sanusi (Porto)
Francisco Conceição,POR,"MF,FW",21,3.7,120.0,158.0,75.9,2018.0,433.0,67.0,77.0,87.0,35.0,44.0,79.5,15.0,25.0,60.0,1,0.7,0.7,0.3,4.0,4.0,8.0,3.0,14.0,Porto,Brasileiro,Francisco Conceição (Porto)
Ivan Jaime Pajuelo,ESP,MF,23,2.9,124.0,154.0,80.5,2023.0,487.0,68.0,72.0,94.4,44.0,53.0,83.0,12.0,24.0,50.0,0,0.3,0.6,-0.3,4.0,10.0,6.0,2.0,17.0,Porto,Brasileiro,Ivan Jaime Pajuelo (Porto)
João Miguel,POR,DF,23,2.1,108.0,142.0,76.1,2016.0,599.0,47.0,53.0,88.7,46.0,56.0,82.1,14.0,26.0,53.8,1,0.5,0.3,0.5,1.0,8.0,2.0,0.0,11.0,Porto,Brasileiro,João Miguel (Porto)
Romário Baró,POR,"MF,FW",23,1.4,42.0,56.0,75.0,676.0,189.0,18.0,24.0,75.0,20.0,21.0,95.2,3.0,4.0,75.0,0,0.2,0.1,-0.2,2.0,4.0,2.0,0.0,7.0,Porto,Brasileiro,Romário Baró (Porto)
Gonçalo Borges,POR,"MF,DF",22,2.3,57.0,89.0,64.0,853.0,252.0,35.0,42.0,83.3,21.0,32.0,65.6,1.0,8.0,12.5,2,1.8,2.7,0.2,8.0,1.0,5.0,4.0,8.0,Porto,Brasileiro,Gonçalo Borges (Porto)
Fran Navarro,ESP,"FW,MF",25,1.9,19.0,24.0,79.2,291.0,90.0,7.0,9.0,77.8,8.0,9.0,88.9,2.0,3.0,66.7,0,0.2,0.3,-0.2,2.0,3.0,2.0,2.0,3.0,Porto,Brasileiro,Fran Navarro (Porto)
Marko Grujić,SRB,MF,27,1.3,75.0,91.0,82.4,1510.0,525.0,27.0,32.0,84.4,34.0,38.0,89.5,12.0,17.0,70.6,1,0.7,0.2,0.3,3.0,11.0,1.0,0.0,19.0,Porto,Brasileiro,Marko Grujić (Porto)
Otávio,POR,"MF,FW",28,1.0,38.0,54.0,70.4,668.0,166.0,17.0,25.0,68.0,16.0,20.0,80.0,5.0,9.0,55.6,0,0.1,0.0,-0.1,2.0,2.0,1.0,0.0,4.0,Porto,Brasileiro,Otávio (Porto)
Danny Loader,ENG,"FW,DF",23,0.5,15.0,20.0,75.0,205.0,53.0,9.0,12.0,75.0,4.0,4.0,100.0,1.0,1.0,100.0,0,0.0,0.0,0.0,0.0,2.0,1.0,0.0,3.0,Porto,Brasileiro,Danny Loader (Porto)
Costinha,POR,"MF,DF",23,15.0,435.0,639.0,68.1,7972.0,3018.0,194.0,241.0,80.5,179.0,251.0,71.3,56.0,102.0,54.9,3,2.8,2.3,0.2,14.0,20.0,20.0,12.0,40.0,Rio Ave,Brasileiro,Costinha (Rio Ave)
Aderlan Santos,BRA,DF,34,15.0,753.0,905.0,83.2,14777.0,5864.0,217.0,245.0,88.6,463.0,497.0,93.2,69.0,144.0,47.9,0,0.6,0.1,-0.6,6.0,33.0,0.0,0.0,42.0,Rio Ave,Brasileiro,Aderlan Santos (Rio Ave)
Fábio Conceição,POR,"MF,DF",22,14.8,494.0,634.0,77.9,8235.0,2524.0,247.0,284.0,87.0,201.0,250.0,80.4,36.0,59.0,61.0,0,2.1,1.7,-2.1,14.0,31.0,23.0,4.0,55.0,Rio Ave,Brasileiro,Fábio Conceição (Rio Ave)
Amine Oudrhiri,MAR,MF,31,12.9,490.0,563.0,87.0,8848.0,2153.0,211.0,235.0,89.8,215.0,238.0,90.3,56.0,70.0,80.0,0,0.4,0.2,-0.4,8.0,44.0,3.0,0.0,64.0,Rio Ave,Brasileiro,Amine Oudrhiri (Rio Ave)
Josué Sá,POR,DF,31,11.7,553.0,649.0,85.2,10294.0,3585.0,214.0,232.0,92.2,277.0,308.0,89.9,59.0,98.0,60.2,0,0.5,0.4,-0.5,5.0,46.0,5.0,3.0,51.0,Rio Ave,Brasileiro,Josué Sá (Rio Ave)
Gonçalo Rodrigues,POR,MF,26,10.8,363.0,467.0,77.7,6355.0,1471.0,173.0,196.0,88.3,143.0,182.0,78.6,42.0,71.0,59.2,0,1.1,1.0,-1.1,14.0,38.0,6.0,0.0,58.0,Rio Ave,Brasileiro,Gonçalo Rodrigues (Rio Ave)
Emmanuel Boateng,GHA,FW,27,9.6,110.0,150.0,73.3,1567.0,228.0,69.0,85.0,81.2,28.0,42.0,66.7,6.0,7.0,85.7,1,0.9,0.6,0.1,8.0,3.0,3.0,1.0,9.0,Rio Ave,Brasileiro,Emmanuel Boateng (Rio Ave)
Joca,POR,"FW,MF",27,6.9,128.0,193.0,66.3,2112.0,509.0,54.0,68.0,79.4,50.0,68.0,73.5,14.0,38.0,36.8,1,1.3,0.8,-0.3,7.0,12.0,6.0,2.0,23.0,Rio Ave,Brasileiro,Joca (Rio Ave)
Jhonatan,BRA,GK,32,8.0,167.0,254.0,65.7,4931.0,3718.0,30.0,31.0,96.8,70.0,70.0,100.0,67.0,152.0,44.1,0,0.0,0.0,0.0,0.0,3.0,0.0,0.0,1.0,Rio Ave,Brasileiro,Jhonatan (Rio Ave)
Miguel Nóbrega,POR,DF,23,7.9,350.0,449.0,78.0,7149.0,2398.0,106.0,123.0,86.2,189.0,216.0,87.5,53.0,97.0,54.6,0,0.0,0.1,0.0,0.0,28.0,2.0,1.0,33.0,Rio Ave,Brasileiro,Miguel Nóbrega (Rio Ave)
Magrão,BRA,GK,23,7.0,172.0,223.0,77.1,4307.0,2941.0,35.0,35.0,100.0,85.0,87.0,97.7,49.0,96.0,51.0,0,0.0,0.0,0.0,0.0,1.0,0.0,0.0,0.0,Rio Ave,Brasileiro,Magrão (Rio Ave)
André Pereira,POR,FW,28,6.5,115.0,166.0,69.3,1580.0,386.0,71.0,95.0,74.7,29.0,39.0,74.4,7.0,12.0,58.3,0,0.2,0.6,-0.2,5.0,15.0,2.0,1.0,14.0,Rio Ave,Brasileiro,André Pereira (Rio Ave)
Renato Pantalon,CRO,DF,26,6.3,313.0,374.0,83.7,6127.0,1681.0,100.0,112.0,89.3,167.0,179.0,93.3,42.0,71.0,59.2,0,0.1,0.1,-0.1,1.0,24.0,1.0,1.0,29.0,Rio Ave,Brasileiro,Renato Pantalon (Rio Ave)
Leonardo Ruíz,COL,FW,27,6.4,122.0,168.0,72.6,1855.0,303.0,58.0,74.0,78.4,33.0,46.0,71.7,15.0,19.0,78.9,0,0.0,0.2,0.0,1.0,7.0,1.0,1.0,9.0,Rio Ave,Brasileiro,Leonardo Ruíz (Rio Ave)
Bruno Ventura,POR,"FW,MF",22,5.3,112.0,153.0,73.2,1804.0,486.0,59.0,70.0,84.3,34.0,42.0,81.0,13.0,25.0,52.0,0,2.1,1.7,-2.1,13.0,7.0,3.0,1.0,11.0,Rio Ave,Brasileiro,Bruno Ventura (Rio Ave)
João Graça,POR,"MF,FW",28,5.2,161.0,211.0,76.3,2445.0,604.0,80.0,89.0,89.9,65.0,77.0,84.4,8.0,26.0,30.8,0,0.1,0.3,-0.1,3.0,12.0,6.0,1.0,23.0,Rio Ave,Brasileiro,João Graça (Rio Ave)
Zé Manuel,POR,"MF,FW",33,4.5,75.0,107.0,70.1,930.0,207.0,45.0,57.0,78.9,20.0,34.0,58.8,3.0,5.0,60.0,0,0.5,0.2,-0.5,7.0,5.0,1.0,0.0,9.0,Rio Ave,Brasileiro,Zé Manuel (Rio Ave)
Hernâni Fortes,POR,FW,32,3.8,53.0,88.0,60.2,1139.0,483.0,23.0,27.0,85.2,12.0,25.0,48.0,17.0,31.0,54.8,1,0.9,0.9,0.1,12.0,3.0,7.0,6.0,4.0,Rio Ave,Brasileiro,Hernâni Fortes (Rio Ave)
Savio,BRA,"DF,MF",28,2.8,199.0,258.0,77.1,3616.0,1143.0,73.0,83.0,88.0,102.0,124.0,82.3,21.0,45.0,46.7,1,0.9,1.3,0.1,6.0,20.0,2.0,2.0,25.0,Rio Ave,Brasileiro,Savio (Rio Ave)
Patrick,BRA,DF,26,1.6,89.0,109.0,81.7,1581.0,574.0,39.0,43.0,90.7,40.0,46.0,87.0,9.0,19.0,47.4,0,0.0,0.0,0.0,0.0,6.0,0.0,0.0,5.0,Rio Ave,Brasileiro,Patrick (Rio Ave)
Vítor Gomes,POR,MF,36,1.9,81.0,107.0,75.7,1397.0,505.0,30.0,37.0,81.1,42.0,50.0,84.0,7.0,15.0,46.7,0,0.0,0.1,0.0,0.0,10.0,0.0,0.0,12.0,Rio Ave,Brasileiro,Vítor Gomes (Rio Ave)
Ukra,POR,"MF,FW",35,0.7,13.0,17.0,76.5,288.0,58.0,2.0,2.0,100.0,8.0,10.0,80.0,2.0,4.0,50.0,0,0.0,0.0,0.0,0.0,1.0,0.0,0.0,2.0,Rio Ave,Brasileiro,Ukra (Rio Ave)
Nuno Namora,POR,"DF,MF",25,0.3,27.0,36.0,75.0,465.0,230.0,8.0,10.0,80.0,19.0,22.0,86.4,0.0,2.0,0.0,0,0.0,0.0,0.0,0.0,9.0,0.0,0.0,8.0,Rio Ave,Brasileiro,Nuno Namora (Rio Ave)
Julien Lomboto,COD,MF,21,0.1,3.0,3.0,100.0,56.0,24.0,1.0,1.0,100.0,2.0,2.0,100.0,0.0,0.0,0.0,0,0.0,0.0,0.0,0.0,0.0,0.0,0.0,1.0,Rio Ave,Brasileiro,Julien Lomboto (Rio Ave)
Antonio Adán,ESP,GK,36,14.0,327.0,412.0,79.4,8286.0,5817.0,66.0,66.0,100.0,184.0,187.0,98.4,77.0,159.0,48.4,0,0.0,0.0,0.0,0.0,6.0,0.0,0.0,0.0,Sporting CP,Brasileiro,Antonio Adán (Sporting CP)
Ousmane Diomande,CIV,DF,20,13.4,874.0,967.0,90.4,15501.0,5064.0,356.0,374.0,95.2,456.0,491.0,92.9,51.0,76.0,67.1,1,0.2,0.3,0.8,6.0,87.0,5.0,0.0,70.0,Sporting CP,Brasileiro,Ousmane Diomande (Sporting CP)
Pedro Gonçalves,POR,"FW,MF",25,13.3,395.0,551.0,71.7,6505.0,2331.0,216.0,246.0,87.8,113.0,156.0,72.4,43.0,91.0,47.3,3,3.7,4.2,-0.7,30.0,37.0,21.0,4.0,77.0,Sporting CP,Brasileiro,Pedro Gonçalves (Sporting CP)
Viktor Gyökeres,SWE,FW,25,12.9,254.0,343.0,74.1,3082.0,466.0,170.0,209.0,81.3,59.0,78.0,75.6,8.0,18.0,44.4,5,1.9,2.2,3.1,18.0,10.0,8.0,0.0,26.0,Sporting CP,Brasileiro,Viktor Gyökeres (Sporting CP)
Hidemasa Morita,JPN,MF,28,12.9,568.0,660.0,86.1,8979.0,2545.0,312.0,343.0,91.0,207.0,233.0,88.8,35.0,58.0,60.3,2,1.1,1.4,0.9,10.0,62.0,14.0,2.0,73.0,Sporting CP,Brasileiro,Hidemasa Morita (Sporting CP)
Gonçalo Inácio,POR,DF,22,12.4,981.0,1119.0,87.7,17469.0,6754.0,414.0,447.0,92.6,485.0,517.0,93.8,73.0,128.0,57.0,0,0.1,0.4,-0.1,3.0,104.0,3.0,1.0,96.0,Sporting CP,Brasileiro,Gonçalo Inácio (Sporting CP)
Sebastián Coates,URU,DF,33,10.5,641.0,720.0,89.0,10964.0,4350.0,286.0,304.0,94.1,317.0,338.0,93.8,35.0,67.0,52.2,0,0.3,0.3,-0.3,3.0,30.0,0.0,0.0,33.0,Sporting CP,Brasileiro,Sebastián Coates (Sporting CP)
Morten Hjulmand,DEN,MF,24,10.5,567.0,659.0,86.0,8667.0,2300.0,315.0,347.0,90.8,216.0,242.0,89.3,25.0,42.0,59.5,1,0.6,0.5,0.4,11.0,53.0,8.0,0.0,59.0,Sporting CP,Brasileiro,Morten Hjulmand (Sporting CP)
Marcus Edwards,ENG,"FW,MF",25,9.8,246.0,328.0,75.0,3566.0,1262.0,141.0,161.0,87.6,67.0,90.0,74.4,19.0,33.0,57.6,3,4.6,3.6,-1.6,35.0,17.0,28.0,9.0,50.0,Sporting CP,Brasileiro,Marcus Edwards (Sporting CP)
Ricardo Esgaio,POR,"MF,DF",30,8.7,408.0,537.0,76.0,6691.0,2282.0,214.0,240.0,89.2,154.0,217.0,71.0,33.0,51.0,64.7,2,1.3,1.5,0.7,13.0,30.0,14.0,9.0,29.0,Sporting CP,Brasileiro,Ricardo Esgaio (Sporting CP)
Nuno Santos,POR,"MF,DF",28,7.9,383.0,505.0,75.8,6482.0,1573.0,199.0,219.0,90.9,147.0,194.0,75.8,35.0,63.0,55.6,2,2.0,2.5,0.0,13.0,16.0,16.0,4.0,37.0,Sporting CP,Brasileiro,Nuno Santos (Sporting CP)
Matheus Reis,BRA,"DF,MF",28,7.8,427.0,510.0,83.7,6440.0,1961.0,257.0,274.0,93.8,141.0,170.0,82.9,22.0,51.0,43.1,2,0.8,0.7,1.2,9.0,40.0,13.0,5.0,50.0,Sporting CP,Brasileiro,Matheus Reis (Sporting CP)
Geny Catamo,MOZ,"MF,DF",22,5.9,218.0,276.0,79.0,3277.0,1064.0,129.0,147.0,87.8,75.0,91.0,82.4,13.0,20.0,65.0,1,1.0,0.9,0.0,7.0,11.0,7.0,1.0,19.0,Sporting CP,Brasileiro,Geny Catamo (Sporting CP)
Paulinho,POR,FW,31,5.4,102.0,144.0,70.8,1789.0,659.0,48.0,59.0,81.4,40.0,54.0,74.1,12.0,18.0,66.7,0,0.6,0.8,-0.6,6.0,21.0,6.0,0.0,28.0,Sporting CP,Brasileiro,Paulinho (Sporting CP)
Daniel Bragança,POR,MF,24,2.3,119.0,130.0,91.5,1841.0,367.0,62.0,67.0,92.5,47.0,50.0,94.0,7.0,8.0,87.5,0,0.2,0.1,-0.2,3.0,19.0,2.0,1.0,14.0,Sporting CP,Brasileiro,Daniel Bragança (Sporting CP)
Francisco Trincão,POR,"FW,MF",24,2.4,95.0,104.0,91.3,1378.0,355.0,49.0,49.0,100.0,40.0,44.0,90.9,2.0,6.0,33.3,0,0.4,0.3,-0.4,5.0,8.0,3.0,0.0,14.0,Sporting CP,Brasileiro,Francisco Trincão (Sporting CP)
Eduardo Quaresma,POR,DF,21,1.3,44.0,51.0,86.3,890.0,199.0,13.0,16.0,81.3,25.0,28.0,89.3,6.0,7.0,85.7,0,0.0,0.0,0.0,0.0,2.0,0.0,0.0,4.0,Sporting CP,Brasileiro,Eduardo Quaresma (Sporting CP)
Jerry St. Juste,NED,DF,27,1.2,52.0,57.0,91.2,891.0,372.0,24.0,26.0,92.3,22.0,23.0,95.7,5.0,7.0,71.4,0,0.0,0.0,0.0,0.0,8.0,1.0,0.0,3.0,Sporting CP,Brasileiro,Jerry St. Juste (Sporting CP)
Afonso Bastardo,POR,MF,18,0.3,6.0,13.0,46.2,102.0,42.0,3.0,5.0,60.0,3.0,6.0,50.0,0.0,2.0,0.0,0,0.0,0.0,0.0,0.0,2.0,1.0,0.0,3.0,Sporting CP,Brasileiro,Afonso Bastardo (Sporting CP)
Iván Fresneda,ESP,MF,19,0.1,5.0,8.0,62.5,83.0,28.0,2.0,3.0,66.7,3.0,4.0,75.0,0.0,0.0,0.0,0,0.0,0.0,0.0,0.0,1.0,0.0,0.0,1.0,Sporting CP,Brasileiro,Iván Fresneda (Sporting CP)
Luís Neto,POR,DF,35,0.1,7.0,7.0,100.0,175.0,83.0,1.0,1.0,100.0,5.0,5.0,100.0,1.0,1.0,100.0,0,0.0,0.0,0.0,0.0,0.0,0.0,0.0,0.0,Sporting CP,Brasileiro,Luís Neto (Sporting CP)
Mateus Fernandes,POR,FW,19,0.0,4.0,7.0,57.1,47.0,0.0,3.0,3.0,100.0,1.0,1.0,100.0,0.0,2.0,0.0,0,0.0,0.0,0.0,0.0,0.0,0.0,0.0,0.0,Sporting CP,Brasileiro,Mateus Fernandes (Sporting CP)
Jorge Filipe Oliveira Fernandes,POR,DF,26,15.0,559.0,710.0,78.7,11805.0,4636.0,173.0,207.0,83.6,271.0,320.0,84.7,107.0,156.0,68.6,1,0.6,0.3,0.4,7.0,61.0,6.0,4.0,66.0,Vitória,Brasileiro,Jorge Filipe Oliveira Fernandes (Vitória)
Bruno Varela,CPV,GK,29,15.0,321.0,462.0,69.5,10822.0,8944.0,37.0,38.0,97.4,137.0,140.0,97.9,147.0,281.0,52.3,0,0.0,0.3,0.0,1.0,13.0,1.0,0.0,0.0,Vitória,Brasileiro,Bruno Varela (Vitória)
Jota Silva,POR,"FW,MF",24,14.1,216.0,361.0,59.8,3151.0,800.0,120.0,156.0,76.9,75.0,118.0,63.6,10.0,36.0,27.8,2,2.0,1.6,0.0,15.0,7.0,16.0,3.0,26.0,Vitória,Brasileiro,Jota Silva (Vitória)
André Silva,BRA,FW,26,12.4,223.0,320.0,69.7,2907.0,615.0,136.0,174.0,78.2,60.0,90.0,66.7,8.0,19.0,42.1,2,1.9,1.6,0.1,13.0,26.0,7.0,1.0,33.0,Vitória,Brasileiro,André Silva (Vitória)
Tomás Händel,POR,MF,23,12.1,438.0,527.0,83.1,7347.0,2066.0,215.0,246.0,87.4,180.0,206.0,87.4,33.0,50.0,66.0,1,0.8,0.8,0.2,17.0,50.0,13.0,1.0,54.0,Vitória,Brasileiro,Tomás Händel (Vitória)
Tomás Ribeiro,POR,DF,24,10.4,366.0,492.0,74.4,7605.0,2724.0,102.0,121.0,84.3,209.0,247.0,84.6,53.0,110.0,48.2,0,0.2,0.1,-0.2,2.0,30.0,0.0,0.0,37.0,Vitória,Brasileiro,Tomás Ribeiro (Vitória)
Tiago Silva,POR,MF,30,9.5,408.0,529.0,77.1,7737.0,2741.0,170.0,191.0,89.0,165.0,196.0,84.2,65.0,119.0,54.6,4,1.7,2.4,2.3,22.0,66.0,16.0,2.0,76.0,Vitória,Brasileiro,Tiago Silva (Vitória)
João Mendes,POR,"MF,FW",29,8.8,242.0,340.0,71.2,3814.0,1132.0,129.0,155.0,83.2,84.0,114.0,73.7,17.0,43.0,39.5,2,2.0,1.7,0.0,17.0,25.0,18.0,1.0,43.0,Vitória,Brasileiro,João Mendes (Vitória)
Manuel Manu,POR,DF,22,10.0,416.0,498.0,83.5,8732.0,4041.0,124.0,138.0,89.9,242.0,274.0,88.3,48.0,76.0,63.2,0,0.1,0.2,-0.1,2.0,32.0,1.0,0.0,27.0,Vitória,Brasileiro,Manuel Manu (Vitória)
Bruno Gaspar,ANG,"MF,DF",30,8.5,332.0,462.0,71.9,5767.0,2639.0,164.0,186.0,88.2,128.0,186.0,68.8,34.0,64.0,53.1,1,0.8,1.9,0.2,9.0,22.0,16.0,7.0,29.0,Vitória,Brasileiro,Bruno Gaspar (Vitória)
Daniel Bandeira,POR,MF,23,7.2,285.0,351.0,81.2,4870.0,1254.0,133.0,146.0,91.1,109.0,126.0,86.5,34.0,58.0,58.6,2,0.7,0.8,1.3,12.0,23.0,7.0,0.0,35.0,Vitória,Brasileiro,Daniel Bandeira (Vitória)
Afonso freitas,POR,"DF,MF",23,6.0,144.0,211.0,68.2,2576.0,1091.0,60.0,76.0,78.9,64.0,90.0,71.1,15.0,29.0,51.7,0,0.3,0.3,-0.3,8.0,10.0,6.0,4.0,14.0,Vitória,Brasileiro,Afonso freitas (Vitória)
Ricardo Mangas,POR,"DF,MF",25,6.9,137.0,209.0,65.6,2180.0,920.0,72.0,94.0,76.6,52.0,80.0,65.0,11.0,20.0,55.0,1,0.9,0.8,0.1,5.0,7.0,5.0,2.0,15.0,Vitória,Brasileiro,Ricardo Mangas (Vitória)
Miguel Magalhães,POR,"DF,MF",21,5.4,155.0,227.0,68.3,2626.0,1390.0,76.0,92.0,82.6,64.0,100.0,64.0,13.0,23.0,56.5,0,0.1,0.2,-0.1,4.0,10.0,5.0,2.0,24.0,Vitória,Brasileiro,Miguel Magalhães (Vitória)
Toni Borevkovic,CRO,DF,26,5.0,124.0,158.0,78.5,2386.0,867.0,43.0,50.0,86.0,68.0,76.0,89.5,13.0,27.0,48.1,0,0.0,0.0,0.0,0.0,1.0,0.0,0.0,6.0,Vitória,Brasileiro,Toni Borevkovic (Vitória)
Mikel Villanueva,VEN,DF,30,3.9,166.0,208.0,79.8,3211.0,1307.0,57.0,65.0,87.7,87.0,97.0,89.7,19.0,38.0,50.0,0,0.0,0.1,0.0,0.0,16.0,1.0,0.0,18.0,Vitória,Brasileiro,Mikel Villanueva (Vitória)
Nelson,ANG,"DF,FW",25,4.5,124.0,167.0,74.3,1856.0,651.0,67.0,77.0,87.0,50.0,70.0,71.4,1.0,7.0,14.3,0,0.1,0.2,-0.1,2.0,8.0,9.0,1.0,19.0,Vitória,Brasileiro,Nelson (Vitória)
Adrián Butzke,ESP,FW,24,1.8,20.0,41.0,48.8,225.0,32.0,12.0,18.0,66.7,5.0,14.0,35.7,1.0,1.0,100.0,0,0.0,0.0,0.0,2.0,1.0,0.0,0.0,0.0,Vitória,Brasileiro,Adrián Butzke (Vitória)
Zé Carlos,POR,"MF,DF",22,3.1,134.0,172.0,77.9,2152.0,829.0,66.0,72.0,91.7,50.0,62.0,80.6,10.0,24.0,41.7,0,0.7,0.5,-0.7,7.0,19.0,6.0,3.0,22.0,Vitória,Brasileiro,Zé Carlos (Vitória)
Nuno Santos,POR,"FW,MF",24,2.0,66.0,96.0,68.8,1138.0,307.0,33.0,42.0,78.6,24.0,32.0,75.0,8.0,20.0,40.0,0,0.2,0.1,-0.2,2.0,7.0,1.0,0.0,8.0,Vitória,Brasileiro,Nuno Santos (Vitória)
Safira,BRA,FW,28,1.6,31.0,48.0,64.6,425.0,83.0,20.0,28.0,71.4,6.0,12.0,50.0,2.0,3.0,66.7,0,0.7,0.7,-0.7,2.0,2.0,1.0,0.0,4.0,Vitória,Brasileiro,Safira (Vitória)
André André,POR,MF,34,0.9,43.0,60.0,71.7,626.0,108.0,26.0,33.0,78.8,11.0,14.0,78.6,3.0,6.0,50.0,0,0.0,0.0,0.0,0.0,4.0,1.0,0.0,4.0,Vitória,Brasileiro,André André (Vitória)
Fabijan Buntić,CRO,GK,26,15.0,332.0,427.0,77.8,8991.0,6675.0,79.0,79.0,100.0,150.0,151.0,99.3,102.0,194.0,52.6,0,0.0,0.0,0.0,0.0,6.0,0.0,0.0,0.0,Vizela,Brasileiro,Fabijan Buntić (Vizela)
Anderson Jesus,BRA,DF,28,14.9,483.0,570.0,84.7,10441.0,4416.0,122.0,139.0,87.8,291.0,309.0,94.2,68.0,113.0,60.2,0,0.1,0.1,-0.1,2.0,33.0,1.0,0.0,26.0,Vizela,Brasileiro,Anderson Jesus (Vizela)
Samuel Essende,FRA,FW,25,14.6,166.0,239.0,69.5,2087.0,455.0,108.0,149.0,72.5,45.0,58.0,77.6,3.0,6.0,50.0,0,0.2,0.8,-0.2,7.0,10.0,3.0,1.0,15.0,Vizela,Brasileiro,Samuel Essende (Vizela)
Samu,POR,"MF,FW",27,14.6,576.0,768.0,75.0,10386.0,4048.0,252.0,292.0,86.3,225.0,281.0,80.1,74.0,139.0,53.2,1,2.4,3.4,-1.4,30.0,77.0,24.0,4.0,114.0,Vizela,Brasileiro,Samu (Vizela)
Bruno Wilson,POR,DF,27,14.0,591.0,693.0,85.3,13269.0,5892.0,140.0,156.0,89.7,341.0,367.0,92.9,107.0,160.0,66.9,0,0.0,0.3,0.0,1.0,69.0,4.0,1.0,49.0,Vizela,Brasileiro,Bruno Wilson (Vizela)
Tomás Costa Silva,POR,DF,24,13.5,529.0,721.0,73.4,8883.0,3652.0,274.0,304.0,90.1,189.0,249.0,75.9,53.0,124.0,42.7,2,2.1,2.2,-0.1,20.0,29.0,28.0,20.0,43.0,Vizela,Brasileiro,Tomás Costa Silva (Vizela)
Nuno Gonçalo Moreira,POR,"FW,MF",24,9.9,217.0,316.0,68.7,3512.0,1287.0,117.0,142.0,82.4,61.0,94.0,64.9,28.0,57.0,49.1,2,2.4,2.1,-0.4,22.0,29.0,16.0,4.0,51.0,Vizela,Brasileiro,Nuno Gonçalo Moreira (Vizela)
Matías Lacava,VEN,"FW,MF",21,9.0,157.0,211.0,74.4,2278.0,580.0,82.0,96.0,85.4,56.0,70.0,80.0,6.0,14.0,42.9,2,0.8,1.2,1.2,7.0,7.0,11.0,3.0,19.0,Vizela,Brasileiro,Matías Lacava (Vizela)
Matheus Pereira,BRA,"DF,MF",23,10.6,379.0,550.0,68.9,6380.0,2977.0,212.0,236.0,89.8,123.0,173.0,71.1,37.0,106.0,34.9,0,0.2,0.5,-0.2,8.0,31.0,12.0,4.0,39.0,Vizela,Brasileiro,Matheus Pereira (Vizela)
Diogo Nascimento,POR,MF,21,10.2,414.0,488.0,84.8,7402.0,1479.0,188.0,215.0,87.4,162.0,179.0,90.5,50.0,66.0,75.8,0,0.1,0.3,-0.1,6.0,42.0,4.0,1.0,52.0,Vizela,Brasileiro,Diogo Nascimento (Vizela)
João Escoval,POR,DF,26,6.4,213.0,283.0,75.3,4364.0,1999.0,72.0,85.0,84.7,101.0,122.0,82.8,38.0,65.0,58.5,0,0.1,0.2,-0.1,2.0,17.0,2.0,1.0,14.0,Vizela,Brasileiro,João Escoval (Vizela)
Rafael Bustamante,COL,MF,24,5.9,203.0,236.0,86.0,3429.0,1032.0,87.0,97.0,89.7,98.0,111.0,88.3,13.0,20.0,65.0,0,0.1,0.1,-0.1,3.0,15.0,1.0,0.0,23.0,Vizela,Brasileiro,Rafael Bustamante (Vizela)
Pedro Ortiz,ESP,MF,23,5.7,195.0,231.0,84.4,3469.0,1052.0,79.0,91.0,86.8,94.0,103.0,91.3,18.0,24.0,75.0,0,0.0,0.1,0.0,0.0,23.0,0.0,0.0,21.0,Vizela,Brasileiro,Pedro Ortiz (Vizela)
Aleksandar Busnić,SRB,"MF,FW",26,4.9,139.0,179.0,77.7,2631.0,776.0,50.0,63.0,79.4,65.0,76.0,85.5,19.0,25.0,76.0,0,0.0,0.1,0.0,0.0,9.0,1.0,0.0,16.0,Vizela,Brasileiro,Aleksandar Busnić (Vizela)
Alberto Soro,ESP,"MF,FW",24,2.5,70.0,93.0,75.3,1190.0,305.0,28.0,36.0,77.8,35.0,40.0,87.5,5.0,8.0,62.5,0,0.0,0.1,0.0,2.0,5.0,2.0,1.0,17.0,Vizela,Brasileiro,Alberto Soro (Vizela)
Alexis Méndez,USA,"MF,FW",23,2.5,106.0,137.0,77.4,1698.0,485.0,56.0,61.0,91.8,40.0,47.0,85.1,8.0,23.0,34.8,1,0.5,0.2,0.5,7.0,15.0,4.0,0.0,22.0,Vizela,Brasileiro,Alexis Méndez (Vizela)
Kiko Bondoso,POR,"FW,MF",28,2.1,55.0,74.0,74.3,770.0,230.0,37.0,44.0,84.1,12.0,18.0,66.7,3.0,3.0,100.0,0,0.3,0.2,-0.3,6.0,5.0,1.0,1.0,8.0,Vizela,Brasileiro,Kiko Bondoso (Vizela)
Orest Lebedenko,UKR,DF,25,2.1,69.0,98.0,70.4,1198.0,480.0,32.0,38.0,84.2,30.0,37.0,81.1,7.0,19.0,36.8,0,0.1,0.2,-0.1,3.0,6.0,1.0,0.0,8.0,Vizela,Brasileiro,Orest Lebedenko (Vizela)
Hugo Oliveira,POR,"MF,DF",21,1.5,71.0,104.0,68.3,1377.0,430.0,29.0,36.0,80.6,31.0,42.0,73.8,10.0,20.0,50.0,1,0.1,0.1,0.9,3.0,4.0,2.0,1.0,6.0,Vizela,Brasileiro,Hugo Oliveira (Vizela)
Dylan Saint-Louis,CGO,"FW,MF",28,2.1,49.0,79.0,62.0,749.0,326.0,24.0,33.0,72.7,14.0,25.0,56.0,5.0,11.0,45.5,0,0.3,0.3,-0.3,6.0,5.0,5.0,4.0,9.0,Vizela,Brasileiro,Dylan Saint-Louis (Vizela)
Jardel,GNB,"FW,MF",26,1.8,48.0,62.0,77.4,770.0,240.0,24.0,30.0,80.0,17.0,21.0,81.0,5.0,6.0,83.3,1,0.5,0.6,0.5,4.0,6.0,4.0,0.0,12.0,Vizela,Brasileiro,Jardel (Vizela)
Iker Unzueta,ESP,FW,25,0.3,9.0,15.0,60.0,150.0,45.0,3.0,6.0,50.0,6.0,9.0,66.7,0.0,0.0,0.0,0,0.0,0.0,0.0,0.0,1.0,1.0,0.0,2.0,Vizela,Brasileiro,Iker Unzueta (Vizela)
Osama Rashid,IRQ,"MF,FW",31,0.2,22.0,26.0,84.6,441.0,176.0,6.0,7.0,85.7,10.0,13.0,76.9,5.0,5.0,100.0,0,0.0,0.2,0.0,1.0,3.0,1.0,1.0,2.0,Vizela,Brasileiro,Osama Rashid (Vizela)
