Player,Nation,Pos,Age,90s,Att,Pass Types_Live,Pass Types_Dead,Pass Types_FK,Pass Types_TB,Pass Types_Sw,Pass Types_Crs,Pass Types_TI,Pass Types_CK,Corner Kicks_In,Corner Kicks_Out,Corner Kicks_Str,Outcomes_Cmp,Outcomes_Off,Outcomes_Blocks,Team,Championship,Player_Team
Ignacio De Arruabarrena,URU,GK,26,15.0,499.0,346.0,152.0,44.0,0.0,0.0,0,1.0,0.0,0.0,0.0,0.0,335.0,1.0,0.0,Arouca,Brasileiro,Ignacio De Arruabarrena (Arouca)
Rafa Mújica,ESP,FW,25,13.4,195.0,176.0,19.0,1.0,2.0,1.0,0,1.0,0.0,0.0,0.0,0.0,153.0,0.0,7.0,Arouca,Brasileiro,Rafa Mújica (Arouca)
Cristo González,ESP,"FW,MF",26,12.8,384.0,369.0,12.0,2.0,7.0,0.0,13,3.0,1.0,1.0,0.0,0.0,279.0,3.0,20.0,Arouca,Brasileiro,Cristo González (Arouca)
Morlaye Sylla,GUI,MF,25,12.0,554.0,520.0,31.0,12.0,1.0,5.0,9,10.0,5.0,3.0,0.0,0.0,450.0,3.0,14.0,Arouca,Brasileiro,Morlaye Sylla (Arouca)
David Simão,POR,MF,33,12.0,771.0,687.0,78.0,37.0,2.0,8.0,58,1.0,40.0,21.0,11.0,3.0,609.0,6.0,5.0,Arouca,Brasileiro,David Simão (Arouca)
Jason,ESP,"MF,FW",29,11.8,443.0,372.0,69.0,23.0,1.0,3.0,67,23.0,19.0,11.0,5.0,1.0,310.0,2.0,17.0,Arouca,Brasileiro,Jason (Arouca)
Francisco Montero,ESP,DF,24,12.0,704.0,663.0,40.0,30.0,1.0,5.0,4,6.0,0.0,0.0,0.0,0.0,572.0,1.0,5.0,Arouca,Brasileiro,Francisco Montero (Arouca)
Nino Galović,CRO,DF,31,11.8,607.0,588.0,17.0,16.0,1.0,1.0,0,1.0,0.0,0.0,0.0,0.0,533.0,2.0,5.0,Arouca,Brasileiro,Nino Galović (Arouca)
Tiago Esgaio,POR,DF,28,11.5,693.0,538.0,154.0,15.0,2.0,3.0,17,139.0,0.0,0.0,0.0,0.0,518.0,1.0,15.0,Arouca,Brasileiro,Tiago Esgaio (Arouca)
Eboue Kouassi,CIV,MF,26,7.6,348.0,336.0,12.0,10.0,1.0,1.0,1,2.0,0.0,0.0,0.0,0.0,299.0,0.0,3.0,Arouca,Brasileiro,Eboue Kouassi (Arouca)
Weverson,BRA,"DF,MF",23,6.9,342.0,273.0,68.0,4.0,0.0,1.0,32,63.0,1.0,1.0,0.0,0.0,257.0,1.0,14.0,Arouca,Brasileiro,Weverson (Arouca)
Rafael Fernandes,POR,DF,21,7.4,382.0,373.0,9.0,8.0,0.0,1.0,1,0.0,0.0,0.0,0.0,0.0,347.0,0.0,2.0,Arouca,Brasileiro,Rafael Fernandes (Arouca)
Alfonso Trezza,URU,"FW,MF",24,6.8,194.0,178.0,14.0,1.0,1.0,0.0,18,11.0,0.0,0.0,0.0,0.0,127.0,2.0,8.0,Arouca,Brasileiro,Alfonso Trezza (Arouca)
Bogdan Milovanov,UKR,"DF,MF",25,6.3,333.0,261.0,70.0,2.0,0.0,2.0,24,68.0,0.0,0.0,0.0,0.0,230.0,2.0,9.0,Arouca,Brasileiro,Bogdan Milovanov (Arouca)
Pedro Santos,POR,MF,23,2.6,229.0,215.0,14.0,9.0,0.0,4.0,14,1.0,4.0,2.0,2.0,0.0,202.0,0.0,1.0,Arouca,Brasileiro,Pedro Santos (Arouca)
Oriol Busquets,ESP,MF,24,2.5,127.0,123.0,3.0,3.0,0.0,1.0,1,0.0,0.0,0.0,0.0,0.0,114.0,1.0,0.0,Arouca,Brasileiro,Oriol Busquets (Arouca)
Quaresma,BRA,DF,27,2.1,97.0,75.0,22.0,3.0,0.0,2.0,9,19.0,0.0,0.0,0.0,0.0,71.0,0.0,3.0,Arouca,Brasileiro,Quaresma (Arouca)
Matí­as Rocha,URU,DF,22,0.6,35.0,35.0,0.0,0.0,0.0,0.0,0,0.0,0.0,0.0,0.0,0.0,27.0,0.0,0.0,Arouca,Brasileiro,Matí­as Rocha (Arouca)
Jerome Opoku,GHA,DF,25,1.5,48.0,41.0,7.0,5.0,0.0,1.0,0,0.0,0.0,0.0,0.0,0.0,37.0,0.0,3.0,Arouca,Brasileiro,Jerome Opoku (Arouca)
Vitinho,BRA,"FW,MF",23,0.9,42.0,41.0,1.0,1.0,1.0,0.0,0,0.0,0.0,0.0,0.0,0.0,31.0,0.0,1.0,Arouca,Brasileiro,Vitinho (Arouca)
Miguel Puche García,ESP,"FW,MF",22,2.1,65.0,60.0,5.0,0.0,1.0,1.0,5,3.0,0.0,0.0,0.0,0.0,50.0,0.0,3.0,Arouca,Brasileiro,Miguel Puche García (Arouca)
André Bukia,COD,"MF,FW",28,1.3,71.0,66.0,5.0,0.0,0.0,0.0,18,4.0,1.0,1.0,0.0,0.0,48.0,0.0,6.0,Arouca,Brasileiro,André Bukia (Arouca)
Moses Yaw,GHA,"DF,MF",24,0.7,39.0,24.0,14.0,1.0,0.0,0.0,1,13.0,0.0,0.0,0.0,0.0,32.0,1.0,0.0,Arouca,Brasileiro,Moses Yaw (Arouca)
Benji Michel,USA,"FW,MF",26,0.3,13.0,13.0,0.0,0.0,0.0,0.0,0,0.0,0.0,0.0,0.0,0.0,7.0,0.0,0.0,Arouca,Brasileiro,Benji Michel (Arouca)
Yusuf Lawal,NGA,"FW,MF",25,0.3,13.0,13.0,0.0,0.0,0.0,0.0,2,0.0,0.0,0.0,0.0,0.0,10.0,0.0,1.0,Arouca,Brasileiro,Yusuf Lawal (Arouca)
Fredrik Aursnes,NOR,"DF,MF",28,14.8,1023.0,906.0,115.0,6.0,2.0,6.0,30,108.0,1.0,0.0,0.0,0.0,827.0,2.0,27.0,Benfica,Brasileiro,Fredrik Aursnes (Benfica)
Rafa Silva,POR,MF,30,14.7,590.0,571.0,17.0,1.0,7.0,3.0,9,3.0,0.0,0.0,0.0,0.0,482.0,2.0,27.0,Benfica,Brasileiro,Rafa Silva (Benfica)
António Silva,POR,DF,20,14.0,832.0,798.0,32.0,27.0,1.0,6.0,0,4.0,0.0,0.0,0.0,0.0,771.0,2.0,1.0,Benfica,Brasileiro,António Silva (Benfica)
Nicolás Otamendi,ARG,DF,35,13.9,890.0,847.0,38.0,28.0,0.0,7.0,0,7.0,0.0,0.0,0.0,0.0,796.0,5.0,6.0,Benfica,Brasileiro,Nicolás Otamendi (Benfica)
João Mário,POR,"FW,MF",30,11.9,699.0,669.0,28.0,12.0,5.0,2.0,26,12.0,4.0,1.0,0.0,0.0,582.0,2.0,9.0,Benfica,Brasileiro,João Mário (Benfica)
João Neves,POR,MF,19,11.5,938.0,861.0,75.0,28.0,1.0,7.0,32,28.0,19.0,11.0,1.0,0.0,820.0,2.0,7.0,Benfica,Brasileiro,João Neves (Benfica)
Anatolii Trubin,UKR,GK,22,11.0,301.0,198.0,102.0,20.0,0.0,0.0,0,0.0,0.0,0.0,0.0,0.0,245.0,1.0,1.0,Benfica,Brasileiro,Anatolii Trubin (Benfica)
Ángel Di María,ARG,FW,35,10.4,606.0,526.0,73.0,24.0,10.0,11.0,96,8.0,41.0,29.0,0.0,0.0,431.0,7.0,23.0,Benfica,Brasileiro,Ángel Di María (Benfica)
Orkun Kökçü,TUR,MF,23,9.3,718.0,670.0,45.0,23.0,6.0,7.0,27,3.0,19.0,12.0,0.0,0.0,600.0,3.0,13.0,Benfica,Brasileiro,Orkun Kökçü (Benfica)
Morato,BRA,DF,22,7.5,390.0,350.0,39.0,10.0,1.0,2.0,10,28.0,0.0,0.0,0.0,0.0,316.0,1.0,10.0,Benfica,Brasileiro,Morato (Benfica)
Florentino Luís,POR,MF,24,6.6,545.0,529.0,16.0,16.0,0.0,2.0,0,0.0,0.0,0.0,0.0,0.0,481.0,0.0,13.0,Benfica,Brasileiro,Florentino Luís (Benfica)
Alexander Bah,DEN,DF,26,6.2,433.0,363.0,68.0,2.0,0.0,1.0,15,66.0,0.0,0.0,0.0,0.0,336.0,2.0,11.0,Benfica,Brasileiro,Alexander Bah (Benfica)
Petar Musa,CRO,FW,25,5.5,110.0,103.0,6.0,0.0,1.0,1.0,2,1.0,0.0,0.0,0.0,0.0,80.0,1.0,0.0,Benfica,Brasileiro,Petar Musa (Benfica)
Arthur,BRA,FW,25,5.1,85.0,80.0,3.0,0.0,0.0,0.0,1,1.0,0.0,0.0,0.0,0.0,66.0,2.0,1.0,Benfica,Brasileiro,Arthur (Benfica)
David Neres,BRA,FW,26,4.6,283.0,259.0,23.0,5.0,1.0,0.0,31,5.0,10.0,5.0,1.0,0.0,217.0,1.0,8.0,Benfica,Brasileiro,David Neres (Benfica)
Casper Tengstedt,DEN,FW,23,4.1,77.0,73.0,4.0,0.0,0.0,0.0,6,2.0,0.0,0.0,0.0,0.0,53.0,0.0,5.0,Benfica,Brasileiro,Casper Tengstedt (Benfica)
Samuel Soares,POR,GK,21,3.0,81.0,57.0,24.0,4.0,0.0,0.0,0,0.0,0.0,0.0,0.0,0.0,69.0,0.0,0.0,Benfica,Brasileiro,Samuel Soares (Benfica)
David Jurásek,CZE,DF,23,2.9,188.0,152.0,35.0,1.0,0.0,0.0,10,34.0,0.0,0.0,0.0,0.0,149.0,1.0,3.0,Benfica,Brasileiro,David Jurásek (Benfica)
Chiquinho,POR,MF,28,2.1,196.0,176.0,20.0,7.0,2.0,1.0,7,3.0,10.0,5.0,0.0,0.0,162.0,0.0,3.0,Benfica,Brasileiro,Chiquinho (Benfica)
Gonçalo Guedes,POR,"FW,MF",27,1.3,77.0,71.0,6.0,1.0,0.0,1.0,5,4.0,1.0,0.0,0.0,0.0,57.0,0.0,2.0,Benfica,Brasileiro,Gonçalo Guedes (Benfica)
Tomás Araújo,POR,"DF,MF",21,1.0,66.0,65.0,1.0,1.0,0.0,0.0,0,0.0,0.0,0.0,0.0,0.0,59.0,0.0,0.0,Benfica,Brasileiro,Tomás Araújo (Benfica)
Odisseas Vlachodimos,GRE,GK,29,1.0,20.0,13.0,7.0,2.0,0.0,0.0,0,0.0,0.0,0.0,0.0,0.0,16.0,0.0,0.0,Benfica,Brasileiro,Odisseas Vlachodimos (Benfica)
Juan Bernat,ESP,DF,30,0.9,44.0,40.0,4.0,1.0,0.0,0.0,0,3.0,0.0,0.0,0.0,0.0,42.0,0.0,0.0,Benfica,Brasileiro,Juan Bernat (Benfica)
Tiago Gouveia,POR,FW,22,0.8,27.0,26.0,0.0,0.0,1.0,0.0,1,0.0,0.0,0.0,0.0,0.0,24.0,1.0,0.0,Benfica,Brasileiro,Tiago Gouveia (Benfica)
João Victor,BRA,DF,25,0.3,28.0,22.0,6.0,0.0,0.0,0.0,0,6.0,0.0,0.0,0.0,0.0,24.0,0.0,0.0,Benfica,Brasileiro,João Victor (Benfica)
Gustavo Marques,BRA,DF,22,0.0,3.0,2.0,1.0,0.0,0.0,0.0,0,1.0,0.0,0.0,0.0,0.0,3.0,0.0,0.0,Benfica,Brasileiro,Gustavo Marques (Benfica)
Mihailo Ristić,SRB,DF,28,0.0,13.0,10.0,3.0,1.0,0.0,1.0,4,2.0,0.0,0.0,0.0,0.0,10.0,0.0,0.0,Benfica,Brasileiro,Mihailo Ristić (Benfica)
João Gonçalves,POR,GK,23,14.0,366.0,209.0,156.0,32.0,0.0,0.0,0,0.0,0.0,0.0,0.0,0.0,251.0,1.0,1.0,Boavista,Brasileiro,João Gonçalves (Boavista)
Róbert Boženík,SVK,FW,24,13.4,183.0,160.0,21.0,0.0,1.0,1.0,8,0.0,0.0,0.0,0.0,0.0,131.0,2.0,8.0,Boavista,Brasileiro,Róbert Boženík (Boavista)
Salvador Agra,POR,"DF,FW",32,12.5,610.0,482.0,128.0,22.0,1.0,2.0,93,72.0,34.0,16.0,12.0,3.0,470.0,0.0,10.0,Boavista,Brasileiro,Salvador Agra (Boavista)
Gaius Makouta,CGO,MF,26,12.4,527.0,507.0,19.0,7.0,1.0,2.0,14,10.0,2.0,0.0,0.0,0.0,424.0,1.0,9.0,Boavista,Brasileiro,Gaius Makouta (Boavista)
Chidozie Awaziem,NGA,DF,26,13.0,779.0,749.0,29.0,27.0,0.0,16.0,1,2.0,0.0,0.0,0.0,0.0,656.0,1.0,1.0,Boavista,Brasileiro,Chidozie Awaziem (Boavista)
Sebastián Pérez Cardona,COL,MF,30,11.3,769.0,714.0,50.0,36.0,5.0,6.0,5,4.0,0.0,0.0,0.0,0.0,657.0,5.0,4.0,Boavista,Brasileiro,Sebastián Pérez Cardona (Boavista)
Bruno Onyemaechi,NGA,DF,24,11.5,648.0,498.0,148.0,9.0,1.0,7.0,52,134.0,5.0,1.0,4.0,0.0,452.0,2.0,23.0,Boavista,Brasileiro,Bruno Onyemaechi (Boavista)
Tiago Fonseca Morais,POR,FW,20,10.5,293.0,272.0,17.0,5.0,2.0,6.0,22,6.0,6.0,5.0,0.0,0.0,196.0,4.0,11.0,Boavista,Brasileiro,Tiago Fonseca Morais (Boavista)
Rodrigo Abascal,URU,DF,29,10.7,666.0,624.0,40.0,33.0,0.0,9.0,8,7.0,0.0,0.0,0.0,0.0,555.0,2.0,1.0,Boavista,Brasileiro,Rodrigo Abascal (Boavista)
Miguel Reisinho,POR,MF,24,9.8,388.0,366.0,18.0,9.0,0.0,8.0,3,2.0,2.0,2.0,0.0,0.0,320.0,4.0,3.0,Boavista,Brasileiro,Miguel Reisinho (Boavista)
Pedro Malheiro,POR,DF,22,6.4,365.0,307.0,56.0,15.0,0.0,5.0,17,41.0,0.0,0.0,0.0,0.0,294.0,2.0,6.0,Boavista,Brasileiro,Pedro Malheiro (Boavista)
Filipe Ferreira,POR,DF,33,6.3,400.0,355.0,45.0,19.0,0.0,2.0,10,22.0,4.0,4.0,0.0,0.0,323.0,0.0,3.0,Boavista,Brasileiro,Filipe Ferreira (Boavista)
Bruno Lourenço,POR,"FW,MF",25,5.9,155.0,136.0,16.0,5.0,3.0,2.0,15,0.0,10.0,4.0,3.0,0.0,104.0,3.0,5.0,Boavista,Brasileiro,Bruno Lourenço (Boavista)
Masaki Watai,JPN,"FW,MF",24,2.7,88.0,88.0,0.0,0.0,0.0,0.0,5,0.0,0.0,0.0,0.0,0.0,75.0,0.0,3.0,Boavista,Brasileiro,Masaki Watai (Boavista)
Ilija Vukotić,MNE,MF,24,3.6,152.0,146.0,6.0,5.0,0.0,0.0,6,1.0,0.0,0.0,0.0,0.0,131.0,0.0,1.0,Boavista,Brasileiro,Ilija Vukotić (Boavista)
Martim Tavares,POR,"FW,MF",20,1.5,35.0,33.0,2.0,0.0,0.0,2.0,2,0.0,0.0,0.0,0.0,0.0,28.0,0.0,1.0,Boavista,Brasileiro,Martim Tavares (Boavista)
Ibrahima Camará,GUI,MF,24,1.3,62.0,60.0,2.0,0.0,1.0,2.0,4,2.0,0.0,0.0,0.0,0.0,47.0,0.0,1.0,Boavista,Brasileiro,Ibrahima Camará (Boavista)
Berna,POR,"FW,DF",20,2.4,130.0,117.0,12.0,2.0,0.0,0.0,9,10.0,0.0,0.0,0.0,0.0,97.0,1.0,4.0,Boavista,Brasileiro,Berna (Boavista)
Luís Santos,POR,"DF,FW",23,2.1,101.0,93.0,8.0,0.0,0.0,0.0,12,7.0,1.0,0.0,0.0,0.0,77.0,0.0,1.0,Boavista,Brasileiro,Luís Santos (Boavista)
Jeriel Córdova,VEN,"FW,MF",21,1.3,31.0,28.0,3.0,1.0,1.0,0.0,1,0.0,0.0,0.0,0.0,0.0,23.0,0.0,1.0,Boavista,Brasileiro,Jeriel Córdova (Boavista)
Joel silva,POR,"MF,FW",20,0.5,29.0,27.0,2.0,2.0,0.0,0.0,0,0.0,0.0,0.0,0.0,0.0,22.0,0.0,2.0,Boavista,Brasileiro,Joel silva (Boavista)
Vincent Sasso,FRA,MF,32,0.0,4.0,4.0,0.0,0.0,0.0,0.0,0,0.0,0.0,0.0,0.0,0.0,4.0,0.0,0.0,Boavista,Brasileiro,Vincent Sasso (Boavista)
Matheus,BRA,GK,31,14.0,507.0,370.0,137.0,35.0,0.0,1.0,0,0.0,0.0,0.0,0.0,0.0,381.0,0.0,0.0,Braga,Brasileiro,Matheus (Braga)
Ricardo Horta,POR,"FW,MF",29,11.6,538.0,509.0,25.0,4.0,2.0,3.0,30,13.0,4.0,0.0,2.0,0.0,433.0,4.0,12.0,Braga,Brasileiro,Ricardo Horta (Braga)
Simon Banza,COD,FW,27,10.9,172.0,160.0,12.0,0.0,0.0,1.0,3,4.0,0.0,0.0,0.0,0.0,121.0,0.0,4.0,Braga,Brasileiro,Simon Banza (Braga)
Cristian Borja,COL,DF,30,10.3,721.0,585.0,135.0,14.0,0.0,1.0,41,106.0,15.0,1.0,3.0,0.0,597.0,1.0,16.0,Braga,Brasileiro,Cristian Borja (Braga)
Álvaro djaló,ESP,"FW,MF",24,10.2,263.0,253.0,6.0,1.0,1.0,0.0,33,5.0,0.0,0.0,0.0,0.0,176.0,4.0,17.0,Braga,Brasileiro,Álvaro djaló (Braga)
Victor Gomez,ESP,DF,23,8.9,514.0,435.0,78.0,7.0,0.0,3.0,33,71.0,0.0,0.0,0.0,0.0,428.0,1.0,8.0,Braga,Brasileiro,Victor Gomez (Braga)
José Fonte,POR,DF,40,9.9,615.0,594.0,21.0,19.0,0.0,2.0,1,2.0,0.0,0.0,0.0,0.0,522.0,0.0,4.0,Braga,Brasileiro,José Fonte (Braga)
Bruma,POR,FW,29,8.6,398.0,379.0,17.0,1.0,2.0,1.0,8,16.0,0.0,0.0,0.0,0.0,312.0,2.0,15.0,Braga,Brasileiro,Bruma (Braga)
Almoatasem Al Musrati,LBY,MF,27,7.7,530.0,511.0,18.0,17.0,4.0,5.0,4,0.0,0.0,0.0,0.0,0.0,450.0,1.0,6.0,Braga,Brasileiro,Almoatasem Al Musrati (Braga)
Serdar Saatçı,TUR,DF,20,7.6,496.0,469.0,27.0,14.0,0.0,3.0,0,13.0,0.0,0.0,0.0,0.0,438.0,0.0,2.0,Braga,Brasileiro,Serdar Saatçı (Braga)
Rodrigo Zalazar,URU,MF,24,6.8,462.0,402.0,59.0,23.0,3.0,6.0,46,4.0,29.0,9.0,15.0,0.0,379.0,1.0,7.0,Braga,Brasileiro,Rodrigo Zalazar (Braga)
Sikou Niakaté,MLI,DF,24,6.0,341.0,329.0,11.0,10.0,0.0,1.0,0,0.0,0.0,0.0,0.0,0.0,273.0,1.0,3.0,Braga,Brasileiro,Sikou Niakaté (Braga)
Vitor Carvalho,BRA,MF,26,5.6,326.0,316.0,9.0,4.0,1.0,0.0,1,5.0,0.0,0.0,0.0,0.0,276.0,1.0,4.0,Braga,Brasileiro,Vitor Carvalho (Braga)
Pizzi,POR,"MF,FW",34,5.3,324.0,295.0,29.0,7.0,1.0,0.0,23,0.0,13.0,6.0,6.0,0.0,279.0,0.0,7.0,Braga,Brasileiro,Pizzi (Braga)
Paulo Oliveira,POR,DF,31,5.0,351.0,335.0,14.0,6.0,0.0,0.0,2,5.0,0.0,0.0,0.0,0.0,293.0,2.0,1.0,Braga,Brasileiro,Paulo Oliveira (Braga)
Abel Ruiz,ESP,"FW,MF",23,6.1,144.0,137.0,7.0,0.0,0.0,0.0,4,2.0,0.0,0.0,0.0,0.0,119.0,0.0,2.0,Braga,Brasileiro,Abel Ruiz (Braga)
André Horta,POR,MF,27,5.0,460.0,426.0,33.0,11.0,1.0,6.0,25,5.0,16.0,5.0,6.0,0.0,392.0,1.0,2.0,Braga,Brasileiro,André Horta (Braga)
João Moutinho,POR,MF,37,4.7,421.0,398.0,22.0,14.0,3.0,0.0,15,0.0,7.0,4.0,3.0,0.0,357.0,1.0,7.0,Braga,Brasileiro,João Moutinho (Braga)
Adrián Marín,ESP,DF,26,3.4,209.0,180.0,29.0,0.0,0.0,2.0,9,29.0,0.0,0.0,0.0,0.0,159.0,0.0,8.0,Braga,Brasileiro,Adrián Marín (Braga)
Joe Mendes,SWE,DF,20,3.1,155.0,130.0,25.0,1.0,0.0,1.0,6,24.0,0.0,0.0,0.0,0.0,114.0,0.0,2.0,Braga,Brasileiro,Joe Mendes (Braga)
Rony Lopes,POR,"FW,DF",28,1.8,93.0,83.0,9.0,0.0,0.0,0.0,8,2.0,4.0,3.0,0.0,0.0,65.0,1.0,2.0,Braga,Brasileiro,Rony Lopes (Braga)
Roger Fernandes,GNB,"DF,FW",18,0.6,53.0,47.0,6.0,0.0,0.0,0.0,8,6.0,0.0,0.0,0.0,0.0,42.0,0.0,1.0,Braga,Brasileiro,Roger Fernandes (Braga)
André Castro,POR,MF,35,0.4,34.0,32.0,2.0,2.0,0.0,0.0,0,0.0,0.0,0.0,0.0,0.0,29.0,0.0,1.0,Braga,Brasileiro,André Castro (Braga)
Ricardo Batista,POR,GK,37,14.0,466.0,302.0,164.0,47.0,0.0,2.0,0,0.0,0.0,0.0,0.0,0.0,318.0,0.0,0.0,Casa Pia,Brasileiro,Ricardo Batista (Casa Pia)
Nermin Zolotić,BIH,DF,30,13.8,725.0,689.0,33.0,31.0,1.0,5.0,3,2.0,0.0,0.0,0.0,0.0,628.0,3.0,4.0,Casa Pia,Brasileiro,Nermin Zolotić (Casa Pia)
Leonardo Lelo,POR,"MF,DF",23,13.7,657.0,468.0,187.0,15.0,3.0,4.0,60,138.0,34.0,21.0,12.0,0.0,475.0,2.0,21.0,Casa Pia,Brasileiro,Leonardo Lelo (Casa Pia)
Fernando Varela,CPV,DF,36,12.9,486.0,458.0,27.0,26.0,2.0,9.0,0,0.0,0.0,0.0,0.0,0.0,393.0,1.0,2.0,Casa Pia,Brasileiro,Fernando Varela (Casa Pia)
Yuki Soma,JPN,"FW,MF",26,10.2,222.0,189.0,32.0,9.0,4.0,3.0,35,7.0,16.0,11.0,2.0,0.0,136.0,1.0,12.0,Casa Pia,Brasileiro,Yuki Soma (Casa Pia)
Larra,ESP,"MF,DF",26,9.7,442.0,325.0,116.0,4.0,0.0,1.0,22,104.0,8.0,4.0,3.0,0.0,333.0,1.0,10.0,Casa Pia,Brasileiro,Larra (Casa Pia)
Clayton,BRA,FW,24,9.7,176.0,155.0,20.0,0.0,2.0,0.0,6,0.0,0.0,0.0,0.0,0.0,118.0,1.0,8.0,Casa Pia,Brasileiro,Clayton (Casa Pia)
Vasco Fernandes,POR,DF,37,10.0,441.0,413.0,25.0,25.0,1.0,1.0,2,0.0,0.0,0.0,0.0,0.0,359.0,3.0,3.0,Casa Pia,Brasileiro,Vasco Fernandes (Casa Pia)
Neto,BRA,MF,32,8.9,382.0,363.0,17.0,12.0,1.0,2.0,6,1.0,4.0,2.0,2.0,0.0,301.0,2.0,7.0,Casa Pia,Brasileiro,Neto (Casa Pia)
Pablo Roberto,BRA,MF,24,8.9,312.0,301.0,9.0,8.0,6.0,4.0,5,1.0,0.0,0.0,0.0,0.0,234.0,2.0,9.0,Casa Pia,Brasileiro,Pablo Roberto (Casa Pia)
Beni,ANG,MF,21,7.2,298.0,288.0,7.0,4.0,2.0,2.0,5,1.0,0.0,0.0,0.0,0.0,267.0,3.0,2.0,Casa Pia,Brasileiro,Beni (Casa Pia)
Felippe Cardoso,BRA,FW,25,5.7,78.0,67.0,9.0,0.0,0.0,1.0,3,0.0,0.0,0.0,0.0,0.0,56.0,2.0,4.0,Casa Pia,Brasileiro,Felippe Cardoso (Casa Pia)
João Nunes,POR,DF,28,4.1,194.0,180.0,14.0,10.0,0.0,1.0,1,4.0,0.0,0.0,0.0,0.0,159.0,0.0,1.0,Casa Pia,Brasileiro,João Nunes (Casa Pia)
Saviour Godwin,NGA,"FW,MF",27,3.8,80.0,80.0,0.0,0.0,0.0,0.0,15,0.0,0.0,0.0,0.0,0.0,44.0,0.0,7.0,Casa Pia,Brasileiro,Saviour Godwin (Casa Pia)
Samuel Justo,POR,MF,19,3.8,180.0,174.0,5.0,4.0,1.0,1.0,3,0.0,1.0,0.0,1.0,0.0,139.0,1.0,3.0,Casa Pia,Brasileiro,Samuel Justo (Casa Pia)
Tiago Dias,POR,"MF,FW",25,3.8,141.0,116.0,25.0,7.0,0.0,0.0,42,10.0,8.0,3.0,4.0,0.0,96.0,0.0,5.0,Casa Pia,Brasileiro,Tiago Dias (Casa Pia)
Fernando,BRA,FW,30,4.1,91.0,83.0,8.0,0.0,1.0,0.0,8,7.0,1.0,0.0,0.0,0.0,63.0,0.0,8.0,Casa Pia,Brasileiro,Fernando (Casa Pia)
Jajá,BRA,FW,22,3.9,84.0,79.0,4.0,2.0,0.0,1.0,5,2.0,0.0,0.0,0.0,0.0,48.0,1.0,6.0,Casa Pia,Brasileiro,Jajá (Casa Pia)
André Geraldes,POR,"MF,DF",32,4.0,186.0,136.0,50.0,4.0,0.0,0.0,5,46.0,0.0,0.0,0.0,0.0,133.0,0.0,3.0,Casa Pia,Brasileiro,André Geraldes (Casa Pia)
Artur Serobyan,ARM,MF,20,0.7,14.0,14.0,0.0,0.0,0.0,0.0,0,0.0,0.0,0.0,0.0,0.0,8.0,0.0,1.0,Casa Pia,Brasileiro,Artur Serobyan (Casa Pia)
Telasco Segovia,VEN,MF,20,0.3,13.0,13.0,0.0,0.0,0.0,0.0,0,0.0,0.0,0.0,0.0,0.0,10.0,0.0,0.0,Casa Pia,Brasileiro,Telasco Segovia (Casa Pia)
Rafael Martins,BRA,MF,34,0.3,12.0,12.0,0.0,0.0,0.0,0.0,0,0.0,0.0,0.0,0.0,0.0,10.0,0.0,1.0,Casa Pia,Brasileiro,Rafael Martins (Casa Pia)
Duplexe Tchamba,CMR,"DF,FW",25,0.1,2.0,2.0,0.0,0.0,0.0,0.0,0,0.0,0.0,0.0,0.0,0.0,2.0,0.0,0.0,Casa Pia,Brasileiro,Duplexe Tchamba (Casa Pia)
Diogo Pinto,POR,MF,24,0.1,5.0,4.0,1.0,1.0,0.0,0.0,1,0.0,0.0,0.0,0.0,0.0,3.0,0.0,0.0,Casa Pia,Brasileiro,Diogo Pinto (Casa Pia)
Héctor,ESP,FW,28,14.3,283.0,247.0,36.0,1.0,0.0,0.0,0,1.0,0.0,0.0,0.0,0.0,217.0,0.0,6.0,Chaves,Brasileiro,Héctor (Chaves)
Kelechi Nwakali,NGA,MF,25,11.9,640.0,550.0,89.0,49.0,1.0,16.0,39,10.0,28.0,15.0,9.0,0.0,527.0,1.0,4.0,Chaves,Brasileiro,Kelechi Nwakali (Chaves)
Bruno Langa,MOZ,"DF,MF",26,11.6,576.0,431.0,144.0,21.0,3.0,12.0,45,123.0,0.0,0.0,0.0,0.0,397.0,1.0,15.0,Chaves,Brasileiro,Bruno Langa (Chaves)
Bruno Rodrigues,POR,DF,22,11.2,492.0,471.0,18.0,17.0,0.0,5.0,0,1.0,0.0,0.0,0.0,0.0,403.0,3.0,7.0,Chaves,Brasileiro,Bruno Rodrigues (Chaves)
Hugo Souza,BRA,GK,24,11.0,357.0,227.0,130.0,24.0,1.0,0.0,0,0.0,0.0,0.0,0.0,0.0,231.0,0.0,0.0,Chaves,Brasileiro,Hugo Souza (Chaves)
João Pedro Araújo Correia,CPV,"DF,MF",27,10.1,451.0,342.0,108.0,14.0,1.0,3.0,53,94.0,0.0,0.0,0.0,0.0,291.0,1.0,24.0,Chaves,Brasileiro,João Pedro Araújo Correia (Chaves)
Sandro Cruz,POR,"DF,MF",22,8.6,338.0,299.0,37.0,11.0,0.0,6.0,10,26.0,0.0,0.0,0.0,0.0,242.0,2.0,7.0,Chaves,Brasileiro,Sandro Cruz (Chaves)
Ygor Nogueira,BRA,DF,28,8.7,398.0,388.0,9.0,9.0,1.0,0.0,0,0.0,0.0,0.0,0.0,0.0,324.0,1.0,3.0,Chaves,Brasileiro,Ygor Nogueira (Chaves)
Steven Vitória,CAN,DF,36,8.2,270.0,250.0,16.0,15.0,0.0,1.0,0,1.0,0.0,0.0,0.0,0.0,220.0,4.0,0.0,Chaves,Brasileiro,Steven Vitória (Chaves)
Leandro Sanca,GNB,"FW,MF",23,9.6,243.0,234.0,7.0,0.0,2.0,2.0,36,5.0,0.0,0.0,0.0,0.0,166.0,2.0,10.0,Chaves,Brasileiro,Leandro Sanca (Chaves)
Ricardo Guimarães,MOZ,MF,28,6.6,294.0,272.0,21.0,12.0,1.0,3.0,8,4.0,5.0,2.0,3.0,0.0,243.0,1.0,3.0,Chaves,Brasileiro,Ricardo Guimarães (Chaves)
Paulo Victor,BRA,FW,22,6.9,147.0,134.0,12.0,1.0,0.0,0.0,10,1.0,0.0,0.0,0.0,0.0,101.0,1.0,10.0,Chaves,Brasileiro,Paulo Victor (Chaves)
Rúben Tiago Rodrigues Ribeiro,POR,"MF,FW",36,6.0,290.0,256.0,34.0,13.0,0.0,1.0,18,5.0,14.0,7.0,4.0,0.0,245.0,0.0,6.0,Chaves,Brasileiro,Rúben Tiago Rodrigues Ribeiro (Chaves)
Benny,POR,"MF,FW",23,5.7,189.0,161.0,28.0,5.0,2.0,2.0,40,8.0,15.0,5.0,9.0,0.0,123.0,0.0,5.0,Chaves,Brasileiro,Benny (Chaves)
Jo,BRA,"FW,MF",28,4.4,73.0,68.0,4.0,0.0,0.0,0.0,4,0.0,0.0,0.0,0.0,0.0,37.0,1.0,2.0,Chaves,Brasileiro,Jo (Chaves)
João Pedro,POR,MF,30,4.1,169.0,154.0,15.0,12.0,0.0,1.0,2,2.0,1.0,0.0,1.0,0.0,122.0,0.0,7.0,Chaves,Brasileiro,João Pedro (Chaves)
Rodrigo Nascimento,BRA,GK,27,4.0,122.0,81.0,41.0,16.0,0.0,0.0,0,0.0,0.0,0.0,0.0,0.0,79.0,0.0,0.0,Chaves,Brasileiro,Rodrigo Nascimento (Chaves)
Thibang Phete,RSA,"DF,MF",29,3.7,134.0,133.0,1.0,1.0,0.0,4.0,0,0.0,0.0,0.0,0.0,0.0,123.0,0.0,1.0,Chaves,Brasileiro,Thibang Phete (Chaves)
Rúben Lameiras,POR,"FW,MF",29,2.3,59.0,52.0,7.0,3.0,0.0,0.0,5,2.0,2.0,2.0,0.0,0.0,42.0,0.0,1.0,Chaves,Brasileiro,Rúben Lameiras (Chaves)
Issah Abbas,GHA,"MF,FW",25,3.1,67.0,60.0,6.0,1.0,2.0,0.0,9,4.0,1.0,0.0,0.0,0.0,48.0,1.0,2.0,Chaves,Brasileiro,Issah Abbas (Chaves)
Carraça,POR,"MF,DF",30,2.9,163.0,116.0,47.0,8.0,1.0,2.0,25,31.0,8.0,3.0,3.0,0.0,117.0,0.0,7.0,Chaves,Brasileiro,Carraça (Chaves)
João Queirós,POR,DF,25,2.6,102.0,92.0,9.0,6.0,0.0,1.0,0,3.0,0.0,0.0,0.0,0.0,74.0,1.0,2.0,Chaves,Brasileiro,João Queirós (Chaves)
Habib sylla,CIV,DF,24,2.2,102.0,68.0,34.0,2.0,0.0,1.0,17,32.0,0.0,0.0,0.0,0.0,63.0,0.0,5.0,Chaves,Brasileiro,Habib sylla (Chaves)
Hélder Morim,POR,MF,22,1.9,43.0,41.0,2.0,2.0,0.0,1.0,0,0.0,0.0,0.0,0.0,0.0,33.0,0.0,1.0,Chaves,Brasileiro,Hélder Morim (Chaves)
Pedro Pinho,POR,MF,23,1.7,64.0,64.0,0.0,0.0,0.0,2.0,1,0.0,0.0,0.0,0.0,0.0,44.0,0.0,2.0,Chaves,Brasileiro,Pedro Pinho (Chaves)
Rodrigo Melro,POR,DF,19,0.0,2.0,1.0,0.0,0.0,0.0,0.0,0,0.0,0.0,0.0,0.0,0.0,1.0,1.0,0.0,Chaves,Brasileiro,Rodrigo Melro (Chaves)
Rafik Guitane,FRA,"FW,MF",24,13.6,366.0,362.0,3.0,1.0,6.0,3.0,12,2.0,0.0,0.0,0.0,0.0,266.0,1.0,18.0,Estoril,Brasileiro,Rafik Guitane (Estoril)
Tiago Araújo,POR,"DF,MF",22,13.5,626.0,496.0,128.0,10.0,0.0,16.0,53,118.0,0.0,0.0,0.0,0.0,432.0,2.0,15.0,Estoril,Brasileiro,Tiago Araújo (Estoril)
Bernardo Vital,POR,DF,23,11.5,562.0,533.0,26.0,21.0,0.0,3.0,0,3.0,0.0,0.0,0.0,0.0,506.0,3.0,2.0,Estoril,Brasileiro,Bernardo Vital (Estoril)
Jordan Holsgrove,SCO,MF,24,10.9,810.0,728.0,82.0,53.0,2.0,11.0,39,1.0,27.0,14.0,8.0,1.0,703.0,0.0,9.0,Estoril,Brasileiro,Jordan Holsgrove (Estoril)
Pedro Álvaro,POR,DF,23,11.0,501.0,468.0,32.0,21.0,1.0,4.0,1,6.0,0.0,0.0,0.0,0.0,430.0,1.0,3.0,Estoril,Brasileiro,Pedro Álvaro (Estoril)
João Marques,POR,"MF,FW",21,10.6,299.0,281.0,18.0,4.0,3.0,7.0,18,6.0,8.0,6.0,0.0,0.0,226.0,0.0,12.0,Estoril,Brasileiro,João Marques (Estoril)
Volnei Feltes,BRA,DF,23,9.7,456.0,354.0,98.0,22.0,3.0,9.0,18,75.0,1.0,1.0,0.0,0.0,326.0,4.0,7.0,Estoril,Brasileiro,Volnei Feltes (Estoril)
Rodrigo Gomes,POR,"DF,MF",20,10.6,291.0,255.0,34.0,2.0,0.0,1.0,17,31.0,1.0,1.0,0.0,0.0,203.0,2.0,17.0,Estoril,Brasileiro,Rodrigo Gomes (Estoril)
Marcelo Carné,BRA,GK,33,9.0,326.0,195.0,128.0,25.0,0.0,0.0,0,0.0,0.0,0.0,0.0,0.0,218.0,3.0,1.0,Estoril,Brasileiro,Marcelo Carné (Estoril)
Cassiano,BRA,FW,34,7.7,98.0,81.0,16.0,0.0,0.0,0.0,1,0.0,0.0,0.0,0.0,0.0,60.0,1.0,7.0,Estoril,Brasileiro,Cassiano (Estoril)
Mateus Fernandes,POR,MF,19,8.5,434.0,396.0,37.0,17.0,2.0,4.0,21,3.0,15.0,1.0,11.0,0.0,361.0,1.0,7.0,Estoril,Brasileiro,Mateus Fernandes (Estoril)
Heriberto Tavares,POR,"FW,MF",26,5.6,108.0,107.0,1.0,0.0,3.0,1.0,8,1.0,0.0,0.0,0.0,0.0,63.0,0.0,8.0,Estoril,Brasileiro,Heriberto Tavares (Estoril)
Alejandro Marqués,VEN,FW,23,6.3,66.0,49.0,16.0,0.0,0.0,0.0,0,1.0,0.0,0.0,0.0,0.0,50.0,1.0,1.0,Estoril,Brasileiro,Alejandro Marqués (Estoril)
Daniel Leite,POR,GK,25,5.0,138.0,86.0,51.0,7.0,0.0,0.0,0,0.0,0.0,0.0,0.0,0.0,101.0,1.0,0.0,Estoril,Brasileiro,Daniel Leite (Estoril)
Koba Koindredi,FRA,MF,22,3.5,125.0,110.0,13.0,3.0,0.0,0.0,10,0.0,10.0,3.0,3.0,0.0,98.0,2.0,3.0,Estoril,Brasileiro,Koba Koindredi (Estoril)
Erick Cabaco,URU,DF,28,3.7,181.0,176.0,5.0,2.0,0.0,1.0,0,3.0,0.0,0.0,0.0,0.0,148.0,0.0,1.0,Estoril,Brasileiro,Erick Cabaco (Estoril)
Eliaquim Mangala,FRA,DF,32,3.1,128.0,124.0,3.0,2.0,0.0,0.0,0,1.0,0.0,0.0,0.0,0.0,116.0,1.0,0.0,Estoril,Brasileiro,Eliaquim Mangala (Estoril)
Raúl Parra,ESP,DF,24,2.4,153.0,119.0,34.0,5.0,0.0,1.0,7,24.0,5.0,0.0,2.0,1.0,127.0,0.0,4.0,Estoril,Brasileiro,Raúl Parra (Estoril)
Ivan Pavlic,BEL,MF,22,2.0,60.0,52.0,8.0,2.0,0.0,0.0,8,0.0,6.0,5.0,0.0,0.0,39.0,0.0,3.0,Estoril,Brasileiro,Ivan Pavlic (Estoril)
Alexandre Miguel Barros Soares,POR,MF,32,2.8,84.0,81.0,2.0,0.0,1.0,1.0,2,0.0,0.0,0.0,0.0,0.0,60.0,1.0,6.0,Estoril,Brasileiro,Alexandre Miguel Barros Soares (Estoril)
Wagner Pina,POR,"DF,MF",21,1.5,45.0,36.0,9.0,0.0,0.0,0.0,2,9.0,0.0,0.0,0.0,0.0,29.0,0.0,0.0,Estoril,Brasileiro,Wagner Pina (Estoril)
João Carlos,BRA,"FW,DF",28,0.6,25.0,22.0,2.0,0.0,0.0,0.0,1,0.0,0.0,0.0,0.0,0.0,11.0,1.0,1.0,Estoril,Brasileiro,João Carlos (Estoril)
Mor Ndiaye,SEN,"FW,MF",23,0.2,7.0,7.0,0.0,0.0,0.0,0.0,0,0.0,0.0,0.0,0.0,0.0,3.0,0.0,0.0,Estoril,Brasileiro,Mor Ndiaye (Estoril)
Rodrigo Martins,POR,"DF,FW",25,0.1,3.0,2.0,1.0,0.0,0.0,0.0,1,1.0,0.0,0.0,0.0,0.0,2.0,0.0,1.0,Estoril,Brasileiro,Rodrigo Martins (Estoril)
Ronald,BRA,"MF,FW",22,13.6,312.0,302.0,7.0,1.0,1.0,7.0,21,5.0,0.0,0.0,0.0,0.0,211.0,3.0,12.0,Estrela,Brasileiro,Ronald (Estrela)
Gaspar,ANG,DF,26,13.5,719.0,678.0,39.0,38.0,1.0,4.0,5,1.0,0.0,0.0,0.0,0.0,599.0,2.0,3.0,Estrela,Brasileiro,Gaspar (Estrela)
Léo Jabá,BRA,"MF,FW",25,10.0,238.0,229.0,5.0,1.0,4.0,1.0,31,3.0,0.0,0.0,0.0,0.0,147.0,4.0,17.0,Estrela,Brasileiro,Léo Jabá (Estrela)
Leo Cordeiro,BRA,MF,28,12.3,498.0,478.0,19.0,10.0,3.0,4.0,4,1.0,0.0,0.0,0.0,0.0,424.0,1.0,9.0,Estrela,Brasileiro,Leo Cordeiro (Estrela)
João Reis,POR,"DF,MF",31,11.6,641.0,486.0,155.0,11.0,1.0,3.0,25,142.0,2.0,0.0,0.0,0.0,468.0,0.0,24.0,Estrela,Brasileiro,João Reis (Estrela)
Hevertton Santos,BRA,"DF,MF",22,10.5,579.0,433.0,145.0,24.0,1.0,1.0,57,90.0,31.0,18.0,11.0,0.0,422.0,1.0,15.0,Estrela,Brasileiro,Hevertton Santos (Estrela)
Aloísio Souza Genézio,BRA,MF,27,7.8,291.0,283.0,8.0,8.0,1.0,5.0,3,0.0,0.0,0.0,0.0,0.0,223.0,0.0,3.0,Estrela,Brasileiro,Aloísio Souza Genézio (Estrela)
Johnstone Omurwa,KEN,DF,25,8.6,430.0,408.0,22.0,21.0,1.0,1.0,0,1.0,0.0,0.0,0.0,0.0,361.0,0.0,2.0,Estrela,Brasileiro,Johnstone Omurwa (Estrela)
Miguel Lopes,POR,DF,37,7.5,358.0,347.0,10.0,10.0,1.0,5.0,1,0.0,0.0,0.0,0.0,0.0,294.0,1.0,2.0,Estrela,Brasileiro,Miguel Lopes (Estrela)
Jean Felipe,BRA,"MF,DF",29,8.2,440.0,314.0,124.0,17.0,0.0,1.0,44,92.0,15.0,11.0,4.0,0.0,313.0,2.0,7.0,Estrela,Brasileiro,Jean Felipe (Estrela)
Bruno Brigido,BRA,GK,32,7.0,231.0,156.0,74.0,7.0,0.0,0.0,0,0.0,0.0,0.0,0.0,0.0,176.0,1.0,0.0,Estrela,Brasileiro,Bruno Brigido (Estrela)
Ronaldo Tavares,POR,FW,26,6.2,107.0,98.0,9.0,0.0,2.0,1.0,4,2.0,0.0,0.0,0.0,0.0,52.0,0.0,6.0,Estrela,Brasileiro,Ronaldo Tavares (Estrela)
Vitó Ferreira,POR,MF,26,5.8,267.0,249.0,18.0,4.0,0.0,4.0,14,0.0,12.0,8.0,1.0,0.0,190.0,0.0,9.0,Estrela,Brasileiro,Vitó Ferreira (Estrela)
Mansur,BRA,DF,30,6.0,358.0,327.0,29.0,14.0,0.0,8.0,10,15.0,0.0,0.0,0.0,0.0,284.0,2.0,7.0,Estrela,Brasileiro,Mansur (Estrela)
Kikas,POR,"FW,MF",25,6.9,129.0,116.0,10.0,2.0,0.0,2.0,7,2.0,0.0,0.0,0.0,0.0,79.0,3.0,7.0,Estrela,Brasileiro,Kikas (Estrela)
Wagner Santos,BRA,GK,25,4.7,189.0,145.0,42.0,2.0,0.0,0.0,0,0.0,0.0,0.0,0.0,0.0,148.0,2.0,0.0,Estrela,Brasileiro,Wagner Santos (Estrela)
Almeida,BRA,DF,23,4.4,216.0,206.0,10.0,10.0,0.0,3.0,0,0.0,0.0,0.0,0.0,0.0,168.0,0.0,0.0,Estrela,Brasileiro,Almeida (Estrela)
Nkanyiso Shinga,RSA,"DF,MF",23,3.7,181.0,150.0,30.0,6.0,0.0,0.0,9,18.0,6.0,5.0,0.0,0.0,139.0,1.0,3.0,Estrela,Brasileiro,Nkanyiso Shinga (Estrela)
André Inácio,BRA,"FW,MF",21,3.8,66.0,57.0,6.0,0.0,1.0,0.0,3,0.0,1.0,0.0,0.0,0.0,38.0,3.0,4.0,Estrela,Brasileiro,André Inácio (Estrela)
António Filipe de Carvalho,POR,GK,38,3.0,118.0,86.0,32.0,6.0,0.0,0.0,0,0.0,0.0,0.0,0.0,0.0,86.0,0.0,0.0,Estrela,Brasileiro,António Filipe de Carvalho (Estrela)
Pedro Sá,POR,MF,30,3.0,149.0,137.0,9.0,6.0,3.0,3.0,7,0.0,3.0,3.0,0.0,0.0,102.0,3.0,3.0,Estrela,Brasileiro,Pedro Sá (Estrela)
Regis Ndo,MLI,"FW,MF",22,2.2,70.0,67.0,2.0,0.0,1.0,2.0,7,1.0,1.0,1.0,0.0,0.0,49.0,1.0,1.0,Estrela,Brasileiro,Regis Ndo (Estrela)
Alioune Ndour,SEN,"FW,MF",22,1.9,55.0,48.0,7.0,0.0,2.0,1.0,1,0.0,0.0,0.0,0.0,0.0,35.0,0.0,1.0,Estrela,Brasileiro,Alioune Ndour (Estrela)
Keliano,ANG,MF,20,1.3,37.0,36.0,0.0,0.0,1.0,1.0,1,0.0,0.0,0.0,0.0,0.0,27.0,1.0,1.0,Estrela,Brasileiro,Keliano (Estrela)
Gustavo Henrique,BRA,FW,24,0.2,0.0,0.0,0.0,0.0,0.0,0.0,0,0.0,0.0,0.0,0.0,0.0,0.0,0.0,0.0,Estrela,Brasileiro,Gustavo Henrique (Estrela)
Cambila,ANG,GK,21,0.2,6.0,5.0,1.0,0.0,0.0,0.0,0,0.0,0.0,0.0,0.0,0.0,5.0,0.0,1.0,Estrela,Brasileiro,Cambila (Estrela)
Luiz Lúcio Reis Júnior,BRA,GK,22,15.0,503.0,351.0,149.0,46.0,0.0,3.0,0,0.0,0.0,0.0,0.0,0.0,391.0,3.0,0.0,Famalicão,Brasileiro,Luiz Lúcio Reis Júnior (Famalicão)
Moura,POR,DF,24,15.0,723.0,530.0,190.0,20.0,2.0,3.0,101,136.0,34.0,29.0,1.0,0.0,522.0,3.0,10.0,Famalicão,Brasileiro,Moura (Famalicão)
Zaydou Youssouf,FRA,MF,24,13.1,606.0,553.0,47.0,43.0,0.0,19.0,13,2.0,1.0,1.0,0.0,0.0,505.0,6.0,3.0,Famalicão,Brasileiro,Zaydou Youssouf (Famalicão)
Otavio Ataide,BRA,DF,21,12.2,656.0,616.0,37.0,35.0,0.0,9.0,9,2.0,0.0,0.0,0.0,0.0,523.0,3.0,9.0,Famalicão,Brasileiro,Otavio Ataide (Famalicão)
Jhonder Cádiz,VEN,FW,28,9.4,174.0,148.0,23.0,1.0,1.0,0.0,4,1.0,0.0,0.0,0.0,0.0,89.0,3.0,3.0,Famalicão,Brasileiro,Jhonder Cádiz (Famalicão)
Riccieli,BRA,DF,25,9.0,497.0,472.0,23.0,23.0,0.0,9.0,0,0.0,0.0,0.0,0.0,0.0,407.0,2.0,6.0,Famalicão,Brasileiro,Riccieli (Famalicão)
Mirko Topić,SRB,MF,22,9.3,420.0,403.0,16.0,15.0,0.0,7.0,0,1.0,0.0,0.0,0.0,0.0,362.0,1.0,7.0,Famalicão,Brasileiro,Mirko Topić (Famalicão)
Nathan,BRA,DF,22,8.0,315.0,229.0,83.0,7.0,0.0,6.0,13,76.0,0.0,0.0,0.0,0.0,245.0,3.0,11.0,Famalicão,Brasileiro,Nathan (Famalicão)
José Luis Rodríguez,PAN,FW,25,7.6,175.0,160.0,12.0,4.0,0.0,1.0,38,4.0,4.0,3.0,1.0,0.0,118.0,3.0,6.0,Famalicão,Brasileiro,José Luis Rodríguez (Famalicão)
Gustavo sá,POR,MF,19,6.8,175.0,164.0,10.0,5.0,2.0,2.0,15,3.0,2.0,1.0,0.0,0.0,117.0,1.0,10.0,Famalicão,Brasileiro,Gustavo sá (Famalicão)
Chiquinho,POR,"FW,MF",23,6.7,105.0,71.0,33.0,14.0,0.0,1.0,30,3.0,15.0,11.0,1.0,0.0,51.0,1.0,5.0,Famalicão,Brasileiro,Chiquinho (Famalicão)
Martin Agirregabiria,ESP,DF,27,7.3,382.0,292.0,89.0,11.0,0.0,5.0,35,70.0,8.0,8.0,0.0,0.0,269.0,1.0,10.0,Famalicão,Brasileiro,Martin Agirregabiria (Famalicão)
Henrique Araújo,POR,FW,21,6.0,131.0,118.0,12.0,3.0,0.0,0.0,0,0.0,0.0,0.0,0.0,0.0,103.0,1.0,3.0,Famalicão,Brasileiro,Henrique Araújo (Famalicão)
Óscar Aranda,ESP,"FW,MF",21,6.0,157.0,129.0,27.0,14.0,3.0,3.0,20,3.0,10.0,8.0,0.0,0.0,116.0,1.0,4.0,Famalicão,Brasileiro,Óscar Aranda (Famalicão)
Justin de Haas,NED,DF,23,6.1,348.0,340.0,8.0,6.0,0.0,4.0,0,2.0,0.0,0.0,0.0,0.0,296.0,0.0,2.0,Famalicão,Brasileiro,Justin de Haas (Famalicão)
Otso Liimatta,FIN,MF,19,4.1,81.0,78.0,3.0,1.0,1.0,0.0,5,0.0,2.0,1.0,0.0,0.0,57.0,0.0,2.0,Famalicão,Brasileiro,Otso Liimatta (Famalicão)
Gustavo Assuncao,POR,MF,23,5.0,227.0,212.0,12.0,11.0,0.0,4.0,9,0.0,1.0,1.0,0.0,0.0,189.0,3.0,6.0,Famalicão,Brasileiro,Gustavo Assuncao (Famalicão)
Tom Lacoux,FRA,MF,21,3.1,164.0,161.0,2.0,2.0,0.0,0.0,1,0.0,0.0,0.0,0.0,0.0,132.0,1.0,4.0,Famalicão,Brasileiro,Tom Lacoux (Famalicão)
Théo Fonseca,FRA,FW,23,3.0,55.0,51.0,3.0,0.0,0.0,0.0,6,2.0,0.0,0.0,0.0,0.0,40.0,1.0,2.0,Famalicão,Brasileiro,Théo Fonseca (Famalicão)
Enea Mihaj,ALB,DF,25,2.7,148.0,142.0,5.0,5.0,0.0,2.0,0,0.0,0.0,0.0,0.0,0.0,132.0,1.0,0.0,Famalicão,Brasileiro,Enea Mihaj (Famalicão)
Mihai Dobre,ROU,"FW,MF",25,3.0,69.0,67.0,1.0,0.0,0.0,1.0,3,1.0,0.0,0.0,0.0,0.0,52.0,1.0,3.0,Famalicão,Brasileiro,Mihai Dobre (Famalicão)
Pablo,BRA,"FW,MF",19,2.2,45.0,45.0,0.0,0.0,1.0,0.0,1,0.0,0.0,0.0,0.0,0.0,36.0,0.0,3.0,Famalicão,Brasileiro,Pablo (Famalicão)
Afonso Rodrigues,POR,"FW,MF",21,2.6,41.0,40.0,1.0,0.0,0.0,0.0,4,1.0,0.0,0.0,0.0,0.0,23.0,0.0,3.0,Famalicão,Brasileiro,Afonso Rodrigues (Famalicão)
Ricardo Velho,POR,GK,25,14.0,466.0,246.0,219.0,43.0,0.0,0.0,0,0.0,0.0,0.0,0.0,0.0,235.0,1.0,1.0,Farense,Brasileiro,Ricardo Velho (Farense)
Talocha,POR,DF,34,13.8,668.0,503.0,161.0,23.0,1.0,0.0,48,131.0,7.0,4.0,2.0,0.0,462.0,4.0,23.0,Farense,Brasileiro,Talocha (Farense)
Claudio Falcão,BRA,MF,29,13.6,431.0,415.0,14.0,14.0,1.0,7.0,3,0.0,0.0,0.0,0.0,0.0,305.0,2.0,7.0,Farense,Brasileiro,Claudio Falcão (Farense)
Mattheus Oliveira,BRA,MF,29,11.7,470.0,400.0,67.0,25.0,2.0,0.0,50,2.0,36.0,27.0,4.0,0.0,360.0,3.0,4.0,Farense,Brasileiro,Mattheus Oliveira (Farense)
Gonçalo Silva,POR,DF,32,12.2,517.0,490.0,26.0,25.0,0.0,7.0,1,1.0,0.0,0.0,0.0,0.0,406.0,1.0,6.0,Farense,Brasileiro,Gonçalo Silva (Farense)
Bachir Belloumi,ALG,"FW,MF",21,10.6,310.0,306.0,4.0,2.0,3.0,3.0,24,2.0,0.0,0.0,0.0,0.0,184.0,0.0,13.0,Farense,Brasileiro,Bachir Belloumi (Farense)
David Pastor,BRA,DF,23,11.9,516.0,378.0,137.0,8.0,0.0,3.0,18,129.0,0.0,0.0,0.0,0.0,390.0,1.0,24.0,Farense,Brasileiro,David Pastor (Farense)
Marco Matias,POR,"FW,MF",34,9.9,248.0,214.0,33.0,12.0,0.0,3.0,44,3.0,18.0,10.0,0.0,0.0,170.0,1.0,9.0,Farense,Brasileiro,Marco Matias (Farense)
Bruno Duarte,BRA,FW,27,10.0,239.0,222.0,14.0,2.0,2.0,5.0,9,3.0,0.0,0.0,0.0,0.0,144.0,3.0,10.0,Farense,Brasileiro,Bruno Duarte (Farense)
Zach Muscat,MLT,DF,30,8.8,359.0,339.0,20.0,18.0,0.0,2.0,0,2.0,0.0,0.0,0.0,0.0,300.0,0.0,2.0,Farense,Brasileiro,Zach Muscat (Farense)
Fabrício Isidoro,BRA,MF,31,8.6,297.0,277.0,19.0,4.0,1.0,3.0,10,1.0,0.0,0.0,0.0,0.0,229.0,1.0,8.0,Farense,Brasileiro,Fabrício Isidoro (Farense)
Rui Costa,POR,"FW,MF",27,6.0,110.0,106.0,3.0,0.0,1.0,4.0,6,2.0,0.0,0.0,0.0,0.0,62.0,1.0,6.0,Farense,Brasileiro,Rui Costa (Farense)
Artur Jorge Marques Amorim,POR,DF,29,5.4,170.0,163.0,5.0,4.0,0.0,3.0,0,1.0,0.0,0.0,0.0,0.0,133.0,2.0,1.0,Farense,Brasileiro,Artur Jorge Marques Amorim (Farense)
Vítor Gonçalves,POR,MF,31,4.3,151.0,138.0,13.0,0.0,2.0,0.0,8,11.0,0.0,0.0,0.0,0.0,109.0,0.0,5.0,Farense,Brasileiro,Vítor Gonçalves (Farense)
Elves Baldé,POR,"FW,MF",24,2.3,67.0,58.0,9.0,2.0,0.0,1.0,26,0.0,7.0,4.0,3.0,0.0,33.0,0.0,3.0,Farense,Brasileiro,Elves Baldé (Farense)
Fran Delgado,ESP,DF,22,2.1,110.0,83.0,27.0,0.0,0.0,0.0,4,27.0,0.0,0.0,0.0,0.0,87.0,0.0,0.0,Farense,Brasileiro,Fran Delgado (Farense)
Igor Rossi Branco,BRA,DF,34,1.4,48.0,47.0,1.0,1.0,0.0,0.0,0,0.0,0.0,0.0,0.0,0.0,34.0,0.0,0.0,Farense,Brasileiro,Igor Rossi Branco (Farense)
Rafael Barbosa,POR,"FW,MF",27,2.3,120.0,108.0,12.0,5.0,0.0,0.0,13,3.0,2.0,1.0,1.0,0.0,83.0,0.0,8.0,Farense,Brasileiro,Rafael Barbosa (Farense)
Zé Luís,CPV,"FW,MF",32,1.5,43.0,43.0,0.0,0.0,2.0,1.0,1,0.0,0.0,0.0,0.0,0.0,25.0,0.0,1.0,Farense,Brasileiro,Zé Luís (Farense)
Facundo Cáseres,ARG,"MF,DF",22,1.1,35.0,32.0,3.0,2.0,0.0,0.0,0,1.0,0.0,0.0,0.0,0.0,28.0,0.0,1.0,Farense,Brasileiro,Facundo Cáseres (Farense)
Cristian Ponde,POR,MF,28,0.5,16.0,16.0,0.0,0.0,0.0,0.0,1,0.0,0.0,0.0,0.0,0.0,10.0,0.0,2.0,Farense,Brasileiro,Cristian Ponde (Farense)
André Seruca,POR,MF,23,0.4,24.0,24.0,0.0,0.0,0.0,0.0,1,0.0,0.0,0.0,0.0,0.0,14.0,0.0,0.0,Farense,Brasileiro,André Seruca (Farense)
Talys Oliveira,BRA,DF,24,0.1,7.0,5.0,1.0,0.0,0.0,0.0,0,1.0,0.0,0.0,0.0,0.0,5.0,1.0,0.0,Farense,Brasileiro,Talys Oliveira (Farense)
Rúben Fernandes,POR,DF,37,14.0,841.0,788.0,50.0,49.0,2.0,5.0,3,0.0,0.0,0.0,0.0,0.0,706.0,3.0,5.0,Gil Vicente FC,Brasileiro,Rúben Fernandes (Gil Vicente FC)
José Carlos,POR,DF,25,12.7,716.0,555.0,161.0,20.0,0.0,3.0,17,141.0,0.0,0.0,0.0,0.0,522.0,0.0,13.0,Gil Vicente FC,Brasileiro,José Carlos (Gil Vicente FC)
Maxime Dominguez,SUI,"MF,FW",27,12.0,522.0,463.0,57.0,24.0,4.0,4.0,33,5.0,23.0,12.0,8.0,0.0,421.0,2.0,14.0,Gil Vicente FC,Brasileiro,Maxime Dominguez (Gil Vicente FC)
Pedro Tiba,POR,MF,35,11.6,582.0,526.0,52.0,49.0,7.0,3.0,20,0.0,2.0,0.0,2.0,0.0,457.0,4.0,13.0,Gil Vicente FC,Brasileiro,Pedro Tiba (Gil Vicente FC)
Leonardo Buta,POR,DF,21,12.0,592.0,476.0,115.0,17.0,1.0,1.0,16,98.0,0.0,0.0,0.0,0.0,455.0,1.0,13.0,Gil Vicente FC,Brasileiro,Leonardo Buta (Gil Vicente FC)
Andrew,BRA,GK,22,12.0,439.0,280.0,157.0,34.0,0.0,0.0,0,0.0,0.0,0.0,0.0,0.0,333.0,2.0,1.0,Gil Vicente FC,Brasileiro,Andrew (Gil Vicente FC)
Gabriel Pereira,BRA,DF,23,11.9,759.0,723.0,36.0,35.0,0.0,12.0,0,1.0,0.0,0.0,0.0,0.0,661.0,0.0,2.0,Gil Vicente FC,Brasileiro,Gabriel Pereira (Gil Vicente FC)
Kanya Fujimoto,JPN,MF,24,9.2,343.0,329.0,10.0,3.0,3.0,0.0,9,1.0,4.0,2.0,1.0,0.0,248.0,4.0,10.0,Gil Vicente FC,Brasileiro,Kanya Fujimoto (Gil Vicente FC)
Martim Carvalho,POR,MF,20,8.4,393.0,386.0,7.0,2.0,1.0,3.0,1,3.0,2.0,0.0,1.0,0.0,336.0,0.0,5.0,Gil Vicente FC,Brasileiro,Martim Carvalho (Gil Vicente FC)
Félix Correia,POR,FW,22,7.9,254.0,245.0,4.0,1.0,3.0,0.0,12,0.0,3.0,1.0,0.0,0.0,177.0,5.0,10.0,Gil Vicente FC,Brasileiro,Félix Correia (Gil Vicente FC)
Murilo Costa,BRA,FW,29,7.1,200.0,182.0,16.0,3.0,0.0,1.0,16,5.0,8.0,4.0,1.0,0.0,149.0,2.0,4.0,Gil Vicente FC,Brasileiro,Murilo Costa (Gil Vicente FC)
Roko Baturina,CRO,FW,23,6.2,115.0,98.0,17.0,0.0,0.0,0.0,0,0.0,0.0,0.0,0.0,0.0,77.0,0.0,4.0,Gil Vicente FC,Brasileiro,Roko Baturina (Gil Vicente FC)
Marlon,BRA,"FW,MF",26,4.3,124.0,119.0,5.0,0.0,0.0,0.0,5,4.0,1.0,0.0,0.0,0.0,86.0,0.0,5.0,Gil Vicente FC,Brasileiro,Marlon (Gil Vicente FC)
Depú,ANG,FW,23,4.1,63.0,56.0,7.0,0.0,0.0,0.0,0,0.0,0.0,0.0,0.0,0.0,44.0,0.0,1.0,Gil Vicente FC,Brasileiro,Depú (Gil Vicente FC)
Mory Gbane,CIV,MF,23,4.0,172.0,171.0,1.0,1.0,0.0,0.0,0,0.0,0.0,0.0,0.0,0.0,150.0,0.0,3.0,Gil Vicente FC,Brasileiro,Mory Gbane (Gil Vicente FC)
Né lopes,POR,DF,23,2.8,170.0,160.0,9.0,3.0,0.0,0.0,0,6.0,0.0,0.0,0.0,0.0,151.0,1.0,2.0,Gil Vicente FC,Brasileiro,Né lopes (Gil Vicente FC)
Tidjany Chabrol,FRA,"FW,MF",21,4.0,154.0,149.0,4.0,1.0,0.0,2.0,9,1.0,2.0,0.0,1.0,0.0,121.0,1.0,2.0,Gil Vicente FC,Brasileiro,Tidjany Chabrol (Gil Vicente FC)
Vinicius Dias,BRA,GK,26,2.0,51.0,30.0,21.0,4.0,0.0,0.0,0,0.0,0.0,0.0,0.0,0.0,38.0,0.0,0.0,Gil Vicente FC,Brasileiro,Vinicius Dias (Gil Vicente FC)
Kiko Vilas Boas,POR,DF,24,2.0,104.0,79.0,24.0,5.0,0.0,0.0,7,19.0,0.0,0.0,0.0,0.0,67.0,1.0,4.0,Gil Vicente FC,Brasileiro,Kiko Vilas Boas (Gil Vicente FC)
Ali Alipour,IRN,FW,28,1.7,39.0,34.0,5.0,0.0,0.0,2.0,3,0.0,0.0,0.0,0.0,0.0,25.0,0.0,3.0,Gil Vicente FC,Brasileiro,Ali Alipour (Gil Vicente FC)
Miguel Monteiro,POR,FW,20,2.2,29.0,23.0,6.0,0.0,0.0,0.0,0,0.0,0.0,0.0,0.0,0.0,16.0,0.0,1.0,Gil Vicente FC,Brasileiro,Miguel Monteiro (Gil Vicente FC)
Roan Wilson,CRC,"MF,DF",21,1.0,41.0,41.0,0.0,0.0,0.0,0.0,0,0.0,0.0,0.0,0.0,0.0,38.0,0.0,1.0,Gil Vicente FC,Brasileiro,Roan Wilson (Gil Vicente FC)
Jesús Castillo,PER,MF,22,0.3,40.0,39.0,1.0,0.0,0.0,0.0,0,1.0,0.0,0.0,0.0,0.0,29.0,0.0,0.0,Gil Vicente FC,Brasileiro,Jesús Castillo (Gil Vicente FC)
Thomas Luciano,BRA,DF,21,0.2,20.0,15.0,5.0,0.0,0.0,0.0,3,5.0,0.0,0.0,0.0,0.0,11.0,0.0,0.0,Gil Vicente FC,Brasileiro,Thomas Luciano (Gil Vicente FC)
André Simões,POR,FW,20,0.2,12.0,12.0,0.0,0.0,0.0,0.0,0,0.0,0.0,0.0,0.0,0.0,12.0,0.0,0.0,Gil Vicente FC,Brasileiro,André Simões (Gil Vicente FC)
Felipe Silva Lipe,BRA,DF,21,0.1,16.0,16.0,0.0,0.0,0.0,0.0,0,0.0,0.0,0.0,0.0,0.0,15.0,0.0,0.0,Gil Vicente FC,Brasileiro,Felipe Silva Lipe (Gil Vicente FC)
Marcelo dos Santos Ferreira,BRA,DF,34,15.0,739.0,705.0,33.0,32.0,0.0,6.0,0,1.0,0.0,0.0,0.0,0.0,617.0,1.0,3.0,Moreirense,Brasileiro,Marcelo dos Santos Ferreira (Moreirense)
Kewin,BRA,GK,28,15.0,558.0,384.0,171.0,42.0,0.0,3.0,0,0.0,0.0,0.0,0.0,0.0,386.0,3.0,0.0,Moreirense,Brasileiro,Kewin (Moreirense)
André Luis,BRA,FW,29,14.8,302.0,290.0,11.0,0.0,1.0,0.0,1,0.0,0.0,0.0,0.0,0.0,179.0,1.0,10.0,Moreirense,Brasileiro,André Luis (Moreirense)
Alan,BRA,MF,23,13.3,570.0,470.0,96.0,37.0,3.0,2.0,76,4.0,53.0,28.0,18.0,0.0,433.0,4.0,13.0,Moreirense,Brasileiro,Alan (Moreirense)
Lawrence Ofori,GHA,MF,25,13.7,583.0,560.0,20.0,20.0,5.0,1.0,5,0.0,0.0,0.0,0.0,0.0,525.0,3.0,5.0,Moreirense,Brasileiro,Lawrence Ofori (Moreirense)
Gonçalo Franco,POR,MF,23,13.0,440.0,417.0,20.0,6.0,1.0,3.0,8,1.0,0.0,0.0,0.0,0.0,340.0,3.0,16.0,Moreirense,Brasileiro,Gonçalo Franco (Moreirense)
Maracás,BRA,DF,29,12.0,550.0,530.0,19.0,19.0,1.0,1.0,0,0.0,0.0,0.0,0.0,0.0,463.0,1.0,2.0,Moreirense,Brasileiro,Maracás (Moreirense)
Fabiano,BRA,DF,23,11.9,588.0,452.0,133.0,15.0,1.0,5.0,34,118.0,0.0,0.0,0.0,0.0,415.0,3.0,15.0,Moreirense,Brasileiro,Fabiano (Moreirense)
Pedro Amador,POR,DF,25,10.0,482.0,355.0,126.0,20.0,1.0,5.0,41,92.0,14.0,6.0,2.0,0.0,358.0,1.0,9.0,Moreirense,Brasileiro,Pedro Amador (Moreirense)
Kobamelo Kodisang,RSA,FW,24,9.1,196.0,193.0,1.0,0.0,1.0,1.0,24,1.0,0.0,0.0,0.0,0.0,129.0,2.0,11.0,Moreirense,Brasileiro,Kobamelo Kodisang (Moreirense)
João Pedro Gomes Camacho,POR,FW,29,8.9,209.0,205.0,3.0,2.0,2.0,6.0,18,1.0,0.0,0.0,0.0,0.0,143.0,1.0,10.0,Moreirense,Brasileiro,João Pedro Gomes Camacho (Moreirense)
Madson,BRA,FW,24,8.8,232.0,222.0,10.0,1.0,0.0,1.0,32,7.0,2.0,2.0,0.0,0.0,141.0,0.0,19.0,Moreirense,Brasileiro,Madson (Moreirense)
Godfried Frimpong,NED,DF,24,5.8,283.0,208.0,75.0,10.0,0.0,1.0,25,60.0,5.0,1.0,2.0,0.0,217.0,0.0,6.0,Moreirense,Brasileiro,Godfried Frimpong (Moreirense)
Dinis Pinto,POR,DF,23,3.1,113.0,80.0,33.0,1.0,0.0,0.0,5,31.0,1.0,0.0,1.0,0.0,77.0,0.0,2.0,Moreirense,Brasileiro,Dinis Pinto (Moreirense)
Carlos Ponck,CPV,DF,28,3.3,176.0,168.0,7.0,7.0,0.0,0.0,0,0.0,0.0,0.0,0.0,0.0,156.0,1.0,1.0,Moreirense,Brasileiro,Carlos Ponck (Moreirense)
Wallisson Luiz,BRA,"MF,FW",26,2.2,70.0,67.0,2.0,1.0,0.0,0.0,1,0.0,0.0,0.0,0.0,0.0,50.0,1.0,3.0,Moreirense,Brasileiro,Wallisson Luiz (Moreirense)
Rúben Ramos,POR,MF,24,1.0,32.0,31.0,1.0,1.0,0.0,0.0,0,0.0,0.0,0.0,0.0,0.0,25.0,0.0,0.0,Moreirense,Brasileiro,Rúben Ramos (Moreirense)
Jeremy Antonisse,CUW,"FW,MF",21,2.1,60.0,59.0,1.0,0.0,1.0,0.0,2,1.0,0.0,0.0,0.0,0.0,43.0,0.0,3.0,Moreirense,Brasileiro,Jeremy Antonisse (Moreirense)
Pedro Aparício,POR,"MF,FW",28,1.3,62.0,53.0,9.0,5.0,2.0,2.0,8,0.0,3.0,3.0,0.0,0.0,45.0,0.0,2.0,Moreirense,Brasileiro,Pedro Aparício (Moreirense)
Matheus Aiás,BRA,"MF,FW",26,0.7,18.0,18.0,0.0,0.0,0.0,0.0,0,0.0,0.0,0.0,0.0,0.0,12.0,0.0,1.0,Moreirense,Brasileiro,Matheus Aiás (Moreirense)
Rodrigo Macedo,POR,MF,20,0.1,4.0,4.0,0.0,0.0,0.0,0.0,0,0.0,0.0,0.0,0.0,0.0,4.0,0.0,0.0,Moreirense,Brasileiro,Rodrigo Macedo (Moreirense)
Gilberto Batista,POR,MF,20,0.0,0.0,0.0,0.0,0.0,0.0,0.0,0,0.0,0.0,0.0,0.0,0.0,0.0,0.0,0.0,Moreirense,Brasileiro,Gilberto Batista (Moreirense)
Filipe Relvas,POR,DF,24,13.8,742.0,657.0,83.0,29.0,0.0,1.0,8,54.0,0.0,0.0,0.0,0.0,599.0,2.0,6.0,Portimonense,Brasileiro,Filipe Relvas (Portimonense)
Carlinhos,BRA,MF,29,12.9,582.0,502.0,76.0,32.0,1.0,13.0,39,7.0,35.0,12.0,14.0,0.0,441.0,4.0,12.0,Portimonense,Brasileiro,Carlinhos (Portimonense)
Vinicius Silvestre,BRA,GK,29,12.0,403.0,237.0,165.0,45.0,0.0,1.0,0,0.0,0.0,0.0,0.0,0.0,283.0,1.0,0.0,Portimonense,Brasileiro,Vinicius Silvestre (Portimonense)
Hélio Varela,CPV,"FW,MF",21,11.9,307.0,303.0,4.0,0.0,0.0,2.0,22,3.0,0.0,0.0,0.0,0.0,233.0,0.0,14.0,Portimonense,Brasileiro,Hélio Varela (Portimonense)
Pedrão,BRA,DF,26,11.5,560.0,510.0,47.0,31.0,0.0,6.0,3,16.0,0.0,0.0,0.0,0.0,441.0,3.0,3.0,Portimonense,Brasileiro,Pedrão (Portimonense)
Alemão,BRA,DF,21,10.9,391.0,376.0,13.0,12.0,1.0,4.0,0,0.0,0.0,0.0,0.0,0.0,325.0,2.0,2.0,Portimonense,Brasileiro,Alemão (Portimonense)
Dener,BRA,MF,31,9.8,376.0,358.0,17.0,12.0,1.0,2.0,2,3.0,0.0,0.0,0.0,0.0,308.0,1.0,9.0,Portimonense,Brasileiro,Dener (Portimonense)
Sylvester Jasper,BUL,"FW,MF",22,9.4,240.0,229.0,9.0,1.0,0.0,0.0,25,2.0,5.0,2.0,2.0,0.0,174.0,2.0,15.0,Portimonense,Brasileiro,Sylvester Jasper (Portimonense)
Gonçalo Costa,POR,"DF,MF",23,9.9,477.0,387.0,88.0,8.0,0.0,0.0,50,76.0,4.0,3.0,1.0,0.0,337.0,2.0,22.0,Portimonense,Brasileiro,Gonçalo Costa (Portimonense)
Ronie Carrillo,ECU,FW,27,8.4,186.0,162.0,23.0,1.0,1.0,0.0,3,0.0,0.0,0.0,0.0,0.0,128.0,1.0,5.0,Portimonense,Brasileiro,Ronie Carrillo (Portimonense)
Guga,POR,"DF,MF",20,7.2,206.0,149.0,57.0,2.0,0.0,0.0,10,55.0,0.0,0.0,0.0,0.0,157.0,0.0,7.0,Portimonense,Brasileiro,Guga (Portimonense)
Igor Marques,BRA,"DF,MF",24,6.4,290.0,216.0,71.0,1.0,0.0,2.0,21,70.0,0.0,0.0,0.0,0.0,218.0,3.0,16.0,Portimonense,Brasileiro,Igor Marques (Portimonense)
Maurício,BRA,MF,35,5.0,204.0,199.0,4.0,1.0,1.0,0.0,0,0.0,1.0,0.0,0.0,0.0,169.0,1.0,5.0,Portimonense,Brasileiro,Maurício (Portimonense)
Rildo,BRA,"FW,MF",23,5.7,100.0,86.0,14.0,0.0,4.0,0.0,3,0.0,2.0,1.0,1.0,0.0,71.0,0.0,3.0,Portimonense,Brasileiro,Rildo (Portimonense)
Moustapha Seck,SEN,"DF,MF",27,3.3,159.0,134.0,25.0,2.0,0.0,0.0,14,23.0,0.0,0.0,0.0,0.0,104.0,0.0,4.0,Portimonense,Brasileiro,Moustapha Seck (Portimonense)
Paulo Estrela Moreira,POR,"MF,FW",24,4.2,240.0,221.0,18.0,5.0,0.0,1.0,12,4.0,9.0,4.0,3.0,0.0,191.0,1.0,2.0,Portimonense,Brasileiro,Paulo Estrela Moreira (Portimonense)
Nonoca,BRA,"MF,FW",25,3.6,131.0,130.0,1.0,1.0,0.0,0.0,1,0.0,0.0,0.0,0.0,0.0,115.0,0.0,1.0,Portimonense,Brasileiro,Nonoca (Portimonense)
Kosuke Nakamura,JPN,GK,28,2.0,74.0,41.0,33.0,5.0,0.0,0.0,0,0.0,0.0,0.0,0.0,0.0,55.0,0.0,0.0,Portimonense,Brasileiro,Kosuke Nakamura (Portimonense)
Paulinho,POR,"FW,MF",24,1.9,34.0,30.0,4.0,0.0,0.0,0.0,1,0.0,0.0,0.0,0.0,0.0,21.0,0.0,2.0,Portimonense,Brasileiro,Paulinho (Portimonense)
Rafael Alcobia,POR,DF,20,1.3,75.0,70.0,4.0,4.0,0.0,0.0,0,0.0,0.0,0.0,0.0,0.0,59.0,1.0,0.0,Portimonense,Brasileiro,Rafael Alcobia (Portimonense)
Luan Campos,BRA,"FW,MF",21,1.1,25.0,20.0,3.0,0.0,0.0,0.0,3,1.0,2.0,2.0,0.0,0.0,13.0,2.0,0.0,Portimonense,Brasileiro,Luan Campos (Portimonense)
Zinho,BRA,"FW,MF",20,1.3,26.0,26.0,0.0,0.0,0.0,0.0,1,0.0,0.0,0.0,0.0,0.0,18.0,0.0,1.0,Portimonense,Brasileiro,Zinho (Portimonense)
Midana Cassama,GNB,MF,21,0.2,5.0,5.0,0.0,0.0,0.0,0.0,0,0.0,0.0,0.0,0.0,0.0,3.0,0.0,0.0,Portimonense,Brasileiro,Midana Cassama (Portimonense)
Jose Souza,POR,MF,22,0.1,8.0,8.0,0.0,0.0,0.0,0.0,0,0.0,0.0,0.0,0.0,0.0,8.0,0.0,0.0,Portimonense,Brasileiro,Jose Souza (Portimonense)
Dennis Adeniran,ENG,MF,24,0.1,2.0,2.0,0.0,0.0,0.0,0.0,0,0.0,0.0,0.0,0.0,0.0,2.0,0.0,0.0,Portimonense,Brasileiro,Dennis Adeniran (Portimonense)
Diogo Costa,POR,GK,24,15.0,580.0,442.0,136.0,36.0,0.0,1.0,0,0.0,0.0,0.0,0.0,0.0,453.0,2.0,0.0,Porto,Brasileiro,Diogo Costa (Porto)
Pepê,BRA,"MF,DF",26,13.2,558.0,506.0,45.0,4.0,15.0,5.0,18,37.0,4.0,0.0,2.0,0.0,423.0,7.0,11.0,Porto,Brasileiro,Pepê (Porto)
Stephen Eustáquio,CAN,MF,27,13.1,784.0,697.0,86.0,58.0,1.0,4.0,40,3.0,25.0,13.0,4.0,0.0,641.0,1.0,10.0,Porto,Brasileiro,Stephen Eustáquio (Porto)
Mehdi Taremi,IRN,FW,31,12.9,318.0,296.0,22.0,1.0,6.0,0.0,0,5.0,1.0,0.0,0.0,0.0,239.0,0.0,20.0,Porto,Brasileiro,Mehdi Taremi (Porto)
João Mário Lopes,POR,DF,23,10.6,556.0,459.0,95.0,5.0,1.0,2.0,38,88.0,2.0,0.0,0.0,0.0,450.0,2.0,11.0,Porto,Brasileiro,João Mário Lopes (Porto)
Alan Varela,ARG,MF,22,9.2,545.0,527.0,16.0,14.0,4.0,10.0,4,1.0,1.0,1.0,0.0,0.0,473.0,2.0,5.0,Porto,Brasileiro,Alan Varela (Porto)
Galeno,BRA,"MF,DF",26,10.1,324.0,266.0,57.0,8.0,4.0,0.0,26,41.0,8.0,2.0,2.0,0.0,221.0,1.0,15.0,Porto,Brasileiro,Galeno (Porto)
Pepe,POR,DF,40,7.2,511.0,482.0,27.0,26.0,0.0,8.0,4,1.0,0.0,0.0,0.0,0.0,426.0,2.0,5.0,Porto,Brasileiro,Pepe (Porto)
Evanilson,BRA,FW,24,7.0,162.0,151.0,11.0,0.0,3.0,0.0,3,3.0,0.0,0.0,0.0,0.0,123.0,0.0,5.0,Porto,Brasileiro,Evanilson (Porto)
Fábio Cardoso,POR,DF,29,6.9,516.0,499.0,16.0,15.0,1.0,4.0,2,1.0,0.0,0.0,0.0,0.0,468.0,1.0,2.0,Porto,Brasileiro,Fábio Cardoso (Porto)
David Carmo,POR,DF,24,6.8,424.0,395.0,27.0,18.0,2.0,3.0,0,0.0,0.0,0.0,0.0,0.0,360.0,2.0,2.0,Porto,Brasileiro,David Carmo (Porto)
Wendell,BRA,DF,30,6.9,449.0,361.0,88.0,15.0,1.0,1.0,36,63.0,10.0,9.0,0.0,0.0,359.0,0.0,11.0,Porto,Brasileiro,Wendell (Porto)
Iván Marcano,ESP,DF,36,4.1,319.0,306.0,12.0,7.0,0.0,2.0,3,3.0,0.0,0.0,0.0,0.0,286.0,1.0,2.0,Porto,Brasileiro,Iván Marcano (Porto)
Zé Pedro Figueiredo,POR,DF,26,4.7,340.0,329.0,11.0,10.0,1.0,5.0,4,1.0,0.0,0.0,0.0,0.0,296.0,0.0,2.0,Porto,Brasileiro,Zé Pedro Figueiredo (Porto)
André Franco,POR,"MF,FW",25,4.1,242.0,213.0,27.0,12.0,4.0,0.0,20,2.0,13.0,8.0,2.0,0.0,191.0,2.0,4.0,Porto,Brasileiro,André Franco (Porto)
Nicolás González,ESP,MF,21,4.1,265.0,256.0,8.0,6.0,0.0,2.0,3,2.0,0.0,0.0,0.0,0.0,235.0,1.0,2.0,Porto,Brasileiro,Nicolás González (Porto)
Toni Martínez,ESP,FW,26,4.0,70.0,69.0,1.0,0.0,0.0,0.0,4,0.0,0.0,0.0,0.0,0.0,48.0,0.0,2.0,Porto,Brasileiro,Toni Martínez (Porto)
Jorge Eduardo Sánchez,MEX,DF,26,3.9,246.0,201.0,43.0,5.0,0.0,1.0,8,38.0,0.0,0.0,0.0,0.0,203.0,2.0,9.0,Porto,Brasileiro,Jorge Eduardo Sánchez (Porto)
Zaidu Sanusi,NGA,DF,26,2.8,172.0,131.0,40.0,3.0,0.0,0.0,14,30.0,7.0,1.0,3.0,0.0,117.0,1.0,6.0,Porto,Brasileiro,Zaidu Sanusi (Porto)
Francisco Conceição,POR,"MF,FW",21,3.7,158.0,144.0,13.0,0.0,3.0,1.0,17,5.0,8.0,6.0,0.0,0.0,120.0,1.0,5.0,Porto,Brasileiro,Francisco Conceição (Porto)
Ivan Jaime Pajuelo,ESP,MF,23,2.9,154.0,131.0,22.0,8.0,2.0,0.0,20,2.0,12.0,8.0,3.0,0.0,124.0,1.0,2.0,Porto,Brasileiro,Ivan Jaime Pajuelo (Porto)
João Miguel,POR,DF,23,2.1,142.0,106.0,36.0,4.0,1.0,3.0,9,31.0,1.0,1.0,0.0,0.0,108.0,0.0,3.0,Porto,Brasileiro,João Miguel (Porto)
Romário Baró,POR,"MF,FW",23,1.4,56.0,47.0,8.0,0.0,0.0,0.0,2,3.0,5.0,1.0,0.0,0.0,42.0,1.0,5.0,Porto,Brasileiro,Romário Baró (Porto)
Gonçalo Borges,POR,"MF,DF",22,2.3,89.0,81.0,8.0,0.0,0.0,0.0,25,8.0,0.0,0.0,0.0,0.0,57.0,0.0,5.0,Porto,Brasileiro,Gonçalo Borges (Porto)
Fran Navarro,ESP,"FW,MF",25,1.9,24.0,24.0,0.0,0.0,0.0,0.0,3,0.0,0.0,0.0,0.0,0.0,19.0,0.0,1.0,Porto,Brasileiro,Fran Navarro (Porto)
Marko Grujić,SRB,MF,27,1.3,91.0,90.0,1.0,1.0,2.0,2.0,0,0.0,0.0,0.0,0.0,0.0,75.0,0.0,1.0,Porto,Brasileiro,Marko Grujić (Porto)
Otávio,POR,"MF,FW",28,1.0,54.0,43.0,11.0,5.0,1.0,0.0,3,0.0,4.0,1.0,1.0,0.0,38.0,0.0,1.0,Porto,Brasileiro,Otávio (Porto)
Danny Loader,ENG,"FW,DF",23,0.5,20.0,18.0,1.0,0.0,0.0,0.0,0,1.0,0.0,0.0,0.0,0.0,15.0,1.0,1.0,Porto,Brasileiro,Danny Loader (Porto)
Costinha,POR,"MF,DF",23,15.0,639.0,476.0,162.0,16.0,2.0,8.0,61,146.0,0.0,0.0,0.0,0.0,435.0,1.0,24.0,Rio Ave,Brasileiro,Costinha (Rio Ave)
Aderlan Santos,BRA,DF,34,15.0,905.0,879.0,26.0,25.0,0.0,0.0,0,1.0,0.0,0.0,0.0,0.0,753.0,0.0,0.0,Rio Ave,Brasileiro,Aderlan Santos (Rio Ave)
Fábio Conceição,POR,"MF,DF",22,14.8,634.0,497.0,132.0,7.0,1.0,4.0,26,125.0,0.0,0.0,0.0,0.0,494.0,5.0,15.0,Rio Ave,Brasileiro,Fábio Conceição (Rio Ave)
Amine Oudrhiri,MAR,MF,31,12.9,563.0,538.0,24.0,24.0,2.0,6.0,1,0.0,0.0,0.0,0.0,0.0,490.0,1.0,8.0,Rio Ave,Brasileiro,Amine Oudrhiri (Rio Ave)
Josué Sá,POR,DF,31,11.7,649.0,615.0,32.0,28.0,0.0,4.0,6,4.0,0.0,0.0,0.0,0.0,553.0,2.0,6.0,Rio Ave,Brasileiro,Josué Sá (Rio Ave)
Gonçalo Rodrigues,POR,MF,26,10.8,467.0,396.0,70.0,38.0,1.0,4.0,53,2.0,30.0,7.0,19.0,0.0,363.0,1.0,10.0,Rio Ave,Brasileiro,Gonçalo Rodrigues (Rio Ave)
Emmanuel Boateng,GHA,FW,27,9.6,150.0,134.0,15.0,0.0,0.0,3.0,5,2.0,0.0,0.0,0.0,0.0,110.0,1.0,4.0,Rio Ave,Brasileiro,Emmanuel Boateng (Rio Ave)
Joca,POR,"FW,MF",27,6.9,193.0,182.0,9.0,2.0,2.0,4.0,17,3.0,2.0,2.0,0.0,0.0,128.0,2.0,3.0,Rio Ave,Brasileiro,Joca (Rio Ave)
Jhonatan,BRA,GK,32,8.0,254.0,167.0,86.0,28.0,0.0,0.0,0,0.0,0.0,0.0,0.0,0.0,167.0,1.0,1.0,Rio Ave,Brasileiro,Jhonatan (Rio Ave)
Miguel Nóbrega,POR,DF,23,7.9,449.0,424.0,25.0,22.0,0.0,5.0,6,3.0,0.0,0.0,0.0,0.0,350.0,0.0,11.0,Rio Ave,Brasileiro,Miguel Nóbrega (Rio Ave)
Magrão,BRA,GK,23,7.0,223.0,148.0,74.0,20.0,0.0,1.0,0,0.0,0.0,0.0,0.0,0.0,172.0,1.0,0.0,Rio Ave,Brasileiro,Magrão (Rio Ave)
André Pereira,POR,FW,28,6.5,166.0,156.0,9.0,0.0,2.0,0.0,3,5.0,0.0,0.0,0.0,0.0,115.0,1.0,5.0,Rio Ave,Brasileiro,André Pereira (Rio Ave)
Renato Pantalon,CRO,DF,26,6.3,374.0,360.0,14.0,14.0,0.0,1.0,3,0.0,0.0,0.0,0.0,0.0,313.0,0.0,5.0,Rio Ave,Brasileiro,Renato Pantalon (Rio Ave)
Leonardo Ruíz,COL,FW,27,6.4,168.0,147.0,20.0,1.0,1.0,2.0,7,1.0,0.0,0.0,0.0,0.0,122.0,1.0,7.0,Rio Ave,Brasileiro,Leonardo Ruíz (Rio Ave)
Bruno Ventura,POR,"FW,MF",22,5.3,153.0,123.0,26.0,9.0,1.0,0.0,23,0.0,17.0,4.0,13.0,0.0,112.0,4.0,3.0,Rio Ave,Brasileiro,Bruno Ventura (Rio Ave)
João Graça,POR,"MF,FW",28,5.2,211.0,204.0,4.0,2.0,0.0,2.0,8,2.0,0.0,0.0,0.0,0.0,161.0,3.0,5.0,Rio Ave,Brasileiro,João Graça (Rio Ave)
Zé Manuel,POR,"MF,FW",33,4.5,107.0,105.0,2.0,0.0,2.0,0.0,8,1.0,1.0,0.0,0.0,0.0,75.0,0.0,6.0,Rio Ave,Brasileiro,Zé Manuel (Rio Ave)
Hernâni Fortes,POR,FW,32,3.8,88.0,64.0,23.0,7.0,0.0,2.0,36,2.0,12.0,10.0,2.0,0.0,53.0,1.0,2.0,Rio Ave,Brasileiro,Hernâni Fortes (Rio Ave)
Savio,BRA,"DF,MF",28,2.8,258.0,219.0,39.0,21.0,0.0,1.0,17,12.0,6.0,0.0,4.0,0.0,199.0,0.0,2.0,Rio Ave,Brasileiro,Savio (Rio Ave)
Patrick,BRA,DF,26,1.6,109.0,101.0,8.0,6.0,0.0,3.0,0,2.0,0.0,0.0,0.0,0.0,89.0,0.0,0.0,Rio Ave,Brasileiro,Patrick (Rio Ave)
Vítor Gomes,POR,MF,36,1.9,107.0,102.0,5.0,5.0,0.0,0.0,0,0.0,0.0,0.0,0.0,0.0,81.0,0.0,1.0,Rio Ave,Brasileiro,Vítor Gomes (Rio Ave)
Ukra,POR,"MF,FW",35,0.7,17.0,16.0,1.0,0.0,0.0,1.0,3,1.0,0.0,0.0,0.0,0.0,13.0,0.0,0.0,Rio Ave,Brasileiro,Ukra (Rio Ave)
Nuno Namora,POR,"DF,MF",25,0.3,36.0,26.0,10.0,0.0,0.0,0.0,1,10.0,0.0,0.0,0.0,0.0,27.0,0.0,0.0,Rio Ave,Brasileiro,Nuno Namora (Rio Ave)
Julien Lomboto,COD,MF,21,0.1,3.0,3.0,0.0,0.0,0.0,0.0,0,0.0,0.0,0.0,0.0,0.0,3.0,0.0,0.0,Rio Ave,Brasileiro,Julien Lomboto (Rio Ave)
Antonio Adán,ESP,GK,36,14.0,412.0,313.0,99.0,31.0,0.0,1.0,1,0.0,0.0,0.0,0.0,0.0,327.0,0.0,0.0,Sporting CP,Brasileiro,Antonio Adán (Sporting CP)
Ousmane Diomande,CIV,DF,20,13.4,967.0,937.0,29.0,24.0,0.0,4.0,1,2.0,0.0,0.0,0.0,0.0,874.0,1.0,11.0,Sporting CP,Brasileiro,Ousmane Diomande (Sporting CP)
Pedro Gonçalves,POR,"FW,MF",25,13.3,551.0,463.0,82.0,27.0,4.0,10.0,82,11.0,44.0,23.0,15.0,0.0,395.0,6.0,17.0,Sporting CP,Brasileiro,Pedro Gonçalves (Sporting CP)
Viktor Gyökeres,SWE,FW,25,12.9,343.0,310.0,31.0,2.0,4.0,1.0,7,1.0,0.0,0.0,0.0,0.0,254.0,2.0,10.0,Sporting CP,Brasileiro,Viktor Gyökeres (Sporting CP)
Hidemasa Morita,JPN,MF,28,12.9,660.0,649.0,9.0,9.0,2.0,2.0,7,0.0,0.0,0.0,0.0,0.0,568.0,2.0,9.0,Sporting CP,Brasileiro,Hidemasa Morita (Sporting CP)
Gonçalo Inácio,POR,DF,22,12.4,1119.0,1066.0,51.0,31.0,3.0,9.0,3,3.0,0.0,0.0,0.0,0.0,981.0,2.0,12.0,Sporting CP,Brasileiro,Gonçalo Inácio (Sporting CP)
Sebastián Coates,URU,DF,33,10.5,720.0,706.0,12.0,12.0,0.0,2.0,0,0.0,0.0,0.0,0.0,0.0,641.0,2.0,3.0,Sporting CP,Brasileiro,Sebastián Coates (Sporting CP)
Morten Hjulmand,DEN,MF,24,10.5,659.0,627.0,28.0,26.0,1.0,2.0,7,2.0,0.0,0.0,0.0,0.0,567.0,4.0,9.0,Sporting CP,Brasileiro,Morten Hjulmand (Sporting CP)
Marcus Edwards,ENG,"FW,MF",25,9.8,328.0,298.0,25.0,4.0,12.0,1.0,36,2.0,19.0,14.0,1.0,0.0,246.0,5.0,14.0,Sporting CP,Brasileiro,Marcus Edwards (Sporting CP)
Ricardo Esgaio,POR,"MF,DF",30,8.7,537.0,435.0,100.0,6.0,0.0,0.0,33,94.0,0.0,0.0,0.0,0.0,408.0,2.0,15.0,Sporting CP,Brasileiro,Ricardo Esgaio (Sporting CP)
Nuno Santos,POR,"MF,DF",28,7.9,505.0,379.0,124.0,5.0,3.0,2.0,49,106.0,13.0,1.0,10.0,0.0,383.0,2.0,18.0,Sporting CP,Brasileiro,Nuno Santos (Sporting CP)
Matheus Reis,BRA,"DF,MF",28,7.8,510.0,461.0,48.0,3.0,0.0,1.0,26,45.0,0.0,0.0,0.0,0.0,427.0,1.0,6.0,Sporting CP,Brasileiro,Matheus Reis (Sporting CP)
Geny Catamo,MOZ,"MF,DF",22,5.9,276.0,197.0,78.0,5.0,2.0,1.0,12,68.0,5.0,3.0,1.0,0.0,218.0,1.0,12.0,Sporting CP,Brasileiro,Geny Catamo (Sporting CP)
Paulinho,POR,FW,31,5.4,144.0,140.0,3.0,0.0,2.0,1.0,2,2.0,0.0,0.0,0.0,0.0,102.0,1.0,4.0,Sporting CP,Brasileiro,Paulinho (Sporting CP)
Daniel Bragança,POR,MF,24,2.3,130.0,127.0,3.0,3.0,0.0,1.0,2,0.0,0.0,0.0,0.0,0.0,119.0,0.0,3.0,Sporting CP,Brasileiro,Daniel Bragança (Sporting CP)
Francisco Trincão,POR,"FW,MF",24,2.4,104.0,97.0,7.0,1.0,0.0,0.0,6,5.0,1.0,0.0,1.0,0.0,95.0,0.0,0.0,Sporting CP,Brasileiro,Francisco Trincão (Sporting CP)
Eduardo Quaresma,POR,DF,21,1.3,51.0,49.0,2.0,2.0,0.0,1.0,0,0.0,0.0,0.0,0.0,0.0,44.0,0.0,0.0,Sporting CP,Brasileiro,Eduardo Quaresma (Sporting CP)
Jerry St. Juste,NED,DF,27,1.2,57.0,53.0,4.0,1.0,0.0,0.0,0,3.0,0.0,0.0,0.0,0.0,52.0,0.0,0.0,Sporting CP,Brasileiro,Jerry St. Juste (Sporting CP)
Afonso Bastardo,POR,MF,18,0.3,13.0,12.0,1.0,0.0,0.0,0.0,5,1.0,0.0,0.0,0.0,0.0,6.0,0.0,0.0,Sporting CP,Brasileiro,Afonso Bastardo (Sporting CP)
Iván Fresneda,ESP,MF,19,0.1,8.0,6.0,2.0,0.0,0.0,0.0,3,2.0,0.0,0.0,0.0,0.0,5.0,0.0,1.0,Sporting CP,Brasileiro,Iván Fresneda (Sporting CP)
Luís Neto,POR,DF,35,0.1,7.0,6.0,1.0,1.0,0.0,0.0,0,0.0,0.0,0.0,0.0,0.0,7.0,0.0,0.0,Sporting CP,Brasileiro,Luís Neto (Sporting CP)
Mateus Fernandes,POR,FW,19,0.0,7.0,5.0,2.0,1.0,0.0,0.0,2,0.0,1.0,0.0,1.0,0.0,4.0,0.0,0.0,Sporting CP,Brasileiro,Mateus Fernandes (Sporting CP)
Jorge Filipe Oliveira Fernandes,POR,DF,26,15.0,710.0,668.0,39.0,34.0,0.0,6.0,9,5.0,0.0,0.0,0.0,0.0,559.0,3.0,9.0,Vitória,Brasileiro,Jorge Filipe Oliveira Fernandes (Vitória)
Bruno Varela,CPV,GK,29,15.0,462.0,292.0,168.0,49.0,1.0,1.0,0,1.0,0.0,0.0,0.0,0.0,321.0,2.0,0.0,Vitória,Brasileiro,Bruno Varela (Vitória)
Jota Silva,POR,"FW,MF",24,14.1,361.0,332.0,27.0,0.0,1.0,2.0,40,22.0,1.0,1.0,0.0,0.0,216.0,2.0,23.0,Vitória,Brasileiro,Jota Silva (Vitória)
André Silva,BRA,FW,26,12.4,320.0,299.0,18.0,0.0,4.0,2.0,9,0.0,0.0,0.0,0.0,0.0,223.0,3.0,10.0,Vitória,Brasileiro,André Silva (Vitória)
Tomás Händel,POR,MF,23,12.1,527.0,491.0,34.0,19.0,2.0,3.0,18,1.0,14.0,8.0,0.0,0.0,438.0,2.0,10.0,Vitória,Brasileiro,Tomás Händel (Vitória)
Tomás Ribeiro,POR,DF,24,10.4,492.0,442.0,47.0,19.0,0.0,6.0,8,28.0,0.0,0.0,0.0,0.0,366.0,3.0,7.0,Vitória,Brasileiro,Tomás Ribeiro (Vitória)
Tiago Silva,POR,MF,30,9.5,529.0,440.0,85.0,32.0,3.0,7.0,62,2.0,44.0,14.0,19.0,1.0,408.0,4.0,7.0,Vitória,Brasileiro,Tiago Silva (Vitória)
João Mendes,POR,"MF,FW",29,8.8,340.0,322.0,17.0,5.0,3.0,3.0,30,2.0,10.0,2.0,2.0,0.0,242.0,1.0,12.0,Vitória,Brasileiro,João Mendes (Vitória)
Manuel Manu,POR,DF,22,10.0,498.0,481.0,15.0,14.0,0.0,4.0,1,0.0,0.0,0.0,0.0,0.0,416.0,2.0,6.0,Vitória,Brasileiro,Manuel Manu (Vitória)
Bruno Gaspar,ANG,"MF,DF",30,8.5,462.0,345.0,115.0,5.0,2.0,1.0,30,110.0,0.0,0.0,0.0,0.0,332.0,2.0,19.0,Vitória,Brasileiro,Bruno Gaspar (Vitória)
Daniel Bandeira,POR,MF,23,7.2,351.0,318.0,31.0,12.0,0.0,2.0,23,0.0,19.0,10.0,5.0,0.0,285.0,2.0,6.0,Vitória,Brasileiro,Daniel Bandeira (Vitória)
Afonso freitas,POR,"DF,MF",23,6.0,211.0,161.0,49.0,2.0,0.0,1.0,12,47.0,0.0,0.0,0.0,0.0,144.0,1.0,8.0,Vitória,Brasileiro,Afonso freitas (Vitória)
Ricardo Mangas,POR,"DF,MF",25,6.9,209.0,177.0,31.0,2.0,0.0,1.0,11,29.0,0.0,0.0,0.0,0.0,137.0,1.0,7.0,Vitória,Brasileiro,Ricardo Mangas (Vitória)
Miguel Magalhães,POR,"DF,MF",21,5.4,227.0,166.0,58.0,1.0,0.0,1.0,9,57.0,0.0,0.0,0.0,0.0,155.0,3.0,5.0,Vitória,Brasileiro,Miguel Magalhães (Vitória)
Toni Borevkovic,CRO,DF,26,5.0,158.0,147.0,8.0,8.0,0.0,3.0,0,0.0,0.0,0.0,0.0,0.0,124.0,3.0,0.0,Vitória,Brasileiro,Toni Borevkovic (Vitória)
Mikel Villanueva,VEN,DF,30,3.9,208.0,201.0,7.0,6.0,0.0,4.0,0,0.0,0.0,0.0,0.0,0.0,166.0,0.0,1.0,Vitória,Brasileiro,Mikel Villanueva (Vitória)
Nelson,ANG,"DF,FW",25,4.5,167.0,149.0,18.0,1.0,0.0,0.0,13,16.0,1.0,1.0,0.0,0.0,124.0,0.0,4.0,Vitória,Brasileiro,Nelson (Vitória)
Adrián Butzke,ESP,FW,24,1.8,41.0,38.0,3.0,0.0,0.0,0.0,0,1.0,0.0,0.0,0.0,0.0,20.0,0.0,2.0,Vitória,Brasileiro,Adrián Butzke (Vitória)
Zé Carlos,POR,"MF,DF",22,3.1,172.0,156.0,15.0,3.0,1.0,4.0,13,7.0,5.0,0.0,3.0,0.0,134.0,1.0,3.0,Vitória,Brasileiro,Zé Carlos (Vitória)
Nuno Santos,POR,"FW,MF",24,2.0,96.0,89.0,7.0,2.0,1.0,3.0,6,0.0,5.0,3.0,2.0,0.0,66.0,0.0,1.0,Vitória,Brasileiro,Nuno Santos (Vitória)
Safira,BRA,FW,28,1.6,48.0,47.0,1.0,0.0,1.0,1.0,2,0.0,0.0,0.0,0.0,0.0,31.0,0.0,2.0,Vitória,Brasileiro,Safira (Vitória)
André André,POR,MF,34,0.9,60.0,57.0,3.0,2.0,0.0,1.0,1,1.0,0.0,0.0,0.0,0.0,43.0,0.0,4.0,Vitória,Brasileiro,André André (Vitória)
Fabijan Buntić,CRO,GK,26,15.0,427.0,265.0,162.0,32.0,0.0,0.0,0,0.0,0.0,0.0,0.0,0.0,332.0,0.0,1.0,Vizela,Brasileiro,Fabijan Buntić (Vizela)
Anderson Jesus,BRA,DF,28,14.9,570.0,550.0,19.0,17.0,1.0,2.0,0,0.0,0.0,0.0,0.0,0.0,483.0,1.0,4.0,Vizela,Brasileiro,Anderson Jesus (Vizela)
Samuel Essende,FRA,FW,25,14.6,239.0,222.0,15.0,0.0,1.0,0.0,6,1.0,0.0,0.0,0.0,0.0,166.0,2.0,9.0,Vizela,Brasileiro,Samuel Essende (Vizela)
Samu,POR,"MF,FW",27,14.6,768.0,627.0,135.0,61.0,10.0,10.0,72,13.0,40.0,15.0,14.0,1.0,576.0,6.0,16.0,Vizela,Brasileiro,Samu (Vizela)
Bruno Wilson,POR,DF,27,14.0,693.0,658.0,34.0,27.0,2.0,10.0,4,0.0,0.0,0.0,0.0,0.0,591.0,1.0,2.0,Vizela,Brasileiro,Bruno Wilson (Vizela)
Tomás Costa Silva,POR,DF,24,13.5,721.0,583.0,133.0,9.0,2.0,4.0,66,124.0,0.0,0.0,0.0,0.0,529.0,5.0,19.0,Vizela,Brasileiro,Tomás Costa Silva (Vizela)
Nuno Gonçalo Moreira,POR,"FW,MF",24,9.9,316.0,282.0,34.0,15.0,3.0,3.0,45,1.0,18.0,10.0,4.0,0.0,217.0,0.0,9.0,Vizela,Brasileiro,Nuno Gonçalo Moreira (Vizela)
Matías Lacava,VEN,"FW,MF",21,9.0,211.0,209.0,1.0,0.0,2.0,1.0,22,1.0,0.0,0.0,0.0,0.0,157.0,1.0,9.0,Vizela,Brasileiro,Matías Lacava (Vizela)
Matheus Pereira,BRA,"DF,MF",23,10.6,550.0,447.0,100.0,12.0,0.0,10.0,42,87.0,1.0,1.0,0.0,0.0,379.0,3.0,21.0,Vizela,Brasileiro,Matheus Pereira (Vizela)
Diogo Nascimento,POR,MF,21,10.2,488.0,477.0,9.0,3.0,0.0,3.0,9,5.0,0.0,0.0,0.0,0.0,414.0,2.0,9.0,Vizela,Brasileiro,Diogo Nascimento (Vizela)
João Escoval,POR,DF,26,6.4,283.0,227.0,55.0,11.0,0.0,5.0,3,44.0,0.0,0.0,0.0,0.0,213.0,1.0,3.0,Vizela,Brasileiro,João Escoval (Vizela)
Rafael Bustamante,COL,MF,24,5.9,236.0,230.0,6.0,6.0,0.0,0.0,3,0.0,0.0,0.0,0.0,0.0,203.0,0.0,2.0,Vizela,Brasileiro,Rafael Bustamante (Vizela)
Pedro Ortiz,ESP,MF,23,5.7,231.0,219.0,10.0,10.0,0.0,1.0,1,0.0,0.0,0.0,0.0,0.0,195.0,2.0,1.0,Vizela,Brasileiro,Pedro Ortiz (Vizela)
Aleksandar Busnić,SRB,"MF,FW",26,4.9,179.0,170.0,9.0,7.0,0.0,2.0,1,2.0,0.0,0.0,0.0,0.0,139.0,0.0,6.0,Vizela,Brasileiro,Aleksandar Busnić (Vizela)
Alberto Soro,ESP,"MF,FW",24,2.5,93.0,88.0,3.0,0.0,0.0,2.0,6,3.0,0.0,0.0,0.0,0.0,70.0,2.0,4.0,Vizela,Brasileiro,Alberto Soro (Vizela)
Alexis Méndez,USA,"MF,FW",23,2.5,137.0,123.0,13.0,2.0,0.0,0.0,13,2.0,9.0,5.0,3.0,0.0,106.0,1.0,2.0,Vizela,Brasileiro,Alexis Méndez (Vizela)
Kiko Bondoso,POR,"FW,MF",28,2.1,74.0,72.0,1.0,0.0,0.0,1.0,3,1.0,0.0,0.0,0.0,0.0,55.0,1.0,5.0,Vizela,Brasileiro,Kiko Bondoso (Vizela)
Orest Lebedenko,UKR,DF,25,2.1,98.0,74.0,23.0,3.0,0.0,0.0,6,20.0,0.0,0.0,0.0,0.0,69.0,1.0,2.0,Vizela,Brasileiro,Orest Lebedenko (Vizela)
Hugo Oliveira,POR,"MF,DF",21,1.5,104.0,78.0,26.0,1.0,1.0,1.0,7,25.0,0.0,0.0,0.0,0.0,71.0,0.0,3.0,Vizela,Brasileiro,Hugo Oliveira (Vizela)
Dylan Saint-Louis,CGO,"FW,MF",28,2.1,79.0,75.0,4.0,1.0,0.0,1.0,15,2.0,1.0,1.0,0.0,0.0,49.0,0.0,1.0,Vizela,Brasileiro,Dylan Saint-Louis (Vizela)
Jardel,GNB,"FW,MF",26,1.8,62.0,58.0,4.0,1.0,0.0,0.0,1,2.0,0.0,0.0,0.0,0.0,48.0,0.0,1.0,Vizela,Brasileiro,Jardel (Vizela)
Iker Unzueta,ESP,FW,25,0.3,15.0,15.0,0.0,0.0,0.0,0.0,1,0.0,0.0,0.0,0.0,0.0,9.0,0.0,0.0,Vizela,Brasileiro,Iker Unzueta (Vizela)
Osama Rashid,IRQ,"MF,FW",31,0.2,26.0,24.0,2.0,2.0,0.0,0.0,1,0.0,0.0,0.0,0.0,0.0,22.0,0.0,0.0,Vizela,Brasileiro,Osama Rashid (Vizela)
