Rk,Player,Nation,Pos,Squad,Age,Born,90s,Performance_CrdY,Performance_CrdR,Performance_2CrdY,Performance_Fls,Performance_Fld,Performance_Off,Performance_Crs,Performance_Int,Performance_TklW,Performance_PKwon,Performance_PKcon,Performance_OG,Performance_Recov,Aerial Duels_Won,Aerial Duels_Lost,Aerial Duels_Won%,Player Link_,Player ID_,Competition
1,Rodrigo Abascal,URU,DF,Boavista,29-359,1994,12.7,0.24,0.00,0.00,0.87,0.24,0.00,0.71,1.26,0.71,0.00,0.00,0.08,5.20,1.26,0.79,61.5,https://fbref.com/en/players/088ae0d1/Rodrigo-Abascal,088ae0d1,Primeira Liga
2,Issah Abbas,GHA,"MF,FW",Chaves,25-104,1998,3.1,0.32,0.00,0.00,2.58,2.90,0.32,2.90,0.00,0.00,0.00,0.00,0.00,2.58,0.32,0.65,33.3,https://fbref.com/en/players/2590ddf7/Issah-Abbas,2590ddf7,Primeira Liga
3,Antonio Adán,ESP,GK,Sporting CP,36-240,1987,16.0,0.06,0.00,0.00,0.06,0.13,0.00,0.06,0.00,0.00,0.00,0.06,0.00,0.88,0.06,0.00,100.0,https://fbref.com/en/players/65d62814/Antonio-Adan,65d62814,Primeira Liga
4,Dennis Adeniran,ENG,MF,Portimonense,25-006,1999,0.1,0.00,0.00,0.00,0.00,0.00,0.00,0.00,20.0,0.00,0.00,0.00,0.00,0.00,0.00,0.00,,https://fbref.com/en/players/506eff98/Dennis-Adeniran,506eff98,Primeira Liga
5,Martin Agirregabiria,ESP,DF,Famalicão,27-243,1996,7.6,0.39,0.00,0.00,1.97,0.53,0.26,4.87,1.18,1.97,0.00,0.00,0.00,5.92,1.05,1.05,50.0,https://fbref.com/en/players/355c883a/Martin-Agirregabiria,355c883a,Primeira Liga
6,Salvador Agra,POR,"DF,FW",Boavista,32-058,1991,12.7,0.08,0.00,0.00,1.50,1.50,0.24,7.32,0.79,0.55,0.00,0.00,0.00,5.20,0.08,0.55,12.5,https://fbref.com/en/players/a130741a/Salvador-Agra,a130741a,Primeira Liga
7,Matheus Aiás,BRA,"MF,FW",Moreirense,27-008,1996,0.7,0.00,0.00,0.00,1.43,2.86,0.00,0.00,0.00,0.00,0.00,0.00,0.00,5.71,0.00,2.86,0.0,https://fbref.com/en/players/3ac4ee49/Matheus-Aias,3ac4ee49,Primeira Liga
8,Alan,BRA,MF,Moreirense,23-306,2000,13.3,0.23,0.00,0.00,2.48,1.80,0.15,5.71,0.15,1.28,0.00,0.00,0.00,4.89,0.23,0.98,18.8,https://fbref.com/en/players/b35de685/Alan,b35de685,Primeira Liga
9,Rafael Alcobia,POR,DF,Portimonense,20-200,2003,1.3,0.00,0.00,0.00,0.77,1.54,0.00,0.00,0.00,2.31,0.00,0.00,0.00,3.85,0.00,1.54,0.0,https://fbref.com/en/players/4d557d54/Rafael-Alcobia,4d557d54,Primeira Liga
10,Alemão,BRA,DF,Portimonense,21-063,2002,12.9,0.47,0.00,0.00,1.24,0.62,0.16,0.00,1.01,1.47,0.00,0.08,0.00,4.81,1.86,1.16,61.5,https://fbref.com/en/players/a23b8218/Alemao,a23b8218,Primeira Liga
11,Ali Alipour,IRN,FW,Gil Vicente FC,28-058,1995,1.7,0.00,0.00,0.00,0.59,1.18,2.35,1.76,0.00,0.00,0.00,0.00,0.00,2.35,3.53,4.12,46.2,https://fbref.com/en/players/488ee64c/Ali-Alipour,488ee64c,Primeira Liga
12,Almeida,BRA,DF,Estrela,23-358,2000,5.4,0.19,0.00,0.00,1.67,0.74,0.00,0.00,0.56,0.93,0.00,0.00,0.00,4.44,2.04,1.67,55.0,https://fbref.com/en/players/c8fb10df/Almeida,c8fb10df,Primeira Liga
13,Pedro Álvaro,POR,DF,Estoril,23-312,2000,13.0,0.38,0.00,0.00,1.46,0.23,0.08,0.08,1.15,0.54,0.00,0.00,0.08,3.38,2.08,2.54,45.0,https://fbref.com/en/players/00a2c297/Pedro-Alvaro,00a2c297,Primeira Liga
14,Pedro Amador,POR,DF,Moreirense,25-021,1998,10.0,0.00,0.00,0.00,0.70,0.70,0.00,4.10,1.40,1.50,0.00,0.00,0.00,5.10,1.60,2.40,40.0,https://fbref.com/en/players/00dad262/Pedro-Amador,00dad262,Primeira Liga
15,Artur Jorge Marques Amorim,POR,DF,Farense,29-147,1994,5.4,0.56,0.00,0.00,1.67,0.19,0.00,0.00,1.30,0.74,0.19,0.19,0.19,4.07,1.67,1.67,50.0,https://fbref.com/en/players/801f3d1d/Artur-Jorge-Marques-Amorim,801f3d1d,Primeira Liga
16,André André,POR,MF,Vitória,34-135,1989,1.0,1.00,0.00,0.00,4.00,7.00,0.00,1.00,3.00,3.00,0.00,0.00,0.00,13.0,0.00,1.00,0.0,https://fbref.com/en/players/9f31b1d3/Andre-Andre,9f31b1d3,Primeira Liga
17,Andrew,BRA,GK,Gil Vicente FC,22-191,2001,14.0,0.00,0.00,0.00,0.00,0.29,0.00,0.00,0.00,0.00,0.00,0.00,0.00,1.29,0.50,0.00,100.0,https://fbref.com/en/players/40406a00/Andrew,40406a00,Primeira Liga
18,Jeremy Antonisse,CUW,"FW,MF",Moreirense,21-285,2002,2.1,0.95,0.48,0.48,2.86,2.38,0.48,0.95,0.95,2.38,0.00,0.00,0.00,8.10,0.95,1.90,33.3,https://fbref.com/en/players/6011e63a/Jeremy-Antonisse,6011e63a,Primeira Liga
19,Pedro Aparício,POR,"MF,FW",Moreirense,28-139,1995,1.3,0.77,0.00,0.00,2.31,1.54,0.00,6.15,0.77,0.00,0.00,0.00,0.00,7.69,0.00,4.62,0.0,https://fbref.com/en/players/0bd8952e/Pedro-Aparicio,0bd8952e,Primeira Liga
20,Óscar Aranda,ESP,"FW,MF",Famalicão,21-254,2002,6.0,0.33,0.00,0.00,1.00,4.67,0.17,3.33,0.00,0.50,0.00,0.00,0.00,5.67,0.50,1.33,27.3,https://fbref.com/en/players/4d3bdda7/Oscar-Aranda,4d3bdda7,Primeira Liga
21,Henrique Araújo,POR,FW,Famalicão,21-354,2002,6.1,0.16,0.00,0.00,1.31,1.64,0.66,0.00,0.00,0.16,0.16,0.00,0.00,3.44,2.46,5.25,31.9,https://fbref.com/en/players/353eb529/Henrique-Araujo,353eb529,Primeira Liga
22,Tiago Araújo,POR,"DF,MF",Estoril,22-287,2001,15.3,0.26,0.00,0.00,0.65,0.78,0.20,3.99,1.05,0.98,0.00,0.00,0.00,5.75,0.72,1.18,37.9,https://fbref.com/en/players/1b54edb3/Tiago-Araujo,1b54edb3,Primeira Liga
23,Tomás Araújo,POR,DF,Benfica,21-237,2002,1.1,0.00,0.00,0.00,1.82,0.00,0.00,0.91,1.82,0.91,0.00,0.00,0.00,12.7,3.64,0.91,80.0,https://fbref.com/en/players/0fa11d7d/Tomas-Araujo,0fa11d7d,Primeira Liga
24,Arthur,BRA,FW,Benfica,25-258,1998,5.9,0.34,0.00,0.00,2.03,1.19,0.34,0.17,0.17,0.68,0.00,0.00,0.00,2.71,1.69,3.56,32.3,https://fbref.com/en/players/a820e429/Arthur,a820e429,Primeira Liga
25,Gustavo Assuncao,POR,MF,Famalicão,23-284,2000,5.0,1.00,0.00,0.00,2.60,1.20,0.00,1.80,1.00,1.80,0.00,0.00,0.00,5.60,0.60,1.00,37.5,https://fbref.com/en/players/065c8786/Gustavo-Assuncao,065c8786,Primeira Liga
26,Otavio Ataide,BRA,DF,Famalicão,21-262,2002,12.4,0.24,0.00,0.00,1.37,1.45,0.08,0.89,1.69,1.21,0.00,0.00,0.00,6.05,1.61,0.73,69.0,https://fbref.com/en/players/6f22e535/Otavio-Ataide,6f22e535,Primeira Liga
27,Fredrik Aursnes,NOR,DF,Benfica,28-029,1995,15.8,0.06,0.00,0.00,0.89,0.57,0.25,1.90,0.76,1.01,0.00,0.06,0.00,5.89,0.38,0.95,28.6,https://fbref.com/en/players/f0677ed7/Fredrik-Aursnes,f0677ed7,Primeira Liga
28,Chidozie Awaziem,NGA,DF,Boavista,27-007,1997,14.0,0.29,0.00,0.00,0.86,0.64,0.07,0.07,0.79,0.86,0.00,0.07,0.00,5.93,3.00,1.50,66.7,https://fbref.com/en/players/70d8e84c/Chidozie-Awaziem,70d8e84c,Primeira Liga
29,Abdul Awudu,GHA,FW,Vizela,22-363,2001,0.1,0.00,0.00,0.00,10.0,0.00,0.00,0.00,0.00,0.00,0.00,0.00,0.00,10.0,0.00,0.00,,https://fbref.com/en/players/fe0670bd/Abdul-Awudu,fe0670bd,Primeira Liga
30,Alexander Bah,DEN,DF,Benfica,26-030,1997,6.2,0.32,0.00,0.00,0.81,1.61,0.32,2.42,1.45,2.42,0.00,0.00,0.00,7.42,1.61,0.97,62.5,https://fbref.com/en/players/78f21137/Alexander-Bah,78f21137,Primeira Liga
31,Elves Baldé,POR,"FW,MF",Farense,24-098,1999,3.0,0.00,0.00,0.00,1.00,1.33,0.00,10.3,0.00,0.67,0.00,0.00,0.00,3.67,0.67,0.00,100.0,https://fbref.com/en/players/4a021afe/Elves-Balde,4a021afe,Primeira Liga
32,Daniel Bandeira,POR,MF,Vitória,23-272,2000,7.5,0.13,0.00,0.00,0.80,0.80,0.00,3.20,1.47,0.80,0.00,0.00,0.00,7.47,1.47,1.07,57.9,https://fbref.com/en/players/56fca564/Daniel-Bandeira,56fca564,Primeira Liga
33,Simon Banza,COD,FW,Braga,27-148,1996,11.8,0.08,0.00,0.00,1.78,2.71,0.42,0.25,0.42,0.51,0.08,0.00,0.00,1.44,3.47,4.58,43.2,https://fbref.com/en/players/be47b750/Simon-Banza,be47b750,Primeira Liga
34,Rafael Barbosa,POR,"FW,MF",Farense,27-285,1996,2.5,0.40,0.00,0.00,0.40,2.80,0.00,5.60,0.40,0.40,0.00,0.00,0.00,6.00,0.00,1.60,0.0,https://fbref.com/en/players/2a34574e/Rafael-Barbosa,2a34574e,Primeira Liga
35,Romário Baró,POR,"MF,FW",Porto,23-348,2000,1.4,0.00,0.00,0.00,0.71,2.14,0.00,1.43,0.00,0.71,0.00,0.00,0.00,1.43,0.00,1.43,0.0,https://fbref.com/en/players/a4e16ab4/Romario-Baro,a4e16ab4,Primeira Liga
36,Afonso Bastardo,POR,MF,Sporting CP,18-295,2005,0.3,0.00,0.00,0.00,0.00,3.33,0.00,16.7,0.00,3.33,0.00,0.00,0.00,6.67,0.00,0.00,,https://fbref.com/en/players/7f3f5aa6/Afonso-Bastardo,7f3f5aa6,Primeira Liga
37,Gilberto Batista,POR,MF,Moreirense,20-010,2003,0.0,0,0,0,0,0,0,0,0,0,0,0,0,0,1,0,100.0,https://fbref.com/en/players/f16755ca/Gilberto-Batista,f16755ca,Primeira Liga
38,Ricardo Batista,POR,GK,Casa Pia,37-050,1986,15.0,0.07,0.00,0.00,0.00,0.33,0.00,0.00,0.00,0.00,0.00,0.00,0.00,1.00,0.20,0.07,75.0,https://fbref.com/en/players/abef8824/Ricardo-Batista,abef8824,Primeira Liga
39,Roko Baturina,CRO,FW,Gil Vicente FC,23-202,2000,7.6,0.00,0.00,0.00,1.18,2.24,0.53,0.13,0.00,0.13,0.13,0.00,0.00,1.32,3.16,3.29,49.0,https://fbref.com/en/players/c432ba7d/Roko-Baturina,c432ba7d,Primeira Liga
40,Bachir Belloumi,ALG,"FW,MF",Farense,21-221,2002,12.1,0.17,0.00,0.00,0.83,0.66,0.25,2.15,0.91,1.16,0.00,0.00,0.00,5.79,1.74,1.49,53.8,https://fbref.com/en/players/b6cafcad/Bachir-Belloumi,b6cafcad,Primeira Liga
41,Beni,ANG,MF,Casa Pia,21-232,2002,8.2,0.61,0.00,0.00,1.46,1.71,0.00,0.61,0.73,1.95,0.00,0.00,0.00,7.93,0.61,0.49,55.6,https://fbref.com/en/players/2ca7a245/Beni,2ca7a245,Primeira Liga
42,Benny,POR,"MF,FW",Chaves,23-287,2000,6.2,0.00,0.00,0.00,1.29,0.97,0.16,6.45,0.00,0.48,0.00,0.00,0.00,3.87,0.32,0.81,28.6,https://fbref.com/en/players/6cb8db0f/Benny,6cb8db0f,Primeira Liga
43,Berna,POR,"FW,DF",Boavista,20-115,2003,2.6,0.77,0.00,0.00,3.85,1.92,0.00,3.46,1.54,2.31,0.00,0.00,0.00,4.62,2.69,3.85,41.2,https://fbref.com/en/players/b9ab1df7/Berna,b9ab1df7,Primeira Liga
44,Juan Bernat,ESP,DF,Benfica,30-313,1993,0.9,0.00,0.00,0.00,0.00,1.11,0.00,0.00,0.00,0.00,0.00,0.00,0.00,4.44,2.22,0.00,100.0,https://fbref.com/en/players/433dc9a2/Juan-Bernat,433dc9a2,Primeira Liga
45,Emmanuel Boateng,GHA,FW,Rio Ave,27-230,1996,10.6,0.28,0.00,0.00,2.26,2.17,0.85,0.57,0.19,0.66,0.09,0.00,0.00,3.58,2.36,3.87,37.9,https://fbref.com/en/players/2e23c66b/Emmanuel-Boateng,2e23c66b,Primeira Liga
46,Kiko Bondoso,POR,"FW,MF",Vizela,28-052,1995,2.1,0.00,0.00,0.00,0.00,2.38,0.48,1.43,0.48,1.43,0.00,0.00,0.00,7.14,0.00,2.38,0.0,https://fbref.com/en/players/eb60757f/Kiko-Bondoso,eb60757f,Primeira Liga
47,Toni Borevkovic,CRO,DF,Vitória,26-204,1997,6.0,0.17,0.00,0.00,1.50,0.50,0.00,0.17,2.00,0.67,0.00,0.00,0.00,4.00,1.83,1.17,61.1,https://fbref.com/en/players/d05eeced/Toni-Borevkovic,d05eeced,Primeira Liga
48,Gonçalo Borges,POR,"MF,DF",Porto,22-285,2001,2.3,0.87,0.00,0.00,2.61,1.74,1.30,10.9,0.00,1.30,0.43,0.00,0.00,3.48,0.00,1.30,0.0,https://fbref.com/en/players/4d1c4a5d/Goncalo-Borges,4d1c4a5d,Primeira Liga
49,Cristian Borja,COL,DF,Braga,30-324,1993,12.3,0.16,0.00,0.00,1.06,0.89,0.41,4.15,0.98,0.89,0.00,0.00,0.00,6.26,1.06,0.98,52.0,https://fbref.com/en/players/9d7d5334/Cristian-Borja,9d7d5334,Primeira Liga
50,Róbert Boženík,SVK,FW,Boavista,24-051,1999,15.2,0.13,0.00,0.00,2.24,1.91,0.86,0.59,0.13,0.39,0.00,0.00,0.00,1.84,1.78,2.89,38.0,https://fbref.com/en/players/ba6cf633/Robert-Bozenik,ba6cf633,Primeira Liga
51,Daniel Bragança,POR,MF,Sporting CP,24-226,1999,3.0,0.33,0.00,0.00,2.67,2.33,0.00,1.00,1.67,1.33,0.00,0.00,0.00,4.67,1.33,0.33,80.0,https://fbref.com/en/players/0c152537/Daniel-Braganca,0c152537,Primeira Liga
52,Bruno Brigido,BRA,GK,Estrela,32-305,1991,8.0,0.00,0.00,0.00,0.00,0.00,0.00,0.00,0.00,0.00,0.00,0.00,0.00,1.38,0.00,0.00,,https://fbref.com/en/players/5ccca624/Bruno-Brigido,5ccca624,Primeira Liga
53,Bruma,POR,FW,Braga,29-076,1994,9.6,0.10,0.00,0.00,0.63,0.94,0.21,0.94,0.00,0.83,0.00,0.00,0.00,5.10,0.00,0.31,0.0,https://fbref.com/en/players/5caa62a7/Bruma,5caa62a7,Primeira Liga
54,André Bukia,COD,"MF,FW",Arouca,28-311,1995,1.5,0.00,0.00,0.00,2.00,4.67,0.00,12.0,0.67,2.67,0.00,0.00,0.00,6.00,0.00,0.67,0.0,https://fbref.com/en/players/f9a92ea5/Andre-Bukia,f9a92ea5,Primeira Liga
55,Fabijan Buntić,CRO,GK,Vizela,26-318,1997,16.0,0.00,0.00,0.00,0.00,0.00,0.00,0.00,0.00,0.00,0.00,0.00,0.00,1.50,0.06,0.00,100.0,https://fbref.com/en/players/f566b29e/Fabijan-Buntic,f566b29e,Primeira Liga
56,Aleksandar Busnić,SRB,"MF,FW",Vizela,26-035,1997,4.9,0.20,0.00,0.00,2.04,1.22,0.00,0.20,1.22,1.22,0.00,0.00,0.00,5.10,2.65,1.63,61.9,https://fbref.com/en/players/ae82492b/Aleksandar-Busnic,ae82492b,Primeira Liga
57,Oriol Busquets,ESP,MF,Arouca,24-353,1999,2.5,0.40,0.00,0.00,0.40,0.80,0.40,0.40,0.80,0.40,0.00,0.00,0.00,4.00,0.40,0.80,33.3,https://fbref.com/en/players/49712367/Oriol-Busquets,49712367,Primeira Liga
58,Rafael Bustamante,COL,MF,Vizela,24-098,1999,6.9,0.14,0.00,0.00,1.16,0.72,0.00,0.43,1.74,1.30,0.00,0.00,0.00,7.10,0.87,0.87,50.0,https://fbref.com/en/players/b40d1559/Rafael-Bustamante,b40d1559,Primeira Liga
59,Leonardo Buta,POR,DF,Gil Vicente FC,21-217,2002,12.1,0.08,0.00,0.00,1.07,2.15,0.17,1.32,1.24,0.74,0.08,0.08,0.00,4.63,0.58,0.50,53.8,https://fbref.com/en/players/dee3d535/Leonardo-Buta,dee3d535,Primeira Liga
60,Adrián Butzke,ESP,FW,Vitória,24-284,1999,2.0,0.00,0.00,0.00,1.50,2.50,1.00,0.50,0.00,1.50,0.00,0.00,0.00,2.00,5.00,6.50,43.5,https://fbref.com/en/players/505dce2b/Adrian-Butzke,505dce2b,Primeira Liga
61,Erick Cabaco,URU,DF,Estoril,28-264,1995,3.7,0.00,0.00,0.00,1.08,0.27,0.00,0.00,1.89,1.08,0.00,0.00,0.00,4.32,1.35,1.89,41.7,https://fbref.com/en/players/e7ab4179/Erick-Cabaco,e7ab4179,Primeira Liga
62,Jhonder Cádiz,VEN,FW,Famalicão,28-163,1995,10.4,0.29,0.10,0.00,2.02,2.69,0.96,0.48,0.10,0.38,0.00,0.00,0.00,2.31,4.52,2.60,63.5,https://fbref.com/en/players/e8edfdc9/Jhonder-Cadiz,e8edfdc9,Primeira Liga
63,João Pedro Gomes Camacho,POR,FW,Moreirense,29-199,1994,8.9,0.11,0.00,0.00,1.69,2.70,0.34,2.02,0.67,1.35,0.00,0.00,0.00,4.04,1.46,1.46,50.0,https://fbref.com/en/players/31c3caea/Joao-Pedro-Gomes-Camacho,31c3caea,Primeira Liga
64,Ibrahima Camará,GUI,MF,Boavista,24-348,1999,1.7,0.00,0.59,0.00,0.59,1.18,0.00,2.94,1.18,1.18,0.00,0.00,0.00,2.94,1.76,2.35,42.9,https://fbref.com/en/players/922f894e/Ibrahima-Camara,922f894e,Primeira Liga
65,Cambila,ANG,GK,Estrela,21-237,2002,0.2,0.00,0.00,0.00,0.00,0.00,0.00,0.00,0.00,0.00,0.00,0.00,0.00,5.00,0.00,0.00,,https://fbref.com/en/players/e8dc329b/Cambila,e8dc329b,Primeira Liga
66,Luan Campos,BRA,"FW,MF",Portimonense,21-295,2002,2.0,0.50,0.00,0.00,1.50,0.50,0.50,2.00,1.50,0.50,0.00,0.00,0.00,2.50,1.00,2.00,33.3,https://fbref.com/en/players/63ea8662/Luan-Campos,63ea8662,Primeira Liga
67,Fábio Cardoso,POR,DF,Porto,29-264,1994,7.9,0.38,0.13,0.00,1.27,0.76,0.13,0.25,0.63,0.25,0.00,0.00,0.00,2.78,2.28,3.04,42.9,https://fbref.com/en/players/4a5839fa/Fabio-Cardoso,4a5839fa,Primeira Liga
68,Felippe Cardoso,BRA,FW,Casa Pia,25-096,1998,6.6,0.45,0.00,0.00,0.91,1.36,0.61,0.45,0.00,0.45,0.00,0.00,0.00,2.12,2.42,2.73,47.1,https://fbref.com/en/players/7a2bbdf3/Felippe-Cardoso,7a2bbdf3,Primeira Liga
69,Carlinhos,BRA,MF,Portimonense,29-200,1994,14.9,0.34,0.00,0.00,1.41,1.41,0.07,3.02,0.34,1.14,0.00,0.00,0.00,5.30,0.40,0.34,54.5,https://fbref.com/en/players/e19ca5b9/Carlinhos,e19ca5b9,Primeira Liga
70,João Carlos,BRA,"FW,DF",Estoril,28-313,1995,0.6,3.33,0.00,0.00,8.33,1.67,0.00,1.67,0.00,0.00,0.00,0.00,0.00,3.33,16.7,18.3,47.6,https://fbref.com/en/players/0cc9e053/Joao-Carlos,0cc9e053,Primeira Liga
71,José Carlos,POR,DF,Gil Vicente FC,25-161,1998,14.7,0.41,0.00,0.00,1.63,1.70,0.07,1.50,1.56,1.77,0.00,0.07,0.00,5.71,0.95,1.02,48.3,https://fbref.com/en/players/4e2da7f7/Jose-Carlos,4e2da7f7,Primeira Liga
72,Zé Carlos,POR,"MF,DF",Vitória,22-070,2001,3.1,1.29,0.00,0.00,1.29,2.90,0.00,4.19,0.97,1.29,0.00,0.00,0.00,10.6,0.97,0.32,75.0,https://fbref.com/en/players/8bc1f137/Ze-Carlos,8bc1f137,Primeira Liga
73,David Carmo,POR,DF,Porto,24-173,1999,6.8,0.88,0.15,0.15,2.35,0.00,0.00,0.00,0.29,0.59,0.00,0.00,0.00,4.56,3.68,1.62,69.4,https://fbref.com/en/players/3ce20eda/David-Carmo,3ce20eda,Primeira Liga
74,Marcelo Carné,BRA,GK,Estoril,33-336,1990,11.0,0.18,0.00,0.00,0.00,0.00,0.00,0.00,0.00,0.09,0.00,0.00,0.09,1.00,0.27,0.09,75.0,https://fbref.com/en/players/a24d3330/Marcelo-Carne,a24d3330,Primeira Liga
75,Carraça,POR,"MF,DF",Chaves,30-313,1993,2.9,0.00,0.00,0.00,0.34,1.03,0.00,8.97,0.69,0.69,0.00,0.00,0.00,5.86,0.69,0.00,100.0,https://fbref.com/en/players/d96144c9/Carraca,d96144c9,Primeira Liga
76,Ronie Carrillo,ECU,FW,Portimonense,27-122,1996,8.7,0.00,0.11,0.00,1.61,1.61,0.57,0.34,0.23,0.23,0.00,0.00,0.00,2.18,1.95,2.99,39.5,https://fbref.com/en/players/f22278e5/Ronie-Carrillo,f22278e5,Primeira Liga
77,António Filipe de Carvalho,POR,GK,Estrela,38-269,1985,3.0,0.00,0.00,0.00,0.00,0.00,0.00,0.00,0.00,0.00,0.00,0.00,0.00,1.67,0.33,0.00,100.0,https://fbref.com/en/players/f4a6be9a/Antonio-Filipe-de-Carvalho,f4a6be9a,Primeira Liga
78,Martim Carvalho,POR,MF,Gil Vicente FC,20-359,2003,9.5,0.42,0.00,0.00,1.79,0.53,0.11,0.11,0.95,1.47,0.00,0.00,0.00,7.37,0.84,0.95,47.1,https://fbref.com/en/players/f98c4f0a/Martim-Carvalho,f98c4f0a,Primeira Liga
79,Vitor Carvalho,BRA,MF,Braga,26-226,1997,6.7,0.45,0.00,0.00,1.94,0.30,0.00,0.15,1.34,1.34,0.00,0.00,0.00,7.01,2.39,2.99,44.4,https://fbref.com/en/players/adc77724/Vitor-Carvalho,adc77724,Primeira Liga
80,Facundo Cáseres,ARG,MF,Farense,22-225,2001,1.5,0.67,0.00,0.00,3.33,2.00,0.00,0.00,1.33,0.00,0.00,0.00,0.00,2.67,1.33,1.33,50.0,https://fbref.com/en/players/21be17c9/Facundo-Caseres,21be17c9,Primeira Liga
81,Midana Cassama,GNB,"FW,MF",Portimonense,21-143,2002,0.5,0.00,2.00,0.00,8.00,0.00,0.00,0.00,0.00,0.00,0.00,0.00,0.00,2.00,2.00,4.00,33.3,https://fbref.com/en/players/d00578b9/Midana-Cassama,d00578b9,Primeira Liga
82,Cassiano,BRA,FW,Estoril,34-206,1989,8.7,0.23,0.00,0.00,1.49,1.15,1.03,0.11,0.00,1.15,0.00,0.00,0.00,1.03,1.72,3.45,33.3,https://fbref.com/en/players/46fa8966/Cassiano,46fa8966,Primeira Liga
83,Jesús Castillo,PER,MF,Gil Vicente FC,22-211,2001,0.5,0.00,0.00,0.00,2.00,0.00,0.00,0.00,4.00,2.00,0.00,0.00,0.00,8.00,0.00,0.00,,https://fbref.com/en/players/957ac8ad/Jesus-Castillo,957ac8ad,Primeira Liga
84,André Castro,POR,MF,Braga,35-281,1988,0.5,0.00,0.00,0.00,2.00,6.00,0.00,0.00,2.00,0.00,0.00,0.00,0.00,4.00,4.00,4.00,50.0,https://fbref.com/en/players/37d0048f/Andre-Castro,37d0048f,Primeira Liga
85,Geny Catamo,MOZ,"MF,DF",Sporting CP,22-347,2001,7.8,0.00,0.00,0.00,1.15,2.69,0.26,2.18,0.77,0.77,0.00,0.00,0.00,6.92,0.38,0.77,33.3,https://fbref.com/en/players/28cb9f21/Geny-Catamo,28cb9f21,Primeira Liga
86,Tidjany Chabrol,FRA,"FW,MF",Gil Vicente FC,21-177,2002,4.3,0.00,0.00,0.00,1.16,3.72,0.00,2.09,0.23,0.47,0.23,0.00,0.00,5.35,0.23,1.16,16.7,https://fbref.com/en/players/f8d7f03b/Tidjany-Chabrol,f8d7f03b,Primeira Liga
87,Chiquinho,POR,"FW,MF",Famalicão,23-337,2000,7.5,0.40,0.13,0.00,2.93,4.27,0.40,4.40,0.80,1.07,0.13,0.00,0.00,4.13,0.53,1.33,28.6,https://fbref.com/en/players/dc6c2f02/Chiquinho,dc6c2f02,Primeira Liga
88,Chiquinho,POR,MF,Benfica,28-173,1995,2.1,0.48,0.00,0.00,1.90,2.38,0.00,3.33,0.95,1.90,0.00,0.00,0.00,6.67,1.43,1.43,50.0,https://fbref.com/en/players/262e5a82/Chiquinho,262e5a82,Primeira Liga
89,Clayton,BRA,FW,Casa Pia,24-362,1999,10.7,0.09,0.00,0.00,2.90,2.43,0.65,0.56,0.19,0.00,0.09,0.00,0.00,1.78,2.34,3.36,41.0,https://fbref.com/en/players/b05870de/Clayton,b05870de,Primeira Liga
90,Sebastián Coates,URU,DF,Sporting CP,33-093,1990,10.5,0.48,0.00,0.00,0.67,0.76,0.00,0.00,1.05,0.95,0.00,0.10,0.00,6.76,3.71,0.76,83.0,https://fbref.com/en/players/1fbbfbde/Sebastian-Coates,1fbbfbde,Primeira Liga
91,Fábio Conceição,POR,"MF,DF",Rio Ave,22-255,2001,15.8,0.19,0.00,0.00,0.76,2.03,0.00,1.84,0.76,0.89,0.06,0.00,0.00,4.49,0.95,0.95,50.0,https://fbref.com/en/players/6fe4c987/Fabio-Conceicao,6fe4c987,Primeira Liga
92,Francisco Conceição,POR,"MF,FW",Porto,21-025,2002,4.1,1.46,0.00,0.00,3.17,2.44,0.24,4.88,0.00,1.22,0.00,0.00,0.00,3.90,0.00,0.98,0.0,https://fbref.com/en/players/5ef3d210/Francisco-Conceicao,5ef3d210,Primeira Liga
93,Leo Cordeiro,BRA,MF,Estrela,28-103,1995,13.3,0.23,0.00,0.00,1.88,1.28,0.00,0.30,0.75,1.20,0.00,0.00,0.00,6.54,0.60,0.38,61.5,https://fbref.com/en/players/53c0ab99/Leo-Cordeiro,53c0ab99,Primeira Liga
94,Jeriel Córdova,VEN,FW,Boavista,21-204,2002,1.5,1.33,0.00,0.00,7.33,2.67,2.00,0.67,0.00,0.00,0.67,0.00,0.00,6.67,3.33,3.33,50.0,https://fbref.com/en/players/8898f8a2/Jeriel-Cordova,8898f8a2,Primeira Liga
95,Félix Correia,POR,FW,Gil Vicente FC,22-351,2001,9.4,0.21,0.00,0.00,0.53,2.45,0.53,1.38,0.96,0.64,0.11,0.00,0.00,4.89,0.21,0.53,28.6,https://fbref.com/en/players/c803c92a/Felix-Correia,c803c92a,Primeira Liga
96,João Pedro Araújo Correia,CPV,"DF,MF",Chaves,27-125,1996,11.1,0.27,0.00,0.00,1.17,1.26,0.09,5.23,1.71,0.63,0.00,0.00,0.00,6.76,1.17,1.98,37.1,https://fbref.com/en/players/d8bc9af3/Joao-Pedro-Araujo-Correia,d8bc9af3,Primeira Liga
97,Diogo Costa,POR,GK,Porto,24-111,1999,16.0,0.00,0.00,0.00,0.00,0.25,0.00,0.00,0.00,0.00,0.00,0.00,0.00,1.94,0.06,0.13,33.3,https://fbref.com/en/players/93fffbcf/Diogo-Costa,93fffbcf,Primeira Liga
98,Gonçalo Costa,POR,"DF,MF",Portimonense,23-324,2000,11.6,0.26,0.09,0.00,1.55,0.52,0.26,4.74,1.12,1.55,0.09,0.00,0.00,6.12,1.03,0.60,63.2,https://fbref.com/en/players/c1edb1d4/Goncalo-Costa,c1edb1d4,Primeira Liga
99,Michel Costa,BRA,MF,Estoril,22-019,2001,0.2,0.00,0.00,0.00,0.00,0.00,0.00,5.00,0.00,0.00,0.00,0.00,0.00,5.00,5.00,0.00,100.0,https://fbref.com/en/players/907aafc4/Michel-Costa,907aafc4,Primeira Liga
100,Murilo Costa,BRA,FW,Gil Vicente FC,29-069,1994,9.1,0.22,0.00,0.00,0.55,1.65,0.00,2.20,0.22,0.77,0.00,0.00,0.00,4.07,0.33,0.77,30.0,https://fbref.com/en/players/85733f33/Murilo-Costa,85733f33,Primeira Liga
101,Rui Costa,POR,"FW,MF",Farense,27-322,1996,6.7,0.30,0.00,0.00,0.90,2.24,0.90,1.19,0.00,0.30,0.00,0.00,0.00,4.48,2.09,4.48,31.8,https://fbref.com/en/players/ee43adcd/Rui-Costa,ee43adcd,Primeira Liga
102,Tomás Costa Silva,POR,DF,Vizela,24-085,1999,14.5,0.00,0.07,0.00,0.48,1.31,0.00,4.62,1.31,2.21,0.00,0.00,0.00,6.41,0.97,0.90,51.9,https://fbref.com/en/players/4cf7d718/Tomas-Costa-Silva,4cf7d718,Primeira Liga
103,Costinha,POR,"MF,DF",Rio Ave,23-288,2000,16.0,0.06,0.00,0.00,1.63,1.88,0.38,4.13,1.00,1.69,0.06,0.06,0.00,6.06,1.94,1.50,56.4,https://fbref.com/en/players/80bc5e71/Costinha,80bc5e71,Primeira Liga
104,Sandro Cruz,POR,"DF,MF",Chaves,22-241,2001,9.6,0.10,0.00,0.00,0.42,1.56,0.21,1.25,1.35,0.94,0.00,0.00,0.00,6.04,1.67,1.98,45.7,https://fbref.com/en/players/e9543ec7/Sandro-Cruz,e9543ec7,Primeira Liga
105,Ignacio De Arruabarrena,URU,GK,Arouca,26-357,1997,16.0,0.19,0.00,0.00,0.06,0.00,0.00,0.00,0.00,0.06,0.00,0.06,0.00,1.31,0.19,0.00,100.0,https://fbref.com/en/players/4b8cb65b/Ignacio-De-Arruabarrena,4b8cb65b,Primeira Liga
106,Fran Delgado,ESP,DF,Farense,22-181,2001,3.1,0.00,0.00,0.00,1.29,0.32,0.00,2.58,0.65,0.65,0.00,0.32,0.00,4.19,1.29,0.32,80.0,https://fbref.com/en/players/e7d2a50b/Fran-Delgado,e7d2a50b,Primeira Liga
107,Dener,BRA,MF,Portimonense,31-301,1992,11.7,0.68,0.00,0.00,1.62,0.94,0.00,0.17,1.11,1.37,0.00,0.00,0.00,5.47,1.28,1.45,46.9,https://fbref.com/en/players/3b570c74/Dener,3b570c74,Primeira Liga
108,Depú,ANG,FW,Gil Vicente FC,24-000,2000,4.1,0.00,0.00,0.00,0.24,1.46,0.49,0.00,0.49,0.49,0.00,0.00,0.00,2.93,4.15,4.39,48.6,https://fbref.com/en/players/0ca4fdab/Depu,0ca4fdab,Primeira Liga
109,Ángel Di María,ARG,FW,Benfica,35-328,1988,11.4,0.18,0.00,0.00,0.09,1.14,0.35,8.68,0.53,0.18,0.00,0.00,0.00,4.82,0.18,0.35,33.3,https://fbref.com/en/players/19cda00b/Angel-Di-Maria,19cda00b,Primeira Liga
110,Tiago Dias,POR,"MF,FW",Casa Pia,25-249,1998,4.5,0.22,0.00,0.00,1.11,0.44,0.67,10.0,0.44,0.67,0.00,0.00,0.00,5.56,0.00,0.44,0.0,https://fbref.com/en/players/b2f12baf/Tiago-Dias,b2f12baf,Primeira Liga
111,Vinicius Dias,BRA,GK,Gil Vicente FC,26-203,1997,2.0,0.00,0.00,0.00,0.00,0.50,0.00,0.00,0.00,0.00,0.00,0.00,0.00,0.00,0.50,0.00,100.0,https://fbref.com/en/players/1d33ef3f/Vinicius-Dias,1d33ef3f,Primeira Liga
112,Ousmane Diomande,CIV,DF,Sporting CP,20-035,2003,14.4,0.35,0.07,0.07,1.32,0.76,0.00,0.07,0.42,0.97,0.00,0.00,0.00,5.97,1.94,0.76,71.8,https://fbref.com/en/players/394be156/Ousmane-Diomande,394be156,Primeira Liga
113,Álvaro djaló,ESP,"FW,MF",Braga,24-145,1999,10.2,0.29,0.00,0.00,2.16,1.67,0.29,3.24,1.27,0.69,0.00,0.00,0.00,4.41,1.18,0.88,57.1,https://fbref.com/en/players/45c29ae7/Alvaro-djalo,45c29ae7,Primeira Liga
114,Mihai Dobre,ROU,"FW,MF",Famalicão,25-131,1998,3.2,0.00,0.00,0.00,1.88,1.56,0.31,1.25,0.31,0.63,0.00,0.00,0.00,6.56,1.25,2.19,36.4,https://fbref.com/en/players/a1f3f5a0/Mihai-Dobre,a1f3f5a0,Primeira Liga
115,Maxime Dominguez,SUI,"MF,FW",Gil Vicente FC,27-341,1996,13.7,0.36,0.00,0.00,1.68,2.41,0.29,2.99,1.31,0.95,0.00,0.00,0.00,6.50,0.15,0.44,25.0,https://fbref.com/en/players/1fe2c2e0/Maxime-Dominguez,1fe2c2e0,Primeira Liga
116,Bruno Duarte,BRA,FW,Farense,27-290,1996,12.0,0.08,0.00,0.00,1.67,0.83,0.25,0.83,0.42,0.17,0.08,0.00,0.00,2.92,3.83,8.58,30.9,https://fbref.com/en/players/d9b89391/Bruno-Duarte,d9b89391,Primeira Liga
117,Jorge Eduardo Sánchez,MEX,DF,Porto,26-029,1997,3.9,0.77,0.00,0.00,2.82,0.00,0.00,2.05,1.03,1.54,0.00,0.26,0.00,3.85,0.77,0.77,50.0,https://fbref.com/en/players/c8d1c3a5/Jorge-Eduardo-Sanchez,c8d1c3a5,Primeira Liga
118,Marcus Edwards,ENG,"FW,MF",Sporting CP,25-036,1998,11.7,0.34,0.00,0.00,1.03,1.79,0.17,3.68,0.43,0.43,0.09,0.00,0.00,4.70,0.09,0.34,20.0,https://fbref.com/en/players/57760e66/Marcus-Edwards,57760e66,Primeira Liga
119,João Escoval,POR,DF,Vizela,26-245,1997,6.4,0.78,0.00,0.00,1.56,0.16,0.00,0.47,1.56,0.63,0.00,0.00,0.00,3.28,2.50,0.31,88.9,https://fbref.com/en/players/37736209/Joao-Escoval,37736209,Primeira Liga
120,Ricardo Esgaio,POR,"MF,DF",Sporting CP,30-237,1993,9.0,0.44,0.00,0.00,1.44,0.00,0.56,3.67,0.33,1.44,0.00,0.00,0.00,4.22,0.67,1.00,40.0,https://fbref.com/en/players/12dcbdcc/Ricardo-Esgaio,12dcbdcc,Primeira Liga
121,Tiago Esgaio,POR,DF,Arouca,28-160,1995,12.5,0.24,0.00,0.00,1.28,0.32,0.00,1.44,1.04,1.44,0.00,0.00,0.00,5.60,3.36,1.04,76.4,https://fbref.com/en/players/9c14a96b/Tiago-Esgaio,9c14a96b,Primeira Liga
122,Samuel Essende,FRA,FW,Vizela,25-350,1998,15.6,0.06,0.00,0.00,1.92,1.79,0.90,0.38,0.13,0.32,0.13,0.00,0.00,2.76,4.49,4.10,52.2,https://fbref.com/en/players/821550ce/Samuel-Essende,821550ce,Primeira Liga
123,Dario Essugo,POR,MF,Sporting CP,18-300,2005,0.2,0.00,0.00,0.00,5.00,0.00,0.00,0.00,0.00,10.0,0.00,0.00,0.00,0.00,5.00,0.00,100.0,https://fbref.com/en/players/1e4319ac/Dario-Essugo,1e4319ac,Primeira Liga
124,Paulo Estrela Moreira,POR,"MF,FW",Portimonense,24-322,1999,4.3,0.00,0.00,0.00,2.56,0.23,0.00,3.02,1.40,0.93,0.00,0.00,0.00,8.60,1.16,1.16,50.0,https://fbref.com/en/players/edf2b497/Paulo-Estrela-Moreira,edf2b497,Primeira Liga
125,Stephen Eustáquio,CAN,MF,Porto,27-018,1996,13.8,0.14,0.00,0.00,1.52,0.94,0.00,3.12,1.09,1.59,0.07,0.00,0.00,5.65,1.38,1.59,46.3,https://fbref.com/en/players/577efaec/Stephen-Eustaquio,577efaec,Primeira Liga
126,Evanilson,BRA,FW,Porto,24-094,1999,8.0,0.25,0.00,0.00,1.50,3.25,0.38,0.50,0.13,0.25,0.13,0.00,0.00,3.00,1.50,2.38,38.7,https://fbref.com/en/players/6f3cc2fe/Evanilson,6f3cc2fe,Primeira Liga
127,Fabiano,BRA,DF,Moreirense,23-300,2000,11.9,0.25,0.00,0.00,2.27,0.84,0.08,2.86,1.01,0.76,0.00,0.08,0.00,6.47,1.09,1.26,46.4,https://fbref.com/en/players/f5e7fdf9/Fabiano,f5e7fdf9,Primeira Liga
128,Claudio Falcão,BRA,MF,Farense,29-189,1994,15.2,0.33,0.00,0.00,2.30,0.72,0.00,0.20,1.97,1.51,0.00,0.00,0.00,7.57,1.78,1.91,48.2,https://fbref.com/en/players/56077210/Claudio-Falcao,56077210,Primeira Liga
129,Jean Felipe,BRA,"DF,MF",Estrela,29-296,1994,8.9,0.00,0.00,0.00,0.34,0.90,0.11,5.62,0.56,1.24,0.00,0.00,0.00,4.16,0.79,0.56,58.3,https://fbref.com/en/players/22d5feeb/Jean-Felipe,22d5feeb,Primeira Liga
130,Volnei Feltes,BRA,DF,Estoril,23-268,2000,9.8,0.31,0.00,0.00,1.53,0.20,0.00,1.84,1.53,0.92,0.00,0.10,0.10,4.90,1.94,1.63,54.3,https://fbref.com/en/players/b48349d9/Volnei-Feltes,b48349d9,Primeira Liga
131,Jorge Filipe Oliveira Fernandes,POR,DF,Vitória,26-281,1997,16.0,0.13,0.00,0.00,1.50,0.50,0.00,0.63,0.63,1.25,0.00,0.00,0.06,6.06,4.00,1.88,68.1,https://fbref.com/en/players/a17ef4d1/Jorge-Filipe-Oliveira-Fernandes,a17ef4d1,Primeira Liga
132,Mateus Fernandes,POR,MF,Estoril,19-182,2004,9.4,0.32,0.00,0.00,1.91,2.98,0.00,2.45,1.28,1.91,0.00,0.00,0.00,6.81,0.64,0.43,60.0,https://fbref.com/en/players/ef491564/Mateus-Fernandes,ef491564,Primeira Liga
133,Mateus Fernandes,POR,FW,Sporting CP,19-182,2004,0.0,0,0,0,0,1,0,2,0,0,0,0,0,2,1,0,100.0,https://fbref.com/en/players/ef491564/Mateus-Fernandes,ef491564,Primeira Liga
134,Rafael Fernandes,POR,DF,Arouca,21-194,2002,7.4,0.27,0.14,0.14,1.08,0.68,0.14,0.14,1.08,0.81,0.00,0.00,0.00,3.65,2.70,1.62,62.5,https://fbref.com/en/players/dbc1e5d8/Rafael-Fernandes,dbc1e5d8,Primeira Liga
135,Roger Fernandes,GNB,"DF,FW",Braga,18-048,2005,0.7,0.00,0.00,0.00,0.00,2.86,1.43,11.4,0.00,4.29,0.00,0.00,0.00,11.4,1.43,1.43,50.0,https://fbref.com/en/players/de8f6250/Roger-Fernandes,de8f6250,Primeira Liga
136,Rúben Fernandes,POR,DF,Gil Vicente FC,37-247,1986,16.0,0.13,0.00,0.00,0.75,0.56,0.00,0.19,1.50,0.25,0.00,0.00,0.00,4.00,2.00,1.25,61.5,https://fbref.com/en/players/c6bdf383/Ruben-Fernandes,c6bdf383,Primeira Liga
137,Vasco Fernandes,POR,DF,Casa Pia,37-057,1986,10.0,0.20,0.00,0.00,0.90,0.80,0.10,0.20,1.00,0.50,0.00,0.00,0.00,6.00,1.10,1.50,42.3,https://fbref.com/en/players/4a0a3759/Vasco-Fernandes,4a0a3759,Primeira Liga
138,Fernando,BRA,FW,Casa Pia,31-000,1993,4.2,0.00,0.00,0.00,1.43,0.48,0.95,1.90,0.00,1.43,0.00,0.00,0.00,4.52,0.95,1.43,40.0,https://fbref.com/en/players/ccd88b8e/Fernando,ccd88b8e,Primeira Liga
139,Filipe Ferreira,POR,DF,Boavista,33-103,1990,7.3,0.41,0.00,0.00,1.23,0.41,0.00,1.78,0.82,0.96,0.00,0.00,0.00,4.79,0.14,1.37,9.1,https://fbref.com/en/players/12f1293b/Filipe-Ferreira,12f1293b,Primeira Liga
140,Marcelo dos Santos Ferreira,BRA,DF,Moreirense,34-165,1989,15.0,0.20,0.00,0.00,1.20,0.87,0.07,0.00,1.20,0.80,0.00,0.00,0.07,5.53,2.93,1.93,60.3,https://fbref.com/en/players/15a5e48c/Marcelo-dos-Santos-Ferreira,15a5e48c,Primeira Liga
141,Vitó Ferreira,POR,MF,Estrela,26-112,1997,6.4,0.00,0.00,0.00,2.19,0.63,0.00,2.50,0.63,1.09,0.00,0.00,0.00,7.66,0.94,0.47,66.7,https://fbref.com/en/players/74e6abb9/Vito-Ferreira,74e6abb9,Primeira Liga
142,Tiago Fonseca Morais,POR,FW,Boavista,20-127,2003,12.4,0.40,0.16,0.16,1.61,2.90,0.24,2.58,0.65,1.21,0.00,0.00,0.00,5.24,0.08,0.97,7.7,https://fbref.com/en/players/a951ca82/Tiago-Fonseca-Morais,a951ca82,Primeira Liga
143,Théo Fonseca,FRA,FW,Famalicão,23-211,2000,4.0,0.00,0.00,0.00,1.25,1.75,0.75,2.25,1.25,0.50,0.00,0.00,0.00,4.00,1.00,1.75,36.4,https://fbref.com/en/players/227e37eb/Theo-Fonseca,227e37eb,Primeira Liga
144,José Fonte,POR,DF,Braga,40-017,1983,10.9,0.46,0.00,0.00,1.01,0.18,0.00,0.09,0.92,0.18,0.00,0.00,0.00,5.50,2.02,0.83,71.0,https://fbref.com/en/players/90f87966/Jose-Fonte,90f87966,Primeira Liga
145,Hernâni Fortes,POR,FW,Rio Ave,32-141,1991,3.8,0.00,0.00,0.00,0.53,1.32,0.53,9.47,0.26,0.00,0.00,0.00,0.00,2.89,0.26,0.79,25.0,https://fbref.com/en/players/2327c29e/Hernani-Fortes,2327c29e,Primeira Liga
146,André Franco,POR,"MF,FW",Porto,25-271,1998,4.8,0.21,0.00,0.00,2.29,1.25,0.00,4.58,0.83,1.04,0.00,0.00,0.00,5.42,0.00,0.63,0.0,https://fbref.com/en/players/86df4d6b/Andre-Franco,86df4d6b,Primeira Liga
147,Gonçalo Franco,POR,MF,Moreirense,23-052,2000,13.0,0.38,0.00,0.00,2.15,1.85,0.00,0.62,2.31,1.69,0.00,0.00,0.00,8.62,0.85,0.85,50.0,https://fbref.com/en/players/9029d5f2/Goncalo-Franco,9029d5f2,Primeira Liga
148,Afonso freitas,POR,"DF,MF",Vitória,23-276,2000,6.0,0.33,0.00,0.00,1.67,1.50,0.33,2.00,0.33,1.17,0.00,0.00,0.00,3.50,1.50,0.33,81.8,https://fbref.com/en/players/f332f667/Afonso-freitas,f332f667,Primeira Liga
149,Iván Fresneda,ESP,MF,Sporting CP,19-102,2004,0.1,0.00,0.00,0.00,0.00,0.00,0.00,30.0,0.00,0.00,0.00,0.00,0.00,10.0,0.00,0.00,,https://fbref.com/en/players/29d0f2ac/Ivan-Fresneda,29d0f2ac,Primeira Liga
150,Godfried Frimpong,NED,DF,Moreirense,24-171,1999,5.8,0.17,0.00,0.00,0.69,0.17,0.17,4.31,1.38,0.69,0.00,0.00,0.00,4.48,1.38,1.90,42.1,https://fbref.com/en/players/fb5f19d5/Godfried-Frimpong,fb5f19d5,Primeira Liga
151,Kanya Fujimoto,JPN,MF,Gil Vicente FC,24-191,1999,10.4,0.00,0.00,0.00,0.77,0.87,0.38,0.96,0.58,0.77,0.00,0.00,0.00,2.88,0.48,0.29,62.5,https://fbref.com/en/players/be040b84/Kanya-Fujimoto,be040b84,Primeira Liga
152,Galeno,BRA,"MF,DF",Porto,26-078,1997,10.4,0.19,0.00,0.00,0.87,2.02,0.10,2.69,0.67,0.77,0.00,0.10,0.00,4.33,1.15,1.54,42.9,https://fbref.com/en/players/5b3d1a7a/Galeno,5b3d1a7a,Primeira Liga
153,Nino Galović,CRO,DF,Arouca,31-186,1992,12.8,0.08,0.00,0.00,0.70,0.55,0.08,0.00,0.94,0.47,0.00,0.08,0.00,4.14,1.56,1.25,55.6,https://fbref.com/en/players/d280923b/Nino-Galovic,d280923b,Primeira Liga
154,Gaspar,ANG,DF,Estrela,26-103,1997,13.5,0.37,0.00,0.00,0.89,0.44,0.07,0.37,1.48,1.19,0.00,0.00,0.00,7.11,3.11,1.26,71.2,https://fbref.com/en/players/34e4dc3b/Gaspar,34e4dc3b,Primeira Liga
155,Bruno Gaspar,ANG,"MF,DF",Vitória,30-262,1993,9.5,0.21,0.00,0.00,1.47,1.89,0.21,3.47,0.74,0.63,0.00,0.00,0.00,4.32,0.84,1.47,36.4,https://fbref.com/en/players/55ae91f0/Bruno-Gaspar,55ae91f0,Primeira Liga
156,Mory Gbane,CIV,MF,Gil Vicente FC,23-014,2000,5.9,0.68,0.00,0.00,2.03,0.51,0.00,0.00,1.69,1.86,0.00,0.00,0.00,8.14,2.37,1.69,58.3,https://fbref.com/en/players/ab8b392c/Mory-Gbane,ab8b392c,Primeira Liga
157,André Geraldes,POR,"MF,DF",Casa Pia,32-251,1991,4.0,0.50,0.00,0.00,1.00,0.25,0.00,1.25,0.00,0.50,0.00,0.00,0.00,3.75,0.25,0.75,25.0,https://fbref.com/en/players/35389469/Andre-Geraldes,35389469,Primeira Liga
158,Saviour Godwin,NGA,"FW,MF",Casa Pia,27-139,1996,3.8,0.00,0.00,0.00,1.84,1.84,0.00,3.95,1.05,0.79,0.26,0.00,0.00,5.00,0.00,0.00,,https://fbref.com/en/players/f963e678/Saviour-Godwin,f963e678,Primeira Liga
159,Rodrigo Gomes,POR,"DF,MF",Estoril,20-185,2003,12.6,0.24,0.00,0.00,0.87,0.56,0.16,1.67,0.95,1.03,0.00,0.00,0.00,4.29,0.48,0.71,40.0,https://fbref.com/en/players/8dcf77c0/Rodrigo-Gomes,8dcf77c0,Primeira Liga
160,Vítor Gomes,POR,MF,Rio Ave,36-014,1987,1.9,0.53,0.00,0.00,4.21,1.58,0.00,0.00,0.00,1.05,0.00,0.00,0.00,7.37,0.00,2.11,0.0,https://fbref.com/en/players/6b8cd7dd/Vitor-Gomes,6b8cd7dd,Primeira Liga
161,Victor Gomez,ESP,DF,Braga,23-282,2000,10.9,0.00,0.00,0.00,0.92,1.10,0.00,3.85,1.28,0.92,0.00,0.09,0.00,5.69,1.01,1.19,45.8,https://fbref.com/en/players/b7de5bad/Victor-Gomez,b7de5bad,Primeira Liga
162,Nuno Gonçalo Moreira,POR,"FW,MF",Vizela,24-206,1999,9.9,0.10,0.00,0.00,1.01,1.82,0.30,4.55,1.01,0.81,0.10,0.10,0.00,5.25,0.30,0.91,25.0,https://fbref.com/en/players/c28df63c/Nuno-Goncalo-Moreira,c28df63c,Primeira Liga
163,João Gonçalves,POR,GK,Boavista,23-064,2000,16.0,0.13,0.00,0.00,0.00,0.19,0.00,0.00,0.00,0.00,0.00,0.00,0.00,0.63,0.31,0.06,83.3,https://fbref.com/en/players/8b8c0095/Joao-Goncalves,8b8c0095,Primeira Liga
164,Jota Gonçalves,POR,DF,Vizela,23-205,2000,0.1,0.00,0.00,0.00,0.00,0.00,0.00,0.00,0.00,0.00,0.00,0.00,0.00,10.0,20.0,20.0,50.0,https://fbref.com/en/players/f6f756b0/Jota-Goncalves,f6f756b0,Primeira Liga
165,Pedro Gonçalves,POR,"FW,MF",Sporting CP,25-194,1998,15.1,0.26,0.00,0.00,0.53,1.26,0.26,6.23,0.40,0.93,0.00,0.00,0.00,3.77,0.13,0.66,16.7,https://fbref.com/en/players/c275947b/Pedro-Goncalves,c275947b,Primeira Liga
166,Vítor Gonçalves,POR,MF,Farense,31-285,1992,5.2,0.00,0.00,0.00,1.54,2.31,0.19,2.12,0.77,0.77,0.00,0.00,0.00,5.38,1.92,1.15,62.5,https://fbref.com/en/players/c9df37bc/Vitor-Goncalves,c9df37bc,Primeira Liga
167,Cristo González,ESP,"FW,MF",Arouca,26-076,1997,13.8,0.14,0.00,0.00,0.72,1.23,0.00,0.94,0.29,0.36,0.00,0.00,0.00,3.91,0.43,0.94,31.6,https://fbref.com/en/players/896b5df2/Cristo-Gonzalez,896b5df2,Primeira Liga
168,Nicolás González,ESP,MF,Porto,22-005,2002,4.3,0.93,0.00,0.00,2.79,0.23,0.00,0.70,0.23,1.86,0.00,0.00,0.00,7.91,2.79,1.16,70.6,https://fbref.com/en/players/2c56a792/Nicolas-Gonzalez,2c56a792,Primeira Liga
169,Tiago Gouveia,POR,FW,Benfica,22-204,2001,0.8,0.00,0.00,0.00,5.00,2.50,0.00,1.25,0.00,1.25,0.00,0.00,0.00,6.25,0.00,0.00,,https://fbref.com/en/players/68cf59f0/Tiago-Gouveia,68cf59f0,Primeira Liga
170,João Graça,POR,"MF,FW",Rio Ave,28-204,1995,5.2,0.96,0.00,0.00,4.04,2.50,0.00,1.54,0.96,1.73,0.00,0.00,0.00,3.85,0.96,1.92,33.3,https://fbref.com/en/players/6772c33e/Joao-Graca,6772c33e,Primeira Liga
171,Marko Grujić,SRB,MF,Porto,27-270,1996,2.2,0.45,0.00,0.00,2.73,1.36,0.00,0.45,1.82,4.09,0.00,0.00,0.00,10.0,7.27,3.18,69.6,https://fbref.com/en/players/8b8e759d/Marko-Grujic,8b8e759d,Primeira Liga
172,Gonçalo Guedes,POR,"FW,MF",Benfica,27-040,1996,1.4,0.00,0.00,0.00,2.86,5.71,0.00,4.29,0.71,0.00,0.00,0.00,0.00,5.00,1.43,0.00,100.0,https://fbref.com/en/players/e6bc67d7/Goncalo-Guedes,e6bc67d7,Primeira Liga
173,Guga,POR,"DF,MF",Portimonense,20-077,2003,8.8,0.45,0.00,0.00,0.91,1.48,0.23,1.48,0.80,1.36,0.00,0.00,0.00,4.55,0.11,1.02,10.0,https://fbref.com/en/players/72b9bb53/Guga,72b9bb53,Primeira Liga
174,Ricardo Guimarães,MOZ,MF,Chaves,28-055,1995,6.6,0.45,0.00,0.00,2.73,2.12,0.00,1.21,1.36,1.36,0.00,0.00,0.00,6.52,0.30,0.61,33.3,https://fbref.com/en/players/ebbc1dfb/Ricardo-Guimaraes,ebbc1dfb,Primeira Liga
175,Rafik Guitane,FRA,"FW,MF",Estoril,24-227,1999,15.4,0.00,0.00,0.00,0.45,1.95,0.13,0.78,0.39,0.19,0.00,0.00,0.00,4.29,0.00,0.39,0.0,https://fbref.com/en/players/7091324a/Rafik-Guitane,7091324a,Primeira Liga
176,Viktor Gyökeres,SWE,FW,Sporting CP,25-218,1998,14.9,0.13,0.00,0.00,1.28,2.89,0.60,0.67,0.13,0.34,0.00,0.00,0.00,3.02,1.74,2.62,40.0,https://fbref.com/en/players/4d5a9185/Viktor-Gyokeres,4d5a9185,Primeira Liga
177,Justin de Haas,NED,DF,Famalicão,23-341,2000,6.9,0.00,0.00,0.00,1.30,0.58,0.00,0.00,0.72,0.43,0.00,0.00,0.00,4.06,2.46,1.16,68.0,https://fbref.com/en/players/2aa27bb3/Justin-de-Haas,2aa27bb3,Primeira Liga
178,Tomás Händel,POR,MF,Vitória,23-042,2000,12.9,0.16,0.00,0.00,1.78,1.09,0.00,1.47,1.09,1.55,0.00,0.00,0.00,7.98,1.32,0.47,73.9,https://fbref.com/en/players/bbfb51ed/Tomas-Handel,bbfb51ed,Primeira Liga
179,Héctor,ESP,FW,Chaves,28-116,1995,15.2,0.07,0.00,0.00,0.59,0.86,0.33,0.00,0.26,0.20,0.00,0.00,0.00,2.76,2.17,2.96,42.3,https://fbref.com/en/players/6294bc9d/Hector,6294bc9d,Primeira Liga
180,Gustavo Henrique,BRA,FW,Estrela,24-251,1999,0.8,0.00,0.00,0.00,0.00,0.00,1.25,3.75,0.00,1.25,,,0.00,,,,,https://fbref.com/en/players/f068fed1/Gustavo-Henrique,f068fed1,Primeira Liga
181,Morten Hjulmand,DEN,MF,Sporting CP,24-197,1999,11.2,0.45,0.00,0.00,1.88,0.89,0.00,0.63,0.89,1.61,0.00,0.00,0.00,7.14,0.63,0.63,50.0,https://fbref.com/en/players/d4456fb3/Morten-Hjulmand,d4456fb3,Primeira Liga
182,Jordan Holsgrove,SCO,MF,Estoril,24-120,1999,12.7,0.47,0.08,0.00,1.26,1.18,0.00,3.86,1.18,1.89,0.00,0.00,0.00,5.98,0.63,1.42,30.8,https://fbref.com/en/players/8a6daac3/Jordan-Holsgrove,8a6daac3,Primeira Liga
183,André Horta,POR,MF,Braga,27-062,1996,5.8,0.00,0.00,0.00,1.38,1.38,0.00,4.66,0.17,1.03,0.00,0.00,0.00,7.59,0.00,0.17,0.0,https://fbref.com/en/players/951f1739/Andre-Horta,951f1739,Primeira Liga
184,Ricardo Horta,POR,"FW,MF",Braga,29-115,1994,13.6,0.15,0.00,0.00,0.74,1.54,0.22,2.43,0.51,0.51,0.00,0.00,0.00,4.71,0.29,0.51,36.4,https://fbref.com/en/players/6603fed7/Ricardo-Horta,6603fed7,Primeira Liga
185,André Inácio,BRA,"FW,MF",Estrela,21-319,2002,4.3,0.23,0.00,0.00,0.47,2.33,0.93,0.70,0.47,1.16,0.00,0.00,0.00,2.09,2.09,2.79,42.9,https://fbref.com/en/players/cc77d69c/Andre-Inacio,cc77d69c,Primeira Liga
186,Gonçalo Inácio,POR,DF,Sporting CP,22-136,2001,13.4,0.52,0.07,0.07,0.97,0.82,0.00,0.22,1.04,0.90,0.00,0.00,0.00,6.12,1.27,2.16,37.0,https://fbref.com/en/players/33651873/Goncalo-Inacio,33651873,Primeira Liga
187,Fabrício Isidoro,BRA,MF,Farense,31-345,1992,9.7,0.41,0.10,0.10,2.16,2.58,0.00,1.34,1.24,0.52,0.00,0.00,0.00,5.77,0.93,1.86,33.3,https://fbref.com/en/players/b70ca4b5/Fabricio-Isidoro,b70ca4b5,Primeira Liga
188,Léo Jabá,BRA,"MF,FW",Estrela,25-159,1998,10.0,0.30,0.00,0.00,2.30,1.70,0.30,3.10,0.40,1.30,0.00,0.00,0.00,4.10,1.40,1.10,56.0,https://fbref.com/en/players/173db1f4/Leo-Jaba,173db1f4,Primeira Liga
189,Ivan Jaime Pajuelo,ESP,MF,Porto,23-104,2000,3.0,0.00,0.00,0.00,1.67,4.00,0.00,7.33,0.67,1.00,0.00,0.00,0.00,7.67,0.67,0.67,50.0,https://fbref.com/en/players/90ba7fa6/Ivan-Jaime-Pajuelo,90ba7fa6,Primeira Liga
190,Jajá,BRA,"FW,MF",Casa Pia,22-268,2001,4.1,0.00,0.00,0.00,2.20,1.71,0.49,1.22,0.24,3.66,0.49,0.00,0.00,5.61,0.24,0.24,50.0,https://fbref.com/en/players/325b3150/Jaja,325b3150,Primeira Liga
191,Jardel,GNB,"FW,MF",Vizela,26-110,1997,2.0,0.00,0.00,0.00,1.00,5.50,0.00,1.50,1.00,0.50,0.00,0.00,0.00,8.00,3.00,5.00,37.5,https://fbref.com/en/players/6b9b6841/Jardel,6b9b6841,Primeira Liga
192,Jason,ESP,"MF,FW",Arouca,29-186,1994,12.6,0.08,0.00,0.00,1.11,1.90,0.16,5.71,0.48,0.63,0.00,0.00,0.00,4.44,0.40,0.95,29.4,https://fbref.com/en/players/9038c2a1/Jason,9038c2a1,Primeira Liga
193,Sylvester Jasper,BUL,"FW,MF",Portimonense,22-117,2001,10.2,0.10,0.00,0.00,1.67,2.45,0.20,2.84,0.69,0.88,0.00,0.00,0.00,4.12,0.20,1.37,12.5,https://fbref.com/en/players/a9f04944/Sylvester-Jasper,a9f04944,Primeira Liga
194,Anderson Jesus,BRA,DF,Vizela,28-312,1995,15.9,0.13,0.00,0.00,1.01,0.63,0.13,0.00,0.75,0.88,0.00,0.00,0.00,2.52,2.52,1.70,59.7,https://fbref.com/en/players/d4d63c3f/Anderson-Jesus,d4d63c3f,Primeira Liga
195,Jhonatan,BRA,GK,Rio Ave,32-245,1991,9.0,0.22,0.00,0.00,0.00,0.22,0.00,0.00,0.00,0.00,0.00,0.00,0.00,0.89,0.44,0.00,100.0,https://fbref.com/en/players/52479cc2/Jhonatan,52479cc2,Primeira Liga
196,Jo,BRA,"FW,MF",Chaves,28-252,1995,4.5,0.00,0.00,0.00,3.11,4.00,0.44,0.89,0.00,0.67,0.00,0.00,0.00,2.89,6.44,4.22,60.4,https://fbref.com/en/players/7687b9dd/Jo,7687b9dd,Primeira Liga
197,Joca,POR,"FW,MF",Rio Ave,27-343,1996,7.9,0.13,0.00,0.00,0.76,1.27,0.25,2.41,0.63,0.38,0.00,0.00,0.00,4.68,0.13,0.51,20.0,https://fbref.com/en/players/37673edd/Joca,37673edd,Primeira Liga
198,Luiz Lúcio Reis Júnior,BRA,GK,Famalicão,22-359,2001,16.0,0.06,0.00,0.00,0.00,0.13,0.00,0.00,0.06,0.00,0.00,0.00,0.00,0.81,0.19,0.06,75.0,https://fbref.com/en/players/d0530e29/Luiz-Lucio-Reis-Junior,d0530e29,Primeira Liga
199,David Jurásek,CZE,DF,Benfica,23-154,2000,2.9,0.34,0.00,0.00,0.69,1.38,0.34,3.45,0.34,1.38,0.00,0.00,0.00,6.90,0.00,0.00,,https://fbref.com/en/players/d7a03bf3/David-Jurasek,d7a03bf3,Primeira Liga
200,Samuel Justo,POR,MF,Casa Pia,19-281,2004,3.8,0.26,0.00,0.00,2.11,1.84,0.00,0.79,0.79,0.79,0.00,0.00,0.00,6.05,0.79,1.05,42.9,https://fbref.com/en/players/8e0658cc/Samuel-Justo,8e0658cc,Primeira Liga
201,Keliano,ANG,MF,Estrela,20-357,2003,1.3,0.00,0.00,0.00,2.31,0.77,0.00,0.77,3.08,2.31,0.00,0.00,0.00,3.08,0.77,1.54,33.3,https://fbref.com/en/players/af6e7c2f/Keliano,af6e7c2f,Primeira Liga
202,Kewin,BRA,GK,Moreirense,28-075,1995,15.0,0.00,0.00,0.00,0.00,0.33,0.00,0.00,0.00,0.00,0.00,0.00,0.00,1.13,0.20,0.00,100.0,https://fbref.com/en/players/aea1afc8/Kewin,aea1afc8,Primeira Liga
203,Kikas,POR,"FW,MF",Estrela,25-113,1998,7.9,0.38,0.00,0.00,1.39,0.89,0.63,1.14,0.00,0.13,0.00,0.00,0.00,2.78,1.27,3.54,26.3,https://fbref.com/en/players/055cb86b/Kikas,055cb86b,Primeira Liga
204,Kobamelo Kodisang,RSA,FW,Moreirense,24-133,1999,9.1,0.00,0.00,0.00,0.66,1.32,0.44,2.64,0.88,0.44,0.00,0.00,0.00,3.30,0.66,0.55,54.5,https://fbref.com/en/players/7775516d/Kobamelo-Kodisang,7775516d,Primeira Liga
205,Koba Koindredi,FRA,MF,Estoril,22-073,2001,4.6,0.00,0.00,0.00,2.61,2.17,0.00,2.39,1.74,1.09,0.00,0.00,0.00,6.30,0.43,1.74,20.0,https://fbref.com/en/players/3a58d075/Koba-Koindredi,3a58d075,Primeira Liga
206,Orkun Kökçü,TUR,MF,Benfica,23-010,2000,10.3,0.29,0.00,0.00,1.26,0.97,0.19,2.91,0.68,1.46,0.00,0.00,0.00,6.60,0.39,0.49,44.4,https://fbref.com/en/players/9bf914b4/Orkun-Kokcu,9bf914b4,Primeira Liga
207,Eboue Kouassi,CIV,MF,Arouca,26-026,1997,8.5,0.35,0.12,0.00,2.24,0.82,0.24,0.12,0.94,1.18,0.00,0.00,0.00,7.76,2.82,2.12,57.1,https://fbref.com/en/players/da270297/Eboue-Kouassi,da270297,Primeira Liga
208,Matías Lacava,VEN,"FW,MF",Vizela,21-076,2002,10.0,0.40,0.10,0.10,2.50,1.50,0.20,2.40,0.60,1.60,0.00,0.00,0.00,5.10,0.50,1.30,27.8,https://fbref.com/en/players/eeac2dfb/Matias-Lacava,eeac2dfb,Primeira Liga
209,Tom Lacoux,FRA,MF,Famalicão,21-348,2002,3.1,0.32,0.00,0.00,1.29,0.97,0.00,0.32,1.61,2.26,0.00,0.00,0.00,9.03,0.65,0.65,50.0,https://fbref.com/en/players/295ba708/Tom-Lacoux,295ba708,Primeira Liga
210,Rúben Lameiras,POR,"FW,MF",Chaves,29-017,1994,2.3,0.43,0.00,0.00,1.30,0.00,0.43,2.17,0.43,0.43,0.00,0.00,0.00,6.52,0.00,0.00,,https://fbref.com/en/players/656a96c6/Ruben-Lameiras,656a96c6,Primeira Liga
211,Bruno Langa,MOZ,"DF,MF",Chaves,26-069,1997,11.6,0.43,0.09,0.09,0.86,2.07,0.00,3.88,1.29,1.21,0.00,0.09,0.00,5.52,1.21,0.43,73.7,https://fbref.com/en/players/72947847/Bruno-Langa,72947847,Primeira Liga
212,Larra,ESP,"MF,DF",Casa Pia,26-022,1997,10.7,0.28,0.00,0.00,1.21,0.56,0.00,2.34,1.21,1.21,0.00,0.00,0.00,6.73,0.75,0.75,50.0,https://fbref.com/en/players/0d690336/Larra,0d690336,Primeira Liga
213,Yusuf Lawal,NGA,"FW,MF",Arouca,25-291,1998,0.3,0.00,0.00,0.00,3.33,0.00,0.00,6.67,0.00,0.00,0.00,0.00,0.00,3.33,3.33,0.00,100.0,https://fbref.com/en/players/58c71733/Yusuf-Lawal,58c71733,Primeira Liga
214,Orest Lebedenko,UKR,DF,Vizela,25-107,1998,3.0,0.00,0.00,0.00,0.67,0.33,0.00,2.33,1.33,0.33,0.00,0.00,0.00,6.33,1.00,0.67,60.0,https://fbref.com/en/players/7553b2d2/Orest-Lebedenko,7553b2d2,Primeira Liga
215,Daniel Leite,POR,GK,Estoril,25-172,1998,5.0,0.00,0.00,0.00,0.00,0.00,0.00,0.00,0.00,0.20,0.00,0.00,0.00,2.00,0.00,0.00,,https://fbref.com/en/players/f7c68686/Daniel-Leite,f7c68686,Primeira Liga
216,Leonardo Lelo,POR,"MF,DF",Casa Pia,23-284,2000,14.7,0.00,0.00,0.00,0.48,0.95,0.07,4.29,1.22,0.82,0.00,0.00,0.00,5.17,0.27,0.61,30.8,https://fbref.com/en/players/b0492e27/Leonardo-Lelo,b0492e27,Primeira Liga
217,Otso Liimatta,FIN,MF,Famalicão,19-182,2004,4.3,0.00,0.00,0.00,2.33,1.63,0.23,1.40,0.70,0.23,0.00,0.00,0.00,4.88,0.23,0.23,50.0,https://fbref.com/en/players/1d932cbe/Otso-Liimatta,1d932cbe,Primeira Liga
218,Danny Loader,ENG,"FW,DF",Porto,23-133,2000,0.6,1.67,0.00,0.00,6.67,3.33,0.00,0.00,0.00,1.67,0.00,0.00,0.00,10.0,6.67,1.67,80.0,https://fbref.com/en/players/e9fda01d/Danny-Loader,e9fda01d,Primeira Liga
219,Julien Lomboto,COD,MF,Rio Ave,21-240,2002,0.1,0.00,0.00,0.00,0.00,10.0,0.00,0.00,0.00,0.00,0.00,0.00,0.00,20.0,0.00,10.0,0.0,https://fbref.com/en/players/19966e5f/Julien-Lomboto,19966e5f,Primeira Liga
220,Miguel Lopes,POR,DF,Estrela,37-020,1986,7.5,0.13,0.13,0.00,0.93,0.40,0.00,0.13,0.67,1.47,0.00,0.00,0.00,4.53,2.13,1.73,55.2,https://fbref.com/en/players/258b0d9b/Miguel-Lopes,258b0d9b,Primeira Liga
221,Né lopes,POR,DF,Gil Vicente FC,23-224,2000,2.8,0.00,0.00,0.00,1.43,1.07,0.00,0.00,1.43,1.07,0.00,0.00,0.00,4.29,2.14,1.07,66.7,https://fbref.com/en/players/72c4f152/Ne-lopes,72c4f152,Primeira Liga
222,Rony Lopes,POR,"FW,DF",Braga,28-011,1995,2.7,0.00,0.00,0.00,1.48,0.37,0.37,3.70,0.37,0.00,0.00,0.00,0.00,4.44,0.37,1.11,25.0,https://fbref.com/en/players/7c2965bb/Rony-Lopes,7c2965bb,Primeira Liga
223,Bruno Lourenço,POR,"FW,MF",Boavista,25-340,1998,7.5,0.13,0.13,0.00,1.60,1.33,0.27,2.27,0.93,0.53,0.00,0.00,0.00,3.73,0.53,0.80,40.0,https://fbref.com/en/players/e8dd8ac7/Bruno-Lourenco,e8dd8ac7,Primeira Liga
224,Thomas Luciano,BRA,DF,Gil Vicente FC,21-359,2002,0.2,0.00,0.00,0.00,5.00,0.00,0.00,15.0,0.00,0.00,0.00,0.00,0.00,0.00,10.0,5.00,66.7,https://fbref.com/en/players/0e624011/Thomas-Luciano,0e624011,Primeira Liga
225,André Luis,BRA,FW,Moreirense,29-305,1994,14.8,0.27,0.00,0.00,1.55,1.42,0.68,0.07,0.41,0.41,0.00,0.00,0.00,2.03,5.00,4.12,54.8,https://fbref.com/en/players/2962bf2e/Andre-Luis,2962bf2e,Primeira Liga
226,Florentino Luís,POR,MF,Benfica,24-142,1999,6.8,0.44,0.00,0.00,1.62,0.74,0.15,0.00,3.09,3.53,0.00,0.15,0.00,8.38,1.32,1.47,47.4,https://fbref.com/en/players/881cd6be/Florentino-Luis,881cd6be,Primeira Liga
227,José Luis Rodríguez,PAN,FW,Famalicão,25-203,1998,7.6,0.00,0.00,0.00,1.05,1.05,0.39,5.00,0.79,0.53,0.00,0.00,0.00,3.55,1.18,1.45,45.0,https://fbref.com/en/players/b333b014/Jose-Luis-Rodriguez,b333b014,Primeira Liga
228,Zé Luís,CPV,"FW,MF",Farense,32-349,1991,1.5,0.67,0.00,0.00,2.00,0.00,0.00,0.67,0.67,1.33,0.00,0.67,0.00,4.00,9.33,4.00,70.0,https://fbref.com/en/players/520c318f/Ze-Luis,520c318f,Primeira Liga
229,Wallisson Luiz,BRA,"MF,FW",Moreirense,26-107,1997,2.2,1.36,0.45,0.00,5.45,0.45,0.00,0.45,2.73,3.18,0.00,0.00,0.00,8.18,4.09,1.82,69.2,https://fbref.com/en/players/8b35dc4b/Wallisson-Luiz,8b35dc4b,Primeira Liga
230,Rodrigo Macedo,POR,MF,Moreirense,20-183,2003,0.1,0.00,0.00,0.00,0.00,0.00,0.00,0.00,0.00,0.00,0.00,0.00,0.00,20.0,0.00,0.00,,https://fbref.com/en/players/d64f96d0/Rodrigo-Macedo,d64f96d0,Primeira Liga
231,Madson,BRA,FW,Moreirense,24-135,1999,8.8,0.23,0.00,0.00,0.68,3.18,0.23,3.64,0.68,0.23,0.00,0.00,0.00,5.34,1.02,1.48,40.9,https://fbref.com/en/players/ee824bea/Madson,ee824bea,Primeira Liga
232,Miguel Magalhães,POR,"DF,MF",Vitória,21-053,2002,5.4,0.19,0.00,0.00,0.93,0.74,0.19,1.67,1.30,2.04,0.00,0.37,0.00,4.07,1.30,1.67,43.8,https://fbref.com/en/players/3ea1862e/Miguel-Magalhaes,3ea1862e,Primeira Liga
233,Magrão,BRA,GK,Rio Ave,23-238,2000,7.0,0.00,0.00,0.00,0.00,0.00,0.00,0.00,0.00,0.14,0.00,0.00,0.00,1.00,0.29,0.00,100.0,https://fbref.com/en/players/4bc2a77c/Magrao,4bc2a77c,Primeira Liga
234,Gaius Makouta,CGO,MF,Boavista,26-167,1997,13.4,0.37,0.00,0.00,1.04,1.72,0.07,1.04,0.67,1.19,0.00,0.00,0.00,6.57,1.42,1.12,55.9,https://fbref.com/en/players/0909f91d/Gaius-Makouta,0909f91d,Primeira Liga
235,Pedro Malheiro,POR,DF,Boavista,22-352,2001,8.4,0.48,0.00,0.00,2.14,0.24,0.00,2.74,1.79,1.90,0.00,0.12,0.00,5.83,0.48,0.48,50.0,https://fbref.com/en/players/73794ac1/Pedro-Malheiro,73794ac1,Primeira Liga
236,Eliaquim Mangala,FRA,DF,Estoril,32-329,1991,3.4,0.29,0.00,0.00,1.18,0.00,0.00,0.00,1.47,0.00,0.00,0.00,0.00,2.35,1.76,1.47,54.5,https://fbref.com/en/players/f520049f/Eliaquim-Mangala,f520049f,Primeira Liga
237,Ricardo Mangas,POR,"DF,MF",Vitória,25-295,1998,7.9,0.13,0.00,0.00,0.63,2.15,0.25,1.65,0.13,1.01,0.25,0.00,0.00,5.06,2.66,1.65,61.8,https://fbref.com/en/players/eef2d8ce/Ricardo-Mangas,eef2d8ce,Primeira Liga
238,Mansur,BRA,DF,Estrela,30-266,1993,6.3,0.63,0.16,0.16,1.27,0.32,0.00,1.59,0.16,1.11,0.00,0.00,0.00,6.67,2.70,2.70,50.0,https://fbref.com/en/players/924081a5/Mansur,924081a5,Primeira Liga
239,Manuel Manu,POR,DF,Vitória,22-210,2001,10.0,0.30,0.00,0.00,1.10,1.00,0.00,0.10,1.20,1.50,0.00,0.20,0.00,7.30,2.40,1.80,57.1,https://fbref.com/en/players/4c2a65a8/Manuel-Manu,4c2a65a8,Primeira Liga
240,Zé Manuel,POR,"MF,FW",Rio Ave,33-077,1990,4.7,0.00,0.00,0.00,1.49,1.91,0.21,1.91,0.64,1.70,0.00,0.00,0.00,2.98,0.43,2.98,12.5,https://fbref.com/en/players/2ec1f4e3/Ze-Manuel,2ec1f4e3,Primeira Liga
241,Maracás,BRA,DF,Moreirense,29-256,1994,12.0,0.42,0.08,0.08,1.33,0.58,0.00,0.00,0.83,1.33,0.08,0.00,0.00,4.67,2.33,1.58,59.6,https://fbref.com/en/players/276127e4/Maracas,276127e4,Primeira Liga
242,Iván Marcano,ESP,DF,Porto,36-199,1987,4.1,0.24,0.00,0.00,0.24,0.49,0.00,0.73,0.98,0.98,0.00,0.00,0.00,4.88,2.93,1.46,66.7,https://fbref.com/en/players/7a20d90a/Ivan-Marcano,7a20d90a,Primeira Liga
243,Adrián Marín,ESP,DF,Braga,26-364,1997,3.4,0.00,0.00,0.00,0.59,0.59,0.00,2.65,1.18,0.88,0.00,0.00,0.00,8.24,3.82,0.88,81.3,https://fbref.com/en/players/b7f2edff/Adrian-Marin,b7f2edff,Primeira Liga
244,João Mário,POR,"FW,MF",Benfica,30-354,1993,12.8,0.23,0.00,0.00,1.41,2.03,0.00,2.03,0.70,0.63,0.08,0.00,0.00,5.23,0.31,0.55,36.4,https://fbref.com/en/players/f0021247/Joao-Mario,f0021247,Primeira Liga
245,João Mário Lopes,POR,DF,Porto,24-005,2000,11.4,0.09,0.00,0.00,1.32,1.58,0.18,3.42,0.35,0.61,0.00,0.09,0.00,4.65,0.61,0.70,46.7,https://fbref.com/en/players/82a39b66/Joao-Mario-Lopes,82a39b66,Primeira Liga
246,Marlon,BRA,"FW,MF",Gil Vicente FC,26-115,1997,4.5,0.22,0.00,0.00,2.22,0.89,0.00,1.33,0.67,0.67,0.00,0.22,0.00,6.44,0.00,2.22,0.0,https://fbref.com/en/players/acb61892/Marlon,acb61892,Primeira Liga
247,Alejandro Marqués,VEN,FW,Estoril,23-157,2000,7.3,0.27,0.00,0.00,3.29,0.68,0.27,0.00,0.14,0.55,0.00,0.00,0.00,1.51,1.37,3.56,27.8,https://fbref.com/en/players/83bc30cc/Alejandro-Marques,83bc30cc,Primeira Liga
248,Gustavo Marques,BRA,DF,Benfica,22-091,2001,0.0,0,0,0,0,0,0,0,1,0,0,0,0,0,0,0,,https://fbref.com/en/players/b4fce835/Gustavo-Marques,b4fce835,Primeira Liga
249,Igor Marques,BRA,"DF,MF",Portimonense,25-000,1999,6.8,0.29,0.00,0.00,1.47,0.88,0.00,3.53,2.35,2.50,0.00,0.00,0.00,7.94,0.59,1.32,30.8,https://fbref.com/en/players/8b364abd/Igor-Marques,8b364abd,Primeira Liga
250,João Marques,POR,"MF,FW",Estoril,21-329,2002,12.5,0.24,0.00,0.00,1.28,2.56,0.16,1.44,0.56,1.28,0.00,0.00,0.00,4.72,1.20,1.20,50.0,https://fbref.com/en/players/f302ebae/Joao-Marques,f302ebae,Primeira Liga
251,Toni Martínez,ESP,FW,Porto,26-192,1997,4.7,0.64,0.00,0.00,1.91,0.85,0.64,0.85,0.00,0.00,0.00,0.00,0.00,1.49,3.62,2.55,58.6,https://fbref.com/en/players/f3945e07/Toni-Martinez,f3945e07,Primeira Liga
252,Rafael Martins,BRA,MF,Casa Pia,34-297,1989,0.3,0.00,0.00,0.00,6.67,0.00,0.00,0.00,0.00,0.00,0.00,0.00,0.00,3.33,0.00,0.00,,https://fbref.com/en/players/b7e1c3b5/Rafael-Martins,b7e1c3b5,Primeira Liga
253,Rodrigo Martins,POR,"DF,FW",Estoril,25-115,1998,0.1,0.00,0.00,0.00,0.00,0.00,0.00,10.0,10.0,0.00,0.00,0.00,0.00,0.00,0.00,0.00,,https://fbref.com/en/players/bcb19f67/Rodrigo-Martins,bcb19f67,Primeira Liga
254,Matheus,BRA,GK,Braga,31-173,1992,16.0,0.13,0.00,0.00,0.00,0.44,0.00,0.00,0.00,0.00,0.00,0.00,0.00,1.63,0.13,0.06,66.7,https://fbref.com/en/players/ef3909cd/Matheus,ef3909cd,Primeira Liga
255,Marco Matias,POR,"FW,MF",Farense,34-243,1989,11.6,0.26,0.00,0.00,1.47,2.41,0.69,4.57,0.69,0.95,0.09,0.00,0.00,4.14,0.34,0.86,28.6,https://fbref.com/en/players/f1317091/Marco-Matias,f1317091,Primeira Liga
256,Maurício,BRA,MF,Portimonense,35-079,1988,5.0,0.20,0.00,0.00,2.20,0.80,0.00,0.00,1.80,1.60,0.00,0.20,0.00,4.60,1.60,0.80,66.7,https://fbref.com/en/players/e7ec3c71/Mauricio,e7ec3c71,Primeira Liga
257,Rodrigo Melro,POR,DF,Chaves,19-300,2004,0.0,0,0,0,0,0,0,0,0,0,0,0,0,0,0,0,,https://fbref.com/en/players/09505d94/Rodrigo-Melro,09505d94,Primeira Liga
258,João Mendes,POR,"MF,FW",Vitória,29-079,1994,9.0,0.22,0.11,0.00,1.33,1.44,0.00,3.44,0.67,0.67,0.00,0.00,0.00,5.11,0.22,0.56,28.6,https://fbref.com/en/players/efb714d0/Joao-Mendes,efb714d0,Primeira Liga
259,Joe Mendes,SWE,DF,Braga,21-008,2002,3.1,0.00,0.00,0.00,0.97,0.32,0.00,1.94,0.32,1.29,0.00,0.00,0.00,4.52,0.65,0.97,40.0,https://fbref.com/en/players/f882b0a1/Joe-Mendes,f882b0a1,Primeira Liga
260,Pedro Mendes,POR,DF,Estrela,33-099,1990,0.6,0.00,0.00,0.00,0.00,3.33,0.00,0.00,3.33,0.00,0.00,0.00,0.00,8.33,3.33,3.33,50.0,https://fbref.com/en/players/6690ef25/Pedro-Mendes,6690ef25,Primeira Liga
261,Alexis Méndez,USA,"MF,FW",Vizela,23-124,2000,2.5,0.40,0.00,0.00,1.20,1.20,1.20,5.20,0.40,0.80,0.00,0.00,0.00,6.00,0.00,2.00,0.0,https://fbref.com/en/players/fb5991a3/Alexis-Mendez,fb5991a3,Primeira Liga
262,Benji Michel,USA,"FW,MF",Arouca,26-077,1997,0.5,0.00,0.00,0.00,2.00,0.00,2.00,0.00,0.00,0.00,0.00,0.00,0.00,8.00,8.00,4.00,66.7,https://fbref.com/en/players/151ca25f/Benji-Michel,151ca25f,Primeira Liga
263,João Miguel,POR,DF,Porto,23-270,2000,2.1,0.00,0.00,0.00,0.48,0.48,0.00,4.29,0.95,0.48,0.00,0.00,0.00,3.33,0.48,0.48,50.0,https://fbref.com/en/players/98e292bb/Joao-Miguel,98e292bb,Primeira Liga
264,Enea Mihaj,ALB,DF,Famalicão,25-187,1998,3.7,0.27,0.00,0.00,0.81,0.81,0.00,0.00,0.54,1.35,0.00,0.00,0.00,5.68,0.81,0.00,100.0,https://fbref.com/en/players/29c28f01/Enea-Mihaj,29c28f01,Primeira Liga
265,Bogdan Milovanov,UKR,"DF,MF",Arouca,25-264,1998,7.3,0.27,0.14,0.14,1.10,0.41,0.00,3.97,1.37,2.74,0.00,0.00,0.00,5.34,1.23,1.78,40.9,https://fbref.com/en/players/91b11d25/Bogdan-Milovanov,91b11d25,Primeira Liga
266,Miro,ANG,FW,Gil Vicente FC,20-261,2003,0.4,0.00,0.00,0.00,2.50,0.00,0.00,0.00,0.00,2.50,0.00,0.00,0.00,2.50,2.50,0.00,100.0,https://fbref.com/en/players/37df21dd/Miro,37df21dd,Primeira Liga
267,Miguel Monteiro,POR,FW,Gil Vicente FC,20-168,2003,2.5,0.00,0.00,0.00,0.40,0.40,0.00,0.00,0.40,0.00,0.00,0.00,0.00,2.00,2.40,5.60,30.0,https://fbref.com/en/players/48fd4e29/Miguel-Monteiro,48fd4e29,Primeira Liga
268,Francisco Montero,ESP,DF,Arouca,24-359,1999,13.0,0.23,0.00,0.00,2.00,0.54,0.00,0.31,1.15,0.77,0.00,0.15,0.00,5.00,1.46,1.46,50.0,https://fbref.com/en/players/3e96f3e7/Francisco-Montero,3e96f3e7,Primeira Liga
269,Morato,BRA,DF,Benfica,22-192,2001,8.5,0.12,0.00,0.00,1.06,0.24,0.35,1.41,0.82,2.12,0.00,0.12,0.00,6.82,1.88,1.29,59.3,https://fbref.com/en/players/0f41e2ee/Morato,0f41e2ee,Primeira Liga
270,Hélder Morim,POR,MF,Chaves,22-239,2001,2.9,0.34,0.00,0.00,2.76,2.76,0.00,0.34,1.72,1.38,0.00,0.00,0.00,4.14,0.69,0.69,50.0,https://fbref.com/en/players/3cd2101a/Helder-Morim,3cd2101a,Primeira Liga
271,Hidemasa Morita,JPN,MF,Sporting CP,28-243,1995,13.9,0.22,0.00,0.00,1.73,0.58,0.00,0.50,0.29,1.37,0.00,0.00,0.00,6.40,1.15,1.22,48.5,https://fbref.com/en/players/a650c75b/Hidemasa-Morita,a650c75b,Primeira Liga
272,Moura,POR,DF,Famalicão,24-145,1999,16.0,0.25,0.00,0.00,1.06,0.69,0.38,6.88,0.81,0.81,0.00,0.00,0.00,4.75,1.38,0.94,59.5,https://fbref.com/en/players/d51d1d9d/Moura,d51d1d9d,Primeira Liga
273,João Moutinho,POR,MF,Braga,37-122,1986,6.7,0.60,0.00,0.00,1.79,0.90,0.00,2.24,1.34,1.19,0.00,0.00,0.00,8.51,1.64,0.45,78.6,https://fbref.com/en/players/f5a00fa4/Joao-Moutinho,f5a00fa4,Primeira Liga
274,Rafa Mújica,ESP,FW,Arouca,25-071,1998,14.2,0.21,0.07,0.00,2.04,1.69,0.92,0.00,0.28,0.56,0.07,0.07,0.00,2.25,0.92,2.04,31.0,https://fbref.com/en/players/04a67d5b/Rafa-Mujica,04a67d5b,Primeira Liga
275,Petar Musa,CRO,FW,Benfica,25-310,1998,5.8,0.17,0.17,0.00,1.72,1.55,0.52,0.34,0.00,1.38,0.00,0.00,0.00,3.28,1.03,2.41,30.0,https://fbref.com/en/players/4567a0b4/Petar-Musa,4567a0b4,Primeira Liga
276,Zach Muscat,MLT,DF,Farense,30-139,1993,10.8,0.09,0.09,0.00,0.83,0.37,0.00,0.00,0.74,0.19,0.00,0.00,0.00,2.13,2.69,1.76,60.4,https://fbref.com/en/players/5100af90/Zach-Muscat,5100af90,Primeira Liga
277,Almoatasem Al Musrati,LBY,MF,Braga,27-277,1996,7.7,0.13,0.00,0.00,1.04,0.91,0.00,0.52,1.69,1.56,0.00,0.00,0.00,5.58,2.99,1.30,69.7,https://fbref.com/en/players/cd6a1a59/Almoatasem-Al-Musrati,cd6a1a59,Primeira Liga
278,Kosuke Nakamura,JPN,GK,Portimonense,28-315,1995,2.0,0.00,0.00,0.00,0.00,0.00,0.00,0.00,0.00,0.00,0.00,0.00,0.00,0.50,0.50,0.00,100.0,https://fbref.com/en/players/423daf87/Kosuke-Nakamura,423daf87,Primeira Liga
279,Nuno Namora,POR,"DF,MF",Rio Ave,25-330,1998,0.3,0.00,0.00,0.00,6.67,0.00,0.00,3.33,0.00,0.00,0.00,0.00,0.00,3.33,6.67,0.00,100.0,https://fbref.com/en/players/c0fead0b/Nuno-Namora,c0fead0b,Primeira Liga
280,Diogo Nascimento,POR,MF,Vizela,21-067,2002,11.2,0.18,0.00,0.00,2.05,1.16,0.09,0.80,0.45,0.63,0.00,0.00,0.00,6.79,0.54,0.98,35.3,https://fbref.com/en/players/cc318429/Diogo-Nascimento,cc318429,Primeira Liga
281,Rodrigo Nascimento,BRA,GK,Chaves,27-348,1996,4.0,0.00,0.00,0.00,0.00,0.00,0.00,0.00,0.00,0.00,0.00,0.00,0.00,1.25,0.25,0.00,100.0,https://fbref.com/en/players/8abb6799/Rodrigo-Nascimento,8abb6799,Primeira Liga
282,Nathan,BRA,DF,Famalicão,22-125,2001,8.7,0.46,0.00,0.00,1.49,0.92,0.23,1.72,0.92,2.18,0.00,0.11,0.00,3.33,0.92,0.57,61.5,https://fbref.com/en/players/9fb6420e/Nathan,9fb6420e,Primeira Liga
283,Fran Navarro,ESP,"FW,MF",Porto,25-339,1998,1.9,0.00,0.00,0.00,1.58,2.63,1.05,1.58,1.58,0.00,0.00,0.00,0.00,4.21,1.58,4.21,27.3,https://fbref.com/en/players/02a5618e/Fran-Navarro,02a5618e,Primeira Liga
284,Mor Ndiaye,SEN,"FW,MF",Estoril,23-047,2000,0.2,0.00,0.00,0.00,0.00,5.00,0.00,0.00,0.00,0.00,0.00,0.00,0.00,5.00,0.00,10.0,0.0,https://fbref.com/en/players/936ac844/Mor-Ndiaye,936ac844,Primeira Liga
285,Regis Ndo,MLI,"FW,MF",Estrela,22-317,2001,2.2,0.00,0.00,0.00,1.36,2.27,0.45,3.18,0.00,0.45,0.00,0.00,0.00,6.82,1.36,4.55,23.1,https://fbref.com/en/players/ae87b866/Regis-Ndo,ae87b866,Primeira Liga
286,Alioune Ndour,SEN,"FW,MF",Estrela,22-311,2001,1.9,0.53,0.00,0.00,0.53,2.63,1.58,0.53,0.00,1.58,0.00,0.00,0.00,6.32,4.21,6.32,40.0,https://fbref.com/en/players/177e044c/Alioune-Ndour,177e044c,Primeira Liga
287,Nelson,ANG,"DF,FW",Vitória,25-338,1998,4.5,0.22,0.00,0.00,3.33,1.11,0.00,2.89,1.33,1.78,0.00,0.00,0.00,7.78,1.11,1.33,45.5,https://fbref.com/en/players/fb527299/Nelson,fb527299,Primeira Liga
288,David Neres,BRA,FW,Benfica,26-311,1997,4.6,0.00,0.00,0.00,1.30,1.30,0.22,6.74,0.22,0.43,0.00,0.00,0.00,4.35,0.00,0.43,0.0,https://fbref.com/en/players/4f1e6a0b/David-Neres,4f1e6a0b,Primeira Liga
289,Neto,BRA,MF,Casa Pia,32-128,1991,9.9,0.51,0.00,0.00,3.13,0.91,0.00,0.61,0.81,1.21,0.00,0.00,0.00,6.26,0.40,0.91,30.8,https://fbref.com/en/players/ad5f543d/Neto,ad5f543d,Primeira Liga
290,Luís Neto,POR,DF,Sporting CP,35-227,1988,0.8,5.00,0.00,0.00,1.25,0.00,0.00,0.00,1.25,0.00,0.00,0.00,0.00,5.00,2.50,1.25,66.7,https://fbref.com/en/players/953597a1/Luis-Neto,953597a1,Primeira Liga
291,João Neves,POR,MF,Benfica,19-103,2004,12.5,0.24,0.00,0.00,1.92,2.32,0.00,2.56,1.44,2.64,0.08,0.00,0.00,8.64,1.92,1.60,54.5,https://fbref.com/en/players/c2a15a27/Joao-Neves,c2a15a27,Primeira Liga
292,Sikou Niakaté,MLI,DF,Braga,24-182,1999,7.0,0.29,0.14,0.00,1.00,0.57,0.14,0.00,1.29,0.71,0.00,0.14,0.00,6.43,2.43,1.29,65.4,https://fbref.com/en/players/8eef18aa/Sikou-Niakate,8eef18aa,Primeira Liga
293,Miguel Nóbrega,POR,DF,Rio Ave,23-266,2000,8.9,0.45,0.00,0.00,1.12,0.56,0.00,0.79,1.35,1.12,0.00,0.00,0.00,4.38,1.46,0.90,61.9,https://fbref.com/en/players/9cc33204/Miguel-Nobrega,9cc33204,Primeira Liga
294,Ygor Nogueira,BRA,DF,Chaves,28-287,1995,8.7,0.80,0.23,0.11,1.49,0.80,0.00,0.00,1.49,0.92,0.00,0.00,0.00,5.29,2.99,0.92,76.5,https://fbref.com/en/players/38466ef3/Ygor-Nogueira,38466ef3,Primeira Liga
295,Nonoca,BRA,"MF,FW",Portimonense,25-234,1998,5.5,0.36,0.00,0.00,1.45,1.45,0.00,0.18,0.91,2.36,0.00,0.00,0.00,5.64,0.73,0.91,44.4,https://fbref.com/en/players/06c062d4/Nonoca,06c062d4,Primeira Liga
296,João Nunes,POR,DF,Casa Pia,28-050,1995,5.1,0.00,0.00,0.00,1.18,0.39,0.00,0.39,1.18,0.78,0.00,0.00,0.00,5.69,1.37,1.37,50.0,https://fbref.com/en/players/d376bf8a/Joao-Nunes,d376bf8a,Primeira Liga
297,Kelechi Nwakali,NGA,MF,Chaves,25-217,1998,12.8,0.16,0.00,0.00,0.63,2.27,0.00,3.44,0.94,1.48,0.00,0.00,0.00,7.27,0.31,0.55,36.4,https://fbref.com/en/players/877f31c2/Kelechi-Nwakali,877f31c2,Primeira Liga
298,Lawrence Ofori,GHA,MF,Moreirense,25-194,1998,13.7,0.36,0.00,0.00,1.02,1.02,0.00,0.36,0.51,0.51,0.00,0.00,0.00,6.72,0.15,0.44,25.0,https://fbref.com/en/players/643d81ad/Lawrence-Ofori,643d81ad,Primeira Liga
299,Hugo Oliveira,POR,"MF,DF",Vizela,21-332,2002,1.5,0.00,0.00,0.00,0.67,2.67,0.00,4.67,2.00,1.33,0.00,0.00,0.00,8.00,0.00,1.33,0.0,https://fbref.com/en/players/1d7cc2a1/Hugo-Oliveira,1d7cc2a1,Primeira Liga
300,Mattheus Oliveira,BRA,MF,Farense,29-185,1994,13.4,0.30,0.00,0.00,1.49,1.72,0.07,4.63,1.04,1.49,0.00,0.00,0.00,6.57,1.49,1.34,52.6,https://fbref.com/en/players/d18f2675/Mattheus-Oliveira,d18f2675,Primeira Liga
301,Paulo Oliveira,POR,DF,Braga,32-000,1992,5.0,0.20,0.00,0.00,1.40,0.00,0.00,0.40,3.00,0.80,0.00,0.00,0.00,6.00,1.80,2.00,47.4,https://fbref.com/en/players/a8fbae1d/Paulo-Oliveira,a8fbae1d,Primeira Liga
302,Talys Oliveira,BRA,DF,Farense,24-332,1999,0.6,0.00,0.00,0.00,0.00,0.00,1.67,10.0,1.67,1.67,0.00,0.00,0.00,1.67,1.67,1.67,50.0,https://fbref.com/en/players/a3495146/Talys-Oliveira,a3495146,Primeira Liga
303,Johnstone Omurwa,KEN,DF,Estrela,25-153,1998,9.0,0.22,0.00,0.00,0.67,0.33,0.00,0.00,1.67,0.78,0.00,0.00,0.00,5.44,1.78,0.89,66.7,https://fbref.com/en/players/e4c0de8b/Johnstone-Omurwa,e4c0de8b,Primeira Liga
304,Bruno Onyemaechi,NGA,DF,Boavista,24-280,1999,12.3,0.16,0.00,0.00,0.98,1.38,0.24,4.39,1.22,1.38,0.00,0.00,0.00,6.42,0.89,0.49,64.7,https://fbref.com/en/players/0006e160/Bruno-Onyemaechi,0006e160,Primeira Liga
305,Jerome Opoku,GHA,DF,Arouca,25-086,1998,1.5,0.00,0.00,0.00,0.00,1.33,0.67,0.00,0.00,0.00,0.00,0.00,0.00,2.00,2.00,0.67,75.0,https://fbref.com/en/players/091d6ee5/Jerome-Opoku,091d6ee5,Primeira Liga
306,Pedro Ortiz,ESP,MF,Vizela,23-142,2000,5.7,0.88,0.00,0.00,2.46,0.70,0.00,0.18,0.70,1.58,0.00,0.00,0.00,6.49,0.70,0.53,57.1,https://fbref.com/en/players/f9358b61/Pedro-Ortiz,f9358b61,Primeira Liga
307,Nicolás Otamendi,ARG,DF,Benfica,35-330,1988,14.9,0.34,0.00,0.00,0.60,0.67,0.00,0.00,1.14,1.41,0.00,0.00,0.00,6.64,2.48,1.54,61.7,https://fbref.com/en/players/0d267745/Nicolas-Otamendi,0d267745,Primeira Liga
308,Otávio,POR,"MF,FW",Porto,28-333,1995,1.0,1.00,0.00,0.00,3.00,2.00,0.00,3.00,0.00,0.00,0.00,0.00,0.00,2.00,1.00,3.00,25.0,https://fbref.com/en/players/28b1f3ce/Otavio,28b1f3ce,Primeira Liga
309,Amine Oudrhiri,MAR,MF,Rio Ave,31-065,1992,13.9,0.29,0.00,0.00,1.37,1.80,0.00,0.07,1.15,1.01,0.00,0.00,0.00,4.82,0.50,0.14,77.8,https://fbref.com/en/players/49c9c79a/Amine-Oudrhiri,49c9c79a,Primeira Liga
310,Pablo,BRA,"FW,MF",Famalicão,20-006,2004,2.2,1.36,0.45,0.45,2.27,2.73,0.45,0.45,0.45,1.36,0.00,0.00,0.00,3.18,1.36,0.91,60.0,https://fbref.com/en/players/866ba412/Pablo,866ba412,Primeira Liga
311,Renato Pantalon,CRO,DF,Rio Ave,26-073,1997,6.3,0.79,0.00,0.00,1.75,0.16,0.00,0.48,0.79,0.79,0.00,0.00,0.00,4.60,0.48,0.95,33.3,https://fbref.com/en/players/802fee45/Renato-Pantalon,802fee45,Primeira Liga
312,Raúl Parra,ESP,DF,Estoril,24-043,1999,4.0,0.00,0.00,0.00,0.75,1.00,0.00,2.75,0.00,1.00,0.00,0.00,0.00,3.00,0.25,0.25,50.0,https://fbref.com/en/players/647d39d2/Raul-Parra,647d39d2,Primeira Liga
313,David Pastor,BRA,DF,Farense,23-322,2000,12.7,0.39,0.00,0.00,1.65,0.79,0.00,1.42,1.81,1.02,0.00,0.00,0.00,6.46,1.18,2.52,31.9,https://fbref.com/en/players/e3510f7e/David-Pastor,e3510f7e,Primeira Liga
314,Patrick,BRA,DF,Rio Ave,26-219,1997,1.6,0.00,0.00,0.00,0.00,0.63,0.00,0.00,2.50,0.00,0.00,0.00,0.00,6.88,2.50,2.50,50.0,https://fbref.com/en/players/e857a755/Patrick,e857a755,Primeira Liga
315,Paulinho,POR,FW,Sporting CP,31-060,1992,6.5,0.00,0.00,0.00,1.85,1.23,1.23,0.92,0.15,0.92,0.00,0.00,0.00,3.23,2.31,2.31,50.0,https://fbref.com/en/players/a62c16d0/Paulinho,a62c16d0,Primeira Liga
316,Paulinho,POR,"FW,MF",Portimonense,24-109,1999,1.9,0.00,0.00,0.00,0.53,1.05,0.53,0.53,0.00,0.00,0.00,0.00,0.00,3.16,2.63,1.05,71.4,https://fbref.com/en/players/ba4021e9/Paulinho,ba4021e9,Primeira Liga
317,Ivan Pavlic,BEL,MF,Estoril,22-059,2001,2.0,0.00,0.00,0.00,4.50,1.50,0.00,4.00,0.50,1.00,0.00,0.00,0.00,4.00,2.50,2.50,50.0,https://fbref.com/en/players/810ac0e3/Ivan-Pavlic,810ac0e3,Primeira Liga
318,Pedrão,BRA,DF,Portimonense,26-250,1997,13.5,0.30,0.00,0.00,1.56,1.04,0.07,0.30,2.15,1.11,0.00,0.07,0.00,6.67,0.96,0.89,52.0,https://fbref.com/en/players/5eca05bc/Pedrao,5eca05bc,Primeira Liga
319,Zé Pedro Figueiredo,POR,DF,Porto,26-216,1997,4.7,0.21,0.00,0.00,0.85,0.85,0.00,0.85,1.28,0.64,0.00,0.00,0.00,5.53,4.47,1.06,80.8,https://fbref.com/en/players/2063e21d/Ze-Pedro-Figueiredo,2063e21d,Primeira Liga
320,João Pedro,POR,MF,Chaves,30-280,1993,4.2,0.24,0.00,0.00,1.67,2.38,0.00,0.48,0.48,0.71,0.00,0.00,0.00,5.00,0.71,1.43,33.3,https://fbref.com/en/players/c51a704e/Joao-Pedro,c51a704e,Primeira Liga
321,Pepe,POR,DF,Porto,40-316,1983,8.2,0.24,0.12,0.00,0.61,1.59,0.12,0.49,1.34,1.34,0.00,0.00,0.00,6.46,2.32,2.07,52.8,https://fbref.com/en/players/c906ce0f/Pepe,c906ce0f,Primeira Liga
322,Pepê,BRA,"MF,DF",Porto,26-318,1997,14.2,0.14,0.00,0.00,0.70,2.89,0.14,1.27,0.99,0.77,0.00,0.00,0.00,6.06,0.49,0.77,38.9,https://fbref.com/en/players/fc4e7637/Pepe,fc4e7637,Primeira Liga
323,André Pereira,POR,FW,Rio Ave,28-248,1995,6.5,0.46,0.00,0.00,4.00,2.62,0.31,0.46,0.31,1.08,0.00,0.00,0.00,5.08,2.00,2.46,44.8,https://fbref.com/en/players/4515f00d/Andre-Pereira,4515f00d,Primeira Liga
324,Gabriel Pereira,BRA,DF,Gil Vicente FC,23-246,2000,13.9,0.29,0.00,0.00,1.22,1.01,0.00,0.00,0.79,0.72,0.07,0.00,0.00,4.96,2.09,1.22,63.0,https://fbref.com/en/players/94ff9075/Gabriel-Pereira,94ff9075,Primeira Liga
325,Matheus Pereira,BRA,"DF,MF",Vizela,23-018,2000,11.3,0.62,0.00,0.00,2.21,2.92,0.00,3.98,0.88,0.88,0.00,0.09,0.00,6.19,0.80,0.71,52.9,https://fbref.com/en/players/ac903694/Matheus-Pereira,ac903694,Primeira Liga
326,Sebastián Pérez Cardona,COL,MF,Boavista,30-285,1993,12.2,0.57,0.08,0.08,1.80,2.38,0.00,0.41,0.74,1.56,0.00,0.00,0.00,6.07,0.66,1.07,38.1,https://fbref.com/en/players/42a833ab/Sebastian-Perez-Cardona,42a833ab,Primeira Liga
327,Thibang Phete,RSA,"DF,MF",Chaves,29-279,1994,4.2,0.24,0.00,0.00,2.62,0.95,0.24,0.00,1.19,0.48,0.00,0.00,0.00,4.52,0.95,2.38,28.6,https://fbref.com/en/players/a1ba943c/Thibang-Phete,a1ba943c,Primeira Liga
328,Wagner Pina,POR,"DF,MF",Estoril,21-066,2002,1.7,0.59,0.00,0.00,4.12,1.18,0.59,1.18,0.00,1.76,0.00,0.00,0.00,2.94,0.59,1.76,25.0,https://fbref.com/en/players/9bf22b95/Wagner-Pina,9bf22b95,Primeira Liga
329,Pedro Pinho,POR,MF,Chaves,23-277,2000,2.2,0.45,0.00,0.00,3.18,2.27,0.00,0.45,1.36,0.91,0.00,0.00,0.00,6.82,1.82,0.91,66.7,https://fbref.com/en/players/0e544991/Pedro-Pinho,0e544991,Primeira Liga
330,Dinis Pinto,POR,DF,Moreirense,23-137,2000,3.1,0.32,0.00,0.00,2.26,0.65,0.00,1.61,0.65,1.29,0.00,0.00,0.00,2.90,1.29,0.97,57.1,https://fbref.com/en/players/a968014d/Dinis-Pinto,a968014d,Primeira Liga
331,Diogo Pinto,POR,MF,Casa Pia,24-193,1999,0.1,0.00,0.00,0.00,0.00,10.0,0.00,10.0,0.00,0.00,0.00,0.00,0.00,10.0,0.00,10.0,0.0,https://fbref.com/en/players/0912dd84/Diogo-Pinto,0912dd84,Primeira Liga
332,Pizzi,POR,"MF,FW",Braga,34-094,1989,6.1,0.00,0.00,0.00,0.33,1.15,0.33,3.93,0.00,0.16,0.00,0.00,0.00,4.10,0.66,0.98,40.0,https://fbref.com/en/players/96094cbc/Pizzi,96094cbc,Primeira Liga
333,Carlos Ponck,CPV,DF,Moreirense,28-360,1995,3.3,0.30,0.00,0.00,0.61,0.00,0.00,0.00,1.52,1.82,0.00,0.00,0.00,5.45,2.73,0.91,75.0,https://fbref.com/en/players/b1579026/Carlos-Ponck,b1579026,Primeira Liga
334,Cristian Ponde,POR,MF,Farense,28-347,1995,0.5,0.00,0.00,0.00,6.00,0.00,0.00,2.00,0.00,2.00,0.00,0.00,0.00,8.00,2.00,2.00,50.0,https://fbref.com/en/players/cdb26816/Cristian-Ponde,cdb26816,Primeira Liga
335,Miguel Puche García,ESP,"FW,MF",Arouca,22-253,2001,2.1,0.00,0.00,0.00,1.43,1.43,0.48,2.38,0.48,0.48,0.00,0.00,0.00,3.81,1.43,1.90,42.9,https://fbref.com/en/players/3d1f1458/Miguel-Puche-Garcia,3d1f1458,Primeira Liga
336,Quaresma,BRA,DF,Arouca,27-139,1996,2.1,0.48,0.00,0.00,1.90,2.86,0.95,4.29,1.43,1.43,0.00,0.00,0.00,7.14,0.95,0.95,50.0,https://fbref.com/en/players/b7734738/Quaresma,b7734738,Primeira Liga
337,Eduardo Quaresma,POR,DF,Sporting CP,21-312,2002,2.5,0.80,0.00,0.00,2.00,1.20,0.00,0.00,0.40,1.20,0.00,0.00,0.00,5.20,1.60,1.20,57.1,https://fbref.com/en/players/7ec723b7/Eduardo-Quaresma,7ec723b7,Primeira Liga
338,João Queirós,POR,DF,Chaves,25-261,1998,2.6,0.00,0.00,0.00,0.77,1.54,0.00,0.00,1.54,0.77,0.00,0.00,0.00,2.69,2.31,1.54,60.0,https://fbref.com/en/players/993b37a7/Joao-Queiros,993b37a7,Primeira Liga
339,Rúben Ramos,POR,MF,Moreirense,24-289,1999,1.0,1.00,0.00,0.00,1.00,1.00,0.00,0.00,0.00,0.00,0.00,0.00,0.00,6.00,0.00,2.00,0.0,https://fbref.com/en/players/0ea6e37d/Ruben-Ramos,0ea6e37d,Primeira Liga
340,Osama Rashid,IRQ,"MF,FW",Vizela,31-360,1992,0.2,0.00,0.00,0.00,0.00,0.00,0.00,5.00,0.00,0.00,0.00,0.00,0.00,15.0,0.00,5.00,0.0,https://fbref.com/en/players/fcbd5139/Osama-Rashid,fcbd5139,Primeira Liga
341,João Reis,POR,"DF,MF",Estrela,31-198,1992,12.6,0.16,0.00,0.00,0.63,1.43,0.08,1.98,1.35,1.51,0.00,0.00,0.00,5.87,0.87,1.03,45.8,https://fbref.com/en/players/e886ec27/Joao-Reis,e886ec27,Primeira Liga
342,Matheus Reis,BRA,"DF,MF",Sporting CP,28-324,1995,9.8,0.10,0.00,0.00,0.92,0.51,0.10,3.06,0.51,0.92,0.00,0.00,0.00,4.39,1.02,1.02,50.0,https://fbref.com/en/players/ae1159bf/Matheus-Reis,ae1159bf,Primeira Liga
343,Miguel Reisinho,POR,MF,Boavista,24-274,1999,11.6,0.26,0.00,0.00,1.64,1.55,0.09,0.26,1.03,1.03,0.09,0.09,0.00,6.12,2.16,2.07,51.0,https://fbref.com/en/players/61d340fb/Miguel-Reisinho,61d340fb,Primeira Liga
344,Filipe Relvas,POR,DF,Portimonense,24-110,1999,15.8,0.25,0.00,0.00,0.89,0.38,0.13,0.51,1.52,1.01,0.00,0.00,0.19,4.24,3.29,2.03,61.9,https://fbref.com/en/players/15c259f4/Filipe-Relvas,15c259f4,Primeira Liga
345,Rúben Tiago Rodrigues Ribeiro,POR,"MF,FW",Chaves,36-160,1987,7.0,0.71,0.14,0.14,1.57,2.29,0.29,3.00,0.71,1.29,0.14,0.00,0.00,6.86,0.43,1.71,20.0,https://fbref.com/en/players/3493992e/Ruben-Tiago-Rodrigues-Ribeiro,3493992e,Primeira Liga
346,Tomás Ribeiro,POR,DF,Vitória,24-253,1999,11.3,0.35,0.00,0.00,1.06,0.62,0.18,0.80,0.62,0.62,0.00,0.00,0.00,4.07,2.39,1.50,61.4,https://fbref.com/en/players/6603fa16/Tomas-Ribeiro,6603fa16,Primeira Liga
347,Riccieli,BRA,DF,Famalicão,25-113,1998,9.0,0.44,0.22,0.11,1.44,0.67,0.11,0.00,0.44,1.33,0.00,0.11,0.00,3.67,3.44,2.00,63.3,https://fbref.com/en/players/9c026a2f/Riccieli,9c026a2f,Primeira Liga
348,Rildo,BRA,"FW,MF",Portimonense,23-352,2000,5.7,0.53,0.00,0.00,2.98,1.58,1.05,0.53,0.18,0.53,0.00,0.00,0.00,2.81,0.88,4.56,16.1,https://fbref.com/en/players/e341e4cc/Rildo,e341e4cc,Primeira Liga
349,Mihailo Ristić,SRB,DF,Benfica,28-069,1995,0.0,0,0,0,0,1,0,4,0,0,0,0,0,0,0,1,0.0,https://fbref.com/en/players/ea0aa7e0/Mihailo-Ristic,ea0aa7e0,Primeira Liga
350,Pablo Roberto,BRA,MF,Casa Pia,24-055,1999,9.1,0.55,0.11,0.00,2.97,1.87,0.00,0.55,1.10,0.88,0.00,0.00,0.00,5.71,0.33,0.77,30.0,https://fbref.com/en/players/880d2226/Pablo-Roberto,880d2226,Primeira Liga
351,Matí­as Rocha,URU,DF,Arouca,22-329,2001,0.6,0.00,1.67,0.00,1.67,0.00,0.00,0.00,0.00,0.00,0.00,1.67,0.00,3.33,5.00,3.33,60.0,https://fbref.com/en/players/62c5ba1b/Matias-Rocha,62c5ba1b,Primeira Liga
352,Afonso Rodrigues,POR,"FW,MF",Famalicão,21-142,2002,2.6,0.38,0.00,0.00,1.54,2.31,0.38,1.54,0.77,0.00,0.00,0.00,0.00,4.62,2.69,1.15,70.0,https://fbref.com/en/players/f6d99a01/Afonso-Rodrigues,f6d99a01,Primeira Liga
353,Bruno Rodrigues,POR,DF,Chaves,22-214,2001,12.2,0.33,0.00,0.00,1.39,0.25,0.00,0.00,1.15,0.57,0.00,0.00,0.00,4.02,1.56,1.15,57.6,https://fbref.com/en/players/2ab7149e/Bruno-Rodrigues,2ab7149e,Primeira Liga
354,Gonçalo Rodrigues,POR,MF,Rio Ave,26-174,1997,11.8,0.17,0.00,0.00,1.36,1.95,0.00,4.92,0.25,0.93,0.00,0.00,0.00,4.58,0.34,0.25,57.1,https://fbref.com/en/players/071b6ba9/Goncalo-Rodrigues,071b6ba9,Primeira Liga
355,Ronald,BRA,"MF,FW",Estrela,22-208,2001,14.0,0.21,0.00,0.00,1.64,3.50,0.57,1.57,0.21,0.50,0.00,0.00,0.00,4.79,0.64,1.36,32.1,https://fbref.com/en/players/3ec33276/Ronald,3ec33276,Primeira Liga
356,Igor Rossi Branco,BRA,DF,Farense,34-304,1989,1.4,0.71,0.00,0.00,2.14,1.43,0.00,0.00,1.43,0.71,0.00,0.00,0.00,1.43,7.86,3.57,68.8,https://fbref.com/en/players/ec84c4ab/Igor-Rossi-Branco,ec84c4ab,Primeira Liga
357,Abel Ruiz,ESP,"FW,MF",Braga,23-345,2000,7.5,0.40,0.00,0.00,1.20,0.67,0.13,0.67,0.00,0.13,0.00,0.13,0.00,1.87,0.67,2.40,21.7,https://fbref.com/en/players/6cbf8d0d/Abel-Ruiz,6cbf8d0d,Primeira Liga
358,Leonardo Ruíz,COL,FW,Rio Ave,27-265,1996,7.2,0.14,0.00,0.00,1.94,1.25,0.42,0.97,0.42,0.83,0.00,0.00,0.00,2.92,1.81,3.06,37.1,https://fbref.com/en/players/5ed6bf7a/Leonardo-Ruiz,5ed6bf7a,Primeira Liga
359,Gustavo sá,POR,MF,Famalicão,19-058,2004,7.6,0.26,0.00,0.00,1.97,3.68,0.00,2.50,0.13,1.05,0.00,0.00,0.00,4.21,1.58,0.39,80.0,https://fbref.com/en/players/29d68ea8/Gustavo-sa,29d68ea8,Primeira Liga
360,Josué Sá,POR,DF,Rio Ave,31-205,1992,12.7,0.24,0.00,0.00,1.10,0.16,0.00,0.55,1.10,0.63,0.00,0.00,0.08,5.04,1.02,0.79,56.5,https://fbref.com/en/players/a72c139d/Josue-Sa,a72c139d,Primeira Liga
361,Pedro Sá,POR,MF,Estrela,30-038,1993,3.3,0.00,0.00,0.00,0.91,3.03,0.00,3.03,0.91,0.61,0.00,0.00,0.00,7.58,1.52,0.91,62.5,https://fbref.com/en/players/7dfb980a/Pedro-Sa,7dfb980a,Primeira Liga
362,Serdar Saatçı,TUR,DF,Braga,20-328,2003,9.6,0.42,0.00,0.00,1.15,0.63,0.00,0.00,2.60,1.46,0.00,0.00,0.00,5.31,2.40,2.40,50.0,https://fbref.com/en/players/760fd987/Serdar-Saatci,760fd987,Primeira Liga
363,Safira,BRA,FW,Vitória,28-297,1995,1.6,0.00,0.00,0.00,3.13,3.13,0.63,1.25,0.00,1.25,0.63,0.00,0.00,3.13,5.63,2.50,69.2,https://fbref.com/en/players/bac8e258/Safira,bac8e258,Primeira Liga
364,Dylan Saint-Louis,CGO,"FW,MF",Vizela,28-257,1995,2.1,0.48,0.00,0.00,1.90,0.48,1.90,7.14,0.00,0.48,0.00,0.00,0.00,4.29,0.48,3.33,12.5,https://fbref.com/en/players/94622837/Dylan-Saint-Louis,94622837,Primeira Liga
365,Samu,POR,"MF,FW",Vizela,27-262,1996,15.6,0.19,0.00,0.00,1.92,1.28,0.00,5.06,0.83,1.09,0.00,0.00,0.00,6.09,0.77,1.15,40.0,https://fbref.com/en/players/29b161e8/Samu,29b161e8,Primeira Liga
366,Leandro Sanca,GNB,"FW,MF",Chaves,24-004,2000,10.1,0.20,0.00,0.00,1.49,1.68,0.20,3.86,0.69,0.30,0.00,0.00,0.00,4.06,0.30,0.50,37.5,https://fbref.com/en/players/4295f19c/Leandro-Sanca,4295f19c,Primeira Liga
367,Aderlan Santos,BRA,DF,Rio Ave,34-274,1989,16.0,0.25,0.00,0.00,0.88,0.88,0.06,0.00,1.50,1.13,0.00,0.06,0.00,5.63,3.63,2.25,61.7,https://fbref.com/en/players/847e4cd8/Aderlan-Santos,847e4cd8,Primeira Liga
368,Hevertton Santos,BRA,"DF,MF",Estrela,22-341,2001,10.5,0.10,0.00,0.00,0.67,0.67,0.00,5.43,1.24,0.57,0.00,0.00,0.00,4.76,1.33,1.43,48.3,https://fbref.com/en/players/37b15b11/Hevertton-Santos,37b15b11,Primeira Liga
369,Luís Santos,POR,"DF,FW",Boavista,23-353,2000,2.5,0.40,0.00,0.00,1.60,0.40,0.40,4.80,3.20,1.20,0.00,0.00,0.00,7.20,0.80,0.80,50.0,https://fbref.com/en/players/bc680074/Luis-Santos,bc680074,Primeira Liga
370,Nuno Santos,POR,"MF,DF",Sporting CP,28-329,1995,9.7,0.31,0.00,0.00,0.62,1.24,0.21,7.32,1.34,0.72,0.00,0.00,0.00,5.36,0.62,0.52,54.5,https://fbref.com/en/players/a6ee4f55/Nuno-Santos,a6ee4f55,Primeira Liga
371,Nuno Santos,POR,"FW,MF",Vitória,24-312,1999,2.7,0.00,0.37,0.00,1.48,0.74,0.00,2.22,0.00,0.00,0.00,0.00,0.00,5.19,0.74,0.00,100.0,https://fbref.com/en/players/6fc57554/Nuno-Santos,6fc57554,Primeira Liga
372,Pedro Santos,POR,MF,Arouca,23-088,2000,2.7,1.48,0.00,0.00,2.59,2.96,0.00,5.19,1.85,1.11,0.00,0.00,0.00,7.41,0.37,0.00,100.0,https://fbref.com/en/players/b30b0a0b/Pedro-Santos,b30b0a0b,Primeira Liga
373,Wagner Santos,BRA,GK,Estrela,25-255,1998,4.7,0.00,0.21,0.00,0.21,0.43,0.00,0.00,0.00,0.00,0.00,0.21,0.00,1.70,0.21,0.00,100.0,https://fbref.com/en/players/35672141/Wagner-Santos,35672141,Primeira Liga
374,Zaidu Sanusi,NGA,DF,Porto,26-209,1997,2.8,0.00,0.00,0.00,2.50,0.36,0.00,5.00,1.43,0.71,0.00,0.00,0.00,6.43,2.86,1.07,72.7,https://fbref.com/en/players/24051310/Zaidu-Sanusi,24051310,Primeira Liga
375,Vincent Sasso,FRA,DF,Boavista,32-326,1991,1.0,0.00,0.00,0.00,1.00,0.00,0.00,0.00,2.00,1.00,0.00,0.00,0.00,3.00,3.00,0.00,100.0,https://fbref.com/en/players/9501e75c/Vincent-Sasso,9501e75c,Primeira Liga
376,Savio,BRA,"DF,MF",Rio Ave,28-227,1995,2.8,0.36,0.00,0.00,0.36,0.71,0.00,6.07,0.71,0.71,0.00,0.00,0.00,7.50,1.07,0.71,60.0,https://fbref.com/en/players/3e8c6e2c/Savio,3e8c6e2c,Primeira Liga
377,Moustapha Seck,SEN,"DF,MF",Portimonense,27-319,1996,3.3,0.61,0.00,0.00,1.52,0.61,0.30,4.24,0.61,0.30,0.00,0.00,0.00,4.55,3.64,1.82,66.7,https://fbref.com/en/players/9ec1ad87/Moustapha-Seck,9ec1ad87,Primeira Liga
378,Telasco Segovia,VEN,MF,Casa Pia,20-281,2003,0.3,0.00,0.00,0.00,10.0,0.00,0.00,0.00,3.33,3.33,0.00,0.00,0.00,10.0,3.33,6.67,33.3,https://fbref.com/en/players/9142b22f/Telasco-Segovia,9142b22f,Primeira Liga
379,Artur Serobyan,ARM,MF,Casa Pia,20-190,2003,0.7,1.43,0.00,0.00,2.86,0.00,0.00,0.00,1.43,1.43,0.00,0.00,0.00,1.43,1.43,4.29,25.0,https://fbref.com/en/players/6cdcd4ee/Artur-Serobyan,6cdcd4ee,Primeira Liga
380,André Seruca,POR,MF,Farense,23-071,2000,0.4,0.00,0.00,0.00,15.0,2.50,0.00,2.50,0.00,5.00,0.00,0.00,0.00,7.50,7.50,10.0,42.9,https://fbref.com/en/players/c1d28ab4/Andre-Seruca,c1d28ab4,Primeira Liga
381,Nkanyiso Shinga,RSA,"DF,MF",Estrela,23-284,2000,4.7,0.00,0.00,0.00,0.85,0.43,0.00,2.34,1.28,2.13,0.00,0.00,0.00,4.68,1.06,1.49,41.7,https://fbref.com/en/players/9e638fdb/Nkanyiso-Shinga,9e638fdb,Primeira Liga
382,André Silva,BRA,FW,Vitória,26-219,1997,13.3,0.15,0.00,0.00,0.98,0.53,0.68,0.68,0.23,0.23,0.00,0.00,0.00,3.91,1.65,3.31,33.3,https://fbref.com/en/players/dde93e2c/Andre-Silva,dde93e2c,Primeira Liga
383,António Silva,POR,DF,Benfica,20-070,2003,15.0,0.20,0.00,0.00,0.73,0.33,0.07,0.00,0.60,1.80,0.00,0.07,0.00,6.60,2.13,1.47,59.3,https://fbref.com/en/players/8f0435c7/Antonio-Silva,8f0435c7,Primeira Liga
384,Gonçalo Silva,POR,DF,Farense,32-218,1991,14.2,0.07,0.07,0.00,0.56,0.14,0.21,0.07,1.41,0.85,0.00,0.07,0.00,4.79,1.83,1.62,53.1,https://fbref.com/en/players/599e6b6f/Goncalo-Silva,599e6b6f,Primeira Liga
385,Joel silva,POR,"MF,FW",Boavista,20-331,2003,0.5,0.00,0.00,0.00,4.00,0.00,0.00,0.00,0.00,2.00,0.00,0.00,0.00,12.0,2.00,0.00,100.0,https://fbref.com/en/players/6deb1eab/Joel-silva,6deb1eab,Primeira Liga
386,Jota Silva,POR,"FW,MF",Vitória,24-160,1999,15.1,0.26,0.00,0.00,1.39,1.72,1.06,2.78,0.73,0.66,0.00,0.00,0.00,3.71,1.85,2.25,45.2,https://fbref.com/en/players/4d77e622/Jota-Silva,4d77e622,Primeira Liga
387,Felipe Silva Lipe,BRA,DF,Gil Vicente FC,21-323,2002,0.1,0.00,0.00,0.00,0.00,0.00,0.00,0.00,0.00,0.00,0.00,0.00,0.00,30.0,0.00,0.00,,https://fbref.com/en/players/6b2bfcda/Felipe-Silva-Lipe,6b2bfcda,Primeira Liga
388,Rafa Silva,POR,MF,Benfica,30-236,1993,15.6,0.13,0.00,0.00,1.09,2.69,0.83,0.58,0.38,0.71,0.00,0.00,0.00,3.85,0.64,0.77,45.5,https://fbref.com/en/players/70cf63ca/Rafa-Silva,70cf63ca,Primeira Liga
389,Tiago Silva,POR,MF,Vitória,30-220,1993,10.5,0.38,0.00,0.00,1.90,1.24,0.00,6.48,1.14,1.24,0.00,0.00,0.00,5.90,0.57,1.24,31.6,https://fbref.com/en/players/44d0de01/Tiago-Silva,44d0de01,Primeira Liga
390,Vinicius Silvestre,BRA,GK,Portimonense,29-286,1994,14.0,0.07,0.00,0.00,0.00,0.14,0.00,0.00,0.00,0.00,0.00,0.00,0.00,0.43,0.57,0.00,100.0,https://fbref.com/en/players/1944518a/Vinicius-Silvestre,1944518a,Primeira Liga
391,David Simão,POR,MF,Arouca,33-238,1990,13.0,0.23,0.08,0.00,1.08,1.54,0.00,4.62,1.38,0.85,0.00,0.00,0.00,5.77,0.85,0.38,68.8,https://fbref.com/en/players/fcef3903/David-Simao,fcef3903,Primeira Liga
392,André Simões,POR,FW,Gil Vicente FC,20-144,2003,0.2,0.00,0.00,0.00,0.00,5.00,0.00,0.00,0.00,0.00,0.00,0.00,0.00,5.00,0.00,0.00,,https://fbref.com/en/players/edc7be9d/Andre-Simoes,edc7be9d,Primeira Liga
393,Alexandre Miguel Barros Soares,POR,MF,Estoril,32-313,1991,2.8,0.00,0.00,0.00,1.07,2.14,0.00,0.71,1.07,1.43,0.00,0.00,0.00,6.07,0.36,1.43,20.0,https://fbref.com/en/players/ba0aead1/Alexandre-Miguel-Barros-Soares,ba0aead1,Primeira Liga
394,Samuel Soares,POR,GK,Benfica,21-207,2002,3.0,0.00,0.00,0.00,0.00,0.00,0.00,0.00,0.00,0.00,0.00,0.00,0.00,1.00,0.67,0.00,100.0,https://fbref.com/en/players/244ff834/Samuel-Soares,244ff834,Primeira Liga
395,Yuki Soma,JPN,"FW,MF",Casa Pia,26-317,1997,10.9,0.09,0.00,0.00,1.47,1.56,0.18,3.39,0.00,0.73,0.00,0.00,0.00,2.57,0.46,0.55,45.5,https://fbref.com/en/players/e997f52f/Yuki-Soma,e997f52f,Primeira Liga
396,Alberto Soro,ESP,"MF,FW",Vizela,24-305,1999,2.5,0.80,0.00,0.00,2.80,2.00,0.00,2.40,0.00,1.60,0.00,0.00,0.00,8.00,1.60,2.00,44.4,https://fbref.com/en/players/452c3055/Alberto-Soro,452c3055,Primeira Liga
397,Aloísio Souza Genézio,BRA,MF,Estrela,27-250,1996,7.8,0.38,0.00,0.00,1.79,1.41,0.00,0.38,1.67,1.41,0.00,0.00,0.00,6.67,1.03,1.03,50.0,https://fbref.com/en/players/7fbc31de/Aloisio-Souza-Genezio,7fbc31de,Primeira Liga
398,Hugo Souza,BRA,GK,Chaves,24-342,1999,12.0,0.17,0.00,0.00,0.00,0.08,0.00,0.00,0.00,0.00,0.00,0.00,0.00,1.08,0.17,0.00,100.0,https://fbref.com/en/players/c02e5af1/Hugo-Souza,c02e5af1,Primeira Liga
399,Jose Souza,POR,MF,Portimonense,22-213,2001,0.1,0.00,0.00,0.00,0.00,0.00,0.00,0.00,0.00,0.00,0.00,0.00,0.00,10.0,0.00,0.00,,https://fbref.com/en/players/026fd257/Jose-Souza,026fd257,Primeira Liga
400,Jerry St. Juste,NED,DF,Sporting CP,27-081,1996,1.2,0.00,0.00,0.00,0.83,0.00,0.00,0.00,0.00,1.67,0.00,0.00,0.00,5.83,1.67,0.83,66.7,https://fbref.com/en/players/90339309/Jerry-St-Juste,90339309,Primeira Liga
401,Habib sylla,CIV,DF,Chaves,24-330,1999,2.2,0.45,0.00,0.00,1.82,0.91,0.00,7.73,0.45,0.45,0.00,0.45,0.00,3.18,1.82,0.91,66.7,https://fbref.com/en/players/0a17a7af/Habib-sylla,0a17a7af,Primeira Liga
402,Morlaye Sylla,GUI,MF,Arouca,25-165,1998,13.0,0.46,0.00,0.00,1.77,1.15,0.15,0.85,1.23,1.08,0.00,0.00,0.00,6.62,0.69,0.77,47.4,https://fbref.com/en/players/81408674/Morlaye-Sylla,81408674,Primeira Liga
403,Talocha,POR,DF,Farense,34-131,1989,15.3,0.20,0.00,0.00,0.98,0.92,0.00,3.46,1.05,0.98,0.00,0.00,0.00,3.73,1.57,1.18,57.1,https://fbref.com/en/players/99454b60/Talocha,99454b60,Primeira Liga
404,Mehdi Taremi,IRN,FW,Porto,31-174,1992,12.9,0.23,0.00,0.00,1.47,1.94,1.09,0.00,0.54,1.16,0.08,0.00,0.00,2.87,1.71,2.09,44.9,https://fbref.com/en/players/4c2a5d34/Mehdi-Taremi,4c2a5d34,Primeira Liga
405,Heriberto Tavares,POR,"FW,MF",Estoril,26-323,1997,5.9,0.51,0.00,0.00,2.03,1.69,1.19,1.53,0.34,0.34,0.00,0.17,0.00,4.58,0.17,1.36,11.1,https://fbref.com/en/players/2d9f280e/Heriberto-Tavares,2d9f280e,Primeira Liga
406,Martim Tavares,POR,"FW,MF",Boavista,20-059,2003,1.6,0.63,0.00,0.00,2.50,2.50,0.00,1.25,0.00,0.00,0.00,0.00,0.00,5.63,1.25,1.88,40.0,https://fbref.com/en/players/e5499085/Martim-Tavares,e5499085,Primeira Liga
407,Ronaldo Tavares,POR,FW,Estrela,26-170,1997,6.7,0.30,0.00,0.00,1.49,0.45,0.75,0.60,0.30,0.45,0.00,0.00,0.00,1.34,3.58,2.84,55.8,https://fbref.com/en/players/7408aba2/Ronaldo-Tavares,7408aba2,Primeira Liga
408,Duplexe Tchamba,CMR,"DF,FW",Casa Pia,25-182,1998,0.1,0.00,0.00,0.00,0.00,0.00,0.00,0.00,0.00,0.00,0.00,0.00,0.00,0.00,10.0,10.0,50.0,https://fbref.com/en/players/75926036/Duplexe-Tchamba,75926036,Primeira Liga
409,Casper Tengstedt,DEN,FW,Benfica,23-221,2000,4.1,0.00,0.00,0.00,1.46,1.22,0.98,1.46,0.00,0.49,0.00,0.00,0.00,2.44,1.22,1.46,45.5,https://fbref.com/en/players/ff2fb007/Casper-Tengstedt,ff2fb007,Primeira Liga
410,Pedro Tiba,POR,MF,Gil Vicente FC,35-130,1988,11.6,0.52,0.00,0.00,1.81,1.38,0.00,1.72,0.95,1.98,0.00,0.00,0.09,7.67,0.43,0.17,71.4,https://fbref.com/en/players/2e594b84/Pedro-Tiba,2e594b84,Primeira Liga
411,Mirko Topić,SRB,MF,Famalicão,22-337,2001,10.3,0.39,0.00,0.00,1.36,0.29,0.00,0.10,1.94,1.26,0.00,0.00,0.10,7.09,2.33,0.58,80.0,https://fbref.com/en/players/3a7d547a/Mirko-Topic,3a7d547a,Primeira Liga
412,Alfonso Trezza,URU,"FW,MF",Arouca,24-200,1999,6.9,0.58,0.00,0.00,1.74,2.17,0.14,2.61,0.72,1.45,0.14,0.00,0.00,5.94,0.29,2.03,12.5,https://fbref.com/en/players/e1000218/Alfonso-Trezza,e1000218,Primeira Liga
413,Francisco Trincão,POR,"FW,MF",Sporting CP,24-010,1999,2.8,0.00,0.00,0.00,0.71,1.79,0.00,2.14,0.00,1.43,0.00,0.00,0.00,3.93,1.07,1.79,37.5,https://fbref.com/en/players/77e39b04/Francisco-Trincao,77e39b04,Primeira Liga
414,Anatolii Trubin,UKR,GK,Benfica,22-160,2001,12.0,0.08,0.00,0.00,0.00,0.17,0.00,0.00,0.00,0.08,0.00,0.00,0.00,1.50,0.25,0.00,100.0,https://fbref.com/en/players/41f0b196/Anatolii-Trubin,41f0b196,Primeira Liga
415,Ukra,POR,"MF,FW",Rio Ave,35-298,1988,0.7,1.43,0.00,0.00,1.43,2.86,0.00,4.29,0.00,0.00,0.00,0.00,0.00,2.86,0.00,2.86,0.0,https://fbref.com/en/players/eb45e1d8/Ukra,eb45e1d8,Primeira Liga
416,Iker Unzueta,ESP,FW,Vizela,25-157,1998,0.3,0.00,0.00,0.00,3.33,0.00,0.00,3.33,0.00,0.00,0.00,0.00,0.00,10.0,3.33,0.00,100.0,https://fbref.com/en/players/e330a39b/Iker-Unzueta,e330a39b,Primeira Liga
417,Alan Varela,ARG,MF,Porto,22-188,2001,9.2,0.54,0.00,0.00,1.52,0.76,0.00,0.43,1.30,0.76,0.00,0.00,0.00,5.98,0.76,0.76,50.0,https://fbref.com/en/players/9ffb2ce6/Alan-Varela,9ffb2ce6,Primeira Liga
418,Bruno Varela,CPV,GK,Vitória,29-065,1994,16.0,0.06,0.00,0.00,0.00,0.25,0.00,0.00,0.00,0.00,0.00,0.00,0.00,1.63,0.25,0.00,100.0,https://fbref.com/en/players/2bea06e0/Bruno-Varela,2bea06e0,Primeira Liga
419,Fernando Varela,CPV,DF,Casa Pia,36-043,1987,12.9,0.08,0.00,0.00,0.62,0.78,0.00,0.00,0.62,1.24,0.00,0.00,0.00,5.58,1.78,1.47,54.8,https://fbref.com/en/players/0990f2fb/Fernando-Varela,0990f2fb,Primeira Liga
420,Hélio Varela,CPV,"FW,MF",Portimonense,21-250,2002,13.9,0.22,0.00,0.00,0.94,2.59,0.00,1.80,0.58,0.65,0.00,0.00,0.00,4.53,0.72,1.87,27.8,https://fbref.com/en/players/91c99fec/Helio-Varela,91c99fec,Primeira Liga
421,Ricardo Velho,POR,GK,Farense,25-141,1998,16.0,0.06,0.00,0.00,0.00,0.13,0.00,0.00,0.00,0.00,0.00,0.00,0.00,0.69,0.50,0.00,100.0,https://fbref.com/en/players/23d16052/Ricardo-Velho,23d16052,Primeira Liga
422,Bruno Ventura,POR,"FW,MF",Rio Ave,22-315,2001,5.4,0.19,0.00,0.00,1.11,0.19,0.56,4.26,0.37,0.19,0.00,0.00,0.00,4.26,0.19,1.67,10.0,https://fbref.com/en/players/5c3cc27c/Bruno-Ventura,5c3cc27c,Primeira Liga
423,João Victor,BRA,DF,Benfica,25-175,1998,0.3,0.00,0.00,0.00,0.00,6.67,0.00,0.00,3.33,0.00,0.00,0.00,0.00,10.0,0.00,6.67,0.0,https://fbref.com/en/players/d60cf08d/Joao-Victor,d60cf08d,Primeira Liga
424,Paulo Victor,BRA,FW,Chaves,22-293,2001,6.9,1.01,0.00,0.00,3.19,2.32,0.43,1.45,0.58,1.16,0.00,0.00,0.00,2.17,1.59,3.04,34.4,https://fbref.com/en/players/4fc2210a/Paulo-Victor,4fc2210a,Primeira Liga
425,Kiko Vilas Boas,POR,DF,Gil Vicente FC,24-122,1999,3.9,0.00,0.00,0.00,0.77,2.05,0.00,3.85,1.79,2.56,0.00,0.00,0.00,4.62,2.31,2.31,50.0,https://fbref.com/en/players/adf5d46f/Kiko-Vilas-Boas,adf5d46f,Primeira Liga
426,Mikel Villanueva,VEN,DF,Vitória,30-269,1993,3.9,0.26,0.00,0.00,1.03,0.26,0.00,0.00,2.05,0.51,0.00,0.00,0.00,4.62,3.59,1.03,77.8,https://fbref.com/en/players/65f90a76/Mikel-Villanueva,65f90a76,Primeira Liga
427,Bernardo Vital,POR,DF,Estoril,23-010,2000,13.5,0.30,0.00,0.00,1.33,1.11,0.00,0.07,0.30,0.52,0.00,0.07,0.00,4.37,1.56,1.04,60.0,https://fbref.com/en/players/3264a506/Bernardo-Vital,3264a506,Primeira Liga
428,Vitinho,BRA,"FW,MF",Arouca,24-004,2000,0.9,0.00,0.00,0.00,0.00,5.56,0.00,0.00,2.22,3.33,0.00,0.00,0.00,8.89,0.00,2.22,0.0,https://fbref.com/en/players/fa3bfda8/Vitinho,fa3bfda8,Primeira Liga
429,Steven Vitória,CAN,DF,Chaves,36-362,1987,9.2,0.22,0.00,0.00,0.98,0.54,0.11,0.00,0.11,0.54,0.00,0.00,0.00,3.59,1.85,0.98,65.4,https://fbref.com/en/players/9bc450e6/Steven-Vitoria,9bc450e6,Primeira Liga
430,Odisseas Vlachodimos,GRE,GK,Benfica,29-257,1994,1.0,0.00,0.00,0.00,0.00,0.00,0.00,0.00,0.00,0.00,0.00,0.00,0.00,3.00,0.00,0.00,,https://fbref.com/en/players/03df04ff/Odisseas-Vlachodimos,03df04ff,Primeira Liga
431,Ilija Vukotić,MNE,MF,Boavista,25-001,1999,4.6,0.43,0.00,0.00,1.30,1.09,0.00,1.30,0.22,1.74,0.00,0.00,0.00,4.35,0.87,1.09,44.4,https://fbref.com/en/players/8ff37fd4/Ilija-Vukotic,8ff37fd4,Primeira Liga
432,Masaki Watai,JPN,"FW,MF",Boavista,24-174,1999,3.5,0.00,0.00,0.00,0.86,0.57,0.00,2.57,1.14,0.57,0.00,0.00,0.00,4.29,0.00,1.14,0.0,https://fbref.com/en/players/2cd947bb/Masaki-Watai,2cd947bb,Primeira Liga
433,Wendell,BRA,DF,Porto,30-172,1993,7.9,0.76,0.13,0.13,1.77,2.41,0.13,5.32,0.51,1.01,0.00,0.00,0.00,6.33,1.77,0.63,73.7,https://fbref.com/en/players/f9acca3a/Wendell,f9acca3a,Primeira Liga
434,Weverson,BRA,"DF,MF",Arouca,23-187,2000,6.9,0.29,0.00,0.00,0.87,0.72,0.00,4.64,1.16,1.01,0.00,0.00,0.00,4.64,1.01,0.72,58.3,https://fbref.com/en/players/b9829bf7/Weverson,b9829bf7,Primeira Liga
435,Bruno Wilson,POR,DF,Vizela,27-012,1996,15.0,0.07,0.07,0.00,1.27,0.93,0.00,0.33,1.27,0.53,0.00,0.07,0.00,3.33,2.13,1.80,54.2,https://fbref.com/en/players/965fc36d/Bruno-Wilson,965fc36d,Primeira Liga
436,Roan Wilson,CRC,"MF,DF",Gil Vicente FC,21-252,2002,1.0,0.00,0.00,0.00,0.00,0.00,0.00,0.00,1.00,2.00,0.00,0.00,0.00,7.00,2.00,0.00,100.0,https://fbref.com/en/players/719300f2/Roan-Wilson,719300f2,Primeira Liga
437,Moses Yaw,GHA,"DF,MF",Arouca,25-001,1999,0.7,0.00,0.00,0.00,2.86,5.71,0.00,1.43,0.00,1.43,0.00,0.00,0.00,8.57,1.43,2.86,33.3,https://fbref.com/en/players/70c739db/Moses-Yaw,70c739db,Primeira Liga
438,Zaydou Youssouf,FRA,MF,Famalicão,24-181,1999,14.1,0.35,0.07,0.07,1.63,3.26,0.00,1.06,0.99,1.21,0.00,0.07,0.00,8.23,0.57,0.28,66.7,https://fbref.com/en/players/e2f9bb5f/Zaydou-Youssouf,e2f9bb5f,Primeira Liga
439,Rodrigo Zalazar,URU,MF,Braga,24-149,1999,8.0,0.25,0.00,0.00,1.00,2.00,0.00,6.63,0.25,1.75,0.00,0.00,0.00,7.00,1.50,1.25,54.5,https://fbref.com/en/players/fc3697dd/Rodrigo-Zalazar,fc3697dd,Primeira Liga
440,Zinho,BRA,"FW,MF",Portimonense,20-244,2003,1.4,0.71,0.00,0.00,1.43,1.43,0.00,0.71,0.71,0.71,0.00,0.00,0.00,7.14,0.00,4.29,0.0,https://fbref.com/en/players/a698bdd2/Zinho,a698bdd2,Primeira Liga
441,Nermin Zolotić,BIH,DF,Casa Pia,30-185,1993,14.8,0.14,0.00,0.00,0.54,1.69,0.00,0.20,0.95,1.08,0.00,0.00,0.00,5.27,1.22,1.01,54.5,https://fbref.com/en/players/3b69e95f/Nermin-Zolotic,3b69e95f,Primeira Liga
