Player,Nation,Pos,Age,90s,Performance_CrdY,Performance_CrdR,Performance_2CrdY,Performance_Fls,Performance_Fld,Performance_Off,Performance_Crs,Performance_Int,Performance_TklW,Performance_PKwon,Performance_PKcon,Performance_OG,Performance_Recov,Aerial Duels_Won,Aerial Duels_Lost,Aerial Duels_Won%,Team,Championship,Player_Team
Juninho,BRA,MF,35.0,32.5,4,0,0,31,37,3,45,31,26,1.0,0.0,0,189.0,21.0,41.0,33.9,América (MG),Brasileiro,Juninho (América (MG))
Leandro Emmanuel Martínez,ARG,MF,28.0,28.2,4,0,0,29,62,1,109,31,40,0.0,1.0,0,242.0,8.0,17.0,32.0,América (MG),Brasileiro,Leandro Emmanuel Martínez (América (MG))
Felipe Azevedo,BRA,"FW,MF",36.0,19.4,3,1,0,27,32,5,29,10,10,0.0,0.0,0,98.0,27.0,42.0,39.1,América (MG),Brasileiro,Felipe Azevedo (América (MG))
Iago Maidana,BRA,DF,26.0,24.0,5,1,0,36,6,1,1,32,15,0.0,1.0,0,111.0,72.0,26.0,73.5,América (MG),Brasileiro,Iago Maidana (América (MG))
Danilo Avelar,BRA,DF,33.0,22.0,5,1,0,47,14,3,19,35,22,0.0,1.0,0,96.0,95.0,38.0,71.4,América (MG),Brasileiro,Danilo Avelar (América (MG))
Gonzalo Mastriani,URU,FW,29.0,19.9,1,1,0,18,19,4,3,1,7,0.0,0.0,0,50.0,48.0,59.0,44.9,América (MG),Brasileiro,Gonzalo Mastriani (América (MG))
Marlon,BRA,DF,28.0,18.6,3,0,0,16,37,0,64,31,26,0.0,0.0,1,129.0,18.0,19.0,48.6,América (MG),Brasileiro,Marlon (América (MG))
Ricardo Silva,BRA,DF,30.0,17.9,3,0,0,21,15,0,2,28,17,0.0,0.0,0,90.0,59.0,26.0,69.4,América (MG),Brasileiro,Ricardo Silva (América (MG))
Eder,BRA,DF,27.0,17.4,7,1,1,21,4,3,1,19,14,0.0,0.0,1,85.0,40.0,35.0,53.3,América (MG),Brasileiro,Eder (América (MG))
Lucas Kal,BRA,MF,26.0,13.7,4,0,0,19,3,0,8,15,7,0.0,0.0,0,65.0,8.0,13.0,38.1,América (MG),Brasileiro,Lucas Kal (América (MG))
Matheus Cavichioli,BRA,GK,36.0,15.0,0,1,0,1,2,0,0,1,1,0.0,0.0,1,18.0,4.0,0.0,100.0,América (MG),Brasileiro,Matheus Cavichioli (América (MG))
Rodriguinho,BRA,"DF,MF",19.0,13.9,1,0,0,21,19,3,67,9,16,0.0,0.0,0,72.0,16.0,19.0,45.7,América (MG),Brasileiro,Rodriguinho (América (MG))
Everaldo,BRA,"FW,MF",28.0,13.7,7,0,0,19,33,6,50,6,16,0.0,0.0,0,65.0,8.0,11.0,42.1,América (MG),Brasileiro,Everaldo (América (MG))
Ale,BRA,MF,32.0,15.8,7,1,1,31,24,1,11,28,16,0.0,0.0,0,145.0,20.0,10.0,66.7,América (MG),Brasileiro,Ale (América (MG))
Martín Benítez,ARG,"MF,FW",28.0,12.4,4,0,0,14,45,4,51,6,7,0.0,0.0,0,57.0,4.0,9.0,30.8,América (MG),Brasileiro,Martín Benítez (América (MG))
Breno Cascardo,BRA,MF,19.0,12.9,2,0,0,25,13,1,6,10,19,0.0,0.0,0,83.0,10.0,12.0,45.5,América (MG),Brasileiro,Breno Cascardo (América (MG))
Jori,BRA,GK,26.0,11.0,1,0,0,1,2,0,0,0,1,0.0,1.0,0,9.0,10.0,1.0,90.9,América (MG),Brasileiro,Jori (América (MG))
Mateus Pasinato,BRA,GK,30.0,10.0,1,0,0,0,2,0,0,0,0,0.0,0.0,0,15.0,3.0,1.0,75.0,América (MG),Brasileiro,Mateus Pasinato (América (MG))
Marcinho,BRA,DF,26.0,8.9,4,0,0,16,1,0,46,17,7,0.0,0.0,0,43.0,8.0,9.0,47.1,América (MG),Brasileiro,Marcinho (América (MG))
Aloísio dos Santos Gonçalves,CHN,"FW,MF",34.0,8.0,3,0,0,18,9,6,6,2,4,0.0,0.0,0,23.0,8.0,16.0,33.3,América (MG),Brasileiro,Aloísio dos Santos Gonçalves (América (MG))
Daniel Borges,BRA,DF,29.0,8.9,1,1,0,15,4,0,44,14,12,0.0,0.0,0,50.0,5.0,12.0,29.4,América (MG),Brasileiro,Daniel Borges (América (MG))
Nicolas,BRA,DF,25.0,8.0,1,0,0,10,5,1,26,11,6,0.0,0.0,0,51.0,8.0,7.0,53.3,América (MG),Brasileiro,Nicolas (América (MG))
Mateus Henrique,BRA,DF,20.0,6.0,1,1,0,13,10,0,18,5,8,0.0,1.0,0,30.0,7.0,3.0,70.0,América (MG),Brasileiro,Mateus Henrique (América (MG))
Júlio César,BRA,DF,19.0,6.6,1,0,0,10,1,0,0,4,7,0.0,0.0,0,24.0,21.0,10.0,67.7,América (MG),Brasileiro,Júlio César (América (MG))
Wanderson,BRA,DF,31.0,5.6,0,0,0,10,0,0,0,4,4,0.0,0.0,0,15.0,17.0,8.0,68.0,América (MG),Brasileiro,Wanderson (América (MG))
Rodrigo Varanda,BRA,"FW,MF",20.0,5.7,1,0,0,9,8,6,10,0,5,0.0,0.0,0,28.0,5.0,14.0,26.3,América (MG),Brasileiro,Rodrigo Varanda (América (MG))
Renato Marques,BRA,"FW,MF",19.0,5.7,2,0,0,11,5,4,3,2,2,0.0,0.0,0,13.0,8.0,16.0,33.3,América (MG),Brasileiro,Renato Marques (América (MG))
Pedrinho,BRA,"FW,MF",23.0,4.6,0,0,0,3,7,1,16,6,1,0.0,0.0,0,23.0,2.0,1.0,66.7,América (MG),Brasileiro,Pedrinho (América (MG))
Esteban Burgos,ARG,DF,31.0,3.3,4,1,1,7,0,0,0,1,1,0.0,0.0,0,7.0,4.0,6.0,40.0,América (MG),Brasileiro,Esteban Burgos (América (MG))
Óscar Méndez,URU,MF,28.0,2.9,3,0,0,6,3,0,1,4,6,0.0,0.0,0,15.0,2.0,1.0,66.7,América (MG),Brasileiro,Óscar Méndez (América (MG))
Matheusinho,BRA,"MF,FW",24.0,2.5,0,0,0,3,7,1,12,1,3,0.0,0.0,0,25.0,1.0,4.0,20.0,América (MG),Brasileiro,Matheusinho (América (MG))
Nino Paraíba,BRA,DF,37.0,2.2,1,0,0,5,5,1,17,4,2,0.0,1.0,0,12.0,5.0,1.0,83.3,América (MG),Brasileiro,Nino Paraíba (América (MG))
Washington Aguerre,URU,GK,29.0,2.0,0,0,0,0,1,0,0,0,0,0.0,0.0,0,0.0,0.0,0.0,0.0,América (MG),Brasileiro,Washington Aguerre (América (MG))
Henrique Almeida,BRA,FW,31.0,1.7,0,0,0,5,1,1,2,0,1,0.0,1.0,0,4.0,3.0,10.0,23.1,América (MG),Brasileiro,Henrique Almeida (América (MG))
Paulinho,BRA,FW,24.0,1.5,2,0,0,5,5,2,4,0,2,0.0,0.0,0,11.0,0.0,2.0,0.0,América (MG),Brasileiro,Paulinho (América (MG))
Juan Cazares,ECU,"MF,FW",30.0,3.1,0,0,0,2,3,0,18,0,2,0.0,0.0,0,15.0,1.0,4.0,20.0,América (MG),Brasileiro,Juan Cazares (América (MG))
Adyson,BRA,"FW,MF",17.0,2.7,1,0,0,6,7,0,31,5,5,0.0,0.0,0,16.0,0.0,0.0,0.0,América (MG),Brasileiro,Adyson (América (MG))
Mikael,BRA,FW,23.0,1.7,0,0,0,0,2,1,1,0,1,0.0,0.0,0,4.0,2.0,5.0,28.6,América (MG),Brasileiro,Mikael (América (MG))
Arthur,BRA,DF,19.0,1.0,0,0,0,7,2,0,3,1,1,0.0,1.0,0,8.0,2.0,1.0,66.7,América (MG),Brasileiro,Arthur (América (MG))
Wellington Paulista,BRA,FW,38.0,2.5,1,0,0,5,1,2,0,0,0,0.0,0.0,0,7.0,7.0,7.0,50.0,América (MG),Brasileiro,Wellington Paulista (América (MG))
Mateus Gonçalves Martins,BRA,"MF,FW",28.0,0.7,1,0,0,0,2,0,4,0,2,0.0,0.0,0,2.0,2.0,4.0,33.3,América (MG),Brasileiro,Mateus Gonçalves Martins (América (MG))
Renato Kayser,BRA,"FW,MF",26.0,0.4,0,0,0,2,1,1,0,0,0,0.0,0.0,0,2.0,0.0,1.0,0.0,América (MG),Brasileiro,Renato Kayser (América (MG))
Ighor Gabryel,BRA,FW,20.0,0.3,0,0,0,4,1,0,0,0,0,0.0,0.0,0,1.0,3.0,5.0,37.5,América (MG),Brasileiro,Ighor Gabryel (América (MG))
Paulinho,BRA,DF,18.0,0.3,0,0,0,1,0,0,2,0,0,0.0,0.0,0,1.0,0.0,0.0,0.0,América (MG),Brasileiro,Paulinho (América (MG))
Jhow,BRA,DF,19.0,0.2,0,0,0,0,0,0,0,0,0,0.0,0.0,0,2.0,2.0,0.0,100.0,América (MG),Brasileiro,Jhow (América (MG))
Yago Souza,BRA,MF,16.0,0.2,0,0,0,0,0,0,0,0,0,0.0,0.0,0,0.0,0.0,0.0,0.0,América (MG),Brasileiro,Yago Souza (América (MG))
Bento,BRA,GK,23.0,33.0,3,0,0,2,4,0,0,1,0,0.0,0.0,0,16.0,10.0,0.0,100.0,Ath Paranaense,Brasileiro,Bento (Ath Paranaense)
Thiago Heleno,BRA,DF,34.0,30.9,9,0,0,38,18,2,0,41,26,0.0,1.0,0,136.0,83.0,53.0,61.0,Ath Paranaense,Brasileiro,Thiago Heleno (Ath Paranaense)
Erick,BRA,MF,25.0,27.8,7,0,0,49,24,1,4,42,27,0.0,1.0,0,144.0,64.0,39.0,62.1,Ath Paranaense,Brasileiro,Erick (Ath Paranaense)
Vitor Bueno,BRA,"MF,FW",28.0,23.1,7,0,0,21,34,5,146,6,7,0.0,0.0,0,87.0,18.0,37.0,32.7,Ath Paranaense,Brasileiro,Vitor Bueno (Ath Paranaense)
Fernandinho,BRA,MF,37.0,21.5,11,1,1,31,33,1,13,16,15,0.0,1.0,0,147.0,29.0,31.0,48.3,Ath Paranaense,Brasileiro,Fernandinho (Ath Paranaense)
Agustín Canobbio,URU,"FW,MF",24.0,23.5,10,0,0,42,50,13,70,8,39,1.0,1.0,0,143.0,19.0,31.0,38.0,Ath Paranaense,Brasileiro,Agustín Canobbio (Ath Paranaense)
Tomás Cuello,ARG,"MF,FW",22.0,22.8,5,0,0,37,49,4,123,37,25,0.0,0.0,0,121.0,25.0,27.0,48.1,Ath Paranaense,Brasileiro,Tomás Cuello (Ath Paranaense)
Vitor Roque,BRA,FW,17.0,19.0,6,0,0,35,55,8,6,2,10,1.0,0.0,0,57.0,24.0,38.0,38.7,Ath Paranaense,Brasileiro,Vitor Roque (Ath Paranaense)
Cacá,BRA,DF,23.0,18.8,6,0,0,30,9,0,4,18,16,0.0,0.0,0,87.0,41.0,36.0,53.2,Ath Paranaense,Brasileiro,Cacá (Ath Paranaense)
Lucas Esquivel,ARG,DF,21.0,18.3,3,0,0,24,26,0,85,22,27,0.0,1.0,0,112.0,11.0,26.0,29.7,Ath Paranaense,Brasileiro,Lucas Esquivel (Ath Paranaense)
Hugo Moura,BRA,MF,25.0,14.7,6,0,0,28,15,0,7,19,19,0.0,0.0,0,78.0,15.0,8.0,65.2,Ath Paranaense,Brasileiro,Hugo Moura (Ath Paranaense)
Pablo,BRA,FW,30.0,15.5,3,0,0,23,19,11,10,8,10,0.0,0.0,0,61.0,25.0,37.0,40.3,Ath Paranaense,Brasileiro,Pablo (Ath Paranaense)
Christian,BRA,"MF,FW",22.0,15.1,1,0,0,32,25,0,21,10,13,0.0,0.0,0,55.0,7.0,22.0,24.1,Ath Paranaense,Brasileiro,Christian (Ath Paranaense)
Mádson,BRA,"DF,MF",31.0,14.8,4,0,0,17,20,3,19,11,4,0.0,0.0,0,43.0,39.0,28.0,58.2,Ath Paranaense,Brasileiro,Mádson (Ath Paranaense)
Bruno Zapelli,ARG,"MF,FW",20.0,12.7,0,0,0,13,13,1,39,7,7,0.0,0.0,0,56.0,7.0,12.0,36.8,Ath Paranaense,Brasileiro,Bruno Zapelli (Ath Paranaense)
Khellven,BRA,DF,21.0,11.1,1,0,0,9,9,3,40,16,11,0.0,0.0,0,44.0,9.0,14.0,39.1,Ath Paranaense,Brasileiro,Khellven (Ath Paranaense)
Zé Ivaldo,BRA,DF,25.0,11.3,2,1,0,20,10,0,3,16,13,0.0,1.0,0,74.0,32.0,18.0,64.0,Ath Paranaense,Brasileiro,Zé Ivaldo (Ath Paranaense)
Pedro Henrique,BRA,DF,27.0,9.5,3,0,0,14,6,2,4,12,5,0.0,0.0,0,51.0,22.0,18.0,55.0,Ath Paranaense,Brasileiro,Pedro Henrique (Ath Paranaense)
Alex Santana,BRA,MF,27.0,11.1,6,1,0,20,25,3,3,11,11,0.0,0.0,0,60.0,13.0,14.0,48.1,Ath Paranaense,Brasileiro,Alex Santana (Ath Paranaense)
Kaique Rocha,BRA,DF,21.0,7.2,2,0,0,7,3,0,0,13,3,0.0,1.0,0,34.0,20.0,10.0,66.7,Ath Paranaense,Brasileiro,Kaique Rocha (Ath Paranaense)
Matheus Felipe,BRA,DF,24.0,5.9,1,0,0,5,2,0,0,6,3,0.0,0.0,0,20.0,13.0,9.0,59.1,Ath Paranaense,Brasileiro,Matheus Felipe (Ath Paranaense)
Willian,BRA,"FW,MF",36.0,6.4,0,0,0,12,5,2,2,1,7,0.0,0.0,0,20.0,5.0,13.0,27.8,Ath Paranaense,Brasileiro,Willian (Ath Paranaense)
Fernando,BRA,DF,23.0,5.3,1,0,0,4,2,0,21,8,9,0.0,0.0,0,25.0,3.0,8.0,27.3,Ath Paranaense,Brasileiro,Fernando (Ath Paranaense)
Arturo Vidal,CHI,MF,35.0,4.2,3,0,0,11,10,0,7,6,8,0.0,0.0,0,21.0,5.0,7.0,41.7,Ath Paranaense,Brasileiro,Arturo Vidal (Ath Paranaense)
Rômulo,BRA,"FW,MF",20.0,5.7,1,0,0,9,7,2,10,5,8,1.0,0.0,0,35.0,14.0,22.0,38.9,Ath Paranaense,Brasileiro,Rômulo (Ath Paranaense)
Leonardo Linck,BRA,GK,21.0,5.0,2,0,0,0,0,0,0,0,0,0.0,0.0,0,3.0,0.0,1.0,0.0,Ath Paranaense,Brasileiro,Leonardo Linck (Ath Paranaense)
David Terans,URU,"MF,FW",28.0,4.4,1,0,0,6,10,4,20,1,1,0.0,0.0,0,21.0,1.0,8.0,11.1,Ath Paranaense,Brasileiro,David Terans (Ath Paranaense)
Vinicius Kaue,BRA,"DF,MF",19.0,3.8,1,1,0,7,1,0,9,3,2,0.0,0.0,0,13.0,3.0,8.0,27.3,Ath Paranaense,Brasileiro,Vinicius Kaue (Ath Paranaense)
Pedrinho,BRA,"DF,MF",20.0,4.0,1,0,0,4,5,0,6,9,4,0.0,0.0,0,29.0,2.0,4.0,33.3,Ath Paranaense,Brasileiro,Pedrinho (Ath Paranaense)
Léo Cittadini,BRA,"MF,FW",28.0,2.2,0,0,0,6,3,0,6,2,4,0.0,0.0,0,12.0,4.0,4.0,50.0,Ath Paranaense,Brasileiro,Léo Cittadini (Ath Paranaense)
Thiago,BRA,"FW,MF",22.0,2.5,1,0,0,2,3,0,2,1,3,0.0,0.0,0,12.0,1.0,2.0,33.3,Ath Paranaense,Brasileiro,Thiago (Ath Paranaense)
Luciano Arriagada,CHI,"FW,MF",20.0,2.1,0,0,0,14,6,0,1,0,1,0.0,0.0,0,12.0,4.0,14.0,22.2,Ath Paranaense,Brasileiro,Luciano Arriagada (Ath Paranaense)
Bruno Peres,BRA,"DF,MF",32.0,1.7,0,0,0,4,1,0,3,0,1,0.0,0.0,0,3.0,1.0,1.0,50.0,Ath Paranaense,Brasileiro,Bruno Peres (Ath Paranaense)
Marcelo Cirino,BRA,"FW,MF",31.0,1.1,1,0,0,2,2,2,0,0,0,0.0,0.0,0,1.0,5.0,3.0,62.5,Ath Paranaense,Brasileiro,Marcelo Cirino (Ath Paranaense)
Lucas Belezi,BRA,DF,19.0,0.5,1,0,0,1,1,0,1,0,1,0.0,0.0,0,1.0,2.0,0.0,100.0,Ath Paranaense,Brasileiro,Lucas Belezi (Ath Paranaense)
Reinaldo,BRA,FW,21.0,0.2,0,0,0,1,0,0,0,0,1,0.0,0.0,0,0.0,0.0,2.0,0.0,Ath Paranaense,Brasileiro,Reinaldo (Ath Paranaense)
Chiqueti,BRA,MF,17.0,0.2,0,0,0,0,0,0,0,0,0,0.0,0.0,0,0.0,0.0,0.0,0.0,Ath Paranaense,Brasileiro,Chiqueti (Ath Paranaense)
Danielzinho,BRA,FW,20.0,0.0,0,0,0,0,0,0,0,0,0,0.0,0.0,0,0.0,0.0,0.0,0.0,Ath Paranaense,Brasileiro,Danielzinho (Ath Paranaense)
Dudu,BRA,MF,17.0,0.0,0,0,0,0,0,0,0,0,0,0.0,0.0,0,0.0,0.0,0.0,0.0,Ath Paranaense,Brasileiro,Dudu (Ath Paranaense)
Bryan García,ECU,MF,22.0,0.0,0,0,0,0,0,0,0,0,0,0.0,0.0,0,0.0,0.0,0.0,0.0,Ath Paranaense,Brasileiro,Bryan García (Ath Paranaense)
Éverson,BRA,GK,32.0,36.0,6,0,0,0,9,0,0,1,0,0.0,0.0,0,28.0,3.0,0.0,100.0,Atlético Mineiro,Brasileiro,Éverson (Atlético Mineiro)
Paulinho,BRA,"FW,MF",22.0,33.2,3,0,0,21,24,11,18,16,31,0.0,0.0,0,164.0,25.0,32.0,43.9,Atlético Mineiro,Brasileiro,Paulinho (Atlético Mineiro)
Hulk,BRA,FW,36.0,32.7,9,1,0,54,121,22,128,1,21,2.0,0.0,0,79.0,42.0,64.0,39.6,Atlético Mineiro,Brasileiro,Hulk (Atlético Mineiro)
Jemerson,BRA,DF,30.0,27.5,9,0,0,43,19,2,0,31,20,0.0,0.0,1,117.0,47.0,36.0,56.6,Atlético Mineiro,Brasileiro,Jemerson (Atlético Mineiro)
Guilherme Arana,BRA,DF,25.0,26.5,2,1,0,21,26,0,100,32,29,0.0,0.0,0,115.0,25.0,30.0,45.5,Atlético Mineiro,Brasileiro,Guilherme Arana (Atlético Mineiro)
Otávio,BRA,MF,28.0,25.6,8,0,0,47,14,0,3,27,40,0.0,0.0,0,136.0,26.0,27.0,49.1,Atlético Mineiro,Brasileiro,Otávio (Atlético Mineiro)
Mauricio Lemos,URU,DF,27.0,24.6,12,1,1,25,17,2,2,41,29,0.0,0.0,0,137.0,61.0,41.0,59.8,Atlético Mineiro,Brasileiro,Mauricio Lemos (Atlético Mineiro)
Federico Zaracho,ARG,"MF,FW",24.0,21.6,8,0,0,47,28,2,9,31,42,0.0,0.0,0,116.0,11.0,42.0,20.8,Atlético Mineiro,Brasileiro,Federico Zaracho (Atlético Mineiro)
Cristian Pavón,ARG,"FW,MF",27.0,21.5,7,0,0,19,24,11,84,19,28,0.0,0.0,0,111.0,13.0,25.0,34.2,Atlético Mineiro,Brasileiro,Cristian Pavón (Atlético Mineiro)
Renzo Saravia,ARG,DF,29.0,19.0,8,1,0,44,43,1,44,17,39,1.0,0.0,0,138.0,23.0,31.0,42.6,Atlético Mineiro,Brasileiro,Renzo Saravia (Atlético Mineiro)
Rodrigo Battaglia,ARG,MF,31.0,19.2,6,0,0,42,22,1,7,12,29,0.0,0.0,0,106.0,28.0,28.0,50.0,Atlético Mineiro,Brasileiro,Rodrigo Battaglia (Atlético Mineiro)
Mariano,BRA,DF,36.0,17.4,5,0,0,29,4,0,39,20,31,0.0,1.0,0,127.0,7.0,20.0,25.9,Atlético Mineiro,Brasileiro,Mariano (Atlético Mineiro)
Igor Gomes,BRA,"MF,FW",23.0,15.3,1,0,0,24,21,1,63,11,14,0.0,0.0,0,88.0,17.0,19.0,47.2,Atlético Mineiro,Brasileiro,Igor Gomes (Atlético Mineiro)
Edenílson,BRA,"MF,FW",33.0,15.2,1,0,0,16,15,0,12,18,12,0.0,0.0,0,85.0,12.0,18.0,40.0,Atlético Mineiro,Brasileiro,Edenílson (Atlético Mineiro)
Rubens,BRA,"DF,MF",21.0,15.0,5,0,0,38,18,3,36,19,49,0.0,0.0,0,91.0,36.0,34.0,51.4,Atlético Mineiro,Brasileiro,Rubens (Atlético Mineiro)
Bruno Fuchs,BRA,DF,23.0,12.1,2,0,0,11,10,0,3,16,6,0.0,0.0,0,61.0,15.0,13.0,53.6,Atlético Mineiro,Brasileiro,Bruno Fuchs (Atlético Mineiro)
Hyoran,BRA,"MF,FW",29.0,7.7,4,0,0,24,12,1,50,3,8,0.0,1.0,0,37.0,5.0,6.0,45.5,Atlético Mineiro,Brasileiro,Hyoran (Atlético Mineiro)
Alan Franco,ECU,"MF,FW",24.0,9.3,2,0,0,30,3,0,4,15,14,0.0,0.0,0,59.0,8.0,14.0,36.4,Atlético Mineiro,Brasileiro,Alan Franco (Atlético Mineiro)
Igor Rabello,BRA,DF,27.0,7.7,2,1,0,11,2,0,1,9,12,0.0,0.0,0,37.0,31.0,18.0,63.3,Atlético Mineiro,Brasileiro,Igor Rabello (Atlético Mineiro)
Pedrinho,BRA,"MF,FW",24.0,7.0,2,0,0,15,14,0,23,1,5,0.0,0.0,0,34.0,5.0,10.0,33.3,Atlético Mineiro,Brasileiro,Pedrinho (Atlético Mineiro)
Eduardo Vargas,CHI,FW,33.0,5.2,3,0,0,7,5,0,4,0,1,1.0,0.0,0,8.0,11.0,13.0,45.8,Atlético Mineiro,Brasileiro,Eduardo Vargas (Atlético Mineiro)
Nathan Silva,BRA,DF,25.0,4.0,1,0,0,5,1,0,1,0,2,0.0,0.0,0,19.0,5.0,4.0,55.6,Atlético Mineiro,Brasileiro,Nathan Silva (Atlético Mineiro)
Patrick,BRA,"MF,FW",30.0,6.2,1,0,0,10,13,1,16,6,19,1.0,0.0,0,36.0,11.0,16.0,40.7,Atlético Mineiro,Brasileiro,Patrick (Atlético Mineiro)
Alan Kardec,BRA,"FW,MF",34.0,2.9,1,0,0,8,4,3,1,1,0,0.0,0.0,0,5.0,12.0,14.0,46.2,Atlético Mineiro,Brasileiro,Alan Kardec (Atlético Mineiro)
Matheus Mendes,BRA,GK,23.0,2.0,3,0,0,0,0,0,0,0,0,0.0,0.0,0,0.0,1.0,0.0,100.0,Atlético Mineiro,Brasileiro,Matheus Mendes (Atlético Mineiro)
Réver,BRA,"DF,FW",38.0,1.3,1,0,0,1,2,0,0,1,0,0.0,0.0,0,3.0,3.0,2.0,60.0,Atlético Mineiro,Brasileiro,Réver (Atlético Mineiro)
Dodô,BRA,DF,30.0,0.7,0,0,0,0,2,0,4,1,0,0.0,0.0,0,1.0,2.0,2.0,50.0,Atlético Mineiro,Brasileiro,Dodô (Atlético Mineiro)
Alisson,BRA,"MF,DF",17.0,0.5,1,0,0,3,1,0,3,0,2,0.0,0.0,0,5.0,0.0,1.0,0.0,Atlético Mineiro,Brasileiro,Alisson (Atlético Mineiro)
Isaac,BRA,FW,18.0,0.2,0,0,0,1,0,0,0,0,1,0.0,0.0,0,1.0,0.0,1.0,0.0,Atlético Mineiro,Brasileiro,Isaac (Atlético Mineiro)
Paulo Vitor,BRA,MF,18.0,0.2,0,0,0,2,1,0,0,1,0,0.0,0.0,0,1.0,0.0,0.0,0.0,Atlético Mineiro,Brasileiro,Paulo Vitor (Atlético Mineiro)
Carlos Eduardo,BRA,"MF,FW",18.0,0.1,0,0,0,1,0,0,0,0,1,0.0,0.0,0,1.0,0.0,0.0,0.0,Atlético Mineiro,Brasileiro,Carlos Eduardo (Atlético Mineiro)
Marcos Felipe,BRA,GK,26.0,37.0,0,0,0,0,3,0,0,1,3,0.0,0.0,0,29.0,7.0,0.0,100.0,Bahia,Brasileiro,Marcos Felipe (Bahia)
Thaciano,BRA,"MF,FW",27.0,32.1,4,0,0,36,30,8,21,26,25,0.0,0.0,0,151.0,44.0,59.0,42.7,Bahia,Brasileiro,Thaciano (Bahia)
Kanu,BRA,DF,25.0,32.3,10,2,1,41,44,3,1,47,25,0.0,0.0,1,165.0,51.0,46.0,52.6,Bahia,Brasileiro,Kanu (Bahia)
Rezende,BRA,"MF,DF",28.0,30.1,9,1,1,65,31,0,11,62,60,0.0,1.0,0,200.0,51.0,32.0,61.4,Bahia,Brasileiro,Rezende (Bahia)
Cauly Oliveira Souza,BRA,"MF,FW",27.0,28.3,4,0,0,23,25,6,130,13,12,0.0,0.0,0,137.0,9.0,14.0,39.1,Bahia,Brasileiro,Cauly Oliveira Souza (Bahia)
Vitor Hugo,BRA,DF,31.0,23.7,5,0,0,23,13,0,0,32,24,0.0,1.0,0,80.0,69.0,25.0,73.4,Bahia,Brasileiro,Vitor Hugo (Bahia)
Everaldo Stum,BRA,FW,31.0,24.2,6,0,0,27,31,10,21,2,8,0.0,0.0,0,54.0,84.0,57.0,59.6,Bahia,Brasileiro,Everaldo Stum (Bahia)
Nicolás Acevedo,URU,MF,23.0,21.9,7,1,1,39,34,0,11,26,46,0.0,0.0,0,174.0,22.0,29.0,43.1,Bahia,Brasileiro,Nicolás Acevedo (Bahia)
Gilberto,BRA,DF,29.0,20.6,4,0,0,19,23,0,50,18,28,1.0,2.0,0,138.0,27.0,17.0,61.4,Bahia,Brasileiro,Gilberto (Bahia)
Ademir Santos,BRA,"FW,MF",27.0,19.3,6,0,0,27,84,6,93,8,20,1.0,0.0,0,97.0,16.0,30.0,34.8,Bahia,Brasileiro,Ademir Santos (Bahia)
Yago,BRA,MF,27.0,15.1,6,0,0,43,27,0,12,16,25,0.0,0.0,0,89.0,3.0,10.0,23.1,Bahia,Brasileiro,Yago (Bahia)
Gabriel Teixeira,BRA,"FW,MF",21.0,15.1,4,0,0,22,53,3,51,14,11,1.0,0.0,0,58.0,4.0,14.0,22.2,Bahia,Brasileiro,Gabriel Teixeira (Bahia)
Camilo Cándido,URU,DF,27.0,13.8,2,1,0,19,7,1,46,23,16,0.0,1.0,0,85.0,5.0,16.0,23.8,Bahia,Brasileiro,Camilo Cándido (Bahia)
Gabriel,BRA,DF,21.0,10.9,2,0,0,14,8,0,0,30,9,0.0,0.0,0,40.0,35.0,12.0,74.5,Bahia,Brasileiro,Gabriel (Bahia)
David Duarte,BRA,DF,28.0,9.6,3,0,0,8,4,0,0,11,5,0.0,0.0,0,39.0,26.0,14.0,65.0,Bahia,Brasileiro,David Duarte (Bahia)
Cicinho,BUL,DF,34.0,8.4,4,0,0,24,13,1,23,5,16,0.0,0.0,0,33.0,13.0,7.0,65.0,Bahia,Brasileiro,Cicinho (Bahia)
Rafael Ratão,BRA,"FW,MF",27.0,8.7,2,0,0,12,11,1,8,2,17,0.0,0.0,0,52.0,10.0,13.0,43.5,Bahia,Brasileiro,Rafael Ratão (Bahia)
Vinicius Mingotti,BRA,FW,23.0,7.3,2,0,0,14,15,6,0,2,5,0.0,0.0,0,11.0,7.0,25.0,21.9,Bahia,Brasileiro,Vinicius Mingotti (Bahia)
Vítor Jacaré,BRA,"DF,MF",23.0,9.5,4,0,0,20,16,3,55,11,19,0.0,0.0,0,53.0,10.0,11.0,47.6,Bahia,Brasileiro,Vítor Jacaré (Bahia)
Jhoanner Chávez,ECU,"DF,MF",20.0,6.5,1,0,0,16,4,2,15,7,9,0.0,1.0,0,32.0,4.0,7.0,36.4,Bahia,Brasileiro,Jhoanner Chávez (Bahia)
Luciano Juba,BRA,"DF,MF",23.0,7.2,0,0,0,3,3,0,50,9,9,0.0,0.0,0,33.0,6.0,4.0,60.0,Bahia,Brasileiro,Luciano Juba (Bahia)
Matheus Bahia,BRA,"DF,MF",23.0,5.5,2,0,0,10,6,1,19,8,7,0.0,0.0,0,33.0,6.0,3.0,66.7,Bahia,Brasileiro,Matheus Bahia (Bahia)
Kayky Chagas,BRA,"FW,MF",19.0,4.6,2,0,0,8,3,1,12,2,4,0.0,0.0,0,19.0,1.0,8.0,11.1,Bahia,Brasileiro,Kayky Chagas (Bahia)
Ryan Carlos,BRA,DF,20.0,6.4,3,0,0,8,3,1,34,8,6,0.0,0.0,0,40.0,10.0,8.0,55.6,Bahia,Brasileiro,Ryan Carlos (Bahia)
Raul Bicalho,BRA,DF,23.0,3.6,1,0,0,5,4,0,0,1,1,0.0,0.0,0,13.0,6.0,13.0,31.6,Bahia,Brasileiro,Raul Bicalho (Bahia)
Arthur Sales,BRA,"FW,MF",20.0,3.2,0,0,0,3,8,1,3,0,3,0.0,0.0,0,9.0,6.0,15.0,28.6,Bahia,Brasileiro,Arthur Sales (Bahia)
Lucas Mugni,ARG,"MF,FW",31.0,4.0,2,0,0,7,3,0,20,4,5,0.0,0.0,0,24.0,3.0,4.0,42.9,Bahia,Brasileiro,Lucas Mugni (Bahia)
Léo Cittadini,BRA,MF,28.0,1.5,1,0,0,5,3,0,1,3,3,0.0,0.0,0,15.0,1.0,0.0,100.0,Bahia,Brasileiro,Léo Cittadini (Bahia)
André,BRA,DF,19.0,1.4,1,0,0,2,1,0,9,1,1,0.0,0.0,0,5.0,2.0,0.0,100.0,Bahia,Brasileiro,André (Bahia)
Danilo Fernandes,BRA,GK,34.0,0.4,2,0,0,0,0,0,0,0,0,0.0,0.0,0,1.0,0.0,0.0,0.0,Bahia,Brasileiro,Danilo Fernandes (Bahia)
Diego Rosa,BRA,"MF,DF",20.0,2.7,0,0,0,6,1,0,6,5,10,0.0,0.0,0,24.0,2.0,2.0,50.0,Bahia,Brasileiro,Diego Rosa (Bahia)
Danielzinho,BRA,"FW,MF",27.0,0.9,0,0,0,0,1,0,3,0,1,0.0,0.0,0,5.0,0.0,0.0,0.0,Bahia,Brasileiro,Danielzinho (Bahia)
Mateus Claus,BRA,GK,28.0,0.6,0,0,0,0,0,0,0,0,0,0.0,0.0,0,0.0,0.0,0.0,0.0,Bahia,Brasileiro,Mateus Claus (Bahia)
Marcos Victor,BRA,DF,21.0,0.1,0,0,0,0,0,0,0,0,0,0.0,0.0,0,2.0,0.0,0.0,0.0,Bahia,Brasileiro,Marcos Victor (Bahia)
Patrick Verhon,BRA,FW,18.0,0.0,0,0,0,0,0,0,0,0,0,0.0,0.0,0,0.0,0.0,0.0,0.0,Bahia,Brasileiro,Patrick Verhon (Bahia)
Lucas Perri,BRA,GK,25.0,37.5,1,0,0,0,4,0,0,0,0,0.0,0.0,0,36.0,7.0,2.0,77.8,Botafogo (RJ),Brasileiro,Lucas Perri (Botafogo (RJ))
Víctor Cuesta,ARG,DF,34.0,35.0,9,0,0,33,25,2,30,58,31,0.0,0.0,0,170.0,77.0,41.0,65.3,Botafogo (RJ),Brasileiro,Víctor Cuesta (Botafogo (RJ))
Adryelson,BRA,DF,24.0,33.3,6,1,0,20,19,0,0,61,20,0.0,0.0,0,127.0,92.0,44.0,67.6,Botafogo (RJ),Brasileiro,Adryelson (Botafogo (RJ))
Marlon Freitas,BRA,MF,27.0,32.3,3,0,0,27,9,0,11,40,30,0.0,0.0,1,208.0,31.0,27.0,53.4,Botafogo (RJ),Brasileiro,Marlon Freitas (Botafogo (RJ))
Carlos Eduardo,BRA,MF,33.0,29.7,5,1,0,39,50,0,71,13,11,0.0,0.0,0,97.0,29.0,52.0,35.8,Botafogo (RJ),Brasileiro,Carlos Eduardo (Botafogo (RJ))
Tchê Tchê,BRA,"MF,DF",30.0,29.5,8,0,0,39,50,0,57,13,19,0.0,0.0,0,133.0,5.0,13.0,27.8,Botafogo (RJ),Brasileiro,Tchê Tchê (Botafogo (RJ))
Tiquinho Soares,BRA,FW,32.0,27.1,10,0,0,48,85,15,13,3,10,1.0,0.0,0,89.0,79.0,70.0,53.0,Botafogo (RJ),Brasileiro,Tiquinho Soares (Botafogo (RJ))
Júnior Santos,BRA,FW,28.0,24.0,2,0,0,42,37,5,57,12,24,1.0,0.0,0,109.0,33.0,47.0,41.3,Botafogo (RJ),Brasileiro,Júnior Santos (Botafogo (RJ))
João Victor Santos Sá,BRA,FW,28.0,23.6,3,0,0,31,47,4,40,30,37,1.0,0.0,0,99.0,19.0,43.0,30.6,Botafogo (RJ),Brasileiro,João Victor Santos Sá (Botafogo (RJ))
Leonel Di Plácido,ARG,DF,29.0,26.2,5,0,0,28,14,1,86,48,51,0.0,1.0,0,150.0,21.0,39.0,35.0,Botafogo (RJ),Brasileiro,Leonel Di Plácido (Botafogo (RJ))
Fernando Marçal,BRA,DF,33.0,18.1,8,1,0,39,17,0,111,38,16,0.0,0.0,0,84.0,29.0,23.0,55.8,Botafogo (RJ),Brasileiro,Fernando Marçal (Botafogo (RJ))
Hugo,BRA,DF,21.0,15.5,3,0,0,33,13,0,64,24,31,0.0,0.0,0,70.0,15.0,23.0,39.5,Botafogo (RJ),Brasileiro,Hugo (Botafogo (RJ))
Luis Henrique,BRA,"FW,MF",21.0,15.3,0,0,0,6,9,3,24,4,3,1.0,0.0,0,101.0,2.0,7.0,22.2,Botafogo (RJ),Brasileiro,Luis Henrique (Botafogo (RJ))
Danilo Barbosa,BRA,"MF,DF",26.0,11.2,5,0,0,16,27,1,3,16,9,0.0,0.0,0,77.0,16.0,9.0,64.0,Botafogo (RJ),Brasileiro,Danilo Barbosa (Botafogo (RJ))
Gabriel,BRA,MF,29.0,9.6,2,0,0,19,8,0,22,16,20,0.0,0.0,0,72.0,26.0,13.0,66.7,Botafogo (RJ),Brasileiro,Gabriel (Botafogo (RJ))
Rafael,BRA,DF,32.0,5.4,3,1,1,12,5,0,21,4,12,0.0,0.0,0,31.0,3.0,3.0,50.0,Botafogo (RJ),Brasileiro,Rafael (Botafogo (RJ))
Lucas Fernandes,BRA,MF,25.0,5.3,1,0,0,16,11,0,29,3,1,0.0,0.0,0,20.0,3.0,7.0,30.0,Botafogo (RJ),Brasileiro,Lucas Fernandes (Botafogo (RJ))
Philipe Sampaio,BRA,DF,28.0,5.5,2,0,0,9,5,2,1,6,7,0.0,0.0,0,26.0,22.0,8.0,73.3,Botafogo (RJ),Brasileiro,Philipe Sampaio (Botafogo (RJ))
Gustavo Sauer,BRA,"FW,MF",29.0,2.9,0,0,0,4,4,1,8,3,4,1.0,0.0,0,12.0,2.0,2.0,50.0,Botafogo (RJ),Brasileiro,Gustavo Sauer (Botafogo (RJ))
Diego Costa,ESP,FW,34.0,5.7,6,0,0,15,12,5,8,3,5,0.0,0.0,0,14.0,20.0,28.0,41.7,Botafogo (RJ),Brasileiro,Diego Costa (Botafogo (RJ))
Matias Segovia,PAR,FW,20.0,7.2,2,0,0,5,14,0,20,8,18,0.0,0.0,0,57.0,1.0,5.0,16.7,Botafogo (RJ),Brasileiro,Matias Segovia (Botafogo (RJ))
Janderson,BRA,"FW,MF",23.0,4.6,2,0,0,11,5,1,10,2,5,0.0,0.0,0,29.0,11.0,21.0,34.4,Botafogo (RJ),Brasileiro,Janderson (Botafogo (RJ))
JP Galvão,BRA,DF,21.0,2.2,0,0,0,3,1,0,6,3,5,0.0,0.0,0,10.0,2.0,5.0,28.6,Botafogo (RJ),Brasileiro,JP Galvão (Botafogo (RJ))
Bastos,ANG,DF,31.0,1.3,0,0,0,3,2,0,1,0,2,0.0,0.0,0,2.0,2.0,2.0,50.0,Botafogo (RJ),Brasileiro,Bastos (Botafogo (RJ))
Carlos Alberto,BRA,"FW,MF",20.0,3.3,0,0,0,5,7,0,5,1,0,1.0,0.0,0,14.0,4.0,7.0,36.4,Botafogo (RJ),Brasileiro,Carlos Alberto (Botafogo (RJ))
Matheus Nascimento,BRA,"FW,MF",18.0,1.1,2,0,0,6,3,1,0,0,1,0.0,0.0,0,5.0,2.0,6.0,25.0,Botafogo (RJ),Brasileiro,Matheus Nascimento (Botafogo (RJ))
Luis Segovia,ECU,DF,25.0,1.1,1,0,0,1,1,0,0,0,0,0.0,0.0,0,4.0,1.0,3.0,25.0,Botafogo (RJ),Brasileiro,Luis Segovia (Botafogo (RJ))
Daniel Borges,BRA,DF,29.0,0.5,0,0,0,2,1,0,2,1,2,0.0,0.0,0,2.0,0.0,0.0,0.0,Botafogo (RJ),Brasileiro,Daniel Borges (Botafogo (RJ))
Gatito Fernández,PAR,GK,34.0,0.5,0,0,0,0,0,0,0,0,0,0.0,0.0,0,2.0,0.0,0.0,0.0,Botafogo (RJ),Brasileiro,Gatito Fernández (Botafogo (RJ))
Diego Hernández,URU,FW,22.0,0.5,1,0,0,1,3,0,2,0,1,0.0,0.0,0,2.0,0.0,0.0,0.0,Botafogo (RJ),Brasileiro,Diego Hernández (Botafogo (RJ))
Kayque,BRA,MF,22.0,0.3,1,0,0,1,0,0,0,1,1,0.0,0.0,0,2.0,0.0,0.0,0.0,Botafogo (RJ),Brasileiro,Kayque (Botafogo (RJ))
Mateo Ponte,URU,DF,19.0,0.2,0,0,0,0,0,0,0,1,0,0.0,0.0,0,1.0,0.0,1.0,0.0,Botafogo (RJ),Brasileiro,Mateo Ponte (Botafogo (RJ))
Lucas Piazon,BRA,FW,29.0,0.2,0,0,0,0,0,0,0,0,0,0.0,0.0,0,1.0,0.0,0.0,0.0,Botafogo (RJ),Brasileiro,Lucas Piazon (Botafogo (RJ))
Breno,BRA,MF,22.0,0.1,0,0,0,1,1,0,0,0,0,0.0,0.0,0,2.0,0.0,0.0,0.0,Botafogo (RJ),Brasileiro,Breno (Botafogo (RJ))
Newton,BRA,DF,23.0,0.1,0,0,0,0,0,0,0,0,0,0.0,0.0,0,0.0,0.0,0.0,0.0,Botafogo (RJ),Brasileiro,Newton (Botafogo (RJ))
Rai,BRA,MF,20.0,0.0,0,0,0,0,0,0,0,0,0,0.0,0.0,0,0.0,0.0,0.0,0.0,Botafogo (RJ),Brasileiro,Rai (Botafogo (RJ))
Cleiton Schwengber,BRA,GK,25.0,33.0,7,1,1,1,7,0,0,2,0,0.0,0.0,0,50.0,8.0,2.0,80.0,Bragantino,Brasileiro,Cleiton Schwengber (Bragantino)
Juninho Capixaba,BRA,DF,25.0,31.9,12,0,0,68,61,3,100,79,54,0.0,0.0,0,229.0,57.0,50.0,53.3,Bragantino,Brasileiro,Juninho Capixaba (Bragantino)
Lucas Evangelista,BRA,MF,27.0,30.2,6,0,0,40,70,2,172,26,28,0.0,0.0,0,167.0,66.0,79.0,45.5,Bragantino,Brasileiro,Lucas Evangelista (Bragantino)
Matheus Fernandes,BRA,MF,24.0,26.0,8,0,0,51,29,0,11,32,63,0.0,1.0,0,228.0,25.0,19.0,56.8,Bragantino,Brasileiro,Matheus Fernandes (Bragantino)
Eduardo Sasha,BRA,"FW,MF",30.0,24.8,3,0,0,22,40,10,10,10,5,0.0,0.0,0,84.0,45.0,66.0,40.5,Bragantino,Brasileiro,Eduardo Sasha (Bragantino)
Vitinho,BRA,"FW,MF",23.0,22.8,8,0,0,43,53,5,85,11,21,0.0,0.0,0,99.0,21.0,35.0,37.5,Bragantino,Brasileiro,Vitinho (Bragantino)
Jadsom,BRA,MF,21.0,21.1,8,0,0,45,17,1,22,27,21,0.0,3.0,0,161.0,15.0,19.0,44.1,Bragantino,Brasileiro,Jadsom (Bragantino)
Helinho,BRA,FW,22.0,15.4,8,0,0,25,26,3,120,8,16,0.0,0.0,0,88.0,11.0,10.0,52.4,Bragantino,Brasileiro,Helinho (Bragantino)
Leonardo Realpe,ECU,DF,21.0,18.7,3,1,0,24,6,0,3,25,10,0.0,0.0,0,100.0,46.0,42.0,52.3,Bragantino,Brasileiro,Leonardo Realpe (Bragantino)
Leo Ortiz,BRA,DF,27.0,17.8,3,0,0,12,6,0,5,30,11,0.0,1.0,1,115.0,56.0,19.0,74.7,Bragantino,Brasileiro,Leo Ortiz (Bragantino)
José Hurtado,ECU,DF,21.0,18.0,3,0,0,15,4,2,88,21,26,0.0,0.0,0,113.0,24.0,29.0,45.3,Bragantino,Brasileiro,José Hurtado (Bragantino)
Aderlan Silva,BRA,DF,32.0,15.8,6,1,0,35,9,0,57,26,31,0.0,1.0,0,109.0,25.0,19.0,56.8,Bragantino,Brasileiro,Aderlan Silva (Bragantino)
Eric Ramires,BRA,MF,22.0,15.3,1,1,0,21,16,1,18,12,10,0.0,0.0,0,102.0,10.0,13.0,43.5,Bragantino,Brasileiro,Eric Ramires (Bragantino)
Luan Patrick,BRA,DF,21.0,12.4,3,0,0,11,3,0,1,17,6,0.0,0.0,0,79.0,8.0,18.0,30.8,Bragantino,Brasileiro,Luan Patrick (Bragantino)
Luan Cândido,BRA,DF,21.0,12.0,3,0,0,20,6,1,14,13,12,0.0,0.0,0,43.0,47.0,24.0,66.2,Bragantino,Brasileiro,Luan Cândido (Bragantino)
Eduardo Santos,BRA,DF,25.0,11.3,2,0,0,14,8,0,1,14,9,0.0,0.0,0,71.0,26.0,21.0,55.3,Bragantino,Brasileiro,Eduardo Santos (Bragantino)
Thiago Borbas,URU,FW,20.0,15.9,7,1,0,41,13,3,15,2,9,0.0,0.0,0,47.0,44.0,58.0,43.1,Bragantino,Brasileiro,Thiago Borbas (Bragantino)
Henry Mosquera,COL,"FW,MF",21.0,11.8,1,0,0,29,20,3,32,1,11,0.0,0.0,0,52.0,4.0,12.0,25.0,Bragantino,Brasileiro,Henry Mosquera (Bragantino)
Natan,BRA,DF,21.0,9.3,1,0,0,14,6,1,2,9,5,0.0,0.0,0,50.0,19.0,13.0,59.4,Bragantino,Brasileiro,Natan (Bragantino)
Bruno,BRA,"FW,MF",19.0,7.9,0,0,0,2,8,1,17,2,4,0.0,1.0,0,30.0,0.0,5.0,0.0,Bragantino,Brasileiro,Bruno (Bragantino)
Marcos Vinicios Sorriso,BRA,"FW,DF",21.0,10.4,2,0,0,10,25,4,102,8,15,0.0,0.0,0,68.0,11.0,29.0,27.5,Bragantino,Brasileiro,Marcos Vinicios Sorriso (Bragantino)
Lucão,BRA,GK,21.0,5.0,1,0,0,0,0,0,0,0,0,0.0,0.0,0,4.0,1.0,0.0,100.0,Bragantino,Brasileiro,Lucão (Bragantino)
Gustavinho,BRA,"MF,FW",18.0,7.4,2,0,0,14,5,0,11,7,5,0.0,0.0,0,50.0,10.0,16.0,38.5,Bragantino,Brasileiro,Gustavinho (Bragantino)
Matheus Gonçalves,BRA,"FW,MF",17.0,5.1,3,0,0,6,10,2,11,0,3,2.0,0.0,0,39.0,2.0,6.0,25.0,Bragantino,Brasileiro,Matheus Gonçalves (Bragantino)
Alerrandro,BRA,"FW,MF",23.0,4.5,3,1,0,9,9,5,1,0,2,0.0,0.0,0,6.0,4.0,20.0,16.7,Bragantino,Brasileiro,Alerrandro (Bragantino)
Lucão,BRA,DF,24.0,2.2,1,0,0,4,2,1,0,5,1,0.0,0.0,0,16.0,6.0,11.0,35.3,Bragantino,Brasileiro,Lucão (Bragantino)
Guilherme,BRA,"DF,MF",20.0,2.9,0,0,0,5,0,1,10,3,4,0.0,0.0,0,15.0,2.0,3.0,40.0,Bragantino,Brasileiro,Guilherme (Bragantino)
Ignacio Laquintana,URU,FW,23.0,2.0,0,0,0,3,4,2,6,1,3,0.0,0.0,0,11.0,1.0,0.0,100.0,Bragantino,Brasileiro,Ignacio Laquintana (Bragantino)
Talisson,BRA,FW,20.0,1.7,0,0,0,8,4,0,3,2,1,0.0,1.0,0,8.0,1.0,3.0,25.0,Bragantino,Brasileiro,Talisson (Bragantino)
Raul,BRA,"MF,DF",26.0,1.2,1,0,0,1,1,0,0,1,0,0.0,0.0,0,11.0,1.0,2.0,33.3,Bragantino,Brasileiro,Raul (Bragantino)
Yani Quintero,COL,MF,20.0,1.1,1,0,0,5,1,0,0,1,4,0.0,0.0,0,7.0,3.0,0.0,100.0,Bragantino,Brasileiro,Yani Quintero (Bragantino)
Cipriano,BRA,DF,20.0,0.8,1,0,0,4,0,0,0,2,1,0.0,0.0,0,2.0,0.0,0.0,0.0,Bragantino,Brasileiro,Cipriano (Bragantino)
Lucas Cunha,BRA,DF,26.0,0.8,0,0,0,1,0,0,0,1,0,0.0,0.0,0,1.0,3.0,2.0,60.0,Bragantino,Brasileiro,Lucas Cunha (Bragantino)
Nathan Camargo,BRA,MF,17.0,0.1,0,0,0,0,1,0,0,0,1,0.0,0.0,0,2.0,0.0,0.0,0.0,Bragantino,Brasileiro,Nathan Camargo (Bragantino)
Bruno Praxedes,BRA,MF,20.0,0.1,0,0,0,0,0,1,0,0,0,0.0,0.0,0,0.0,0.0,1.0,0.0,Bragantino,Brasileiro,Bruno Praxedes (Bragantino)
Cássio,BRA,GK,35.0,36.8,2,0,0,1,6,0,0,0,0,0.0,1.0,0,16.0,11.0,1.0,91.7,Corinthians,Brasileiro,Cássio (Corinthians)
Gil,BRA,DF,35.0,32.0,10,0,0,31,8,4,2,27,30,0.0,2.0,0,125.0,75.0,41.0,64.7,Corinthians,Brasileiro,Gil (Corinthians)
Yuri Alberto,BRA,FW,21.0,30.2,6,0,0,66,71,15,13,3,14,1.0,0.0,0,67.0,63.0,79.0,44.4,Corinthians,Brasileiro,Yuri Alberto (Corinthians)
Maycon,BRA,MF,25.0,26.7,4,1,0,27,9,3,32,33,26,0.0,0.0,0,155.0,8.0,25.0,24.2,Corinthians,Brasileiro,Maycon (Corinthians)
Fagner,BRA,DF,33.0,23.3,10,0,0,22,40,0,119,17,27,0.0,0.0,0,132.0,6.0,11.0,35.3,Corinthians,Brasileiro,Fagner (Corinthians)
Fábio Santos,BRA,DF,37.0,18.6,7,0,0,23,26,1,30,19,15,0.0,0.0,0,73.0,27.0,18.0,60.0,Corinthians,Brasileiro,Fábio Santos (Corinthians)
Bruno Méndez,URU,DF,23.0,18.3,5,1,0,18,4,1,14,22,22,0.0,1.0,0,72.0,34.0,23.0,59.6,Corinthians,Brasileiro,Bruno Méndez (Corinthians)
Matheus Bidu,BRA,DF,23.0,18.4,2,0,0,24,37,0,105,31,20,0.0,2.0,0,125.0,27.0,20.0,57.4,Corinthians,Brasileiro,Matheus Bidu (Corinthians)
Giuliano de Paula,BRA,"MF,FW",32.0,18.1,2,0,0,19,17,0,7,13,16,0.0,0.0,0,91.0,14.0,25.0,35.9,Corinthians,Brasileiro,Giuliano de Paula (Corinthians)
Fausto Vera,ARG,MF,22.0,15.3,6,0,0,29,10,1,7,16,12,0.0,0.0,0,96.0,12.0,15.0,44.4,Corinthians,Brasileiro,Fausto Vera (Corinthians)
Renato Augusto,BRA,MF,34.0,14.2,1,0,0,11,24,2,57,8,8,1.0,0.0,0,44.0,9.0,6.0,60.0,Corinthians,Brasileiro,Renato Augusto (Corinthians)
Roger Guedes,BRA,"FW,MF",26.0,15.0,3,0,0,10,42,6,21,1,3,0.0,0.0,0,33.0,22.0,14.0,61.1,Corinthians,Brasileiro,Roger Guedes (Corinthians)
Lucas Veríssimo,BRA,DF,27.0,14.5,4,1,0,15,4,4,0,10,11,0.0,0.0,0,62.0,57.0,28.0,67.1,Corinthians,Brasileiro,Lucas Veríssimo (Corinthians)
Gabriel Moscardo,BRA,MF,17.0,12.6,6,0,0,18,8,0,2,20,22,0.0,0.0,0,69.0,22.0,10.0,68.8,Corinthians,Brasileiro,Gabriel Moscardo (Corinthians)
Caetano,BRA,DF,23.0,13.4,3,0,0,10,8,0,1,19,8,0.0,1.0,0,62.0,17.0,15.0,53.1,Corinthians,Brasileiro,Caetano (Corinthians)
Ángel Romero,PAR,FW,30.0,13.3,2,0,0,8,31,4,63,5,14,0.0,0.0,0,67.0,21.0,25.0,45.7,Corinthians,Brasileiro,Ángel Romero (Corinthians)
Murillo,BRA,DF,20.0,12.9,3,0,0,13,4,0,0,16,9,0.0,0.0,1,79.0,31.0,18.0,63.3,Corinthians,Brasileiro,Murillo (Corinthians)
Ruan Oliveira Ferreira,BRA,"MF,FW",22.0,9.8,3,0,0,19,13,1,44,8,13,1.0,0.0,0,43.0,1.0,10.0,9.1,Corinthians,Brasileiro,Ruan Oliveira Ferreira (Corinthians)
Adson,BRA,"FW,MF",22.0,9.5,0,0,0,11,20,5,10,8,26,0.0,0.0,0,52.0,7.0,4.0,63.6,Corinthians,Brasileiro,Adson (Corinthians)
Wesley Ribeiro,BRA,"FW,MF",17.0,9.6,2,0,0,10,37,1,29,6,11,1.0,0.0,0,45.0,2.0,9.0,18.2,Corinthians,Brasileiro,Wesley Ribeiro (Corinthians)
Budiga Roni,BRA,MF,23.0,7.5,2,0,0,15,3,0,1,6,13,0.0,0.0,0,42.0,3.0,4.0,42.9,Corinthians,Brasileiro,Budiga Roni (Corinthians)
Matías Rojas,PAR,"MF,FW",27.0,7.0,1,0,0,8,4,0,35,1,4,0.0,0.0,0,39.0,5.0,4.0,55.6,Corinthians,Brasileiro,Matías Rojas (Corinthians)
Pedrinho Santos,BRA,"FW,MF",16.0,6.9,1,0,0,12,22,2,16,5,4,1.0,0.0,0,25.0,5.0,12.0,29.4,Corinthians,Brasileiro,Pedrinho Santos (Corinthians)
Guilherme Biro,BRA,"FW,MF",18.0,6.4,2,0,0,14,19,2,13,3,4,0.0,0.0,0,37.0,4.0,8.0,33.3,Corinthians,Brasileiro,Guilherme Biro (Corinthians)
Matheus Araújo,BRA,"MF,FW",20.0,6.5,0,0,0,11,8,1,13,9,7,0.0,0.0,0,44.0,6.0,9.0,40.0,Corinthians,Brasileiro,Matheus Araújo (Corinthians)
Felipe Augusto,BRA,"FW,MF",18.0,3.6,0,0,0,8,10,1,1,1,2,0.0,0.0,0,11.0,12.0,15.0,44.4,Corinthians,Brasileiro,Felipe Augusto (Corinthians)
Víctor Cantillo,COL,MF,29.0,3.0,0,0,0,4,5,0,0,6,6,0.0,0.0,0,18.0,5.0,3.0,62.5,Corinthians,Brasileiro,Víctor Cantillo (Corinthians)
Du Queiroz,BRA,"MF,DF",23.0,2.0,1,0,0,6,1,0,0,3,1,0.0,0.0,0,18.0,1.0,1.0,50.0,Corinthians,Brasileiro,Du Queiroz (Corinthians)
Léo Mana,BRA,DF,18.0,1.5,1,0,0,2,0,0,2,2,2,0.0,0.0,0,6.0,4.0,1.0,80.0,Corinthians,Brasileiro,Léo Mana (Corinthians)
Chrystian Barletta,BRA,MF,21.0,1.4,0,0,0,3,4,0,2,1,3,0.0,0.0,0,0.0,0.0,0.0,0.0,Corinthians,Brasileiro,Chrystian Barletta (Corinthians)
Gustavo Mosquito,BRA,"FW,MF",25.0,3.4,2,0,0,4,10,0,10,1,5,0.0,0.0,0,20.0,4.0,5.0,44.4,Corinthians,Brasileiro,Gustavo Mosquito (Corinthians)
Paulinho,BRA,"MF,FW",34.0,1.6,0,0,0,2,2,0,1,1,3,0.0,0.0,0,8.0,2.0,3.0,40.0,Corinthians,Brasileiro,Paulinho (Corinthians)
Giovane,BRA,FW,19.0,1.5,0,0,0,0,0,1,0,0,0,0.0,0.0,0,4.0,3.0,3.0,50.0,Corinthians,Brasileiro,Giovane (Corinthians)
Carlos Miguel,BRA,GK,24.0,1.2,0,0,0,0,1,0,0,0,0,0.0,0.0,0,1.0,1.0,0.0,100.0,Corinthians,Brasileiro,Carlos Miguel (Corinthians)
Fabián Balbuena,PAR,DF,31.0,1.0,0,0,0,1,0,0,0,3,0,0.0,0.0,0,1.0,4.0,2.0,66.7,Corinthians,Brasileiro,Fabián Balbuena (Corinthians)
Júnior Moraes,UKR,DF,35.0,0.0,0,0,0,0,1,0,0,0,1,0.0,0.0,0,0.0,0.0,1.0,0.0,Corinthians,Brasileiro,Júnior Moraes (Corinthians)
Gabriel,BRA,GK,30.0,30.7,3,0,0,0,4,0,0,0,1,0.0,0.0,0,22.0,9.0,1.0,90.0,Coritiba,Brasileiro,Gabriel (Coritiba)
Robson,BRA,"MF,FW",31.0,26.1,13,0,0,61,48,4,53,20,29,4.0,1.0,0,118.0,58.0,62.0,48.3,Coritiba,Brasileiro,Robson (Coritiba)
Natanael,BRA,DF,21.0,27.8,8,0,0,50,33,5,77,31,63,0.0,1.0,0,160.0,31.0,35.0,47.0,Coritiba,Brasileiro,Natanael (Coritiba)
Marcelino Moreno,ARG,MF,28.0,25.6,6,0,0,25,74,3,157,13,19,1.0,1.0,0,158.0,5.0,23.0,17.9,Coritiba,Brasileiro,Marcelino Moreno (Coritiba)
Bruno Gomes,BRA,MF,21.0,24.4,4,1,0,40,57,2,30,33,28,1.0,1.0,0,115.0,17.0,30.0,36.2,Coritiba,Brasileiro,Bruno Gomes (Coritiba)
Benjamín Kuscevic,CHI,DF,26.0,22.5,7,0,0,27,9,1,2,38,26,0.0,1.0,0,106.0,40.0,39.0,50.6,Coritiba,Brasileiro,Benjamín Kuscevic (Coritiba)
Henrique,BRA,DF,36.0,22.5,7,0,0,22,5,0,0,18,5,0.0,0.0,0,75.0,33.0,34.0,49.3,Coritiba,Brasileiro,Henrique (Coritiba)
Jamerson,BRA,"DF,FW",24.0,21.0,4,1,0,24,12,3,61,28,32,0.0,0.0,0,152.0,26.0,21.0,55.3,Coritiba,Brasileiro,Jamerson (Coritiba)
Sebastián Gómez,COL,MF,26.0,15.9,3,0,0,19,19,2,14,15,14,0.0,0.0,0,84.0,14.0,19.0,42.4,Coritiba,Brasileiro,Sebastián Gómez (Coritiba)
Victor Luis,BRA,DF,29.0,17.4,4,0,0,19,11,0,68,27,21,0.0,1.0,1,91.0,15.0,26.0,36.6,Coritiba,Brasileiro,Victor Luis (Coritiba)
Matheus Bianqui,BRA,MF,25.0,15.8,8,0,0,40,28,3,9,20,25,0.0,0.0,1,79.0,42.0,37.0,53.2,Coritiba,Brasileiro,Matheus Bianqui (Coritiba)
Andrey Ramos do Nascimento,BRA,MF,24.0,12.5,5,0,0,26,16,1,27,20,21,0.0,1.0,0,108.0,14.0,8.0,63.6,Coritiba,Brasileiro,Andrey Ramos do Nascimento (Coritiba)
Willian Farias,BRA,MF,33.0,10.7,5,1,1,14,8,0,1,23,10,0.0,0.0,0,63.0,11.0,9.0,55.0,Coritiba,Brasileiro,Willian Farias (Coritiba)
Thalisson Gabriel,BRA,DF,21.0,10.5,2,0,0,7,5,0,1,11,8,0.0,0.0,0,44.0,22.0,13.0,62.9,Coritiba,Brasileiro,Thalisson Gabriel (Coritiba)
Islam Slimani,ALG,FW,34.0,9.1,2,1,1,12,11,9,2,0,0,0.0,0.0,0,15.0,26.0,21.0,55.3,Coritiba,Brasileiro,Islam Slimani (Coritiba)
Kaio,BRA,"MF,FW",18.0,9.8,4,0,0,24,54,5,17,7,16,0.0,0.0,0,61.0,5.0,16.0,23.8,Coritiba,Brasileiro,Kaio (Coritiba)
Bruno Viana,BRA,DF,27.0,9.0,4,0,0,13,1,0,2,12,6,0.0,0.0,0,40.0,19.0,10.0,65.5,Coritiba,Brasileiro,Bruno Viana (Coritiba)
Alef Manga,BRA,"FW,MF",28.0,8.9,3,0,0,10,11,8,11,3,7,0.0,0.0,0,25.0,11.0,15.0,42.3,Coritiba,Brasileiro,Alef Manga (Coritiba)
Diogo,BRA,"FW,MF",26.0,8.4,2,0,0,18,11,4,7,4,13,0.0,0.0,0,26.0,36.0,29.0,55.4,Coritiba,Brasileiro,Diogo (Coritiba)
Liziero,BRA,MF,24.0,6.5,1,0,0,9,6,0,5,8,10,0.0,0.0,0,39.0,6.0,2.0,75.0,Coritiba,Brasileiro,Liziero (Coritiba)
Zé Roberto,BRA,"FW,MF",29.0,5.8,4,1,1,19,19,1,2,1,4,0.0,0.0,0,22.0,22.0,18.0,55.0,Coritiba,Brasileiro,Zé Roberto (Coritiba)
Thiago Dombroski,BRA,DF,20.0,5.6,4,0,0,10,1,0,0,6,2,0.0,0.0,0,20.0,8.0,5.0,61.5,Coritiba,Brasileiro,Thiago Dombroski (Coritiba)
Jean Pedroso,BRA,DF,19.0,6.5,1,0,0,6,2,0,0,8,9,0.0,1.0,0,26.0,8.0,7.0,53.3,Coritiba,Brasileiro,Jean Pedroso (Coritiba)
Diogo Batista,BRA,"DF,MF",19.0,5.9,1,0,0,11,4,0,14,2,5,0.0,0.0,0,26.0,5.0,6.0,45.5,Coritiba,Brasileiro,Diogo Batista (Coritiba)
Rodrigo Pinho,BRA,FW,31.0,4.3,2,0,0,8,10,4,1,1,1,0.0,0.0,0,7.0,9.0,23.0,28.1,Coritiba,Brasileiro,Rodrigo Pinho (Coritiba)
Maurício Garcez,BRA,"MF,FW",25.0,6.6,0,0,0,7,16,1,9,0,7,0.0,0.0,0,24.0,17.0,27.0,38.6,Coritiba,Brasileiro,Maurício Garcez (Coritiba)
Fransérgio,BRA,MF,32.0,5.9,1,0,0,7,7,1,3,5,4,0.0,0.0,0,33.0,12.0,17.0,41.4,Coritiba,Brasileiro,Fransérgio (Coritiba)
Luan Polli,BRA,GK,29.0,4.3,2,0,0,0,1,0,0,0,0,0.0,0.0,0,2.0,1.0,2.0,33.3,Coritiba,Brasileiro,Luan Polli (Coritiba)
Andreas Samaris,GRE,MF,33.0,2.0,1,0,0,6,2,0,0,4,2,0.0,0.0,0,13.0,1.0,0.0,100.0,Coritiba,Brasileiro,Andreas Samaris (Coritiba)
Gabriel Boschilia,BRA,"MF,FW",26.0,3.8,1,0,0,6,7,0,15,1,5,0.0,0.0,0,26.0,2.0,5.0,28.6,Coritiba,Brasileiro,Gabriel Boschilia (Coritiba)
Hayner,BRA,"DF,MF",27.0,3.4,3,0,0,9,10,0,12,1,4,0.0,0.0,0,19.0,4.0,5.0,44.4,Coritiba,Brasileiro,Hayner (Coritiba)
Jhon Chancellor,VEN,DF,31.0,3.4,0,0,0,2,1,1,0,2,4,0.0,0.0,0,7.0,6.0,7.0,46.2,Coritiba,Brasileiro,Jhon Chancellor (Coritiba)
Pedro Luccas,BRA,GK,19.0,3.0,0,0,0,0,0,0,0,0,0,0.0,0.0,0,1.0,4.0,1.0,80.0,Coritiba,Brasileiro,Pedro Luccas (Coritiba)
Edu,BRA,"FW,MF",29.0,3.6,0,0,0,1,4,2,5,0,0,0.0,0.0,0,10.0,8.0,6.0,57.1,Coritiba,Brasileiro,Edu (Coritiba)
Júnior Urso,BRA,MF,33.0,3.3,2,0,0,4,10,0,1,2,3,0.0,0.0,0,14.0,5.0,4.0,55.6,Coritiba,Brasileiro,Júnior Urso (Coritiba)
Reynaldo Cesar Moraes,BRA,DF,26.0,2.7,3,0,0,7,2,0,2,7,3,0.0,1.0,0,5.0,6.0,6.0,50.0,Coritiba,Brasileiro,Reynaldo Cesar Moraes (Coritiba)
Maurício Antônio,BRA,DF,30.0,2.0,0,0,0,2,0,0,0,5,0,0.0,0.0,0,11.0,4.0,2.0,66.7,Coritiba,Brasileiro,Maurício Antônio (Coritiba)
Marcos Vinicius,BRA,"DF,MF",25.0,1.9,1,0,0,4,2,1,7,4,4,0.0,1.0,0,12.0,3.0,2.0,60.0,Coritiba,Brasileiro,Marcos Vinicius (Coritiba)
William Pottker,BRA,"FW,MF",29.0,1.3,1,0,0,3,3,1,2,1,2,0.0,0.0,0,13.0,2.0,3.0,40.0,Coritiba,Brasileiro,William Pottker (Coritiba)
Gabriel Silva,BRA,"FW,MF",20.0,1.0,0,0,0,0,1,0,0,1,2,0.0,0.0,0,3.0,0.0,4.0,0.0,Coritiba,Brasileiro,Gabriel Silva (Coritiba)
Gustavo Vilar,BRA,DF,22.0,1.0,0,0,0,0,0,0,0,1,0,0.0,0.0,0,6.0,1.0,0.0,100.0,Coritiba,Brasileiro,Gustavo Vilar (Coritiba)
Lucas Barbosa,BRA,"MF,FW",21.0,1.1,0,0,0,7,5,0,1,2,2,0.0,0.0,0,8.0,1.0,4.0,20.0,Coritiba,Brasileiro,Lucas Barbosa (Coritiba)
Jesé,ESP,MF,29.0,1.1,0,0,0,0,0,0,3,0,0,0.0,0.0,0,6.0,1.0,2.0,33.3,Coritiba,Brasileiro,Jesé (Coritiba)
Lucas Ronier,BRA,"FW,MF",18.0,0.6,1,0,0,4,1,0,3,0,1,0.0,0.0,0,3.0,0.0,1.0,0.0,Coritiba,Brasileiro,Lucas Ronier (Coritiba)
Wesley Pombo,BRA,MF,20.0,0.6,1,0,0,2,0,0,1,0,0,0.0,0.0,0,2.0,0.0,1.0,0.0,Coritiba,Brasileiro,Wesley Pombo (Coritiba)
Ruan Lucas,BRA,"MF,FW",18.0,0.3,0,0,0,0,0,0,1,0,0,0.0,0.0,0,1.0,0.0,1.0,0.0,Coritiba,Brasileiro,Ruan Lucas (Coritiba)
Éberth Araújo Nogueira,BRA,FW,19.0,0.3,0,0,0,1,0,0,0,0,0,0.0,0.0,0,0.0,0.0,0.0,0.0,Coritiba,Brasileiro,Éberth Araújo Nogueira (Coritiba)
Rafael Cabral,BRA,GK,32.0,37.0,3,0,0,1,5,0,0,0,0,0.0,1.0,0,20.0,4.0,0.0,100.0,Cruzeiro,Brasileiro,Rafael Cabral (Cruzeiro)
Luciano Castán,BRA,DF,33.0,35.7,7,0,0,25,20,2,3,29,18,0.0,0.0,0,172.0,89.0,66.0,57.4,Cruzeiro,Brasileiro,Luciano Castán (Cruzeiro)
Marlon,BRA,DF,25.0,35.5,7,0,0,41,39,1,166,49,72,0.0,0.0,0,236.0,25.0,39.0,39.1,Cruzeiro,Brasileiro,Marlon (Cruzeiro)
William,BRA,DF,27.0,29.4,6,0,0,44,48,1,140,49,38,0.0,0.0,0,166.0,30.0,28.0,51.7,Cruzeiro,Brasileiro,William (Cruzeiro)
Bruno Nascimento,BRA,"FW,MF",25.0,31.3,4,0,0,25,58,28,80,8,23,2.0,0.0,0,117.0,27.0,56.0,32.5,Cruzeiro,Brasileiro,Bruno Nascimento (Cruzeiro)
Neris,BRA,DF,30.0,23.5,8,0,0,49,11,0,3,35,18,0.0,1.0,0,115.0,59.0,28.0,67.8,Cruzeiro,Brasileiro,Neris (Cruzeiro)
Mateus Vital,BRA,MF,24.0,20.9,0,0,0,17,25,1,42,7,14,0.0,0.0,0,116.0,15.0,22.0,40.5,Cruzeiro,Brasileiro,Mateus Vital (Cruzeiro)
Machado,BRA,MF,27.0,25.3,5,0,0,31,24,1,63,33,23,0.0,0.0,0,147.0,16.0,23.0,41.0,Cruzeiro,Brasileiro,Machado (Cruzeiro)
Wesley,BRA,"FW,MF",23.0,19.7,6,0,0,51,45,3,42,12,23,0.0,0.0,0,98.0,53.0,34.0,60.9,Cruzeiro,Brasileiro,Wesley (Cruzeiro)
Jussa,BRA,MF,26.0,19.6,9,0,0,44,7,0,3,15,23,0.0,0.0,0,100.0,25.0,22.0,53.2,Cruzeiro,Brasileiro,Jussa (Cruzeiro)
Lucas Silva,BRA,MF,29.0,16.4,3,0,0,20,20,1,71,9,18,0.0,0.0,0,104.0,16.0,15.0,51.6,Cruzeiro,Brasileiro,Lucas Silva (Cruzeiro)
Arthur,BRA,"FW,MF",24.0,15.0,3,0,0,25,25,5,29,5,7,0.0,0.0,0,61.0,4.0,13.0,23.5,Cruzeiro,Brasileiro,Arthur (Cruzeiro)
Lucas Oliveira,BRA,DF,26.0,14.6,7,2,2,9,13,0,2,21,10,0.0,0.0,0,79.0,32.0,13.0,71.1,Cruzeiro,Brasileiro,Lucas Oliveira (Cruzeiro)
Gilberto,BRA,FW,33.0,12.1,4,0,0,21,11,4,6,1,8,0.0,0.0,0,24.0,17.0,40.0,29.8,Cruzeiro,Brasileiro,Gilberto (Cruzeiro)
Matheus Pereira,POR,"FW,MF",26.0,11.4,1,0,0,14,21,1,54,6,4,1.0,0.0,0,44.0,11.0,18.0,37.9,Cruzeiro,Brasileiro,Matheus Pereira (Cruzeiro)
Nikão,BRA,"FW,MF",30.0,8.9,1,0,0,12,17,3,42,6,10,0.0,0.0,0,41.0,13.0,11.0,54.2,Cruzeiro,Brasileiro,Nikão (Cruzeiro)
Ian Luccas,BRA,MF,19.0,5.3,2,0,0,13,5,2,2,5,7,0.0,0.0,0,21.0,9.0,14.0,39.1,Cruzeiro,Brasileiro,Ian Luccas (Cruzeiro)
Helibelton Palacios,COL,DF,29.0,7.0,4,0,0,25,6,0,13,5,12,0.0,0.0,0,25.0,15.0,15.0,50.0,Cruzeiro,Brasileiro,Helibelton Palacios (Cruzeiro)
Rafael Elias,BRA,FW,23.0,6.0,3,0,0,16,7,2,6,1,5,0.0,0.0,0,12.0,10.0,26.0,27.8,Cruzeiro,Brasileiro,Rafael Elias (Cruzeiro)
Neto Moura,BRA,MF,26.0,5.5,1,0,0,12,1,1,4,7,3,0.0,0.0,0,28.0,3.0,7.0,30.0,Cruzeiro,Brasileiro,Neto Moura (Cruzeiro)
Ramiro Benetti,BRA,MF,29.0,4.5,3,0,0,7,0,0,4,1,6,0.0,0.0,0,28.0,1.0,10.0,9.1,Cruzeiro,Brasileiro,Ramiro Benetti (Cruzeiro)
Richard,BRA,MF,28.0,3.8,2,0,0,6,7,2,2,7,6,0.0,0.0,0,30.0,7.0,3.0,70.0,Cruzeiro,Brasileiro,Richard (Cruzeiro)
João Wellington,BRA,MF,19.0,4.1,1,0,0,3,8,0,0,1,4,0.0,0.0,0,18.0,6.0,4.0,60.0,Cruzeiro,Brasileiro,João Wellington (Cruzeiro)
Kaiki,BRA,"DF,FW",19.0,2.5,1,0,0,11,7,1,4,5,6,0.0,0.0,0,19.0,2.0,3.0,40.0,Cruzeiro,Brasileiro,Kaiki (Cruzeiro)
Wallisson Luiz,BRA,MF,25.0,4.4,3,0,0,17,9,0,1,7,11,0.0,0.0,0,29.0,9.0,14.0,39.1,Cruzeiro,Brasileiro,Wallisson Luiz (Cruzeiro)
Henrique Dourado,BRA,FW,33.0,3.8,2,0,0,12,9,8,2,0,2,0.0,0.0,0,10.0,15.0,17.0,46.9,Cruzeiro,Brasileiro,Henrique Dourado (Cruzeiro)
Stênio Toledo,BRA,"FW,MF",19.0,3.2,0,0,0,8,2,1,8,3,7,0.0,0.0,0,17.0,3.0,6.0,33.3,Cruzeiro,Brasileiro,Stênio Toledo (Cruzeiro)
Robert,BRA,"MF,FW",17.0,2.1,1,0,0,2,1,1,1,1,2,0.0,0.0,0,9.0,4.0,5.0,44.4,Cruzeiro,Brasileiro,Robert (Cruzeiro)
João Marcelo,BRA,DF,22.0,1.8,0,0,0,1,2,0,0,4,3,0.0,0.0,0,16.0,3.0,4.0,42.9,Cruzeiro,Brasileiro,João Marcelo (Cruzeiro)
Igor Marques,BRA,DF,24.0,1.3,1,0,0,2,0,0,8,1,2,0.0,1.0,0,8.0,2.0,1.0,66.7,Cruzeiro,Brasileiro,Igor Marques (Cruzeiro)
Anderson,BRA,GK,24.0,1.0,2,1,0,0,0,0,0,0,0,0.0,0.0,0,0.0,1.0,0.0,100.0,Cruzeiro,Brasileiro,Anderson (Cruzeiro)
Rafael Bilu,BRA,FW,23.0,1.0,0,0,0,1,4,1,1,1,0,0.0,0.0,0,11.0,1.0,3.0,25.0,Cruzeiro,Brasileiro,Rafael Bilu (Cruzeiro)
Reynaldo Cesar Moraes,BRA,DF,26.0,0.7,0,0,0,2,0,0,0,0,0,0.0,0.0,0,0.0,0.0,3.0,0.0,Cruzeiro,Brasileiro,Reynaldo Cesar Moraes (Cruzeiro)
Fernando Henrique,BRA,MF,21.0,1.5,0,1,0,1,5,0,0,1,2,0.0,0.0,0,5.0,1.0,2.0,33.3,Cruzeiro,Brasileiro,Fernando Henrique (Cruzeiro)
Paulo Vitor,BRA,"MF,DF",23.0,1.4,0,0,0,1,4,0,8,0,2,0.0,0.0,0,8.0,1.0,0.0,100.0,Cruzeiro,Brasileiro,Paulo Vitor (Cruzeiro)
Daniel,BRA,MF,20.0,0.3,0,0,0,1,5,0,1,0,0,0.0,0.0,0,5.0,0.0,2.0,0.0,Cruzeiro,Brasileiro,Daniel (Cruzeiro)
João Pedro,BRA,FW,19.0,0.1,0,0,0,0,0,0,0,0,0,0.0,0.0,0,0.0,0.0,1.0,0.0,Cruzeiro,Brasileiro,João Pedro (Cruzeiro)
Luis,BRA,FW,17.0,0.1,0,0,0,0,0,1,1,1,1,0.0,0.0,0,2.0,0.0,1.0,0.0,Cruzeiro,Brasileiro,Luis (Cruzeiro)
Marllon Borges,BRA,DF,30.0,36.0,7,0,0,28,18,1,1,27,34,0.0,1.0,0,174.0,62.0,35.0,63.9,Cuiabá,Brasileiro,Marllon Borges (Cuiabá)
Walter,BRA,GK,35.0,35.0,3,0,0,1,4,0,0,2,0,0.0,1.0,0,21.0,10.0,0.0,100.0,Cuiabá,Brasileiro,Walter (Cuiabá)
Deyverson,BRA,FW,31.0,32.3,6,0,0,33,72,35,16,8,9,1.0,0.0,0,90.0,136.0,108.0,55.7,Cuiabá,Brasileiro,Deyverson (Cuiabá)
Raniele,BRA,"MF,DF",26.0,32.1,10,0,0,36,67,1,15,37,41,0.0,1.0,0,145.0,86.0,44.0,66.2,Cuiabá,Brasileiro,Raniele (Cuiabá)
Matheus Alexandre,BRA,DF,23.0,33.1,5,0,0,36,12,4,72,42,58,0.0,1.0,0,177.0,39.0,31.0,55.7,Cuiabá,Brasileiro,Matheus Alexandre (Cuiabá)
Alan Empereur,BRA,DF,28.0,32.8,9,0,0,20,17,0,13,27,15,0.0,0.0,1,139.0,46.0,40.0,53.5,Cuiabá,Brasileiro,Alan Empereur (Cuiabá)
Rikelme,BRA,DF,19.0,26.0,3,0,0,24,18,3,84,40,46,0.0,0.0,1,109.0,40.0,23.0,63.5,Cuiabá,Brasileiro,Rikelme (Cuiabá)
Denilson,BRA,MF,21.0,21.2,8,0,0,37,33,0,80,13,30,0.0,0.0,0,151.0,6.0,10.0,37.5,Cuiabá,Brasileiro,Denilson (Cuiabá)
Jonathan Cafu,BRA,"FW,MF",31.0,19.0,5,0,0,34,43,6,49,10,21,2.0,0.0,0,92.0,20.0,31.0,39.2,Cuiabá,Brasileiro,Jonathan Cafu (Cuiabá)
Clayson,BRA,"FW,MF",27.0,18.2,3,1,1,18,44,4,102,8,10,1.0,0.0,0,79.0,8.0,10.0,44.4,Cuiabá,Brasileiro,Clayson (Cuiabá)
Fernando Sobral,BRA,MF,28.0,21.1,7,0,0,36,41,1,48,15,45,1.0,0.0,0,123.0,15.0,12.0,55.6,Cuiabá,Brasileiro,Fernando Sobral (Cuiabá)
Allyson Aires dos Santos,BRA,DF,32.0,12.6,1,0,0,9,15,0,1,8,14,0.0,0.0,0,55.0,28.0,15.0,65.1,Cuiabá,Brasileiro,Allyson Aires dos Santos (Cuiabá)
Wellington Silva,BRA,FW,30.0,14.8,1,0,0,13,39,3,30,6,15,0.0,0.0,0,71.0,7.0,11.0,38.9,Cuiabá,Brasileiro,Wellington Silva (Cuiabá)
Pablo Ceppelini,URU,MF,31.0,11.1,3,0,0,15,14,1,120,9,6,0.0,0.0,0,54.0,5.0,9.0,35.7,Cuiabá,Brasileiro,Pablo Ceppelini (Cuiabá)
Filipe Augusto,BRA,MF,29.0,11.8,6,1,1,26,15,0,35,7,15,0.0,0.0,0,73.0,14.0,15.0,48.3,Cuiabá,Brasileiro,Filipe Augusto (Cuiabá)
Isidro Pitta,PAR,FW,23.0,9.1,0,0,0,22,18,6,18,2,1,0.0,0.0,0,30.0,23.0,24.0,48.9,Cuiabá,Brasileiro,Isidro Pitta (Cuiabá)
Lucas Mineiro,BRA,MF,26.0,6.8,4,0,0,15,10,1,5,4,3,0.0,0.0,0,26.0,11.0,12.0,47.8,Cuiabá,Brasileiro,Lucas Mineiro (Cuiabá)
Derik Lacerda,BRA,"FW,MF",23.0,7.3,0,0,0,20,26,2,8,3,10,2.0,0.0,0,24.0,10.0,9.0,52.6,Cuiabá,Brasileiro,Derik Lacerda (Cuiabá)
Patric Calmon,BRA,DF,28.0,5.8,3,1,1,11,4,1,29,9,9,0.0,0.0,0,22.0,13.0,7.0,65.0,Cuiabá,Brasileiro,Patric Calmon (Cuiabá)
Emerson Negueba,BRA,FW,22.0,5.4,0,0,0,5,14,1,9,3,4,0.0,0.0,0,26.0,7.0,14.0,33.3,Cuiabá,Brasileiro,Emerson Negueba (Cuiabá)
Matheusinho,BRA,DF,24.0,4.8,2,0,0,6,10,0,23,5,8,0.0,0.0,0,34.0,8.0,6.0,57.1,Cuiabá,Brasileiro,Matheusinho (Cuiabá)
Ronald,BRA,MF,25.0,6.5,2,0,0,12,11,0,24,9,9,0.0,0.0,0,56.0,5.0,4.0,55.6,Cuiabá,Brasileiro,Ronald (Cuiabá)
Iury de Castilho,BRA,FW,27.0,4.4,1,0,0,8,11,6,10,1,3,0.0,0.0,0,20.0,9.0,17.0,34.6,Cuiabá,Brasileiro,Iury de Castilho (Cuiabá)
Uendel,BRA,DF,34.0,4.0,1,0,0,3,1,0,17,0,1,0.0,0.0,0,12.0,4.0,3.0,57.1,Cuiabá,Brasileiro,Uendel (Cuiabá)
João Carlos,BRA,GK,34.0,3.0,0,0,0,0,0,0,0,0,0,0.0,0.0,0,0.0,0.0,0.0,0.0,Cuiabá,Brasileiro,João Carlos (Cuiabá)
Nicolás Quagliata,URU,"FW,MF",23.0,2.6,0,0,0,4,3,1,18,0,2,0.0,0.0,0,18.0,0.0,1.0,0.0,Cuiabá,Brasileiro,Nicolás Quagliata (Cuiabá)
Pablinho,BRA,FW,19.0,0.4,0,0,0,0,2,0,0,0,2,0.0,0.0,0,1.0,1.0,0.0,100.0,Cuiabá,Brasileiro,Pablinho (Cuiabá)
Rafael Gava,BRA,MF,29.0,0.2,0,0,0,1,1,0,1,0,0,0.0,0.0,0,1.0,0.0,0.0,0.0,Cuiabá,Brasileiro,Rafael Gava (Cuiabá)
Vitão,BRA,DF,22.0,0.1,0,0,0,0,0,0,0,0,0,0.0,0.0,0,0.0,0.0,2.0,0.0,Cuiabá,Brasileiro,Vitão (Cuiabá)
Ricardo,BRA,MF,20.0,0.1,0,0,0,0,1,0,0,0,0,0.0,0.0,0,1.0,0.0,0.0,0.0,Cuiabá,Brasileiro,Ricardo (Cuiabá)
Fabrício Bruno,BRA,DF,26.0,34.0,8,0,0,14,17,0,14,25,28,0.0,0.0,0,169.0,47.0,29.0,61.8,Flamengo,Brasileiro,Fabrício Bruno (Flamengo)
Léo Pereira,BRA,DF,27.0,29.4,6,0,0,28,24,1,11,29,29,0.0,1.0,0,163.0,58.0,19.0,75.3,Flamengo,Brasileiro,Léo Pereira (Flamengo)
Gerson,BRA,MF,25.0,29.9,4,1,0,49,74,4,32,15,22,1.0,1.0,0,159.0,22.0,37.0,37.3,Flamengo,Brasileiro,Gerson (Flamengo)
Ayrton Lucas,BRA,DF,25.0,28.8,8,0,0,41,47,0,72,14,45,1.0,0.0,0,172.0,31.0,28.0,52.5,Flamengo,Brasileiro,Ayrton Lucas (Flamengo)
Wesley,BRA,DF,19.0,27.9,3,0,0,50,45,9,65,40,48,2.0,1.0,0,162.0,41.0,36.0,53.2,Flamengo,Brasileiro,Wesley (Flamengo)
Pedro,BRA,FW,25.0,23.9,1,0,0,18,20,2,4,8,13,1.0,0.0,0,57.0,24.0,37.0,39.3,Flamengo,Brasileiro,Pedro (Flamengo)
Thiago Maia,BRA,MF,25.0,23.3,7,0,0,36,7,0,9,29,31,0.0,1.0,0,155.0,26.0,22.0,54.2,Flamengo,Brasileiro,Thiago Maia (Flamengo)
Erick Pulgar,CHI,MF,29.0,22.2,9,0,0,47,14,3,18,25,26,0.0,0.0,0,139.0,28.0,22.0,56.0,Flamengo,Brasileiro,Erick Pulgar (Flamengo)
Giorgian De Arrascaeta,URU,"MF,FW",28.0,20.5,3,0,0,22,41,4,119,7,24,1.0,0.0,0,93.0,14.0,18.0,43.8,Flamengo,Brasileiro,Giorgian De Arrascaeta (Flamengo)
Everton Soares,BRA,"FW,MF",26.0,19.3,0,0,0,21,26,7,76,11,22,1.0,0.0,0,78.0,15.0,29.0,34.1,Flamengo,Brasileiro,Everton Soares (Flamengo)
Matheus Cunha,BRA,GK,21.0,17.6,1,0,0,0,4,0,0,0,0,0.0,0.0,0,16.0,2.0,0.0,100.0,Flamengo,Brasileiro,Matheus Cunha (Flamengo)
Gabriel Barbosa,BRA,FW,26.0,17.1,7,2,0,12,15,7,25,2,1,0.0,0.0,0,32.0,3.0,10.0,23.1,Flamengo,Brasileiro,Gabriel Barbosa (Flamengo)
Everton Ribeiro,BRA,"FW,MF",33.0,16.4,3,0,0,18,40,1,58,11,12,0.0,1.0,0,89.0,3.0,11.0,21.4,Flamengo,Brasileiro,Everton Ribeiro (Flamengo)
Agustín Rossi,ARG,GK,27.0,15.0,1,0,0,0,1,0,0,0,0,0.0,0.0,0,17.0,3.0,1.0,75.0,Flamengo,Brasileiro,Agustín Rossi (Flamengo)
Bruno Henrique,BRA,"FW,MF",32.0,17.1,7,1,0,34,47,9,30,3,21,1.0,0.0,0,53.0,37.0,33.0,52.9,Flamengo,Brasileiro,Bruno Henrique (Flamengo)
Victor Hugo,BRA,"MF,FW",18.0,14.2,2,0,0,12,23,1,11,13,19,0.0,0.0,0,61.0,16.0,18.0,47.1,Flamengo,Brasileiro,Victor Hugo (Flamengo)
David Luiz,BRA,DF,35.0,11.0,1,0,0,15,3,0,5,10,9,0.0,0.0,0,60.0,21.0,9.0,70.0,Flamengo,Brasileiro,David Luiz (Flamengo)
Luiz Araújo,BRA,"FW,MF",26.0,8.7,2,1,0,19,26,1,37,7,16,1.0,0.0,0,43.0,8.0,5.0,61.5,Flamengo,Brasileiro,Luiz Araújo (Flamengo)
Matheuzinho,BRA,DF,22.0,6.9,2,0,0,5,6,0,16,7,9,0.0,0.0,0,27.0,7.0,6.0,53.8,Flamengo,Brasileiro,Matheuzinho (Flamengo)
Filipe Luís,BRA,DF,37.0,5.9,3,0,0,5,8,1,7,11,9,0.0,1.0,0,30.0,4.0,7.0,36.4,Flamengo,Brasileiro,Filipe Luís (Flamengo)
Santos,BRA,GK,32.0,5.4,0,0,0,0,1,0,0,0,0,0.0,0.0,0,8.0,0.0,0.0,0.0,Flamengo,Brasileiro,Santos (Flamengo)
Matheus França,BRA,"MF,FW",18.0,4.1,0,0,0,9,4,0,8,5,6,0.0,0.0,0,18.0,6.0,3.0,66.7,Flamengo,Brasileiro,Matheus França (Flamengo)
Allan,BRA,MF,25.0,5.4,1,0,0,10,9,0,3,9,5,0.0,0.0,0,37.0,2.0,3.0,40.0,Flamengo,Brasileiro,Allan (Flamengo)
Pablo,BRA,DF,31.0,4.7,1,0,0,7,2,0,0,7,3,0.0,0.0,0,23.0,21.0,7.0,75.0,Flamengo,Brasileiro,Pablo (Flamengo)
Guillermo Varela,URU,DF,29.0,2.6,0,0,0,7,2,0,10,5,1,0.0,1.0,0,8.0,3.0,4.0,42.9,Flamengo,Brasileiro,Guillermo Varela (Flamengo)
Arturo Vidal,CHI,"MF,DF",35.0,2.8,2,0,0,4,5,0,3,2,5,0.0,0.0,0,13.0,6.0,6.0,50.0,Flamengo,Brasileiro,Arturo Vidal (Flamengo)
Marinho,BRA,"FW,DF",32.0,0.9,1,0,0,2,0,1,4,0,2,0.0,0.0,0,7.0,0.0,0.0,0.0,Flamengo,Brasileiro,Marinho (Flamengo)
Igor,BRA,MF,19.0,0.9,1,0,0,5,4,0,0,3,1,0.0,0.0,0,8.0,2.0,1.0,66.7,Flamengo,Brasileiro,Igor (Flamengo)
Rodrigo Caio,BRA,"MF,DF",29.0,0.7,0,0,0,1,2,0,0,0,2,0.0,0.0,0,4.0,1.0,2.0,33.3,Flamengo,Brasileiro,Rodrigo Caio (Flamengo)
Pedrinho,BRA,FW,19.0,0.2,0,0,0,0,0,0,2,1,0,0.0,0.0,0,0.0,2.0,1.0,66.7,Flamengo,Brasileiro,Pedrinho (Flamengo)
Matheus Gonçalves,BRA,"FW,MF",17.0,0.2,0,0,0,1,2,0,1,0,0,0.0,0.0,0,1.0,0.0,0.0,0.0,Flamengo,Brasileiro,Matheus Gonçalves (Flamengo)
André Inácio,BRA,FW,20.0,0.2,1,0,0,1,0,0,0,0,2,0.0,0.0,0,0.0,1.0,1.0,50.0,Flamengo,Brasileiro,André Inácio (Flamengo)
Fábio,BRA,GK,42.0,35.0,3,0,0,0,2,0,0,0,0,0.0,0.0,0,32.0,12.0,1.0,92.3,Fluminense,Brasileiro,Fábio (Fluminense)
André,BRA,"MF,DF",21.0,29.4,11,1,0,41,49,0,5,31,37,0.0,0.0,0,214.0,12.0,14.0,46.2,Fluminense,Brasileiro,André (Fluminense)
Germán Cano,ARG,FW,34.0,27.4,8,0,0,33,12,17,21,6,9,0.0,0.0,0,73.0,10.0,20.0,33.3,Fluminense,Brasileiro,Germán Cano (Fluminense)
Lima,BRA,"MF,FW",26.0,28.1,8,0,0,37,74,5,57,21,20,0.0,0.0,0,167.0,15.0,27.0,35.7,Fluminense,Brasileiro,Lima (Fluminense)
Jhon Arias,COL,"FW,MF",25.0,26.5,5,1,0,41,72,9,158,9,31,1.0,0.0,0,141.0,17.0,32.0,34.7,Fluminense,Brasileiro,Jhon Arias (Fluminense)
Nino,BRA,DF,25.0,23.9,5,2,0,24,25,0,7,22,6,0.0,0.0,0,124.0,68.0,34.0,66.7,Fluminense,Brasileiro,Nino (Fluminense)
Samuel Xavier,BRA,DF,32.0,23.4,7,0,0,22,40,4,32,16,18,0.0,0.0,0,116.0,17.0,33.0,34.0,Fluminense,Brasileiro,Samuel Xavier (Fluminense)
Ganso,BRA,MF,33.0,19.3,5,0,0,16,30,1,46,6,17,0.0,0.0,0,71.0,8.0,9.0,47.1,Fluminense,Brasileiro,Ganso (Fluminense)
Martinelli,BRA,"MF,DF",21.0,20.9,5,1,1,39,23,1,7,13,24,0.0,0.0,0,103.0,13.0,24.0,35.1,Fluminense,Brasileiro,Martinelli (Fluminense)
Keno,BRA,"FW,MF",33.0,17.9,5,0,0,17,27,6,96,10,15,1.0,0.0,0,62.0,13.0,18.0,41.9,Fluminense,Brasileiro,Keno (Fluminense)
Marcelo,BRA,DF,34.0,14.7,4,0,0,8,27,1,85,12,19,0.0,0.0,0,72.0,7.0,8.0,46.7,Fluminense,Brasileiro,Marcelo (Fluminense)
Felipe Melo,BRA,DF,39.0,11.0,10,1,1,13,9,0,1,8,10,0.0,1.0,0,57.0,26.0,16.0,61.9,Fluminense,Brasileiro,Felipe Melo (Fluminense)
Guga,BRA,DF,24.0,16.8,4,0,0,19,20,0,36,14,21,0.0,1.0,1,72.0,25.0,20.0,55.6,Fluminense,Brasileiro,Guga (Fluminense)
John Kennedy,BRA,"FW,MF",20.0,15.2,10,0,0,26,28,8,4,3,9,2.0,0.0,0,42.0,19.0,18.0,51.4,Fluminense,Brasileiro,John Kennedy (Fluminense)
Alexsander,BRA,"MF,DF",19.0,13.3,3,0,0,27,19,1,17,10,19,0.0,1.0,0,74.0,11.0,14.0,44.0,Fluminense,Brasileiro,Alexsander (Fluminense)
Marlon,BRA,DF,27.0,10.4,5,0,0,18,2,0,3,9,5,0.0,1.0,0,45.0,21.0,13.0,61.8,Fluminense,Brasileiro,Marlon (Fluminense)
Diogo Barbosa,BRA,DF,30.0,12.4,1,0,0,4,15,3,22,10,11,0.0,0.0,0,43.0,9.0,11.0,45.0,Fluminense,Brasileiro,Diogo Barbosa (Fluminense)
David Braz,BRA,DF,35.0,9.6,2,0,0,13,7,1,1,8,8,0.0,0.0,0,41.0,29.0,26.0,52.7,Fluminense,Brasileiro,David Braz (Fluminense)
Thiago dos Santos,BRA,"DF,MF",33.0,9.1,7,1,1,19,9,0,3,16,14,0.0,0.0,0,41.0,23.0,9.0,71.9,Fluminense,Brasileiro,Thiago dos Santos (Fluminense)
Lelê,BRA,"FW,MF",25.0,12.7,5,1,1,32,12,11,6,3,11,0.0,0.0,0,45.0,30.0,57.0,34.5,Fluminense,Brasileiro,Lelê (Fluminense)
Leonardo Fernández,URU,"MF,FW",24.0,7.3,2,0,0,15,23,0,68,4,5,0.0,0.0,0,42.0,3.0,1.0,75.0,Fluminense,Brasileiro,Leonardo Fernández (Fluminense)
Danielzinho,BRA,MF,27.0,6.8,1,0,0,8,13,0,10,9,9,0.0,0.0,0,38.0,0.0,4.0,0.0,Fluminense,Brasileiro,Danielzinho (Fluminense)
Yony González,COL,"FW,MF",28.0,6.4,1,0,0,11,3,5,7,2,5,0.0,0.0,0,15.0,21.0,17.0,55.3,Fluminense,Brasileiro,Yony González (Fluminense)
Gabriel Pirani,BRA,"MF,FW",20.0,4.4,1,0,0,6,9,0,4,2,5,0.0,1.0,0,17.0,0.0,4.0,0.0,Fluminense,Brasileiro,Gabriel Pirani (Fluminense)
Manoel,BRA,DF,32.0,3.2,1,0,0,2,1,0,0,2,3,0.0,1.0,0,12.0,2.0,8.0,20.0,Fluminense,Brasileiro,Manoel (Fluminense)
Pedro Rangel,BRA,GK,22.0,2.0,1,0,0,0,0,0,0,0,0,0.0,0.0,0,2.0,1.0,0.0,100.0,Fluminense,Brasileiro,Pedro Rangel (Fluminense)
Felipe Vieira,,DF,,2.3,0,0,0,2,0,0,2,4,1,0.0,0.0,0,12.0,3.0,3.0,50.0,Fluminense,Brasileiro,Felipe Vieira (Fluminense)
Vitor Mendes,BRA,DF,23.0,1.2,1,0,0,1,0,0,0,1,0,0.0,0.0,0,3.0,6.0,1.0,85.7,Fluminense,Brasileiro,Vitor Mendes (Fluminense)
Giovanni,BRA,"MF,DF",21.0,1.1,1,0,0,4,3,0,2,1,0,0.0,0.0,0,7.0,2.0,3.0,40.0,Fluminense,Brasileiro,Giovanni (Fluminense)
Vitor Eudes,BRA,GK,24.0,1.0,0,0,0,0,0,0,0,0,0,0.0,0.0,0,1.0,0.0,0.0,0.0,Fluminense,Brasileiro,Vitor Eudes (Fluminense)
Justen,BRA,DF,19.0,0.6,0,1,0,4,1,0,0,2,1,0.0,0.0,0,2.0,2.0,0.0,100.0,Fluminense,Brasileiro,Justen (Fluminense)
Alan Carvalho,CHN,MF,33.0,0.5,0,0,0,0,0,0,0,0,0,0.0,0.0,0,3.0,1.0,1.0,50.0,Fluminense,Brasileiro,Alan Carvalho (Fluminense)
Isaac,BRA,"MF,DF",18.0,1.5,0,0,0,3,5,0,2,3,4,0.0,0.0,0,11.0,1.0,3.0,25.0,Fluminense,Brasileiro,Isaac (Fluminense)
João Neto,BRA,"MF,DF",19.0,0.6,0,0,0,1,0,1,3,0,1,0.0,0.0,0,0.0,0.0,1.0,0.0,Fluminense,Brasileiro,João Neto (Fluminense)
Arthur,BRA,"DF,FW",18.0,0.2,0,0,0,0,0,0,1,0,1,0.0,0.0,0,1.0,0.0,0.0,0.0,Fluminense,Brasileiro,Arthur (Fluminense)
Alexandre Jesus,BRA,DF,21.0,0.1,0,0,0,0,0,1,0,1,0,0.0,0.0,0,1.0,0.0,0.0,0.0,Fluminense,Brasileiro,Alexandre Jesus (Fluminense)
Rafael Monteiro,BRA,MF,18.0,0.0,0,0,0,0,0,0,1,0,0,0.0,0.0,0,0.0,0.0,0.0,0.0,Fluminense,Brasileiro,Rafael Monteiro (Fluminense)
João Ricardo Riedi,BRA,GK,34.0,31.9,5,0,0,1,11,0,0,1,0,0.0,1.0,0,19.0,6.0,0.0,100.0,Fortaleza,Brasileiro,João Ricardo Riedi (Fortaleza)
Titi,BRA,DF,34.0,31.6,11,0,0,43,29,1,7,34,35,0.0,3.0,0,146.0,61.0,52.0,54.0,Fortaleza,Brasileiro,Titi (Fortaleza)
Caio Alexandre,BRA,MF,23.0,29.2,4,0,0,56,42,4,27,24,42,0.0,0.0,0,188.0,8.0,20.0,28.6,Fortaleza,Brasileiro,Caio Alexandre (Fortaleza)
Emanuel Brítez,ARG,DF,30.0,30.7,11,1,1,44,26,6,11,31,25,0.0,1.0,1,155.0,81.0,49.0,62.3,Fortaleza,Brasileiro,Emanuel Brítez (Fortaleza)
Bruno Pacheco,BRA,DF,31.0,29.7,5,0,0,54,53,1,55,39,45,0.0,0.0,0,131.0,52.0,35.0,59.8,Fortaleza,Brasileiro,Bruno Pacheco (Fortaleza)
Guilherme Tinga,BRA,DF,29.0,28.7,0,0,0,12,10,3,86,41,31,0.0,0.0,0,162.0,91.0,47.0,65.9,Fortaleza,Brasileiro,Guilherme Tinga (Fortaleza)
Tomas Pochettino,ARG,"MF,FW",26.0,22.1,2,0,0,22,19,2,113,17,22,0.0,0.0,0,93.0,12.0,26.0,31.6,Fortaleza,Brasileiro,Tomas Pochettino (Fortaleza)
Juan Martín Lucero,ARG,FW,31.0,23.0,2,0,0,32,32,20,10,4,7,2.0,0.0,0,45.0,24.0,50.0,32.4,Fortaleza,Brasileiro,Juan Martín Lucero (Fortaleza)
Thiago Galhardo,BRA,"FW,MF",33.0,20.8,6,0,0,14,30,10,9,8,11,0.0,0.0,0,63.0,33.0,56.0,37.1,Fortaleza,Brasileiro,Thiago Galhardo (Fortaleza)
José Welison,BRA,MF,27.0,18.6,9,0,0,42,20,1,33,23,30,0.0,0.0,0,131.0,42.0,18.0,70.0,Fortaleza,Brasileiro,José Welison (Fortaleza)
Yago Pikachu,BRA,"FW,MF",30.0,19.5,5,0,0,11,29,4,61,13,14,0.0,0.0,0,85.0,5.0,23.0,17.9,Fortaleza,Brasileiro,Yago Pikachu (Fortaleza)
Calebe,BRA,"MF,FW",22.0,16.4,2,0,0,11,52,3,67,6,10,0.0,0.0,0,83.0,2.0,15.0,11.8,Fortaleza,Brasileiro,Calebe (Fortaleza)
Guilherme,BRA,"FW,MF",27.0,15.7,3,0,0,12,31,5,71,16,13,0.0,0.0,0,76.0,24.0,35.0,40.7,Fortaleza,Brasileiro,Guilherme (Fortaleza)
Marinho,BRA,"FW,MF",32.0,12.7,5,0,0,19,67,7,69,3,8,3.0,0.0,0,52.0,4.0,14.0,22.2,Fortaleza,Brasileiro,Marinho (Fortaleza)
Marcelo,BRA,DF,27.0,12.0,3,0,0,14,8,1,0,17,12,0.0,1.0,0,60.0,33.0,15.0,68.8,Fortaleza,Brasileiro,Marcelo (Fortaleza)
Lucas Sasha,BRA,MF,32.0,11.3,3,0,0,32,14,1,8,27,40,0.0,0.0,0,82.0,6.0,12.0,33.3,Fortaleza,Brasileiro,Lucas Sasha (Fortaleza)
Hércules,BRA,MF,22.0,8.6,1,0,0,15,7,2,14,5,18,0.0,0.0,0,44.0,5.0,11.0,31.3,Fortaleza,Brasileiro,Hércules (Fortaleza)
Imanol Machuca,ARG,FW,23.0,7.5,4,0,0,13,6,4,49,3,10,0.0,0.0,0,24.0,5.0,5.0,50.0,Fortaleza,Brasileiro,Imanol Machuca (Fortaleza)
Gonzalo Escobar,ARG,DF,25.0,6.4,4,0,0,17,7,0,22,15,14,0.0,1.0,0,38.0,12.0,4.0,75.0,Fortaleza,Brasileiro,Gonzalo Escobar (Fortaleza)
Pedro Borges,BRA,"MF,FW",25.0,6.3,2,0,0,21,14,0,1,4,12,0.0,0.0,0,40.0,11.0,13.0,45.8,Fortaleza,Brasileiro,Pedro Borges (Fortaleza)
Lucas Crispim,BRA,"MF,DF",28.0,5.4,0,0,0,6,7,1,12,3,5,0.0,0.0,0,27.0,8.0,5.0,61.5,Fortaleza,Brasileiro,Lucas Crispim (Fortaleza)
Fernando Miguel,BRA,GK,37.0,5.1,0,0,0,0,0,0,0,1,0,0.0,0.0,0,3.0,2.0,0.0,100.0,Fortaleza,Brasileiro,Fernando Miguel (Fortaleza)
Moises,BRA,"MF,FW",26.0,4.1,1,0,0,2,3,2,9,3,3,0.0,0.0,0,18.0,6.0,5.0,54.5,Fortaleza,Brasileiro,Moises (Fortaleza)
Luis Eduardo Marques dos Santos,BRA,DF,25.0,4.3,1,0,0,4,0,0,19,6,7,0.0,0.0,0,29.0,0.0,3.0,0.0,Fortaleza,Brasileiro,Luis Eduardo Marques dos Santos (Fortaleza)
Tobias Figueiredo,POR,DF,28.0,3.8,0,0,0,4,2,0,0,2,1,0.0,0.0,1,16.0,13.0,6.0,68.4,Fortaleza,Brasileiro,Tobias Figueiredo (Fortaleza)
Silvio Romero,ARG,FW,34.0,4.4,2,0,0,8,4,6,6,0,2,0.0,0.0,0,13.0,6.0,9.0,40.0,Fortaleza,Brasileiro,Silvio Romero (Fortaleza)
Romarinho,BRA,"FW,MF",28.0,3.2,0,0,0,2,6,0,8,1,1,0.0,0.0,0,20.0,1.0,1.0,50.0,Fortaleza,Brasileiro,Romarinho (Fortaleza)
Brayan Ceballos,COL,DF,21.0,2.3,2,0,0,2,1,0,0,2,2,0.0,0.0,0,17.0,9.0,1.0,90.0,Fortaleza,Brasileiro,Brayan Ceballos (Fortaleza)
Maurício Kozlinski,BRA,GK,31.0,1.0,0,0,0,0,0,0,0,0,0,0.0,0.0,0,1.0,1.0,0.0,100.0,Fortaleza,Brasileiro,Maurício Kozlinski (Fortaleza)
Vinícius Zanocelo,BRA,"MF,FW",22.0,0.9,1,0,0,3,0,0,1,3,1,0.0,0.0,0,14.0,3.0,2.0,60.0,Fortaleza,Brasileiro,Vinícius Zanocelo (Fortaleza)
Pedro Rocha Neves,BRA,FW,28.0,0.4,1,0,0,2,2,0,1,0,0,0.0,0.0,0,0.0,0.0,0.0,0.0,Fortaleza,Brasileiro,Pedro Rocha Neves (Fortaleza)
Kauan,BRA,FW,17.0,0.1,0,0,0,1,1,0,0,0,0,0.0,0.0,0,1.0,1.0,0.0,100.0,Fortaleza,Brasileiro,Kauan (Fortaleza)
Tadeu,BRA,GK,30.0,35.0,1,0,0,0,11,0,0,0,0,0.0,0.0,0,22.0,12.0,3.0,80.0,Goiás,Brasileiro,Tadeu (Goiás)
Maguinho,BRA,DF,30.0,31.7,11,2,2,78,30,3,57,39,32,1.0,1.0,0,113.0,77.0,74.0,51.0,Goiás,Brasileiro,Maguinho (Goiás)
Bruno Melo,BRA,DF,30.0,32.1,10,0,0,24,18,4,4,17,13,1.0,1.0,0,111.0,54.0,55.0,49.5,Goiás,Brasileiro,Bruno Melo (Goiás)
Everton Morelli,BRA,MF,25.0,28.7,6,0,0,59,63,3,16,28,48,0.0,1.0,0,166.0,23.0,20.0,53.5,Goiás,Brasileiro,Everton Morelli (Goiás)
Lucas Halter,BRA,DF,22.0,28.7,8,2,0,25,10,4,4,38,31,0.0,1.0,0,138.0,60.0,23.0,72.3,Goiás,Brasileiro,Lucas Halter (Goiás)
Willian,BRA,MF,29.0,24.4,7,0,0,34,31,0,2,50,31,0.0,0.0,0,145.0,39.0,26.0,60.0,Goiás,Brasileiro,Willian (Goiás)
Guilherme,BRA,MF,31.0,20.6,7,1,0,42,17,4,153,12,16,0.0,0.0,0,86.0,11.0,23.0,32.4,Goiás,Brasileiro,Guilherme (Goiás)
Julián Palacios,ARG,"FW,MF",23.0,18.1,7,0,0,36,56,3,88,12,16,1.0,0.0,0,76.0,9.0,30.0,23.1,Goiás,Brasileiro,Julián Palacios (Goiás)
Anderson,BRA,"FW,MF",24.0,14.3,1,0,0,25,21,1,19,3,16,0.0,0.0,0,89.0,3.0,14.0,17.6,Goiás,Brasileiro,Anderson (Goiás)
Sander,BRA,DF,32.0,17.1,1,0,0,23,37,1,111,23,24,0.0,0.0,0,100.0,35.0,27.0,56.5,Goiás,Brasileiro,Sander (Goiás)
Hugo,BRA,DF,25.0,15.8,2,0,0,34,10,3,46,21,18,0.0,0.0,0,73.0,30.0,12.0,71.4,Goiás,Brasileiro,Hugo (Goiás)
Allano,BRA,FW,27.0,13.7,5,0,0,21,42,5,13,12,20,0.0,0.0,0,80.0,27.0,20.0,57.4,Goiás,Brasileiro,Allano (Goiás)
Vinícius,BRA,FW,29.0,13.0,1,0,0,19,14,4,55,12,13,0.0,0.0,0,60.0,10.0,11.0,47.6,Goiás,Brasileiro,Vinícius (Goiás)
Zé Ricardo,BRA,MF,23.0,11.9,5,0,0,33,39,0,4,15,14,0.0,0.0,0,74.0,13.0,7.0,65.0,Goiás,Brasileiro,Zé Ricardo (Goiás)
João Magno,BRA,FW,25.0,10.9,2,0,0,26,17,10,3,2,4,1.0,0.0,0,29.0,47.0,75.0,38.5,Goiás,Brasileiro,João Magno (Goiás)
Dieguinho,BRA,"DF,FW",27.0,12.0,3,0,0,11,37,1,27,12,18,0.0,0.0,0,80.0,7.0,15.0,31.8,Goiás,Brasileiro,Dieguinho (Goiás)
Sidimar,BRA,DF,30.0,11.2,2,0,0,9,8,1,1,11,6,0.0,0.0,1,34.0,37.0,14.0,72.5,Goiás,Brasileiro,Sidimar (Goiás)
Matheus Peixoto,BRA,FW,27.0,9.8,2,0,0,16,18,7,3,4,5,0.0,0.0,0,18.0,30.0,35.0,46.2,Goiás,Brasileiro,Matheus Peixoto (Goiás)
Matheus Babi,BRA,FW,25.0,9.8,5,0,0,23,22,9,1,1,4,0.0,0.0,0,28.0,44.0,55.0,44.4,Goiás,Brasileiro,Matheus Babi (Goiás)
Raphael Guzzo,POR,MF,28.0,6.4,4,1,1,12,4,2,11,2,3,0.0,0.0,0,30.0,3.0,10.0,23.1,Goiás,Brasileiro,Raphael Guzzo (Goiás)
Luis Oyama,BRA,MF,26.0,6.2,1,0,0,5,9,0,2,8,5,0.0,0.0,0,38.0,5.0,3.0,62.5,Goiás,Brasileiro,Luis Oyama (Goiás)
Bruno Araújo dos Santos,BRA,DF,29.0,5.0,3,0,0,14,8,0,7,7,6,0.0,0.0,0,27.0,9.0,7.0,56.3,Goiás,Brasileiro,Bruno Araújo dos Santos (Goiás)
EDU,BRA,DF,22.0,4.8,1,0,0,7,9,0,1,4,2,0.0,1.0,0,26.0,3.0,4.0,42.9,Goiás,Brasileiro,EDU (Goiás)
Diego Gonçalves,BRA,"FW,MF",28.0,4.0,1,0,0,7,9,1,6,2,3,0.0,0.0,0,11.0,10.0,12.0,45.5,Goiás,Brasileiro,Diego Gonçalves (Goiás)
Alesson,BRA,"FW,MF",23.0,7.3,3,0,0,11,9,10,23,1,10,0.0,0.0,0,31.0,14.0,15.0,48.3,Goiás,Brasileiro,Alesson (Goiás)
Marcelo Rangel,BRA,GK,34.0,3.0,0,0,0,0,0,0,0,0,0,0.0,0.0,0,1.0,0.0,0.0,0.0,Goiás,Brasileiro,Marcelo Rangel (Goiás)
Apodi,BRA,"FW,MF",36.0,4.2,3,0,0,12,3,5,6,2,4,1.0,0.0,0,8.0,9.0,8.0,52.9,Goiás,Brasileiro,Apodi (Goiás)
Higor,BRA,MF,28.0,2.5,0,0,0,7,1,0,1,3,2,0.0,0.0,0,17.0,2.0,4.0,33.3,Goiás,Brasileiro,Higor (Goiás)
Pedro Oliveira,BRA,"FW,MF",18.0,2.2,0,0,0,2,2,0,1,0,5,0.0,0.0,0,4.0,0.0,4.0,0.0,Goiás,Brasileiro,Pedro Oliveira (Goiás)
Matheus Santos,BRA,"FW,MF",24.0,2.2,1,0,0,1,3,2,6,1,1,0.0,0.0,0,9.0,0.0,1.0,0.0,Goiás,Brasileiro,Matheus Santos (Goiás)
Gabriel Novaes,BRA,FW,23.0,1.1,0,0,0,3,1,1,0,0,1,0.0,0.0,0,4.0,1.0,4.0,20.0,Goiás,Brasileiro,Gabriel Novaes (Goiás)
Dodô,BRA,"MF,FW",21.0,3.6,1,0,0,7,13,0,22,1,4,0.0,0.0,0,26.0,0.0,7.0,0.0,Goiás,Brasileiro,Dodô (Goiás)
Philippe Costa,BRA,FW,22.0,1.2,0,0,0,1,1,1,0,0,0,0.0,0.0,0,3.0,3.0,5.0,37.5,Goiás,Brasileiro,Philippe Costa (Goiás)
Breno Herculano,BRA,"FW,MF",23.0,0.9,0,0,0,3,1,0,1,0,0,0.0,0.0,0,4.0,3.0,4.0,42.9,Goiás,Brasileiro,Breno Herculano (Goiás)
Xavier,BRA,DF,22.0,0.7,0,0,0,0,1,0,2,1,4,0.0,0.0,0,0.0,0.0,0.0,0.0,Goiás,Brasileiro,Xavier (Goiás)
Lucas Emmanuel,BRA,FW,22.0,0.6,0,0,0,3,0,0,0,0,0,0.0,0.0,0,1.0,2.0,3.0,40.0,Goiás,Brasileiro,Lucas Emmanuel (Goiás)
Mina,BRA,DF,19.0,0.5,0,0,0,0,0,0,0,0,0,0.0,0.0,0,1.0,1.0,0.0,100.0,Goiás,Brasileiro,Mina (Goiás)
Simioni,BRA,MF,19.0,0.5,1,0,0,2,1,0,0,2,1,0.0,0.0,0,4.0,0.0,0.0,0.0,Goiás,Brasileiro,Simioni (Goiás)
Fellipe Bastos,BRA,MF,32.0,0.4,1,0,0,0,0,0,2,1,0,0.0,0.0,0,2.0,0.0,0.0,0.0,Goiás,Brasileiro,Fellipe Bastos (Goiás)
Halerrandrio dos Santos,BRA,MF,16.0,0.3,0,0,0,0,1,1,2,0,2,0.0,0.0,0,3.0,0.0,0.0,0.0,Goiás,Brasileiro,Halerrandrio dos Santos (Goiás)
Denzel,BRA,FW,20.0,0.3,0,0,0,0,0,0,0,0,0,0.0,0.0,0,0.0,0.0,2.0,0.0,Goiás,Brasileiro,Denzel (Goiás)
Jhonny Lucas,BRA,MF,22.0,0.2,1,0,0,2,0,0,1,0,0,0.0,0.0,0,2.0,0.0,1.0,0.0,Goiás,Brasileiro,Jhonny Lucas (Goiás)
Luis Suárez,URU,FW,36.0,32.0,8,0,0,31,76,25,31,4,5,1.0,0.0,0,74.0,26.0,37.0,41.3,Grêmio,Brasileiro,Luis Suárez (Grêmio)
Gabriel Chapecó,BRA,GK,22.0,31.0,5,0,0,0,8,0,0,1,0,0.0,0.0,0,26.0,5.0,0.0,100.0,Grêmio,Brasileiro,Gabriel Chapecó (Grêmio)
Franco Cristaldo,ARG,"MF,FW",26.0,23.7,0,0,0,11,39,6,119,12,18,2.0,1.0,0,111.0,26.0,48.0,35.1,Grêmio,Brasileiro,Franco Cristaldo (Grêmio)
Reinaldo,BRA,DF,33.0,29.8,11,2,1,34,28,3,152,16,21,0.0,1.0,0,159.0,18.0,19.0,48.6,Grêmio,Brasileiro,Reinaldo (Grêmio)
Mathías Villasanti,PAR,MF,26.0,29.4,8,1,1,55,31,1,3,34,58,0.0,1.0,0,239.0,15.0,20.0,42.9,Grêmio,Brasileiro,Mathías Villasanti (Grêmio)
Walter Kannemann,ARG,DF,31.0,26.2,17,1,1,47,29,0,2,45,33,0.0,0.0,0,116.0,67.0,35.0,65.7,Grêmio,Brasileiro,Walter Kannemann (Grêmio)
Bruno Fabiano Alves,BRA,DF,31.0,27.2,3,1,0,24,17,2,4,29,17,0.0,0.0,0,107.0,46.0,29.0,61.3,Grêmio,Brasileiro,Bruno Fabiano Alves (Grêmio)
João Pedro,BRA,DF,26.0,23.1,1,0,0,19,19,0,31,13,17,0.0,0.0,1,103.0,20.0,24.0,45.5,Grêmio,Brasileiro,João Pedro (Grêmio)
Felipe Carballo,URU,MF,26.0,17.1,3,0,0,20,6,0,14,18,16,0.0,0.0,0,117.0,18.0,14.0,56.3,Grêmio,Brasileiro,Felipe Carballo (Grêmio)
Bitelo,BRA,"MF,FW",23.0,17.2,1,0,0,13,56,3,35,20,21,0.0,0.0,0,129.0,9.0,18.0,33.3,Grêmio,Brasileiro,Bitelo (Grêmio)
Bruno Uvini,BRA,DF,31.0,16.1,4,0,0,14,7,0,0,22,11,0.0,1.0,0,56.0,42.0,37.0,53.2,Grêmio,Brasileiro,Bruno Uvini (Grêmio)
João Pedro Pepê,BRA,MF,25.0,15.5,1,0,0,29,54,1,19,16,31,0.0,0.0,0,106.0,14.0,20.0,41.2,Grêmio,Brasileiro,João Pedro Pepê (Grêmio)
Fábio,BRA,"DF,MF",32.0,9.7,5,0,0,14,6,0,40,9,18,0.0,0.0,0,38.0,17.0,17.0,50.0,Grêmio,Brasileiro,Fábio (Grêmio)
João Pedro,ITA,FW,30.0,6.8,1,0,0,19,9,3,1,4,4,0.0,0.0,0,24.0,17.0,30.0,36.2,Grêmio,Brasileiro,João Pedro (Grêmio)
Everton,BRA,"FW,MF",25.0,13.5,2,0,0,13,10,0,13,12,7,0.0,0.0,0,63.0,12.0,31.0,27.9,Grêmio,Brasileiro,Everton (Grêmio)
Rodrigo Ely,BRA,DF,29.0,7.4,4,0,0,10,4,1,0,3,2,0.0,1.0,0,24.0,12.0,16.0,42.9,Grêmio,Brasileiro,Rodrigo Ely (Grêmio)
Vinícius,BRA,FW,31.0,7.3,2,0,0,4,11,1,4,7,1,0.0,0.0,0,45.0,10.0,8.0,55.6,Grêmio,Brasileiro,Vinícius (Grêmio)
Nathan,BRA,"MF,FW",26.0,7.6,3,0,0,15,15,1,9,8,6,0.0,0.0,0,43.0,6.0,9.0,40.0,Grêmio,Brasileiro,Nathan (Grêmio)
Ferreira,BRA,"FW,MF",25.0,12.7,2,0,0,9,32,2,28,7,13,1.0,0.0,0,88.0,6.0,8.0,42.9,Grêmio,Brasileiro,Ferreira (Grêmio)
Pedro Geromel,BRA,DF,37.0,5.2,2,0,0,3,2,0,3,8,4,0.0,0.0,0,35.0,6.0,10.0,37.5,Grêmio,Brasileiro,Pedro Geromel (Grêmio)
Gustavo Martins Santos,BRA,"DF,MF",20.0,7.7,5,0,0,14,5,2,3,5,13,0.0,0.0,0,33.0,25.0,6.0,80.6,Grêmio,Brasileiro,Gustavo Martins Santos (Grêmio)
Cuiabano,BRA,"DF,MF",19.0,5.4,3,0,0,18,11,2,20,11,7,0.0,0.0,0,34.0,11.0,15.0,42.3,Grêmio,Brasileiro,Cuiabano (Grêmio)
Ronald,BRA,MF,19.0,4.6,1,0,0,5,4,0,2,3,4,0.0,0.0,0,27.0,11.0,6.0,64.7,Grêmio,Brasileiro,Ronald (Grêmio)
Lucas Besozzi,ARG,"FW,MF",20.0,4.4,1,0,0,4,6,0,12,5,2,0.0,0.0,0,30.0,3.0,3.0,50.0,Grêmio,Brasileiro,Lucas Besozzi (Grêmio)
Diogo Barbosa,BRA,DF,30.0,4.3,1,0,0,4,5,1,5,5,4,0.0,0.0,0,27.0,6.0,8.0,42.9,Grêmio,Brasileiro,Diogo Barbosa (Grêmio)
Caíque,BRA,GK,25.0,4.0,0,0,0,0,1,0,0,0,0,0.0,0.0,0,1.0,3.0,0.0,100.0,Grêmio,Brasileiro,Caíque (Grêmio)
Lucas Milla,BRA,MF,20.0,3.4,2,0,0,9,3,0,1,4,4,0.0,0.0,0,16.0,9.0,9.0,50.0,Grêmio,Brasileiro,Lucas Milla (Grêmio)
Thomas Luciano,BRA,DF,21.0,3.5,0,0,0,9,6,1,4,7,7,0.0,0.0,0,17.0,5.0,2.0,71.4,Grêmio,Brasileiro,Thomas Luciano (Grêmio)
Lucas Silva,BRA,MF,29.0,2.5,0,0,0,3,4,0,1,1,6,0.0,0.0,0,33.0,3.0,7.0,30.0,Grêmio,Brasileiro,Lucas Silva (Grêmio)
Nathan Fernandes,BRA,"FW,MF",17.0,4.2,1,0,0,8,9,1,4,1,1,0.0,0.0,0,21.0,1.0,8.0,11.1,Grêmio,Brasileiro,Nathan Fernandes (Grêmio)
Adriel,BRA,GK,22.0,2.0,1,0,0,0,1,0,0,0,0,0.0,0.0,0,3.0,0.0,0.0,0.0,Grêmio,Brasileiro,Adriel (Grêmio)
Andre Martins,BRA,"FW,MF",21.0,4.1,1,0,0,8,7,0,3,1,9,0.0,0.0,0,15.0,20.0,24.0,45.5,Grêmio,Brasileiro,Andre Martins (Grêmio)
Zinho,BRA,"FW,MF",19.0,2.7,0,0,0,2,3,1,3,1,2,0.0,0.0,0,21.0,0.0,5.0,0.0,Grêmio,Brasileiro,Zinho (Grêmio)
Josué,BRA,MF,17.0,1.3,1,0,0,3,2,0,1,6,0,0.0,0.0,0,12.0,2.0,1.0,66.7,Grêmio,Brasileiro,Josué (Grêmio)
Brenno,BRA,GK,23.0,1.0,0,0,0,0,0,0,0,0,0,0.0,0.0,0,1.0,1.0,0.0,100.0,Grêmio,Brasileiro,Brenno (Grêmio)
Wesley,BRA,DF,19.0,1.0,0,0,0,2,0,0,1,1,2,0.0,0.0,0,6.0,0.0,0.0,0.0,Grêmio,Brasileiro,Wesley (Grêmio)
Juan Iturbe,PAR,"FW,MF",29.0,0.8,0,0,0,5,2,2,2,2,5,0.0,0.0,0,4.0,4.0,1.0,80.0,Grêmio,Brasileiro,Juan Iturbe (Grêmio)
Luan Vieira,BRA,"FW,MF",29.0,0.6,0,0,0,0,1,0,4,0,1,0.0,0.0,0,4.0,1.0,2.0,33.3,Grêmio,Brasileiro,Luan Vieira (Grêmio)
Darlan Mendes,BRA,MF,24.0,0.5,1,0,0,0,0,0,0,0,1,0.0,0.0,0,2.0,0.0,0.0,0.0,Grêmio,Brasileiro,Darlan Mendes (Grêmio)
Gustavinho,BRA,"FW,MF",21.0,0.4,0,0,0,0,4,0,3,0,0,0.0,0.0,0,5.0,0.0,2.0,0.0,Grêmio,Brasileiro,Gustavinho (Grêmio)
Freddy Noguera,PAR,FW,19.0,0.3,0,0,0,0,1,0,0,0,0,0.0,0.0,0,2.0,0.0,7.0,0.0,Grêmio,Brasileiro,Freddy Noguera (Grêmio)
Nata,BRA,"FW,DF",21.0,0.2,1,0,0,2,1,0,0,0,0,0.0,0.0,0,1.0,2.0,1.0,66.7,Grêmio,Brasileiro,Nata (Grêmio)
Lian,BRA,MF,17.0,0.1,0,0,0,0,0,0,0,0,0,0.0,0.0,0,0.0,0.0,0.0,0.0,Grêmio,Brasileiro,Lian (Grêmio)
João Vitor,BRA,MF,17.0,0.1,0,0,0,0,2,0,0,0,1,0.0,0.0,0,1.0,1.0,0.0,100.0,Grêmio,Brasileiro,João Vitor (Grêmio)
Fabricio Bustos,ARG,DF,26.0,27.8,4,0,0,34,26,1,56,16,48,0.0,0.0,0,140.0,16.0,35.0,31.4,Internacional,Brasileiro,Fabricio Bustos (Internacional)
Alan Patrick,BRA,"MF,FW",31.0,27.2,6,0,0,31,56,6,107,9,8,0.0,0.0,0,115.0,5.0,31.0,13.9,Internacional,Brasileiro,Alan Patrick (Internacional)
Wanderson,BRA,"FW,MF",28.0,26.0,3,0,0,27,25,1,74,16,24,0.0,0.0,0,129.0,6.0,21.0,22.2,Internacional,Brasileiro,Wanderson (Internacional)
Gabriel Mercado,ARG,DF,35.0,24.2,13,1,1,35,9,0,1,23,18,0.0,1.0,0,94.0,40.0,38.0,51.3,Internacional,Brasileiro,Gabriel Mercado (Internacional)
Vitão,BRA,DF,22.0,22.7,5,1,0,14,7,0,2,16,14,0.0,0.0,0,95.0,42.0,33.0,56.0,Internacional,Brasileiro,Vitão (Internacional)
Renê,BRA,DF,30.0,25.4,5,0,0,21,33,1,30,36,33,0.0,0.0,0,194.0,34.0,34.0,50.0,Internacional,Brasileiro,Renê (Internacional)
Mauricio,BRA,"FW,MF",21.0,19.6,4,0,0,17,32,4,34,10,11,1.0,0.0,0,97.0,11.0,13.0,45.8,Internacional,Brasileiro,Mauricio (Internacional)
Johnny Cardoso,USA,MF,21.0,17.9,7,0,0,26,26,2,4,31,23,0.0,1.0,0,89.0,27.0,24.0,52.9,Internacional,Brasileiro,Johnny Cardoso (Internacional)
Sergio Rochet,URU,GK,29.0,19.0,4,0,0,0,10,0,0,0,0,0.0,0.0,0,16.0,5.0,0.0,100.0,Internacional,Brasileiro,Sergio Rochet (Internacional)
Enner Valencia,ECU,FW,33.0,16.0,4,0,0,24,32,22,19,2,3,1.0,0.0,0,26.0,24.0,60.0,28.6,Internacional,Brasileiro,Enner Valencia (Internacional)
Luiz Adriano,BRA,FW,35.0,14.8,1,1,0,14,21,3,0,9,7,0.0,0.0,0,30.0,25.0,33.0,43.1,Internacional,Brasileiro,Luiz Adriano (Internacional)
Carlos de Pena,URU,"MF,FW",30.0,15.8,6,1,1,22,15,0,55,21,13,0.0,1.0,0,82.0,18.0,13.0,58.1,Internacional,Brasileiro,Carlos de Pena (Internacional)
Charles Aránguiz,CHI,MF,33.0,14.1,3,0,0,19,18,0,7,10,16,0.0,0.0,0,72.0,14.0,7.0,66.7,Internacional,Brasileiro,Charles Aránguiz (Internacional)
Igor Gomes,BRA,DF,21.0,16.3,4,0,0,14,12,0,28,15,25,0.0,1.0,0,103.0,20.0,20.0,50.0,Internacional,Brasileiro,Igor Gomes (Internacional)
Pedro Henrique,BRA,"FW,MF",32.0,14.1,4,0,0,40,20,16,45,5,20,1.0,0.0,0,44.0,29.0,34.0,46.0,Internacional,Brasileiro,Pedro Henrique (Internacional)
Nicolás Hernández,COL,DF,25.0,14.4,6,0,0,14,8,0,5,9,6,1.0,0.0,1,68.0,16.0,22.0,42.1,Internacional,Brasileiro,Nicolás Hernández (Internacional)
Romulo,BRA,"MF,DF",22.0,13.5,2,0,0,18,27,1,10,17,17,0.0,0.0,0,59.0,23.0,17.0,57.5,Internacional,Brasileiro,Romulo (Internacional)
Bruno Henrique,BRA,MF,33.0,11.7,3,0,0,29,24,0,37,5,7,0.0,0.0,0,65.0,10.0,16.0,38.5,Internacional,Brasileiro,Bruno Henrique (Internacional)
Keiller,BRA,GK,26.0,10.0,2,0,0,1,2,0,0,0,0,0.0,1.0,0,4.0,4.0,0.0,100.0,Internacional,Brasileiro,Keiller (Internacional)
John,BRA,GK,26.0,9.0,1,0,0,0,3,0,0,1,0,0.0,0.0,0,8.0,5.0,1.0,83.3,Internacional,Brasileiro,John (Internacional)
Gabriel,BRA,MF,30.0,8.5,2,0,0,12,6,0,2,12,13,0.0,0.0,0,50.0,7.0,9.0,43.8,Internacional,Brasileiro,Gabriel (Internacional)
Gustavo Campanharo,BRA,MF,30.0,7.7,6,0,0,24,9,0,2,12,16,0.0,0.0,0,44.0,7.0,7.0,50.0,Internacional,Brasileiro,Gustavo Campanharo (Internacional)
Dalbert Henrique,BRA,DF,29.0,5.5,0,0,0,12,7,0,14,6,12,0.0,1.0,0,35.0,8.0,4.0,66.7,Internacional,Brasileiro,Dalbert Henrique (Internacional)
Matheus Dias,BRA,"MF,FW",25.0,4.5,5,0,0,16,4,0,10,7,8,0.0,0.0,0,24.0,14.0,7.0,66.7,Internacional,Brasileiro,Matheus Dias (Internacional)
Rodrigo Moledo,BRA,DF,35.0,5.3,3,0,0,2,3,1,1,3,2,0.0,0.0,0,13.0,7.0,8.0,46.7,Internacional,Brasileiro,Rodrigo Moledo (Internacional)
Lucca Holanda,BRA,FW,19.0,6.1,2,1,0,12,13,0,6,4,5,0.0,0.0,0,17.0,9.0,32.0,22.0,Internacional,Brasileiro,Lucca Holanda (Internacional)
Alexandre Alemão,BRA,FW,24.0,3.8,2,0,0,12,14,1,2,1,5,0.0,0.0,0,17.0,6.0,18.0,25.0,Internacional,Brasileiro,Alexandre Alemão (Internacional)
Thauan Lara,BRA,"DF,MF",19.0,3.7,1,0,0,5,14,0,21,4,6,0.0,0.0,0,23.0,4.0,4.0,50.0,Internacional,Brasileiro,Thauan Lara (Internacional)
Hugo Mallo,ESP,DF,31.0,3.6,1,1,0,5,5,0,6,6,3,0.0,0.0,0,16.0,7.0,7.0,50.0,Internacional,Brasileiro,Hugo Mallo (Internacional)
Gabriel Baralhas,BRA,MF,24.0,2.6,0,0,0,5,3,0,1,5,5,0.0,0.0,0,20.0,2.0,2.0,50.0,Internacional,Brasileiro,Gabriel Baralhas (Internacional)
Gabriel Barros,BRA,"FW,MF",21.0,2.0,1,0,0,4,0,0,3,2,1,0.0,0.0,0,10.0,2.0,2.0,50.0,Internacional,Brasileiro,Gabriel Barros (Internacional)
Jean Dias,BRA,"FW,MF",32.0,3.6,1,0,0,6,12,1,22,2,1,0.0,0.0,0,16.0,2.0,10.0,16.7,Internacional,Brasileiro,Jean Dias (Internacional)
João Dalla Corte,BRA,DF,16.0,0.2,0,0,0,2,0,0,3,1,0,0.0,1.0,0,1.0,0.0,0.0,0.0,Internacional,Brasileiro,João Dalla Corte (Internacional)
Estevão,BRA,MF,20.0,0.1,0,0,0,1,1,0,0,0,1,0.0,0.0,0,0.0,0.0,0.0,0.0,Internacional,Brasileiro,Estevão (Internacional)
Lucas Ramos,BRA,FW,22.0,0.0,0,0,0,0,0,0,0,0,0,0.0,0.0,0,0.0,0.0,0.0,0.0,Internacional,Brasileiro,Lucas Ramos (Internacional)
Wéverton,BRA,GK,35.0,35.0,2,0,0,0,6,0,0,1,0,0.0,0.0,0,25.0,9.0,2.0,81.8,Palmeiras,Brasileiro,Wéverton (Palmeiras)
Gustavo Gómez,PAR,DF,29.0,30.7,10,2,0,37,23,10,11,28,28,0.0,0.0,0,145.0,114.0,61.0,65.1,Palmeiras,Brasileiro,Gustavo Gómez (Palmeiras)
Zé Rafael,BRA,MF,29.0,28.5,10,0,0,62,66,1,11,23,51,1.0,0.0,0,215.0,20.0,26.0,43.5,Palmeiras,Brasileiro,Zé Rafael (Palmeiras)
Raphael Veiga,BRA,MF,27.0,27.3,5,0,0,34,61,6,223,7,13,0.0,0.0,0,88.0,13.0,22.0,37.1,Palmeiras,Brasileiro,Raphael Veiga (Palmeiras)
Joaquín Piquerez,URU,DF,24.0,28.1,5,0,0,14,24,2,123,29,33,0.0,0.0,1,169.0,25.0,20.0,55.6,Palmeiras,Brasileiro,Joaquín Piquerez (Palmeiras)
Mayke,BRA,"DF,FW",30.0,27.8,7,0,0,37,16,4,117,43,31,0.0,0.0,0,149.0,15.0,27.0,35.7,Palmeiras,Brasileiro,Mayke (Palmeiras)
Murilo Cerqueira,BRA,DF,25.0,24.1,6,1,1,32,10,2,1,28,21,0.0,0.0,0,113.0,41.0,26.0,61.2,Palmeiras,Brasileiro,Murilo Cerqueira (Palmeiras)
Artur,BRA,FW,24.0,21.1,2,0,0,14,36,8,81,7,10,0.0,0.0,0,86.0,10.0,14.0,41.7,Palmeiras,Brasileiro,Artur (Palmeiras)
Luan Garcia,BRA,DF,29.0,20.2,5,0,0,29,17,3,6,26,6,0.0,1.0,0,94.0,56.0,23.0,70.9,Palmeiras,Brasileiro,Luan Garcia (Palmeiras)
Gabriel Menino,BRA,MF,22.0,17.7,5,0,0,40,28,2,55,15,24,0.0,0.0,0,111.0,17.0,19.0,47.2,Palmeiras,Brasileiro,Gabriel Menino (Palmeiras)
Richard Ríos,COL,MF,22.0,20.6,6,0,0,52,39,2,26,19,33,0.0,1.0,0,129.0,20.0,16.0,55.6,Palmeiras,Brasileiro,Richard Ríos (Palmeiras)
Rony,BRA,FW,27.0,18.2,3,0,0,21,29,25,22,2,8,0.0,1.0,0,34.0,28.0,56.0,33.3,Palmeiras,Brasileiro,Rony (Palmeiras)
Endrick,BRA,FW,16.0,17.3,4,0,0,44,43,2,18,1,6,1.0,0.0,0,44.0,14.0,36.0,28.0,Palmeiras,Brasileiro,Endrick (Palmeiras)
Marcos Rocha,BRA,DF,34.0,14.0,1,0,0,20,11,1,26,8,24,0.0,1.0,0,83.0,3.0,4.0,42.9,Palmeiras,Brasileiro,Marcos Rocha (Palmeiras)
Breno,BRA,FW,27.0,15.2,1,0,0,11,45,13,29,4,11,0.0,0.0,0,68.0,20.0,23.0,46.5,Palmeiras,Brasileiro,Breno (Palmeiras)
Dudu,BRA,FW,31.0,12.0,0,0,0,9,40,3,39,6,4,0.0,0.0,0,56.0,5.0,5.0,50.0,Palmeiras,Brasileiro,Dudu (Palmeiras)
Vanderlan,BRA,DF,20.0,10.1,5,0,0,20,5,1,28,12,18,0.0,0.0,0,48.0,5.0,15.0,25.0,Palmeiras,Brasileiro,Vanderlan (Palmeiras)
Jhonatan Jowjow,BRA,"MF,FW",20.0,9.9,5,0,0,21,13,3,26,9,15,0.0,0.0,0,52.0,8.0,21.0,27.6,Palmeiras,Brasileiro,Jhonatan Jowjow (Palmeiras)
José López,ARG,"FW,MF",22.0,6.6,3,0,0,17,15,4,8,4,4,1.0,0.0,0,26.0,35.0,29.0,54.7,Palmeiras,Brasileiro,José López (Palmeiras)
Kaiky Naves,BRA,"DF,FW",20.0,5.8,1,0,0,9,2,0,0,4,9,0.0,0.0,0,20.0,4.0,6.0,40.0,Palmeiras,Brasileiro,Kaiky Naves (Palmeiras)
Luis Guilherme,BRA,"FW,MF",16.0,6.4,0,0,0,11,21,3,32,6,1,0.0,0.0,0,24.0,5.0,4.0,55.6,Palmeiras,Brasileiro,Luis Guilherme (Palmeiras)
Fabinho,BRA,MF,20.0,6.5,2,0,0,23,16,0,2,7,20,0.0,0.0,0,41.0,9.0,7.0,56.3,Palmeiras,Brasileiro,Fabinho (Palmeiras)
García,BRA,DF,21.0,3.3,3,1,1,6,3,1,13,3,1,0.0,1.0,0,10.0,5.0,5.0,50.0,Palmeiras,Brasileiro,García (Palmeiras)
Marcelo Lomba,BRA,GK,36.0,3.0,0,0,0,0,0,0,0,0,0,0.0,0.0,0,0.0,1.0,1.0,50.0,Palmeiras,Brasileiro,Marcelo Lomba (Palmeiras)
Kevin,BRA,"FW,DF",20.0,2.6,2,0,0,7,5,1,9,3,4,0.0,0.0,0,16.0,1.0,2.0,33.3,Palmeiras,Brasileiro,Kevin (Palmeiras)
Jailson Siqueira,BRA,"MF,DF",27.0,1.8,0,0,0,4,1,0,0,2,3,0.0,0.0,0,8.0,3.0,10.0,23.1,Palmeiras,Brasileiro,Jailson Siqueira (Palmeiras)
Rafael Navarro,BRA,FW,22.0,1.4,1,0,0,6,2,2,0,1,0,0.0,0.0,0,4.0,4.0,8.0,33.3,Palmeiras,Brasileiro,Rafael Navarro (Palmeiras)
Bruno Tabata,BRA,"MF,FW",25.0,1.4,0,0,0,3,6,1,10,0,1,0.0,0.0,0,9.0,1.0,2.0,33.3,Palmeiras,Brasileiro,Bruno Tabata (Palmeiras)
Ian Custódio,BRA,DF,19.0,0.2,0,0,0,0,1,0,0,0,0,0.0,0.0,0,2.0,0.0,0.0,0.0,Palmeiras,Brasileiro,Ian Custódio (Palmeiras)
Giovani,BRA,FW,19.0,0.2,0,0,0,0,1,0,1,0,0,0.0,0.0,0,1.0,0.0,0.0,0.0,Palmeiras,Brasileiro,Giovani (Palmeiras)
Estevão,BRA,FW,16.0,0.1,0,0,0,0,0,0,0,0,1,0.0,0.0,0,0.0,0.0,0.0,0.0,Palmeiras,Brasileiro,Estevão (Palmeiras)
Eduard Atuesta,COL,MF,25.0,0.1,0,0,0,0,0,0,0,0,0,0.0,0.0,0,0.0,0.0,0.0,0.0,Palmeiras,Brasileiro,Eduard Atuesta (Palmeiras)
Kauan Santos,BRA,FW,18.0,0.0,0,0,0,0,0,0,0,0,0,0.0,0.0,0,0.0,0.0,0.0,0.0,Palmeiras,Brasileiro,Kauan Santos (Palmeiras)
João Paulo,BRA,GK,27.0,35.7,6,0,0,1,4,0,0,0,1,0.0,1.0,0,43.0,7.0,1.0,87.5,Santos,Brasileiro,João Paulo (Santos)
Joaquim,BRA,DF,24.0,30.3,6,0,0,26,21,0,7,46,45,1.0,1.0,0,140.0,144.0,55.0,72.4,Santos,Brasileiro,Joaquim (Santos)
Marcos Leonardo,BRA,FW,19.0,28.8,3,0,0,37,60,25,11,2,3,1.0,0.0,0,47.0,28.0,69.0,28.9,Santos,Brasileiro,Marcos Leonardo (Santos)
Lucas Lima,BRA,"MF,FW",32.0,24.5,6,1,0,44,45,7,137,3,41,0.0,0.0,0,146.0,12.0,12.0,50.0,Santos,Brasileiro,Lucas Lima (Santos)
Messias,BRA,DF,28.0,26.6,2,0,0,21,9,1,0,36,15,0.0,1.0,0,93.0,88.0,43.0,67.2,Santos,Brasileiro,Messias (Santos)
Rodrigo Fernández,URU,MF,27.0,22.4,12,1,0,67,18,1,7,17,29,0.0,0.0,0,132.0,21.0,20.0,51.2,Santos,Brasileiro,Rodrigo Fernández (Santos)
Lucas Braga,BRA,"DF,FW",26.0,22.1,5,1,1,21,41,4,39,11,21,0.0,0.0,0,88.0,13.0,22.0,37.1,Santos,Brasileiro,Lucas Braga (Santos)
Jean Lucas,BRA,MF,24.0,20.1,4,0,0,34,40,2,80,14,22,0.0,0.0,1,123.0,13.0,13.0,50.0,Santos,Brasileiro,Jean Lucas (Santos)
Dodi,BRA,MF,26.0,19.1,10,0,0,38,34,0,17,22,25,0.0,0.0,0,97.0,7.0,22.0,24.1,Santos,Brasileiro,Dodi (Santos)
Stiven Mendoza,COL,"FW,MF",30.0,18.6,4,0,0,23,52,2,51,11,13,1.0,0.0,0,114.0,11.0,21.0,34.4,Santos,Brasileiro,Stiven Mendoza (Santos)
Dodô,BRA,DF,30.0,15.8,4,0,0,17,7,3,30,29,15,0.0,1.0,0,82.0,25.0,21.0,54.3,Santos,Brasileiro,Dodô (Santos)
Yeferson Soteldo,VEN,"FW,MF",25.0,17.3,5,2,1,10,56,3,95,6,9,1.0,0.0,0,81.0,2.0,11.0,15.4,Santos,Brasileiro,Yeferson Soteldo (Santos)
Tomás Rincón,VEN,MF,35.0,13.2,5,0,0,35,20,0,7,25,16,0.0,0.0,0,86.0,22.0,9.0,71.0,Santos,Brasileiro,Tomás Rincón (Santos)
João Othavio Basso,BRA,DF,26.0,12.8,1,0,0,14,6,0,2,23,10,0.0,0.0,1,63.0,22.0,19.0,53.7,Santos,Brasileiro,João Othavio Basso (Santos)
Gabriel Inocêncio,BRA,DF,28.0,14.2,3,0,0,32,11,1,33,15,31,0.0,0.0,0,88.0,29.0,22.0,56.9,Santos,Brasileiro,Gabriel Inocêncio (Santos)
Kevyson,BRA,DF,18.0,10.8,1,0,0,15,7,0,46,22,23,0.0,1.0,1,45.0,10.0,9.0,52.6,Santos,Brasileiro,Kevyson (Santos)
João Lucas,BRA,DF,24.0,9.0,1,0,0,12,18,0,39,15,15,0.0,1.0,0,47.0,8.0,16.0,33.3,Santos,Brasileiro,João Lucas (Santos)
Nonato,BRA,MF,24.0,7.3,3,0,0,18,21,1,2,14,15,0.0,0.0,0,46.0,5.0,12.0,29.4,Santos,Brasileiro,Nonato (Santos)
Lucas,BRA,DF,21.0,6.8,1,0,0,5,9,2,13,6,8,0.0,0.0,0,44.0,5.0,4.0,55.6,Santos,Brasileiro,Lucas (Santos)
Nathan,BRA,DF,21.0,5.5,2,0,0,9,1,0,13,8,13,0.0,0.0,0,27.0,6.0,6.0,50.0,Santos,Brasileiro,Nathan (Santos)
Julio Furch,ARG,"FW,MF",33.0,6.8,2,0,0,7,8,5,7,2,5,0.0,0.0,0,22.0,31.0,31.0,50.0,Santos,Brasileiro,Julio Furch (Santos)
Ângelo Borges,BRA,"FW,MF",18.0,6.0,1,0,0,8,9,4,8,5,8,0.0,0.0,0,31.0,3.0,8.0,27.3,Santos,Brasileiro,Ângelo Borges (Santos)
Alex,BRA,DF,23.0,5.1,1,0,0,4,5,0,0,7,7,0.0,0.0,0,21.0,6.0,6.0,50.0,Santos,Brasileiro,Alex (Santos)
Deivid Washington,BRA,FW,17.0,4.7,2,0,0,3,8,1,0,1,1,1.0,0.0,0,17.0,10.0,14.0,41.7,Santos,Brasileiro,Deivid Washington (Santos)
Guilherme Camacho,BRA,MF,32.0,5.0,5,1,1,18,3,1,4,5,9,0.0,0.0,0,28.0,5.0,4.0,55.6,Santos,Brasileiro,Guilherme Camacho (Santos)
Maximiliano Silvera,URU,"MF,FW",25.0,5.0,0,0,0,5,13,1,2,1,8,0.0,0.0,0,30.0,2.0,14.0,12.5,Santos,Brasileiro,Maximiliano Silvera (Santos)
Eduardo Gabriel,BRA,DF,26.0,3.0,0,1,0,3,0,0,0,6,0,0.0,0.0,0,19.0,9.0,7.0,56.3,Santos,Brasileiro,Eduardo Gabriel (Santos)
Daniel Ruiz Rivera,COL,"FW,MF",21.0,2.7,1,0,0,2,5,0,19,1,3,0.0,0.0,0,10.0,2.0,6.0,25.0,Santos,Brasileiro,Daniel Ruiz Rivera (Santos)
Vladimir,BRA,GK,33.0,2.3,0,1,0,0,0,0,0,0,0,0.0,0.0,0,1.0,0.0,0.0,0.0,Santos,Brasileiro,Vladimir (Santos)
Sandry,BRA,MF,20.0,2.1,2,0,0,4,2,0,8,2,3,0.0,0.0,0,12.0,0.0,1.0,0.0,Santos,Brasileiro,Sandry (Santos)
Alison,BRA,MF,29.0,1.5,0,0,0,1,1,0,0,3,1,0.0,0.0,0,9.0,3.0,2.0,60.0,Santos,Brasileiro,Alison (Santos)
Luan Dias,BRA,"MF,FW",25.0,2.1,3,0,0,10,5,0,11,1,6,0.0,0.0,0,8.0,0.0,1.0,0.0,Santos,Brasileiro,Luan Dias (Santos)
Júnior Caiçara,BRA,DF,33.0,1.9,1,0,0,4,1,1,15,2,3,0.0,0.0,0,5.0,2.0,1.0,66.7,Santos,Brasileiro,Júnior Caiçara (Santos)
Lucas Barbosa,BRA,"FW,MF",21.0,1.1,0,0,0,4,1,0,2,2,5,0.0,0.0,0,13.0,5.0,1.0,83.3,Santos,Brasileiro,Lucas Barbosa (Santos)
Felipe Jonatan,BRA,DF,24.0,1.0,0,0,0,0,0,0,7,0,0,0.0,0.0,0,13.0,0.0,2.0,0.0,Santos,Brasileiro,Felipe Jonatan (Santos)
Alfredo Morelos,COL,"FW,MF",26.0,0.9,2,0,0,3,0,0,1,1,1,0.0,0.0,0,3.0,5.0,2.0,71.4,Santos,Brasileiro,Alfredo Morelos (Santos)
Bruno Mezenga,BRA,"FW,MF",34.0,1.9,1,0,0,9,3,2,0,0,1,0.0,0.0,0,9.0,15.0,10.0,60.0,Santos,Brasileiro,Bruno Mezenga (Santos)
Weslley Patati,BRA,"FW,MF",19.0,1.5,0,0,0,5,3,0,8,4,2,0.0,0.0,0,12.0,2.0,2.0,50.0,Santos,Brasileiro,Weslley Patati (Santos)
Maicon,BRA,DF,34.0,0.5,0,0,0,0,0,0,0,1,0,0.0,0.0,0,1.0,5.0,0.0,100.0,Santos,Brasileiro,Maicon (Santos)
Ed Carlos,BRA,"MF,FW",21.0,0.4,0,0,0,0,0,0,2,0,1,0.0,0.0,0,5.0,1.0,0.0,100.0,Santos,Brasileiro,Ed Carlos (Santos)
Miguel Terceros,BOL,"MF,FW",18.0,0.4,0,0,0,0,1,0,2,1,0,0.0,0.0,0,2.0,0.0,0.0,0.0,Santos,Brasileiro,Miguel Terceros (Santos)
Jair Paula,BRA,DF,17.0,0.4,0,0,0,1,0,0,0,0,0,0.0,0.0,0,3.0,0.0,1.0,0.0,Santos,Brasileiro,Jair Paula (Santos)
Vinicius,BRA,MF,23.0,0.3,0,0,0,3,1,0,0,0,0,0.0,0.0,0,1.0,0.0,0.0,0.0,Santos,Brasileiro,Vinicius (Santos)
Cadu,BRA,DF,20.0,0.2,0,0,0,0,0,0,1,0,0,0.0,0.0,0,0.0,0.0,0.0,0.0,Santos,Brasileiro,Cadu (Santos)
Ivonei,BRA,MF,20.0,0.0,0,0,0,0,0,0,0,0,0,0.0,0.0,0,0.0,1.0,0.0,100.0,Santos,Brasileiro,Ivonei (Santos)
Luiz Felipe,BRA,DF,29.0,0.0,0,0,0,0,0,0,0,0,0,0.0,0.0,0,0.0,0.0,0.0,0.0,Santos,Brasileiro,Luiz Felipe (Santos)
Rafael Pires,BRA,GK,33.0,33.0,1,0,0,0,4,0,0,1,2,0.0,0.0,0,38.0,9.0,2.0,81.8,São Paulo,Brasileiro,Rafael Pires (São Paulo)
Pablo Maia,BRA,MF,21.0,28.7,9,1,1,61,26,0,5,18,36,0.0,0.0,0,202.0,17.0,7.0,70.8,São Paulo,Brasileiro,Pablo Maia (São Paulo)
Alisson,BRA,"MF,FW",29.0,23.9,2,0,0,39,45,2,59,27,32,1.0,0.0,0,121.0,16.0,28.0,36.4,São Paulo,Brasileiro,Alisson (São Paulo)
Lucas Beraldo,BRA,DF,19.0,24.0,7,0,0,18,14,0,2,24,21,0.0,0.0,0,146.0,38.0,28.0,57.6,São Paulo,Brasileiro,Lucas Beraldo (São Paulo)
Luciano,BRA,"MF,FW",29.0,23.5,5,0,0,27,57,5,21,4,19,0.0,0.0,0,93.0,14.0,22.0,38.9,São Paulo,Brasileiro,Luciano (São Paulo)
Caio Paulista,BRA,DF,24.0,23.1,4,0,0,18,35,0,53,20,19,1.0,1.0,0,140.0,14.0,19.0,42.4,São Paulo,Brasileiro,Caio Paulista (São Paulo)
Rafinha,BRA,DF,37.0,22.5,11,1,1,23,22,0,42,16,26,0.0,1.0,1,102.0,12.0,11.0,52.2,São Paulo,Brasileiro,Rafinha (São Paulo)
Wellington Rato,BRA,"FW,MF",30.0,19.6,6,0,0,21,21,11,157,6,13,0.0,1.0,0,82.0,12.0,8.0,60.0,São Paulo,Brasileiro,Wellington Rato (São Paulo)
Diego,BRA,DF,23.0,19.4,6,0,0,19,4,0,1,18,11,0.0,1.0,0,84.0,35.0,26.0,57.4,São Paulo,Brasileiro,Diego (São Paulo)
Michel Araujo,URU,"FW,MF",26.0,19.6,3,0,0,33,42,2,61,11,23,1.0,3.0,0,93.0,33.0,36.0,47.8,São Paulo,Brasileiro,Michel Araujo (São Paulo)
Robert Arboleda,ECU,DF,31.0,19.1,1,1,0,7,13,5,0,13,21,0.0,0.0,0,90.0,57.0,32.0,64.0,São Paulo,Brasileiro,Robert Arboleda (São Paulo)
Rodrigo Nestor,BRA,"MF,FW",22.0,16.1,5,1,1,29,20,5,34,11,15,0.0,0.0,0,76.0,11.0,15.0,42.3,São Paulo,Brasileiro,Rodrigo Nestor (São Paulo)
Jonathan Calleri,ARG,FW,29.0,15.0,6,0,0,37,36,14,11,5,4,2.0,0.0,0,28.0,58.0,54.0,51.8,São Paulo,Brasileiro,Jonathan Calleri (São Paulo)
Juan Santos,BRA,FW,20.0,14.2,2,0,0,24,32,14,17,6,14,1.0,0.0,0,43.0,15.0,47.0,24.2,São Paulo,Brasileiro,Juan Santos (São Paulo)
Gabriel Neves,URU,MF,25.0,10.7,6,1,0,13,3,0,18,3,14,0.0,0.0,0,66.0,4.0,4.0,50.0,São Paulo,Brasileiro,Gabriel Neves (São Paulo)
Alan Franco,ARG,DF,26.0,12.5,3,0,0,10,3,0,0,13,10,0.0,1.0,0,70.0,27.0,14.0,65.9,São Paulo,Brasileiro,Alan Franco (São Paulo)
Nathan Mendes,BRA,DF,20.0,13.1,5,0,0,24,23,1,24,18,14,0.0,0.0,0,61.0,24.0,17.0,58.5,São Paulo,Brasileiro,Nathan Mendes (São Paulo)
Welington,BRA,DF,21.0,10.4,2,0,0,15,22,0,38,3,13,0.0,0.0,0,53.0,19.0,18.0,51.4,São Paulo,Brasileiro,Welington (São Paulo)
Lucas Moura,BRA,"FW,MF",30.0,9.6,0,0,0,11,29,0,14,7,0,0.0,1.0,0,41.0,13.0,11.0,54.2,São Paulo,Brasileiro,Lucas Moura (São Paulo)
James Rodríguez,COL,"MF,FW",31.0,7.1,0,0,0,10,8,1,40,0,5,0.0,0.0,0,43.0,3.0,3.0,50.0,São Paulo,Brasileiro,James Rodríguez (São Paulo)
Luan,BRA,MF,23.0,6.8,1,0,0,11,5,0,0,9,5,0.0,0.0,0,32.0,10.0,4.0,71.4,São Paulo,Brasileiro,Luan (São Paulo)
David,BRA,"FW,MF",27.0,8.1,5,0,0,22,14,11,10,0,2,0.0,0.0,0,26.0,10.0,20.0,33.3,São Paulo,Brasileiro,David (São Paulo)
Marcos Paulo,BRA,"FW,MF",21.0,5.9,2,0,0,8,12,2,10,6,7,0.0,0.0,0,21.0,4.0,10.0,28.6,São Paulo,Brasileiro,Marcos Paulo (São Paulo)
Jandrei,BRA,GK,29.0,5.0,1,0,0,0,1,0,0,0,0,0.0,0.0,0,3.0,2.0,0.0,100.0,São Paulo,Brasileiro,Jandrei (São Paulo)
Patryck,BRA,DF,20.0,4.2,2,0,0,2,6,0,8,7,4,0.0,0.0,0,19.0,8.0,8.0,50.0,São Paulo,Brasileiro,Patryck (São Paulo)
Jhegson Méndez,ECU,MF,25.0,4.1,1,0,0,9,2,0,1,6,4,0.0,0.0,0,21.0,5.0,5.0,50.0,São Paulo,Brasileiro,Jhegson Méndez (São Paulo)
Raí Ramos,BRA,DF,28.0,3.1,2,0,0,5,1,0,7,1,4,0.0,0.0,0,11.0,3.0,3.0,50.0,São Paulo,Brasileiro,Raí Ramos (São Paulo)
Erison,BRA,"FW,MF",23.0,4.3,3,0,0,7,16,2,2,0,0,0.0,0.0,0,6.0,7.0,18.0,28.0,São Paulo,Brasileiro,Erison (São Paulo)
Matheus Belém,BRA,DF,19.0,1.9,1,0,0,1,0,0,1,2,0,0.0,0.0,0,12.0,2.0,5.0,28.6,São Paulo,Brasileiro,Matheus Belém (São Paulo)
Rodrigo,BRA,"MF,FW",18.0,2.6,3,0,0,13,2,0,15,3,3,0.0,0.0,0,13.0,4.0,4.0,50.0,São Paulo,Brasileiro,Rodrigo (São Paulo)
Alexandre Pato,BRA,"FW,MF",33.0,1.8,0,0,0,1,4,2,2,0,0,0.0,0.0,0,2.0,1.0,1.0,50.0,São Paulo,Brasileiro,Alexandre Pato (São Paulo)
Talles Costa,BRA,"MF,FW",20.0,1.5,1,0,0,6,5,0,1,2,1,0.0,0.0,0,7.0,2.0,0.0,100.0,São Paulo,Brasileiro,Talles Costa (São Paulo)
João Moreira,POR,DF,18.0,0.8,0,0,0,1,3,0,2,1,1,0.0,0.0,0,5.0,0.0,0.0,0.0,São Paulo,Brasileiro,João Moreira (São Paulo)
William Gomes,BRA,FW,16.0,0.8,0,0,0,3,2,0,7,1,3,0.0,0.0,0,5.0,0.0,2.0,0.0,São Paulo,Brasileiro,William Gomes (São Paulo)
Pedro Vilhena,BRA,FW,20.0,0.2,0,0,0,0,0,0,1,0,0,0.0,0.0,0,2.0,0.0,2.0,0.0,São Paulo,Brasileiro,Pedro Vilhena (São Paulo)
Talles Wander,BRA,"FW,MF",19.0,0.2,0,0,0,0,0,0,0,0,0,0.0,0.0,0,0.0,1.0,2.0,33.3,São Paulo,Brasileiro,Talles Wander (São Paulo)
Felipe Negrucci,BRA,MF,18.0,0.2,0,0,0,2,0,0,0,0,0,0.0,0.0,0,1.0,0.0,0.0,0.0,São Paulo,Brasileiro,Felipe Negrucci (São Paulo)
Nahuel Ferraresi,VEN,FW,24.0,0.0,0,0,0,0,0,0,0,0,0,0.0,0.0,0,1.0,0.0,0.0,0.0,São Paulo,Brasileiro,Nahuel Ferraresi (São Paulo)
Léo Jardim,BRA,GK,27.0,38.0,2,0,0,0,2,0,0,0,0,0.0,0.0,0,28.0,6.0,0.0,100.0,Vasco da Gama,Brasileiro,Léo Jardim (Vasco da Gama)
Lucas Piton,BRA,DF,22.0,36.5,5,0,0,48,9,2,222,40,25,0.0,0.0,0,168.0,28.0,45.0,38.4,Vasco da Gama,Brasileiro,Lucas Piton (Vasco da Gama)
Léo Pelé,BRA,DF,26.0,30.2,6,0,0,25,17,0,7,14,17,0.0,1.0,0,150.0,27.0,12.0,69.2,Vasco da Gama,Brasileiro,Léo Pelé (Vasco da Gama)
Gabriel Chaves,BRA,"FW,MF",21.0,29.0,6,0,0,33,52,6,92,13,26,0.0,0.0,0,126.0,13.0,36.0,26.5,Vasco da Gama,Brasileiro,Gabriel Chaves (Vasco da Gama)
Zé Gabriel,BRA,MF,24.0,21.5,5,0,0,36,19,0,1,18,20,0.0,0.0,0,121.0,19.0,20.0,48.7,Vasco da Gama,Brasileiro,Zé Gabriel (Vasco da Gama)
José Luis Rodríguez Bebanz,URU,DF,25.0,22.2,2,0,0,18,12,3,140,30,31,0.0,1.0,0,139.0,30.0,21.0,58.8,Vasco da Gama,Brasileiro,José Luis Rodríguez Bebanz (Vasco da Gama)
Pablo Vegetti,ARG,FW,34.0,19.9,4,1,1,33,48,15,21,4,5,1.0,0.0,0,40.0,111.0,107.0,50.9,Vasco da Gama,Brasileiro,Pablo Vegetti (Vasco da Gama)
Gary Medel,CHI,"DF,MF",35.0,19.2,5,1,0,11,6,0,3,20,5,0.0,0.0,0,107.0,15.0,11.0,57.7,Vasco da Gama,Brasileiro,Gary Medel (Vasco da Gama)
Paulinho,BRA,MF,26.0,18.2,7,1,1,55,51,1,35,16,23,0.0,0.0,0,115.0,14.0,9.0,60.9,Vasco da Gama,Brasileiro,Paulinho (Vasco da Gama)
Bruno Praxedes,BRA,MF,20.0,14.9,2,0,0,20,19,2,15,12,26,0.0,0.0,0,96.0,11.0,21.0,34.4,Vasco da Gama,Brasileiro,Bruno Praxedes (Vasco da Gama)
Jair,BRA,MF,28.0,17.7,6,1,0,37,52,0,8,15,24,1.0,0.0,0,117.0,19.0,15.0,55.9,Vasco da Gama,Brasileiro,Jair (Vasco da Gama)
Robson Bambu,BRA,DF,25.0,14.2,6,0,0,18,19,2,11,12,13,0.0,0.0,0,88.0,27.0,24.0,52.9,Vasco da Gama,Brasileiro,Robson Bambu (Vasco da Gama)
Maicon,BRA,DF,34.0,13.9,3,0,0,9,6,0,7,17,13,0.0,0.0,0,66.0,27.0,13.0,67.5,Vasco da Gama,Brasileiro,Maicon (Vasco da Gama)
Marlon Gomes,BRA,MF,19.0,12.7,4,0,0,27,26,2,11,33,31,0.0,0.0,0,0.0,0.0,0.0,0.0,Vasco da Gama,Brasileiro,Marlon Gomes (Vasco da Gama)
Alex Teixeira,BRA,"FW,MF",33.0,12.6,1,0,0,26,23,10,22,1,6,0.0,0.0,0,43.0,22.0,34.0,39.3,Vasco da Gama,Brasileiro,Alex Teixeira (Vasco da Gama)
Paulo Henrique,BRA,DF,26.0,9.5,3,0,0,14,5,1,36,9,21,0.0,0.0,0,65.0,10.0,11.0,47.6,Vasco da Gama,Brasileiro,Paulo Henrique (Vasco da Gama)
Pedro Raul,BRA,FW,26.0,9.3,3,0,0,13,10,9,3,5,2,0.0,0.0,0,25.0,31.0,44.0,41.3,Vasco da Gama,Brasileiro,Pedro Raul (Vasco da Gama)
Dimitri Payet,FRA,"MF,FW",35.0,8.9,0,0,0,3,19,0,70,2,5,0.0,0.0,0,32.0,2.0,6.0,25.0,Vasco da Gama,Brasileiro,Dimitri Payet (Vasco da Gama)
Figueiredo,BRA,"FW,MF",21.0,7.3,2,0,0,17,15,5,21,6,5,1.0,0.0,0,27.0,21.0,16.0,56.8,Vasco da Gama,Brasileiro,Figueiredo (Vasco da Gama)
Luca Orellano,ARG,"FW,MF",22.0,6.9,2,0,0,9,22,0,39,3,7,0.0,0.0,0,37.0,7.0,6.0,53.8,Vasco da Gama,Brasileiro,Luca Orellano (Vasco da Gama)
Manuel Capasso,ARG,DF,26.0,6.2,4,0,0,6,0,1,0,8,4,0.0,0.0,0,37.0,18.0,8.0,69.2,Vasco da Gama,Brasileiro,Manuel Capasso (Vasco da Gama)
Andrey Santos,BRA,MF,18.0,4.7,3,0,0,13,4,1,1,11,7,0.0,0.0,0,16.0,7.0,9.0,43.8,Vasco da Gama,Brasileiro,Andrey Santos (Vasco da Gama)
Sergio Antonio De Luiz Junior,BRA,"MF,DF",27.0,4.0,2,0,0,5,9,1,9,0,5,0.0,0.0,0,25.0,4.0,3.0,57.1,Vasco da Gama,Brasileiro,Sergio Antonio De Luiz Junior (Vasco da Gama)
Matías Galarza,PAR,MF,20.0,4.5,1,0,0,7,4,0,10,6,7,0.0,0.0,0,31.0,5.0,9.0,35.7,Vasco da Gama,Brasileiro,Matías Galarza (Vasco da Gama)
Rossi,BRA,"MF,FW",29.0,4.4,0,1,0,10,12,1,39,4,2,0.0,1.0,0,15.0,8.0,8.0,50.0,Vasco da Gama,Brasileiro,Rossi (Vasco da Gama)
Miranda,BRA,DF,23.0,4.3,0,0,0,7,2,0,2,4,3,0.0,0.0,0,24.0,9.0,10.0,47.4,Vasco da Gama,Brasileiro,Miranda (Vasco da Gama)
Rodrigo Alves,BRA,MF,20.0,3.9,1,0,0,4,2,0,0,3,5,0.0,0.0,0,14.0,3.0,4.0,42.9,Vasco da Gama,Brasileiro,Rodrigo Alves (Vasco da Gama)
Sebastián Ferreira,PAR,"FW,MF",24.0,4.9,2,0,0,6,15,4,2,0,3,0.0,0.0,0,19.0,5.0,14.0,26.3,Vasco da Gama,Brasileiro,Sebastián Ferreira (Vasco da Gama)
Erick Marcus,BRA,"MF,FW",18.0,4.4,3,1,1,9,8,1,27,4,5,0.0,0.0,0,19.0,12.0,6.0,66.7,Vasco da Gama,Brasileiro,Erick Marcus (Vasco da Gama)
Mateus Cocão,BRA,MF,20.0,3.9,3,0,0,14,6,0,7,3,7,0.0,0.0,0,28.0,2.0,3.0,40.0,Vasco da Gama,Brasileiro,Mateus Cocão (Vasco da Gama)
Rayan Vitor,BRA,"FW,MF",16.0,2.9,2,0,0,3,3,0,1,0,1,0.0,0.0,0,4.0,5.0,11.0,31.3,Vasco da Gama,Brasileiro,Rayan Vitor (Vasco da Gama)
Cauan Barros,BRA,MF,18.0,2.6,2,0,0,8,3,0,1,1,3,0.0,0.0,0,10.0,4.0,9.0,30.8,Vasco da Gama,Brasileiro,Cauan Barros (Vasco da Gama)
José Vitor,BRA,DF,20.0,1.2,1,0,0,3,0,0,2,0,0,0.0,1.0,0,3.0,2.0,6.0,25.0,Vasco da Gama,Brasileiro,José Vitor (Vasco da Gama)
Gabriel Carabajal,ARG,MF,31.0,1.4,0,0,0,3,2,0,20,2,1,0.0,0.0,0,11.0,2.0,4.0,33.3,Vasco da Gama,Brasileiro,Gabriel Carabajal (Vasco da Gama)
Eguinaldo,BRA,"FW,MF",18.0,0.7,2,0,0,3,2,0,0,0,1,0.0,0.0,0,1.0,4.0,7.0,36.4,Vasco da Gama,Brasileiro,Eguinaldo (Vasco da Gama)
Paulinho,BRA,DF,17.0,0.5,0,0,0,1,3,0,3,0,0,0.0,0.0,0,0.0,0.0,0.0,0.0,Vasco da Gama,Brasileiro,Paulinho (Vasco da Gama)
Rwan,BRA,"MF,FW",21.0,0.4,0,0,0,2,3,0,1,0,1,0.0,0.0,0,3.0,1.0,6.0,14.3,Vasco da Gama,Brasileiro,Rwan (Vasco da Gama)
Gabriel Dias,BRA,DF,28.0,0.1,1,0,0,0,0,0,0,0,1,0.0,0.0,0,2.0,0.0,0.0,0.0,Vasco da Gama,Brasileiro,Gabriel Dias (Vasco da Gama)
Paulo Victor,BRA,DF,21.0,0.1,0,0,0,1,0,0,0,0,0,0.0,0.0,0,1.0,0.0,0.0,0.0,Vasco da Gama,Brasileiro,Paulo Victor (Vasco da Gama)
