Rk,Player,Nation,Pos,Squad,Comp,Age,Born,90s,Goals_GA,Goals_PKA,Goals_FK,Goals_CK,Goals_OG,Expected_PSxG,Expected_PSxG/SoT,Expected_PSxG+/-,Expected_/90,Launched_Cmp,Launched_Att,Launched_Cmp%,Passes_Att (GK),Passes_Thr,Passes_Launch%,Passes_AvgLen,Goal Kicks_Att,Goal Kicks_Launch%,Goal Kicks_AvgLen,Crosses_Opp,Crosses_Stp,Crosses_Stp%,Sweeper_#OPA,Sweeper_#OPA/90,Sweeper_AvgDist,Player Link_,Player ID_,Competition
1,Alisson,BRA,GK,Liverpool,eng Premier League,31-098,1992,18.0,0.83,0.06,0.00,0.11,0.06,0.93,0.26,0.16,+0.16,2.56,7.39,34.6,36.5,4.78,14.9,24.9,5.28,36.8,34.5,11.6,0.67,5.8,1.28,1.28,17.3,https://fbref.com/en/players/7a2e46a8/Alisson,7a2e46a8,Big 5 combined
2,Alphonse Areola,FRA,GK,West Ham,eng Premier League,30-315,1993,17.0,1.41,0.18,0.00,0.06,0.06,1.66,0.27,0.31,+0.31,5.82,15.2,38.4,21.4,4.71,45.6,36.9,8.29,65.2,46.0,16.2,0.82,5.1,0.18,0.18,9.5,https://fbref.com/en/players/2f965a72/Alphonse-Areola,2f965a72,Big 5 combined
3,Kepa Arrizabalaga,ESP,GK,Real Madrid,es La Liga,29-097,1994,11.0,0.64,0.00,0.00,0.00,0.09,0.75,0.27,0.20,+0.20,2.09,6.27,33.3,28.7,4.27,17.7,27.1,4.91,24.1,29.1,12.0,0.18,1.5,0.64,0.64,14.5,https://fbref.com/en/players/28d596a0/Kepa-Arrizabalaga,28d596a0,Big 5 combined
4,Noah Atubolu,GER,GK,Freiburg,de Bundesliga,21-228,2002,16.0,1.63,0.13,0.00,0.13,0.06,1.35,0.34,-0.21,-0.21,5.06,15.9,31.9,32.6,4.94,32.1,33.3,7.38,73.7,55.1,12.3,0.56,4.6,0.63,0.63,13.0,https://fbref.com/en/players/dbd1b101/Noah-Atubolu,dbd1b101,Big 5 combined
5,Francisco Barbosa,ESP,GK,Betis,es La Liga,24-246,1999,2.5,1.60,0.00,0.40,0.00,0.00,1.48,0.26,-0.12,-0.13,4.00,14.0,28.6,23.2,6.00,39.7,36.2,9.60,50.0,44.3,20.4,0.80,3.9,0.80,0.80,12.3,https://fbref.com/en/players/2ae958ab/Francisco-Barbosa,2ae958ab,Big 5 combined
6,Augusto Batalla,ARG,GK,Granada,es La Liga,27-253,1996,1.0,0.00,0.00,0.00,0.00,0.00,0.40,0.20,0.40,+0.40,5.00,10.0,50.0,22.0,6.00,40.9,41.0,3.00,33.3,31.3,18.0,2.00,11.1,0.00,0.00,12.3,https://fbref.com/en/players/fc627681/Augusto-Batalla,fc627681,Big 5 combined
7,Daniel Batz,GER,GK,Mainz 05,de Bundesliga,32-361,1991,4.0,0.75,0.00,0.25,0.00,0.00,0.60,0.15,-0.15,-0.15,4.50,14.5,31.0,33.0,3.50,38.6,34.7,5.25,33.3,34.8,9.50,1.00,10.5,0.50,0.50,11.3,https://fbref.com/en/players/ec759ba1/Daniel-Batz,ec759ba1,Big 5 combined
8,Oliver Baumann,GER,GK,Hoffenheim,de Bundesliga,33-220,1990,16.0,1.88,0.06,0.06,0.19,0.06,1.99,0.30,0.18,+0.18,5.63,15.5,36.3,32.3,4.63,34.1,33.8,7.75,58.1,46.7,16.6,1.00,6.0,2.25,2.25,16.8,https://fbref.com/en/players/47064058/Oliver-Baumann,47064058,Big 5 combined
9,Daniel Bentley,ENG,GK,Wolves,eng Premier League,30-179,1993,2.8,1.07,0.00,0.00,0.00,0.00,0.89,0.25,-0.18,-0.20,3.21,12.1,26.5,22.1,2.50,35.5,32.9,8.93,48.0,36.0,13.9,0.00,0.0,0.36,0.36,10.6,https://fbref.com/en/players/68db6358/Daniel-Bentley,68db6358,Big 5 combined
10,Etrit Berisha,ALB,GK,Empoli,it Serie A,34-304,1989,14.0,1.79,0.14,0.00,0.36,0.07,1.48,0.24,-0.24,-0.24,3.14,13.1,23.9,28.6,5.36,34.8,33.0,6.43,50.0,40.8,16.9,0.79,4.7,0.71,0.71,12.4,https://fbref.com/en/players/ee833569/Etrit-Berisha,ee833569,Big 5 combined
11,Marco Bizot,NED,GK,Brest,fr Ligue 1,32-304,1991,17.0,0.88,0.06,0.00,0.12,0.00,1.09,0.24,0.21,+0.21,7.82,16.4,47.7,29.2,3.94,40.2,35.8,6.12,76.0,51.3,12.0,0.76,6.4,1.18,1.18,15.7,https://fbref.com/en/players/3d214e5f/Marco-Bizot,3d214e5f,Big 5 combined
12,Rubén Blanco,ESP,GK,Marseille,fr Ligue 1,28-167,1995,0.3,3.33,0.00,0.00,0.00,0.00,1.67,0.49,-1.67,-1.44,10.0,26.7,37.5,36.7,0.00,72.7,48.3,3.33,0.0,29.0,10.0,3.33,33.3,0.00,0.00,4.0,https://fbref.com/en/players/967f34d3/Ruben-Blanco,967f34d3,Big 5 combined
13,Janis Blaswich,GER,GK,RB Leipzig,de Bundesliga,32-251,1991,16.0,1.06,0.13,0.00,0.25,0.00,0.96,0.26,-0.11,-0.10,2.63,7.88,33.3,40.1,4.50,15.3,26.1,6.31,27.7,31.8,11.3,0.81,7.2,1.75,1.75,17.6,https://fbref.com/en/players/663e080e/Janis-Blaswich,663e080e,Big 5 combined
14,Yassine Bounou,MAR,GK,Sevilla,es La Liga,32-278,1991,1.0,2.00,0.00,0.00,0.00,0.00,1.10,0.37,-0.90,-0.88,6.00,16.0,37.5,24.0,4.00,41.7,36.1,7.00,85.7,57.4,9.00,0.00,0.0,0.00,0.00,,https://fbref.com/en/players/f6798fc3/Yassine-Bounou,f6798fc3,Big 5 combined
15,Claudio Bravo,CHI,GK,Betis,es La Liga,40-270,1983,7.0,0.71,0.00,0.00,0.00,0.14,0.79,0.27,0.21,+0.21,5.43,11.4,47.5,24.1,4.29,30.2,30.6,8.57,48.3,40.1,14.4,0.57,4.0,0.86,0.86,12.6,https://fbref.com/en/players/10072610/Claudio-Bravo,10072610,Big 5 combined
16,Alexander Brunst,GER,GK,Darmstadt 98,de Bundesliga,28-185,1995,1.0,1.00,0.00,0.00,1.00,0.00,0.70,0.25,-0.30,-0.25,12.0,36.0,33.3,38.0,2.00,71.1,47.6,9.00,100.0,66.8,24.0,1.00,4.2,0.00,0.00,10.3,https://fbref.com/en/players/99219195/Alexander-Brunst,99219195,Big 5 combined
17,Marcin Bułka,POL,GK,Nice,fr Ligue 1,24-096,1999,17.0,0.53,0.06,0.00,0.00,0.00,0.76,0.23,0.23,+0.23,2.41,5.18,46.6,31.7,4.71,12.8,23.0,4.18,26.8,26.4,10.3,0.82,8.0,0.65,0.65,12.5,https://fbref.com/en/players/db87a2c4/Marcin-Bulka,db87a2c4,Big 5 combined
18,Elia Caprile,ITA,GK,Empoli,it Serie A,22-136,2001,4.0,1.50,0.25,0.00,0.25,0.00,1.52,0.21,0.03,+0.01,5.50,15.0,36.7,30.0,6.00,42.5,37.6,4.00,56.3,46.5,17.0,1.00,5.9,1.25,1.25,14.5,https://fbref.com/en/players/97d7afbd/Elia-Caprile,97d7afbd,Big 5 combined
19,Marco Carnesecchi,ITA,GK,Atalanta,it Serie A,23-191,2000,9.0,1.00,0.11,0.00,0.11,0.00,1.03,0.25,0.03,+0.03,4.33,14.2,30.5,24.3,5.44,37.0,36.7,7.78,67.1,50.1,12.8,0.78,6.1,1.44,1.44,14.2,https://fbref.com/en/players/8ec56e62/Marco-Carnesecchi,8ec56e62,Big 5 combined
20,Koen Casteels,BEL,GK,Wolfsburg,de Bundesliga,31-197,1992,13.0,1.54,0.08,0.00,0.15,0.00,1.63,0.31,0.09,+0.10,6.46,14.3,45.2,30.6,4.54,33.9,33.9,6.77,58.0,45.7,14.5,0.77,5.3,1.77,1.77,17.4,https://fbref.com/en/players/db401046/Koen-Casteels,db401046,Big 5 combined
21,Michele Cerofolini,ITA,GK,Frosinone,it Serie A,25-004,1999,1.0,1.00,0.00,0.00,0.00,0.00,1.00,0.16,0.00,-0.04,2.00,18.0,11.1,27.0,2.00,55.6,38.3,5.00,60.0,45.8,18.0,0.00,0.0,0.00,0.00,,https://fbref.com/en/players/efdeaff3/Michele-Cerofolini,efdeaff3,Big 5 combined
22,Lucas Chevalier,FRA,GK,Lille,fr Ligue 1,22-063,2001,17.0,0.82,0.06,0.00,0.06,0.06,0.95,0.23,0.19,+0.19,2.29,10.1,22.8,32.7,3.35,25.7,29.6,3.47,47.5,42.5,11.0,0.41,3.7,1.00,1.00,14.0,https://fbref.com/en/players/b3d76d84/Lucas-Chevalier,b3d76d84,Big 5 combined
23,Oliver Christensen,DEN,GK,Fiorentina,it Serie A,24-292,1999,2.0,3.00,0.50,0.00,0.00,0.00,1.60,0.18,-1.40,-1.38,7.00,15.5,45.2,39.0,3.50,33.3,33.2,4.00,62.5,49.4,7.50,0.00,0.0,1.50,1.50,22.0,https://fbref.com/en/players/af104654/Oliver-Christensen,af104654,Big 5 combined
24,Andrea Consigli,ITA,GK,Sassuolo,it Serie A,36-346,1987,17.0,1.59,0.24,0.00,0.18,0.06,1.30,0.22,-0.23,-0.23,4.94,13.9,35.4,29.3,4.88,38.4,36.3,7.76,34.8,33.1,17.0,0.88,5.2,0.71,0.71,11.9,https://fbref.com/en/players/8cabdc1e/Andrea-Consigli,8cabdc1e,Big 5 combined
25,Nikita Contini Baranovsky,ITA,GK,Napoli,it Serie A,27-232,1996,0.2,0.00,0.00,0.00,0.00,0.00,0.00,,0.00,0.00,0.00,0.00,,15.0,5.00,0.0,17.0,5.00,0.0,15.0,5.00,0.00,0.0,15.0,15.88,37.0,https://fbref.com/en/players/e95069bb/Nikita-Contini-Baranovsky,e95069bb,Big 5 combined
26,Benoît Costil,FRA,GK,Salernitana,it Serie A,36-189,1987,8.0,2.00,0.25,0.00,0.13,0.00,1.73,0.27,-0.28,-0.28,5.00,18.5,27.0,24.6,3.75,49.2,37.9,8.13,78.5,55.3,17.6,0.00,0.0,0.63,0.63,13.4,https://fbref.com/en/players/2434f24a/Benoit-Costil,2434f24a,Big 5 combined
27,Alessio Cragno,ITA,GK,Sassuolo,it Serie A,29-194,1994,2.0,3.00,0.50,0.00,0.50,0.50,1.70,0.30,-0.80,-0.81,5.00,16.0,31.3,23.5,1.50,57.4,41.2,9.50,26.3,29.4,13.0,0.00,0.0,3.50,3.50,28.9,https://fbref.com/en/players/f554e29b/Alessio-Cragno,f554e29b,Big 5 combined
28,Finn Dahmen,GER,GK,Augsburg,de Bundesliga,25-287,1998,16.0,1.94,0.31,0.00,0.38,0.13,1.82,0.25,0.01,+0.01,5.44,14.9,36.6,40.0,3.00,30.0,32.2,5.81,49.5,42.8,15.3,1.06,6.9,1.63,1.63,14.5,https://fbref.com/en/players/dee3013b/Finn-Dahmen,dee3013b,Big 5 combined
29,Rémy Descamps,FRA,GK,Nantes,fr Ligue 1,27-197,1996,5.0,1.80,0.00,0.00,0.00,0.00,2.26,0.37,0.46,+0.45,7.80,20.0,39.0,24.6,5.60,45.5,38.5,12.2,72.1,49.4,18.2,1.40,7.7,0.00,0.00,8.3,https://fbref.com/en/players/477e50ce/Remy-Descamps,477e50ce,Big 5 combined
30,Arthur Desmas,FRA,GK,Le Havre,fr Ligue 1,29-276,1994,17.0,1.12,0.00,0.00,0.18,0.12,1.42,0.30,0.42,+0.42,4.24,12.4,34.1,21.2,4.65,42.5,35.8,6.65,51.3,38.8,15.1,0.94,6.2,0.65,0.65,11.8,https://fbref.com/en/players/e8c5dd4d/Arthur-Desmas,e8c5dd4d,Big 5 combined
31,Michele Di Gregorio,ITA,GK,Monza,it Serie A,26-165,1997,17.4,0.98,0.06,0.00,0.23,0.00,1.32,0.24,0.34,+0.34,4.43,11.8,37.4,32.9,6.32,26.4,30.0,7.07,44.7,40.6,14.5,0.69,4.8,0.69,0.69,11.5,https://fbref.com/en/players/4e0c8d66/Michele-Di-Gregorio,4e0c8d66,Big 5 combined
32,Mory Diaw,SEN,GK,Clermont Foot,fr Ligue 1,30-200,1993,17.0,1.53,0.18,0.00,0.12,0.06,1.62,0.25,0.15,+0.15,6.94,18.9,36.6,36.9,3.76,42.9,36.7,5.71,54.6,42.6,13.2,1.29,9.8,1.76,1.76,15.2,https://fbref.com/en/players/f41a69e6/Mory-Diaw,f41a69e6,Big 5 combined
33,Guillaume Dietsch,FRA,GK,Metz,fr Ligue 1,22-266,2001,0.8,1.25,0.00,0.00,0.00,0.00,1.00,0.31,-0.25,-0.21,7.50,20.0,37.5,23.8,3.75,47.4,36.4,8.75,100.0,63.0,17.5,1.25,7.1,0.00,0.00,3.0,https://fbref.com/en/players/e11a39aa/Guillaume-Dietsch,e11a39aa,Big 5 combined
34,Stole Dimitrievski,MKD,GK,Rayo Vallecano,es La Liga,30-014,1993,19.0,1.26,0.05,0.05,0.16,0.11,1.31,0.28,0.15,+0.15,4.74,16.4,28.8,24.5,4.32,48.4,40.3,8.42,54.4,45.7,15.5,0.47,3.1,0.74,0.74,13.3,https://fbref.com/en/players/fc70e345/Stole-Dimitrievski,fc70e345,Big 5 combined
35,Yehvann Diouf,FRA,GK,Reims,fr Ligue 1,24-053,1999,17.0,1.35,0.06,0.00,0.12,0.00,1.16,0.30,-0.19,-0.19,4.18,11.0,38.0,32.9,4.88,26.6,30.8,5.06,44.2,38.6,15.6,1.18,7.5,1.18,1.18,13.9,https://fbref.com/en/players/eedea60b/Yehvann-Diouf,eedea60b,Big 5 combined
36,Marko Dmitrović,SRB,GK,Sevilla,es La Liga,31-349,1992,11.0,1.55,0.18,0.00,0.09,0.09,1.58,0.30,0.13,+0.13,3.91,11.9,32.8,25.4,5.64,32.3,32.6,6.36,58.6,46.3,11.9,0.91,7.6,1.36,1.36,15.7,https://fbref.com/en/players/ac295d9e/Marko-Dmitrovic,ac295d9e,Big 5 combined
37,Gianluigi Donnarumma,ITA,GK,Paris S-G,fr Ligue 1,24-317,1999,14.1,0.85,0.14,0.00,0.14,0.00,1.06,0.27,0.21,+0.21,1.56,3.55,44.0,26.5,4.11,12.0,24.0,5.67,6.3,18.9,12.1,0.50,4.1,0.92,0.92,13.8,https://fbref.com/en/players/08f5afaa/Gianluigi-Donnarumma,08f5afaa,Big 5 combined
38,Martin Dúbravka,SVK,GK,Newcastle Utd,eng Premier League,34-358,1989,6.1,2.46,0.33,0.00,0.16,0.00,2.98,0.34,0.52,+0.54,2.62,8.69,30.2,23.4,7.21,16.8,25.7,9.18,51.8,38.5,15.6,1.15,7.4,0.66,0.66,12.1,https://fbref.com/en/players/3a949a25/Martin-Dubravka,3a949a25,Big 5 combined
39,Ederson,BRA,GK,Manchester City,eng Premier League,30-144,1993,18.0,1.11,0.11,0.00,0.11,0.06,0.93,0.30,-0.13,-0.13,4.00,8.78,45.6,37.4,4.22,19.8,28.3,3.78,36.8,36.9,8.00,0.83,10.4,0.83,0.83,15.3,https://fbref.com/en/players/3bb7b8b4/Ederson,3bb7b8b4,Big 5 combined
40,Łukasz Fabiański,POL,GK,West Ham,eng Premier League,38-265,1985,3.0,2.00,0.00,0.00,0.67,0.00,1.77,0.32,-0.23,-0.23,6.00,16.0,37.5,24.7,6.00,47.3,36.4,6.67,65.0,47.3,20.0,1.67,8.3,0.33,0.33,8.3,https://fbref.com/en/players/9328b835/Lukasz-Fabianski,9328b835,Big 5 combined
41,Wladimiro Falcone,ITA,GK,Lecce,it Serie A,28-271,1995,19.0,1.32,0.21,0.05,0.05,0.05,1.43,0.26,0.17,+0.17,3.63,10.9,33.3,20.7,4.79,39.1,33.2,7.11,39.3,32.5,14.3,0.42,3.0,0.47,0.47,11.3,https://fbref.com/en/players/9f5a610b/Wladimiro-Falcone,9f5a610b,Big 5 combined
42,Aitor Fernández,ESP,GK,Osasuna,es La Liga,32-250,1991,3.1,1.94,0.32,0.00,0.32,0.00,1.58,0.43,-0.35,-0.36,6.45,15.8,40.8,29.0,3.55,47.8,40.8,3.55,54.5,47.5,10.0,0.32,3.2,0.97,0.96,15.2,https://fbref.com/en/players/a01c3d54/Aitor-Fernandez,a01c3d54,Big 5 combined
43,Raúl Fernández,ESP,GK,Granada,es La Liga,35-301,1988,3.1,3.55,0.00,0.00,0.32,0.32,2.52,0.46,-0.71,-0.71,4.52,15.2,29.8,28.4,3.23,37.5,35.7,5.48,82.4,62.1,11.6,1.29,11.1,3.55,3.54,17.3,https://fbref.com/en/players/6fb59070/Raul-Fernandez,6fb59070,Big 5 combined
44,Fernando,ESP,GK,Almería,es La Liga,33-212,1990,2.0,3.50,0.00,0.00,0.00,0.00,2.45,0.45,-1.05,-1.05,7.00,20.0,35.0,33.5,7.00,47.8,37.2,8.00,50.0,45.8,16.0,1.00,6.3,2.50,2.50,17.9,https://fbref.com/en/players/dabb2827/Fernando,dabb2827,Big 5 combined
45,André Ferreira,POR,GK,Granada,es La Liga,27-224,1996,14.9,1.95,0.20,0.00,0.13,0.07,1.87,0.33,-0.01,-0.01,4.90,12.5,39.2,26.0,5.91,31.4,32.2,7.38,58.2,44.3,13.1,0.40,3.1,0.87,0.87,12.6,https://fbref.com/en/players/12c6cbef/Andre-Ferreira,12c6cbef,Big 5 combined
46,Mark Flekken,NED,GK,Brentford,eng Premier League,30-209,1993,17.5,1.66,0.06,0.00,0.23,0.00,1.22,0.28,-0.44,-0.44,5.20,15.0,34.6,37.4,3.83,32.0,32.2,7.43,41.5,36.4,14.4,0.80,5.6,0.86,0.86,13.8,https://fbref.com/en/players/a92ab7be/Mark-Flekken,a92ab7be,Big 5 combined
47,Wes Foderingham,ENG,GK,Sheffield Utd,eng Premier League,32-359,1991,20.0,2.45,0.05,0.00,0.30,0.15,2.33,0.35,0.03,+0.04,7.40,20.8,35.7,26.7,3.85,54.1,39.7,8.50,74.1,52.6,16.0,0.75,4.7,1.25,1.25,14.7,https://fbref.com/en/players/96cf7b61/Wes-Foderingham,96cf7b61,Big 5 combined
48,Paulo Gazzaniga,ARG,GK,Girona,es La Liga,32-006,1992,19.0,1.26,0.11,0.00,0.32,0.00,1.40,0.28,0.14,+0.14,4.00,11.9,33.5,30.8,4.79,27.7,31.0,6.21,55.1,46.6,15.7,1.21,7.7,0.53,0.53,10.7,https://fbref.com/en/players/63d17038/Paulo-Gazzaniga,63d17038,Big 5 combined
49,Luca Gemello,ITA,GK,Torino,it Serie A,23-189,2000,1.0,2.00,0.00,0.00,0.00,0.00,0.30,0.16,-1.70,-1.68,4.00,12.0,33.3,42.0,3.00,28.6,32.6,0.00,,,16.0,2.00,12.5,2.00,2.00,15.8,https://fbref.com/en/players/53e494ec/Luca-Gemello,53e494ec,Big 5 combined
50,David Gil,ESP,GK,Cádiz,es La Liga,29-362,1994,3.1,0.65,0.00,0.00,0.00,0.00,0.68,0.18,0.03,+0.04,14.2,32.9,43.1,24.2,1.29,89.3,54.7,11.9,94.6,63.8,25.5,1.61,6.3,0.00,0.00,7.3,https://fbref.com/en/players/fea23125/David-Gil,fea23125,Big 5 combined
51,Pierluigi Gollini,ITA,GK,Napoli,it Serie A,28-296,1995,3.0,1.67,0.00,0.00,0.33,0.00,1.67,0.36,0.00,+0.01,4.33,12.7,34.2,36.0,4.33,26.9,31.4,5.67,52.9,40.9,12.0,0.33,2.8,1.33,1.33,18.8,https://fbref.com/en/players/f0f7f62f/Pierluigi-Gollini,f0f7f62f,Big 5 combined
52,Jens Grahl,GER,GK,Eint Frankfurt,de Bundesliga,35-108,1988,1.0,1.00,0.00,0.00,0.00,0.00,1.00,0.26,0.00,+0.02,2.00,18.0,11.1,40.0,9.00,35.0,35.9,5.00,80.0,58.0,21.0,2.00,9.5,0.00,0.00,11.0,https://fbref.com/en/players/f26dee6b/Jens-Grahl,f26dee6b,Big 5 combined
53,Vicente Guaita,ESP,GK,Celta Vigo,es La Liga,36-363,1987,9.7,1.44,0.31,0.00,0.10,0.00,1.62,0.30,0.18,+0.18,5.57,14.0,39.7,21.8,5.05,41.7,37.8,6.70,73.8,53.0,17.8,1.44,8.1,1.03,1.03,12.6,https://fbref.com/en/players/ab13a5aa/Vicente-Guaita,ab13a5aa,Big 5 combined
54,Dean Henderson,ENG,GK,Crystal Palace,eng Premier League,26-302,1997,4.0,1.50,0.25,0.00,0.00,0.00,1.95,0.32,0.45,+0.45,5.25,18.5,28.4,27.3,3.50,45.0,38.7,7.00,89.3,60.1,14.8,0.50,3.4,0.75,0.75,14.7,https://fbref.com/en/players/e5a76dfe/Dean-Henderson,e5a76dfe,Big 5 combined
55,Sergio Herrera,ESP,GK,Osasuna,es La Liga,30-217,1993,15.9,1.45,0.00,0.00,0.25,0.00,1.24,0.32,-0.21,-0.21,8.62,21.3,40.4,29.8,2.89,52.3,40.7,8.18,70.0,50.8,16.3,0.82,5.0,0.94,0.94,15.5,https://fbref.com/en/players/a4995f48/Sergio-Herrera,a4995f48,Big 5 combined
56,Lukáš Hrádecký,FIN,GK,Leverkusen,de Bundesliga,34-045,1989,16.0,0.75,0.00,0.00,0.19,0.00,1.05,0.29,0.30,+0.30,2.38,6.06,39.2,23.9,5.25,20.1,28.0,3.81,32.8,34.9,10.2,0.94,9.2,1.38,1.38,17.6,https://fbref.com/en/players/ad3389d5/Lukas-Hradecky,ad3389d5,Big 5 combined
57,Sam Johnstone,ENG,GK,Crystal Palace,eng Premier League,30-289,1993,16.0,1.38,0.13,0.00,0.19,0.06,1.03,0.27,-0.28,-0.28,5.63,15.8,35.6,22.2,3.44,49.3,38.8,6.81,71.6,50.7,16.5,1.31,8.0,0.56,0.56,10.6,https://fbref.com/en/players/9e5708be/Sam-Johnstone,9e5708be,Big 5 combined
58,Filip Jørgensen,DEN,GK,Villarreal,es La Liga,21-267,2002,19.0,2.00,0.21,0.05,0.32,0.00,1.97,0.28,-0.03,-0.03,4.32,10.4,41.6,31.3,5.16,22.9,28.9,7.11,45.2,38.3,18.7,0.95,5.1,1.05,1.05,14.2,https://fbref.com/en/players/0107757e/Filip-Jorgensen,0107757e,Big 5 combined
59,Thomas Kaminski,BEL,GK,Luton Town,eng Premier League,31-077,1992,19.0,1.95,0.05,0.00,0.21,0.05,2.11,0.38,0.22,+0.22,7.74,23.9,32.3,27.3,3.79,59.8,43.0,9.58,79.7,54.1,16.2,0.63,3.9,1.37,1.37,17.1,https://fbref.com/en/players/1caa93a5/Thomas-Kaminski,1caa93a5,Big 5 combined
60,Caoimhín Kelleher,IRL,GK,Liverpool,eng Premier League,25-046,1998,2.0,1.50,0.00,0.00,0.50,0.00,1.10,0.37,-0.40,-0.40,2.50,5.50,45.5,33.5,4.50,11.9,20.7,4.50,33.3,30.7,5.50,1.00,18.2,1.50,1.50,17.7,https://fbref.com/en/players/62d7ef38/Caoimhin-Kelleher,62d7ef38,Big 5 combined
61,Gregor Kobel,SUI,GK,Dortmund,de Bundesliga,26-033,1997,15.3,1.57,0.33,0.00,0.26,0.07,1.68,0.26,0.18,+0.17,5.29,11.8,45.0,34.8,4.51,24.2,29.4,7.45,44.7,39.5,13.7,0.26,1.9,0.65,0.65,12.7,https://fbref.com/en/players/cd59b9df/Gregor-Kobel,cd59b9df,Big 5 combined
62,Philipp Köhn,SUI,GK,Monaco,fr Ligue 1,25-281,1998,17.0,1.29,0.24,0.00,0.24,0.00,1.25,0.23,-0.05,-0.05,4.00,12.2,32.7,24.2,4.06,36.4,33.3,5.94,57.4,43.8,12.7,0.94,7.4,0.88,0.88,11.5,https://fbref.com/en/players/ff74841d/Philipp-Kohn,ff74841d,Big 5 combined
63,Alban Lafont,FRA,GK,Nantes,fr Ligue 1,24-350,1999,11.7,1.54,0.34,0.00,0.09,0.00,1.76,0.31,0.22,+0.22,3.68,12.1,30.3,32.6,5.04,29.1,31.4,5.04,52.5,41.2,12.2,1.28,10.5,1.37,1.36,13.7,https://fbref.com/en/players/4e7db402/Alban-Lafont,4e7db402,Big 5 combined
64,Nicola Leali,ITA,GK,Genoa,it Serie A,30-325,1993,1.0,2.00,0.00,0.00,0.00,0.00,2.70,0.34,0.70,+0.73,11.0,30.0,36.7,42.0,3.00,69.0,42.5,3.00,33.3,27.0,11.0,1.00,9.1,1.00,0.99,17.8,https://fbref.com/en/players/5f9970a0/Nicola-Leali,5f9970a0,Big 5 combined
65,Benjamin Lecomte,FRA,GK,Montpellier,fr Ligue 1,32-257,1991,17.0,1.24,0.00,0.12,0.06,0.12,1.18,0.23,0.06,+0.06,5.76,16.7,34.5,27.4,4.29,47.9,37.4,7.29,49.2,39.6,14.2,0.88,6.2,0.18,0.18,8.9,https://fbref.com/en/players/2fa2a875/Benjamin-Lecomte,2fa2a875,Big 5 combined
66,Jeremías Ledesma,ARG,GK,Cádiz,es La Liga,30-329,1993,15.9,1.51,0.06,0.00,0.13,0.00,1.70,0.32,0.19,+0.19,9.37,24.1,38.9,26.7,3.27,62.7,44.9,8.43,87.3,62.9,16.9,1.57,9.3,1.13,1.13,11.7,https://fbref.com/en/players/6c4776b1/Jeremias-Ledesma,6c4776b1,Big 5 combined
67,Bernd Leno,GER,GK,Fulham,eng Premier League,31-310,1992,20.0,1.75,0.25,0.00,0.05,0.15,1.64,0.26,0.04,+0.04,3.90,11.7,33.3,35.8,4.30,23.7,28.4,4.80,66.7,49.8,11.4,0.35,3.1,1.20,1.20,14.9,https://fbref.com/en/players/2628fd2b/Bernd-Leno,2628fd2b,Big 5 combined
68,Anthony Lopes,POR,GK,Lyon,fr Ligue 1,33-099,1990,14.0,1.50,0.14,0.00,0.00,0.00,1.41,0.25,-0.09,-0.08,4.86,13.1,37.2,25.2,4.00,40.8,34.6,6.79,41.1,34.3,12.7,0.86,6.7,1.14,1.14,16.4,https://fbref.com/en/players/f00de885/Anthony-Lopes,f00de885,Big 5 combined
69,Pau López,ESP,GK,Marseille,fr Ligue 1,29-026,1994,16.7,1.02,0.00,0.06,0.24,0.00,0.90,0.25,-0.12,-0.12,2.75,9.34,29.5,31.1,3.05,24.6,29.6,4.61,36.4,34.6,13.5,0.30,2.2,0.78,0.78,14.9,https://fbref.com/en/players/20b9f052/Pau-Lopez,20b9f052,Big 5 combined
70,Andriy Lunin,UKR,GK,Real Madrid,es La Liga,24-331,1999,8.0,0.50,0.00,0.00,0.00,0.00,0.89,0.30,0.39,+0.38,1.50,3.25,46.2,23.5,5.25,10.1,23.1,4.88,17.9,27.3,13.0,1.25,9.6,1.38,1.38,13.9,https://fbref.com/en/players/3061e1ec/Andriy-Lunin,3061e1ec,Big 5 combined
71,Mike Maignan,FRA,GK,Milan,it Serie A,28-189,1995,16.0,1.13,0.13,0.13,0.13,0.00,1.03,0.23,-0.09,-0.10,5.19,11.4,45.4,39.6,6.63,22.9,29.0,5.75,41.3,38.1,12.6,1.38,10.9,1.44,1.44,15.0,https://fbref.com/en/players/fcb38f57/Mike-Maignan,fcb38f57,Big 5 combined
72,Giorgi Mamardashvili,GEO,GK,Valencia,es La Liga,23-101,2000,19.0,1.21,0.05,0.00,0.11,0.05,1.31,0.31,0.15,+0.15,4.37,16.9,25.8,22.1,3.84,57.4,41.2,6.32,67.5,52.8,15.1,1.21,8.0,0.79,0.79,11.9,https://fbref.com/en/players/d4b73232/Giorgi-Mamardashvili,d4b73232,Big 5 combined
73,Steve Mandanda,FRA,GK,Rennes,fr Ligue 1,38-286,1985,17.0,1.29,0.06,0.00,0.18,0.12,1.05,0.25,-0.12,-0.12,3.65,12.9,28.2,32.0,4.41,29.8,31.7,6.12,55.8,42.0,12.7,0.71,5.6,1.47,1.47,18.5,https://fbref.com/en/players/1d2d5cc8/Steve-Mandanda,1d2d5cc8,Big 5 combined
74,Diego Mariño,ESP,GK,Almería,es La Liga,33-244,1990,1.0,2.00,2.00,0.00,0.00,0.00,2.10,0.02,0.10,+0.05,1.00,5.00,20.0,25.0,6.00,20.0,24.1,2.00,0.0,16.5,6.00,0.00,0.0,2.00,2.00,22.7,https://fbref.com/en/players/d9235a45/Diego-Marino,d9235a45,Big 5 combined
75,Unai Marrero,ESP,GK,Real Sociedad,es La Liga,22-091,2001,0.6,1.67,1.67,0.00,0.00,0.00,1.83,0.05,0.17,+0.16,6.67,20.0,33.3,18.3,3.33,72.7,49.2,6.67,100.0,60.8,18.3,1.67,9.1,0.00,0.00,8.0,https://fbref.com/en/players/f0fe87dc/Unai-Marrero,f0fe87dc,Big 5 combined
76,Emiliano Martínez,ARG,GK,Aston Villa,eng Premier League,31-128,1992,19.0,1.37,0.00,0.00,0.26,0.11,1.38,0.34,0.12,+0.12,3.95,9.74,40.5,34.6,4.74,22.8,28.3,4.63,39.8,35.4,10.1,1.16,11.5,2.53,2.53,19.0,https://fbref.com/en/players/7956236f/Emiliano-Martinez,7956236f,Big 5 combined
77,Josep Martinez,ESP,GK,Genoa,it Serie A,25-226,1998,18.0,1.22,0.06,0.00,0.11,0.06,1.03,0.30,-0.13,-0.13,6.17,15.8,38.9,34.3,3.06,35.3,35.7,5.17,72.0,52.0,15.2,1.33,8.8,0.78,0.78,11.7,https://fbref.com/en/players/11d8aff0/Josep-Martinez,11d8aff0,Big 5 combined
78,Remi Matthews,ENG,GK,Crystal Palace,eng Premier League,29-332,1994,0.0,1,0,0,0,0,0.1,0.15,-0.9,-19.20,0,5,0.0,4,0,100.0,53.8,1,100.0,63.0,1,1,100.0,0,0.00,3.5,https://fbref.com/en/players/27f4f772/Remi-Matthews,27f4f772,Big 5 combined
79,Luís Maximiano,POR,GK,Almería,es La Liga,25-003,1999,16.0,2.13,0.13,0.00,0.38,0.00,2.04,0.36,-0.09,-0.09,4.69,16.2,29.0,27.2,4.69,38.4,35.0,9.44,60.9,45.4,16.2,0.75,4.6,1.25,1.25,14.7,https://fbref.com/en/players/3318286e/Luis-Maximiano,3318286e,Big 5 combined
80,Alex Meret,ITA,GK,Napoli,it Serie A,26-292,1997,15.8,1.20,0.06,0.00,0.13,0.00,1.19,0.32,-0.01,-0.01,1.77,5.76,30.8,23.9,3.35,18.6,28.1,5.06,26.3,30.7,11.6,0.13,1.1,1.08,1.08,16.7,https://fbref.com/en/players/9413b19f/Alex-Meret,9413b19f,Big 5 combined
81,Alexander Meyer,GER,GK,Dortmund,de Bundesliga,32-270,1991,0.7,1.43,0.00,0.00,0.00,0.00,1.43,0.52,0.00,+0.05,1.43,4.29,33.3,30.0,7.14,14.3,22.5,10.0,0.0,20.7,12.9,2.86,22.2,0.00,0.00,6.8,https://fbref.com/en/players/b56dd813/Alexander-Meyer,b56dd813,Big 5 combined
82,Vanja Milinković-Savić,SRB,GK,Torino,it Serie A,26-322,1997,18.0,0.89,0.17,0.00,0.22,0.00,0.84,0.19,-0.04,-0.05,5.83,19.3,30.3,33.1,4.72,42.4,37.1,6.39,81.7,64.3,9.94,0.94,9.5,1.06,1.06,15.0,https://fbref.com/en/players/9fa26bc2/Vanja-Milinkovic-Savic,9fa26bc2,Big 5 combined
83,Antonio Mirante,ITA,GK,Milan,it Serie A,40-184,1983,1.0,1.00,0.00,0.00,0.00,0.00,1.10,0.33,0.10,+0.12,4.00,12.0,33.3,25.0,2.00,40.0,34.4,4.00,50.0,36.0,12.0,0.00,0.0,0.00,0.00,5.5,https://fbref.com/en/players/30223b33/Antonio-Mirante,30223b33,Big 5 combined
84,Lorenzo Montipò,ITA,GK,Hellas Verona,it Serie A,27-322,1996,19.0,1.37,0.05,0.00,0.11,0.00,1.22,0.26,-0.15,-0.15,9.00,20.7,43.4,25.9,3.11,54.2,41.4,9.05,73.8,53.8,12.3,0.26,2.1,1.42,1.42,17.8,https://fbref.com/en/players/c1d95617/Lorenzo-Montipo,c1d95617,Big 5 combined
85,Kevin Müller,GER,GK,Heidenheim,de Bundesliga,32-299,1991,16.0,2.00,0.38,0.00,0.31,0.13,1.86,0.25,-0.01,-0.01,8.50,19.4,43.7,34.9,4.44,40.0,37.4,8.94,61.5,45.9,15.1,0.94,6.2,0.75,0.75,13.9,https://fbref.com/en/players/f256f213/Kevin-Muller,f256f213,Big 5 combined
86,Juan Musso,ARG,GK,Atalanta,it Serie A,29-247,1994,10.0,1.20,0.20,0.00,0.20,0.10,0.89,0.22,-0.21,-0.21,3.80,11.0,34.5,28.1,6.40,24.2,29.5,6.00,70.0,50.2,9.80,1.00,10.2,1.60,1.60,16.8,https://fbref.com/en/players/a111cf41/Juan-Musso,a111cf41,Big 5 combined
87,Yvon Mvogo,SUI,GK,Lorient,fr Ligue 1,29-216,1994,17.0,2.06,0.29,0.06,0.29,0.00,1.89,0.24,-0.16,-0.16,3.88,10.4,37.3,28.6,5.12,28.4,31.9,5.71,40.2,35.5,16.5,0.76,4.6,0.35,0.35,8.2,https://fbref.com/en/players/dc29b608/Yvon-Mvogo,dc29b608,Big 5 combined
88,Neto,BRA,GK,Bournemouth,eng Premier League,34-173,1989,17.0,1.65,0.12,0.06,0.12,0.06,1.60,0.29,0.01,+0.01,5.12,15.0,34.1,25.8,4.53,43.5,36.5,7.12,52.9,42.6,12.8,0.94,7.4,1.06,1.06,12.8,https://fbref.com/en/players/a9dc785c/Neto,a9dc785c,Big 5 combined
89,Manuel Neuer,GER,GK,Bayern Munich,de Bundesliga,37-287,1986,7.0,1.14,0.00,0.00,0.00,0.00,0.84,0.29,-0.30,-0.30,3.43,7.57,45.3,39.4,4.57,17.4,28.1,4.57,15.6,24.9,7.71,0.14,1.9,0.71,0.71,20.9,https://fbref.com/en/players/8778c910/Manuel-Neuer,8778c910,Big 5 combined
90,Moritz Nicolas,GER,GK,M'Gladbach,de Bundesliga,26-079,1997,14.0,2.00,0.29,0.00,0.29,0.00,2.02,0.27,0.02,+0.02,3.57,11.2,31.8,33.1,5.64,25.7,29.3,5.93,45.8,41.2,17.0,0.86,5.0,0.86,0.86,13.3,https://fbref.com/en/players/226ddf9d/Moritz-Nicolas,226ddf9d,Big 5 combined
91,Alexander Nübel,GER,GK,Stuttgart,de Bundesliga,27-100,1996,16.0,1.19,0.06,0.00,0.19,0.13,1.04,0.26,-0.03,-0.02,4.81,10.1,47.8,35.6,4.94,23.5,28.8,4.44,38.0,33.5,12.1,1.31,10.9,2.31,2.31,17.7,https://fbref.com/en/players/afb0c500/Alexander-Nubel,afb0c500,Big 5 combined
92,Ørjan Nyland,NOR,GK,Sevilla,es La Liga,33-120,1990,7.0,1.14,0.14,0.00,0.00,0.14,0.90,0.23,-0.10,-0.11,5.57,14.6,38.2,21.6,4.57,43.7,35.4,7.43,69.2,52.3,13.3,0.57,4.3,1.14,1.14,16.9,https://fbref.com/en/players/bdedffac/Orjan-Nyland,bdedffac,Big 5 combined
93,Jan Oblak,SVN,GK,Atlético Madrid,es La Liga,31-001,1993,19.0,1.21,0.05,0.00,0.11,0.00,1.06,0.25,-0.15,-0.15,3.00,9.11,32.9,19.8,4.74,25.3,30.8,8.05,51.0,40.1,16.2,0.74,4.6,0.68,0.68,13.1,https://fbref.com/en/players/ee8508c0/Jan-Oblak,ee8508c0,Big 5 combined
94,Guillermo Ochoa,MEX,GK,Salernitana,it Serie A,38-179,1985,11.0,2.00,0.27,0.00,0.27,0.00,1.46,0.22,-0.54,-0.53,3.18,15.2,21.0,24.4,3.55,44.8,37.1,8.00,53.4,42.0,14.8,0.64,4.3,0.36,0.36,10.7,https://fbref.com/en/players/1e9bde92/Guillermo-Ochoa,1e9bde92,Big 5 combined
95,Maduka Okoye,NGA,GK,Udinese,it Serie A,24-133,1999,2.0,1.00,0.00,0.50,0.00,0.00,0.85,0.25,-0.15,-0.14,4.50,11.5,39.1,12.5,1.00,68.0,45.5,5.00,60.0,41.1,9.50,0.00,0.0,0.00,0.00,5.3,https://fbref.com/en/players/ab5c36dd/Maduka-Okoye,ab5c36dd,Big 5 combined
96,Robin Olsen,SWE,GK,Aston Villa,eng Premier League,34-000,1990,1.0,1.00,0.00,0.00,0.00,0.00,0.50,0.23,-0.50,-0.54,5.00,12.0,41.7,37.0,3.00,29.7,28.0,2.00,50.0,35.0,11.0,0.00,0.0,1.00,1.00,23.0,https://fbref.com/en/players/e7ee38c3/Robin-Olsen,e7ee38c3,Big 5 combined
97,Jonas Omlin,SUI,GK,M'Gladbach,de Bundesliga,29-363,1994,2.0,3.50,0.50,0.00,0.50,0.00,3.00,0.28,-0.50,-0.51,5.50,16.0,34.4,33.5,6.50,40.3,37.0,5.00,50.0,40.4,13.5,0.50,3.7,1.00,1.00,13.3,https://fbref.com/en/players/c631f952/Jonas-Omlin,c631f952,Big 5 combined
98,André Onana,CMR,GK,Manchester Utd,eng Premier League,27-281,1996,20.0,1.35,0.10,0.05,0.15,0.05,1.44,0.29,0.14,+0.14,3.65,12.1,30.2,34.5,3.40,28.7,30.2,4.55,48.4,40.1,13.6,0.60,4.4,0.95,0.95,14.9,https://fbref.com/en/players/e9c0c1b2/Andre-Onana,e9c0c1b2,Big 5 combined
99,Stefan Ortega,GER,GK,Manchester City,eng Premier League,31-063,1992,1.0,1.00,0.00,0.00,0.00,0.00,1.00,0.32,0.00,-0.04,5.00,19.0,26.3,57.0,2.00,31.6,30.9,1.00,100.0,63.0,7.00,1.00,14.3,1.00,1.00,11.3,https://fbref.com/en/players/c1242d4e/Stefan-Ortega,c1242d4e,Big 5 combined
100,Alexandre Oukidja,ALG,GK,Metz,fr Ligue 1,35-173,1988,16.2,1.60,0.06,0.06,0.12,0.00,1.42,0.25,-0.19,-0.19,7.41,19.6,37.9,21.0,3.89,56.2,42.0,8.46,92.0,60.8,16.3,1.17,7.2,0.49,0.49,9.6,https://fbref.com/en/players/ae7d0ecd/Alexandre-Oukidja,ae7d0ecd,Big 5 combined
101,Rui Patrício,POR,GK,Roma,it Serie A,35-327,1988,19.0,1.11,0.11,0.00,0.05,0.05,0.99,0.31,-0.06,-0.06,4.21,9.05,46.5,19.9,3.74,31.4,31.6,6.11,45.7,37.0,12.3,0.74,6.0,0.37,0.37,11.8,https://fbref.com/en/players/79b0d6a0/Rui-Patricio,79b0d6a0,Big 5 combined
102,Jiří Pavlenka,CZE,GK,Werder Bremen,de Bundesliga,31-269,1992,7.0,2.43,0.29,0.00,0.14,0.00,1.87,0.30,-0.56,-0.56,4.43,12.1,36.5,25.3,5.29,37.9,34.2,9.86,26.1,32.5,15.6,1.00,6.4,1.29,1.29,14.4,https://fbref.com/en/players/0a1cb833/Jiri-Pavlenka,0a1cb833,Big 5 combined
103,Iñaki Peña,ESP,GK,Barcelona,es La Liga,24-312,1999,6.0,1.50,0.00,0.00,0.00,0.00,1.50,0.35,0.00,+0.01,1.00,3.33,30.0,23.8,5.17,10.5,22.8,4.33,19.2,28.2,8.67,0.17,1.9,0.50,0.50,11.4,https://fbref.com/en/players/cc1c5035/Inaki-Pena,cc1c5035,Big 5 combined
104,Mattia Perin,ITA,GK,Juventus,it Serie A,31-059,1992,2.0,0.50,0.00,0.00,0.00,0.00,0.60,0.30,0.10,+0.09,2.50,6.50,38.5,21.0,4.50,28.6,29.1,5.50,9.1,18.9,13.0,1.00,7.7,1.00,1.00,15.0,https://fbref.com/en/players/4c62d0c8/Mattia-Perin,4c62d0c8,Big 5 combined
105,Samuele Perisan,ITA,GK,Empoli,it Serie A,26-140,1997,1.0,2.00,0.00,0.00,0.00,0.00,0.70,0.14,-1.30,-1.32,1.00,8.00,12.5,22.0,8.00,27.3,26.3,12.0,16.7,29.6,18.0,0.00,0.0,1.00,1.00,21.0,https://fbref.com/en/players/00a17eba/Samuele-Perisan,00a17eba,Big 5 combined
106,Pavao Pervan,AUT,GK,Wolfsburg,de Bundesliga,36-056,1987,3.0,2.33,0.00,0.33,0.00,0.33,2.03,0.38,0.03,+0.05,3.00,13.7,22.0,35.3,7.67,32.1,31.9,3.67,63.6,49.2,12.3,0.00,0.0,0.67,0.67,13.3,https://fbref.com/en/players/c89e8aae/Pavao-Pervan,c89e8aae,Big 5 combined
107,Denis Petrić,SRB,GK,Nantes,fr Ligue 1,35-229,1988,0.3,3.33,0.00,0.00,3.33,0.00,1.00,0.28,-2.33,-2.71,3.33,6.67,50.0,23.3,6.67,28.6,30.7,0.00,,,13.3,0.00,0.0,0.00,0.00,,https://fbref.com/en/players/dab1b8dc/Denis-Petric,dab1b8dc,Big 5 combined
108,Đorđe Petrović,SRB,GK,Chelsea,eng Premier League,24-092,1999,4.1,1.46,0.00,0.00,0.73,0.00,1.32,0.31,-0.15,-0.15,4.39,12.4,35.3,32.2,3.41,27.3,30.2,6.10,60.0,45.1,15.1,0.98,6.5,1.95,1.96,18.8,https://fbref.com/en/players/0cf321c8/Djordje-Petrovic,0cf321c8,Big 5 combined
109,Jordan Pickford,ENG,GK,Everton,eng Premier League,29-307,1994,20.0,1.40,0.25,0.00,0.30,0.10,1.28,0.27,-0.01,-0.01,9.40,22.8,41.3,31.3,3.40,57.7,41.9,7.30,64.4,49.7,13.3,0.60,4.5,1.25,1.25,16.7,https://fbref.com/en/players/4806ec67/Jordan-Pickford,4806ec67,Big 5 combined
110,Nick Pope,ENG,GK,Newcastle Utd,eng Premier League,31-264,1992,13.9,1.01,0.00,0.07,0.14,0.00,1.09,0.30,0.08,+0.08,2.52,7.19,35.0,20.3,6.12,18.8,27.8,6.12,55.3,42.3,9.21,0.43,4.7,2.01,2.01,19.8,https://fbref.com/en/players/4b40d9ca/Nick-Pope,4b40d9ca,Big 5 combined
111,Ivan Provedel,ITA,GK,Lazio,it Serie A,29-297,1994,19.0,1.05,0.05,0.00,0.05,0.00,0.87,0.22,-0.18,-0.18,2.68,7.00,38.3,29.0,3.74,19.1,29.4,4.63,31.8,33.6,10.8,0.63,5.9,0.63,0.63,12.8,https://fbref.com/en/players/277da414/Ivan-Provedel,277da414,Big 5 combined
112,Ionuț Radu,ROU,GK,Bournemouth,eng Premier League,26-225,1997,2.0,3.50,0.00,0.00,1.50,0.00,1.45,0.27,-2.05,-2.04,2.50,7.50,33.3,28.5,5.00,19.3,26.9,5.50,36.4,29.2,9.50,1.00,10.5,0.00,0.00,9.6,https://fbref.com/en/players/67f649be/Ionut-Radu,67f649be,Big 5 combined
113,Boris Radunović,SRB,GK,Cagliari,it Serie A,27-227,1996,7.0,1.71,0.00,0.00,0.14,0.14,1.44,0.38,-0.13,-0.13,5.86,13.0,45.1,22.3,4.43,35.9,37.0,9.43,53.0,43.8,14.0,0.86,6.1,0.57,0.57,11.2,https://fbref.com/en/players/0dfce079/Boris-Radunovic,0dfce079,Big 5 combined
114,Predrag Rajković,SRB,GK,Mallorca,es La Liga,28-069,1995,19.0,1.21,0.21,0.05,0.11,0.00,1.35,0.29,0.14,+0.14,9.21,22.4,41.2,24.3,2.37,64.2,46.2,9.32,72.9,54.2,15.0,1.16,7.7,0.63,0.63,12.0,https://fbref.com/en/players/58ad9383/Predrag-Rajkovic,58ad9383,Big 5 combined
115,Aaron Ramsdale,ENG,GK,Arsenal,eng Premier League,25-239,1998,5.0,0.80,0.00,0.00,0.20,0.00,0.46,0.23,-0.34,-0.34,2.60,9.00,28.9,26.6,5.00,26.3,29.5,3.60,55.6,43.3,7.00,0.60,8.6,1.80,1.80,18.3,https://fbref.com/en/players/466fb2c5/Aaron-Ramsdale,466fb2c5,Big 5 combined
116,Federico Ravaglia,ITA,GK,Bologna,it Serie A,24-058,1999,2.0,0.50,0.00,0.50,0.00,0.00,0.65,0.32,0.15,+0.13,0.50,3.50,14.3,25.5,4.00,13.7,24.2,3.00,0.0,17.3,11.0,0.00,0.0,1.50,1.50,28.7,https://fbref.com/en/players/6662d731/Federico-Ravaglia,6662d731,Big 5 combined
117,David Raya,ESP,GK,Arsenal,eng Premier League,28-115,1995,15.0,1.07,0.07,0.00,0.27,0.00,0.87,0.30,-0.20,-0.20,3.93,10.9,36.0,30.5,5.53,29.7,30.0,3.33,56.0,44.7,8.47,1.40,16.5,1.73,1.73,18.7,https://fbref.com/en/players/98ea5115/David-Raya,98ea5115,Big 5 combined
118,Álex Remiro,ESP,GK,Real Sociedad,es La Liga,28-290,1995,18.4,0.98,0.11,0.00,0.05,0.05,1.08,0.25,0.16,+0.16,5.87,13.6,43.2,32.3,3.48,31.1,32.1,4.95,71.4,53.9,12.7,0.71,5.6,1.74,1.74,16.9,https://fbref.com/en/players/374ee424/Alex-Remiro,374ee424,Big 5 combined
119,Guillaume Restes,FRA,GK,Toulouse,fr Ligue 1,18-303,2005,17.0,1.35,0.24,0.00,0.18,0.00,1.42,0.28,0.06,+0.06,2.82,9.24,30.6,22.7,2.65,29.0,29.8,5.35,49.5,39.2,15.9,0.12,0.7,0.59,0.59,10.9,https://fbref.com/en/players/6b91b999/Guillaume-Restes,6b91b999,Big 5 combined
120,Manuel Riemann,GER,GK,Bochum,de Bundesliga,35-121,1988,16.0,2.06,0.19,0.00,0.25,0.13,1.82,0.27,-0.11,-0.11,11.6,30.4,38.1,45.5,2.56,59.6,41.7,6.13,53.1,42.6,14.3,1.00,7.0,3.13,3.13,20.1,https://fbref.com/en/players/9f941969/Manuel-Riemann,9f941969,Big 5 combined
121,Rémy Riou,FRA,GK,Lyon,fr Ligue 1,36-155,1987,3.0,2.00,0.00,0.33,0.00,0.00,1.57,0.33,-0.43,-0.44,1.67,8.00,20.8,27.0,4.33,16.0,26.1,7.67,47.8,39.0,10.7,1.00,9.4,1.00,1.00,13.4,https://fbref.com/en/players/7f41ee30/Remy-Riou,7f41ee30,Big 5 combined
122,Frederik Rønnow,DEN,GK,Union Berlin,de Bundesliga,31-157,1992,15.0,2.07,0.20,0.07,0.33,0.07,1.76,0.29,-0.24,-0.24,4.40,14.9,29.5,31.3,4.60,35.2,33.2,6.40,61.5,47.3,14.7,1.33,9.1,1.60,1.60,14.8,https://fbref.com/en/players/a70b8345/Frederik-Ronnow,a70b8345,Big 5 combined
123,José Sá,POR,GK,Wolves,eng Premier League,30-356,1993,17.2,1.63,0.29,0.06,0.00,0.06,1.76,0.32,0.19,+0.19,2.67,12.5,21.4,24.9,5.87,33.9,34.5,7.27,56.0,43.2,15.9,2.03,12.8,0.70,0.70,11.4,https://fbref.com/en/players/903b6e8b/Jose-Sa,903b6e8b,Big 5 combined
124,Brice Samba,FRA,GK,Lens,fr Ligue 1,29-258,1994,17.0,1.00,0.24,0.00,0.35,0.00,1.25,0.27,0.25,+0.25,4.71,10.4,45.5,25.7,4.35,33.9,32.3,4.82,34.1,31.1,11.5,1.06,9.2,0.76,0.76,13.8,https://fbref.com/en/players/60d90c55/Brice-Samba,60d90c55,Big 5 combined
125,Robert Sánchez,ESP,GK,Chelsea,eng Premier League,26-051,1997,15.9,1.57,0.13,0.00,0.19,0.00,1.52,0.28,-0.05,-0.05,3.84,9.25,41.5,32.5,5.47,21.3,28.1,5.72,40.7,33.7,12.7,1.19,9.4,1.70,1.70,15.8,https://fbref.com/en/players/6a713852/Robert-Sanchez,6a713852,Big 5 combined
126,Marcel Schuhen,GER,GK,Darmstadt 98,de Bundesliga,30-360,1993,15.0,2.67,0.07,0.07,0.33,0.00,2.29,0.33,-0.37,-0.37,7.60,19.5,39.0,43.6,5.20,34.9,34.2,8.40,50.8,42.4,14.6,0.73,5.0,1.93,1.93,16.7,https://fbref.com/en/players/5fa2e0cf/Marcel-Schuhen,5fa2e0cf,Big 5 combined
127,Marvin Schwäbe,GER,GK,Köln,de Bundesliga,28-258,1995,16.0,1.75,0.06,0.00,0.19,0.00,2.09,0.39,0.34,+0.34,4.31,10.1,42.9,36.4,3.44,24.2,29.5,4.63,27.0,31.5,12.6,0.31,2.5,0.88,0.88,14.8,https://fbref.com/en/players/87436846/Marvin-Schwabe,87436846,Big 5 combined
128,Simone Scuffet,ITA,GK,Cagliari,it Serie A,27-222,1996,12.0,1.67,0.08,0.00,0.33,0.00,1.51,0.40,-0.16,-0.16,6.17,14.2,43.5,24.1,4.17,36.7,35.2,8.00,66.7,47.3,15.3,0.83,5.5,0.67,0.67,11.7,https://fbref.com/en/players/41bd99ea/Simone-Scuffet,41bd99ea,Big 5 combined
129,Matz Sels,BEL,GK,Strasbourg,fr Ligue 1,31-316,1992,17.0,1.29,0.06,0.00,0.06,0.12,1.02,0.29,-0.16,-0.16,4.88,12.2,39.9,25.9,3.35,39.5,35.4,6.12,32.7,34.0,13.5,0.29,2.2,0.94,0.94,13.8,https://fbref.com/en/players/834b5c4c/Matz-Sels,834b5c4c,Big 5 combined
130,Rui Silva,POR,GK,Betis,es La Liga,29-335,1994,9.5,1.16,0.42,0.00,0.00,0.00,1.47,0.22,0.32,+0.32,5.16,14.9,34.5,30.6,4.53,36.1,33.2,7.47,52.1,41.3,14.0,1.47,10.5,1.05,1.05,12.4,https://fbref.com/en/players/ea83bfa6/Rui-Silva,ea83bfa6,Big 5 combined
131,Marco Silvestri,ITA,GK,Udinese,it Serie A,32-312,1991,17.0,1.65,0.35,0.00,0.12,0.00,1.51,0.29,-0.14,-0.14,3.35,9.88,33.9,20.3,4.00,33.6,32.3,6.18,49.5,42.1,16.6,0.29,1.8,0.41,0.41,13.1,https://fbref.com/en/players/0d422df7/Marco-Silvestri,0d422df7,Big 5 combined
132,Unai Simón,ESP,GK,Athletic Club,es La Liga,26-211,1997,19.0,1.00,0.00,0.00,0.11,0.05,1.22,0.30,0.27,+0.27,6.21,19.7,31.6,29.3,4.26,48.5,39.1,6.79,80.6,59.6,13.1,0.84,6.5,1.74,1.74,17.6,https://fbref.com/en/players/5dcf3e90/Unai-Simon,5dcf3e90,Big 5 combined
133,Antonio Sivera,ESP,GK,Alavés,es La Liga,27-150,1996,19.0,1.32,0.32,0.00,0.05,0.11,1.25,0.25,0.04,+0.04,7.32,18.2,40.2,23.3,3.16,57.8,43.0,8.32,57.0,42.0,13.7,0.63,4.6,1.11,1.11,15.7,https://fbref.com/en/players/9970da54/Antonio-Sivera,9970da54,Big 5 combined
134,Łukasz Skorupski,POL,GK,Bologna,it Serie A,32-248,1991,17.0,0.88,0.18,0.00,0.12,0.00,0.87,0.20,-0.01,-0.01,3.94,10.5,37.4,27.5,4.06,29.1,30.5,6.06,41.7,39.3,14.6,0.47,3.2,0.18,0.18,8.8,https://fbref.com/en/players/ab4449d6/Lukasz-Skorupski,ab4449d6,Big 5 combined
135,Yann Sommer,SUI,GK,Inter,it Serie A,35-022,1988,19.0,0.47,0.05,0.00,0.05,0.00,0.65,0.21,0.17,+0.17,3.53,7.32,48.2,29.3,3.89,20.1,27.1,5.63,25.2,28.5,12.0,0.53,4.4,0.58,0.58,12.4,https://fbref.com/en/players/420c18a1/Yann-Sommer,420c18a1,Big 5 combined
136,David Soria,ESP,GK,Getafe,es La Liga,30-279,1993,19.0,1.32,0.16,0.00,0.16,0.00,1.48,0.30,0.16,+0.16,10.4,25.9,40.0,26.4,3.00,70.5,46.8,8.37,87.4,58.7,12.1,0.53,4.3,1.58,1.58,17.0,https://fbref.com/en/players/8f8c6934/David-Soria,8f8c6934,Big 5 combined
137,Alessandro Sorrentino,ITA,GK,Monza,it Serie A,21-280,2002,1.6,1.88,1.25,0.00,0.00,0.00,1.81,0.13,-0.06,-0.07,1.88,12.5,15.0,27.5,7.50,31.8,31.0,5.00,75.0,51.8,13.8,0.63,4.5,0.00,0.00,9.0,https://fbref.com/en/players/8ef2452a/Alessandro-Sorrentino,8ef2452a,Big 5 combined
138,Marco Sportiello,ITA,GK,Milan,it Serie A,31-243,1992,2.0,0.50,0.00,0.00,0.00,0.00,0.65,0.16,0.15,+0.14,2.50,7.50,33.3,34.5,6.50,21.7,28.0,1.00,0.0,28.5,14.0,1.00,7.1,1.00,1.00,13.2,https://fbref.com/en/players/ac4003af/Marco-Sportiello,ac4003af,Big 5 combined
139,Jason Steele,ENG,GK,Brighton,eng Premier League,33-143,1990,11.0,1.73,0.27,0.00,0.36,0.18,1.27,0.28,-0.27,-0.28,3.09,7.73,40.0,36.5,3.64,19.2,26.2,3.36,21.6,22.4,10.4,0.55,5.3,1.64,1.64,18.0,https://fbref.com/en/players/28300a16/Jason-Steele,28300a16,Big 5 combined
140,Thomas Strakosha,ALB,GK,Brentford,eng Premier League,28-295,1995,1.5,1.33,0.00,0.00,0.00,0.00,1.00,0.20,-0.33,-0.30,8.00,20.0,40.0,37.3,3.33,41.1,35.8,10.0,46.7,39.9,24.7,1.33,5.4,0.67,0.67,10.0,https://fbref.com/en/players/339fe0e8/Thomas-Strakosha,339fe0e8,Big 5 combined
141,Wojciech Szczęsny,POL,GK,Juventus,it Serie A,33-265,1990,17.0,0.65,0.00,0.00,0.06,0.06,0.59,0.23,0.00,0.00,5.18,11.9,43.6,25.7,3.47,36.2,34.2,4.82,53.7,46.2,16.8,1.06,6.3,0.71,0.71,11.4,https://fbref.com/en/players/01b8a2b2/Wojciech-Szczesny,01b8a2b2,Big 5 combined
142,Arnau Tenas,ESP,GK,Paris S-G,fr Ligue 1,22-223,2001,2.9,0.69,0.00,0.00,0.34,0.00,0.79,0.18,0.10,+0.12,1.03,5.86,17.6,29.0,4.14,15.5,26.8,7.24,19.0,28.3,14.5,0.34,2.4,1.03,1.04,15.1,https://fbref.com/en/players/30670b0e/Arnau-Tenas,30670b0e,Big 5 combined
143,Marc-André ter Stegen,GER,GK,Barcelona,es La Liga,31-253,1992,13.0,1.00,0.00,0.00,0.08,0.00,1.09,0.32,0.09,+0.09,3.15,4.92,64.1,27.8,3.46,13.5,25.5,5.08,22.7,29.4,11.8,0.62,5.2,1.31,1.31,15.8,https://fbref.com/en/players/6f51e382/Marc-Andre-ter-Stegen,6f51e382,Big 5 combined
144,Pietro Terracciano,ITA,GK,Fiorentina,it Serie A,33-306,1990,17.0,0.76,0.24,0.00,0.06,0.00,1.14,0.25,0.38,+0.37,5.35,12.1,44.2,32.5,3.18,29.9,33.0,4.82,50.0,40.0,9.24,0.29,3.2,0.71,0.71,14.1,https://fbref.com/en/players/e1b0a70d/Pietro-Terracciano,e1b0a70d,Big 5 combined
145,James Trafford,ENG,GK,Burnley,eng Premier League,21-090,2002,20.0,2.05,0.15,0.00,0.30,0.10,2.06,0.32,0.11,+0.12,4.95,18.8,26.3,46.3,6.30,29.4,29.4,7.00,74.3,52.4,13.9,0.95,6.8,1.60,1.60,16.0,https://fbref.com/en/players/259fea27/James-Trafford,259fea27,Big 5 combined
146,Kevin Trapp,GER,GK,Eint Frankfurt,de Bundesliga,33-184,1990,15.0,1.27,0.20,0.00,0.07,0.00,1.30,0.26,0.03,+0.04,3.40,11.3,30.0,30.5,4.13,28.6,29.6,7.27,35.8,33.3,14.8,0.40,2.7,0.87,0.87,14.5,https://fbref.com/en/players/ce17b5eb/Kevin-Trapp,ce17b5eb,Big 5 combined
147,Stefano Turati,ITA,GK,Frosinone,it Serie A,22-125,2001,18.0,1.83,0.06,0.00,0.28,0.06,1.38,0.28,-0.40,-0.40,2.28,9.11,25.0,33.6,5.28,22.6,27.3,4.83,31.0,32.5,14.4,0.72,5.0,0.78,0.78,13.4,https://fbref.com/en/players/bf168004/Stefano-Turati,bf168004,Big 5 combined
148,Matt Turner,USA,GK,Nott'ham Forest,eng Premier League,29-198,1994,15.0,1.53,0.13,0.00,0.20,0.00,1.31,0.25,-0.22,-0.22,7.53,16.5,45.6,26.1,6.27,41.9,35.3,8.07,69.4,47.5,17.5,1.67,9.5,1.13,1.13,14.1,https://fbref.com/en/players/4a51ba65/Matt-Turner,4a51ba65,Big 5 combined
149,Sven Ulreich,GER,GK,Bayern Munich,de Bundesliga,35-158,1988,8.0,0.88,0.13,0.13,0.25,0.00,0.82,0.33,-0.05,-0.05,2.50,8.00,31.3,32.6,4.38,21.8,26.3,4.25,20.6,27.1,8.75,0.25,2.9,1.75,1.75,23.0,https://fbref.com/en/players/7d3e7da6/Sven-Ulreich,7d3e7da6,Big 5 combined
150,Álvaro Vallés,ESP,GK,Las Palmas,es La Liga,26-167,1997,19.0,0.89,0.16,0.00,0.11,0.00,1.36,0.27,0.47,+0.47,4.58,14.6,31.4,47.7,5.95,26.2,29.0,4.16,49.4,42.2,16.2,1.16,7.1,2.58,2.58,17.4,https://fbref.com/en/players/0166a73e/Alvaro-Valles,0166a73e,Big 5 combined
151,Bart Verbruggen,NED,GK,Brighton,eng Premier League,21-143,2002,9.0,1.56,0.22,0.00,0.11,0.00,1.34,0.26,-0.21,-0.21,2.22,5.78,38.5,41.3,5.78,12.4,23.4,3.89,17.1,21.1,10.8,0.67,6.2,1.11,1.11,14.4,https://fbref.com/en/players/cf134113/Bart-Verbruggen,cf134113,Big 5 combined
152,Guglielmo Vicario,ITA,GK,Tottenham,eng Premier League,27-093,1996,20.0,1.45,0.25,0.00,0.10,0.10,1.69,0.32,0.34,+0.33,1.80,8.00,22.5,36.1,5.70,18.8,26.0,6.50,18.5,23.8,14.5,0.85,5.9,2.35,2.35,17.5,https://fbref.com/en/players/77d6fd4d/Guglielmo-Vicario,77d6fd4d,Big 5 combined
153,Iván Villar,ESP,GK,Celta Vigo,es La Liga,26-183,1997,9.3,1.61,0.11,0.00,0.11,0.00,1.56,0.31,-0.05,-0.05,3.44,13.7,25.2,19.7,4.30,39.3,36.7,8.60,68.8,49.6,13.0,0.54,4.1,0.75,0.76,12.8,https://fbref.com/en/players/cde52ef5/Ivan-Villar,cde52ef5,Big 5 combined
154,Odisseas Vlachodimos,GRE,GK,Nott'ham Forest,eng Premier League,29-257,1994,5.0,2.40,0.20,0.00,0.40,0.00,1.58,0.31,-0.82,-0.83,5.60,12.0,46.7,26.0,4.20,25.4,29.6,8.80,61.4,44.3,18.4,0.60,3.3,0.40,0.40,10.3,https://fbref.com/en/players/03df04ff/Odisseas-Vlachodimos,03df04ff,Big 5 combined
155,Robin Zentner,GER,GK,Mainz 05,de Bundesliga,29-072,1994,12.0,2.08,0.17,0.08,0.08,0.08,1.95,0.42,-0.05,-0.05,4.25,12.3,34.5,27.6,6.08,39.0,35.6,5.00,31.7,32.8,12.4,1.25,10.1,1.33,1.33,16.7,https://fbref.com/en/players/5c4bf6ba/Robin-Zentner,5c4bf6ba,Big 5 combined
156,Michael Zetterer,GER,GK,Werder Bremen,de Bundesliga,28-180,1995,9.0,1.44,0.11,0.00,0.11,0.11,1.33,0.33,0.00,0.00,4.67,10.6,44.2,34.6,6.56,26.0,32.1,5.67,27.5,34.2,13.6,1.56,11.5,0.67,0.67,12.9,https://fbref.com/en/players/9b688ae1/Michael-Zetterer,9b688ae1,Big 5 combined
