Player,Nation,Pos,Age,90s,Performance_CrdY,Performance_CrdR,Performance_2CrdY,Performance_Fls,Performance_Fld,Performance_Off,Performance_Crs,Performance_Int,Performance_TklW,Performance_PKwon,Performance_PKcon,Performance_OG,Performance_Recov,Aerial Duels_Won,Aerial Duels_Lost,Aerial Duels_Won%,Matches
Gabriel,br BRA,GK,30.0,30.7,3,0,0,0,4,0,0,0,1,0,0,0,22,9,1,90.0,Matches
Robson,br BRA,"MF,FW",31.0,26.1,13,0,0,61,48,4,53,20,29,4,1,0,118,58,62,48.3,Matches
Natanael,br BRA,DF,21.0,27.8,8,0,0,50,33,5,77,31,63,0,1,0,160,31,35,47.0,Matches
Marcelino Moreno,ar ARG,MF,28.0,25.6,6,0,0,25,74,3,157,13,19,1,1,0,158,5,23,17.9,Matches
Bruno Gomes,br BRA,MF,21.0,24.4,4,1,0,40,57,2,30,33,28,1,1,0,115,17,30,36.2,Matches
Benjamín Kuscevic,cl CHI,DF,26.0,22.5,7,0,0,27,9,1,2,38,26,0,1,0,106,40,39,50.6,Matches
Henrique,br BRA,DF,36.0,22.5,7,0,0,22,5,0,0,18,5,0,0,0,75,33,34,49.3,Matches
Jamerson,br BRA,"DF,FW",24.0,21.0,4,1,0,24,12,3,61,28,32,0,0,0,152,26,21,55.3,Matches
Sebastián Gómez,co COL,MF,26.0,15.9,3,0,0,19,19,2,14,15,14,0,0,0,84,14,19,42.4,Matches
Victor Luis,br BRA,DF,29.0,17.4,4,0,0,19,11,0,68,27,21,0,1,1,91,15,26,36.6,Matches
Matheus Bianqui,br BRA,MF,25.0,15.8,8,0,0,40,28,3,9,20,25,0,0,1,79,42,37,53.2,Matches
Andrey Ramos do Nascimento,br BRA,MF,24.0,12.5,5,0,0,26,16,1,27,20,21,0,1,0,108,14,8,63.6,Matches
Willian Farias,br BRA,MF,33.0,10.7,5,1,1,14,8,0,1,23,10,0,0,0,63,11,9,55.0,Matches
Thalisson Gabriel,br BRA,DF,21.0,10.5,2,0,0,7,5,0,1,11,8,0,0,0,44,22,13,62.9,Matches
Islam Slimani,dz ALG,FW,34.0,9.1,2,1,1,12,11,9,2,0,0,0,0,0,15,26,21,55.3,Matches
Kaio,br BRA,"MF,FW",18.0,9.8,4,0,0,24,54,5,17,7,16,0,0,0,61,5,16,23.8,Matches
Bruno Viana,br BRA,DF,27.0,9.0,4,0,0,13,1,0,2,12,6,0,0,0,40,19,10,65.5,Matches
Alef Manga,br BRA,"FW,MF",28.0,8.9,3,0,0,10,11,8,11,3,7,0,0,0,25,11,15,42.3,Matches
Diogo,br BRA,"FW,MF",26.0,8.4,2,0,0,18,11,4,7,4,13,0,0,0,26,36,29,55.4,Matches
Liziero,br BRA,MF,24.0,6.5,1,0,0,9,6,0,5,8,10,0,0,0,39,6,2,75.0,Matches
Zé Roberto,br BRA,"FW,MF",29.0,5.8,4,1,1,19,19,1,2,1,4,0,0,0,22,22,18,55.0,Matches
Thiago Dombroski,br BRA,DF,20.0,5.6,4,0,0,10,1,0,0,6,2,0,0,0,20,8,5,61.5,Matches
Jean Pedroso,br BRA,DF,19.0,6.5,1,0,0,6,2,0,0,8,9,0,1,0,26,8,7,53.3,Matches
Diogo Batista,br BRA,"DF,MF",19.0,5.9,1,0,0,11,4,0,14,2,5,0,0,0,26,5,6,45.5,Matches
Rodrigo Pinho,br BRA,FW,31.0,4.3,2,0,0,8,10,4,1,1,1,0,0,0,7,9,23,28.1,Matches
Maurício Garcez,br BRA,"MF,FW",25.0,6.6,0,0,0,7,16,1,9,0,7,0,0,0,24,17,27,38.6,Matches
Fransérgio,br BRA,MF,32.0,5.9,1,0,0,7,7,1,3,5,4,0,0,0,33,12,17,41.4,Matches
Luan Polli,br BRA,GK,29.0,4.3,2,0,0,0,1,0,0,0,0,0,0,0,2,1,2,33.3,Matches
Andreas Samaris,gr GRE,MF,33.0,2.0,1,0,0,6,2,0,0,4,2,0,0,0,13,1,0,100.0,Matches
Gabriel Boschilia,br BRA,"MF,FW",26.0,3.8,1,0,0,6,7,0,15,1,5,0,0,0,26,2,5,28.6,Matches
Hayner,br BRA,"DF,MF",27.0,3.4,3,0,0,9,10,0,12,1,4,0,0,0,19,4,5,44.4,Matches
Jhon Chancellor,ve VEN,DF,31.0,3.4,0,0,0,2,1,1,0,2,4,0,0,0,7,6,7,46.2,Matches
Pedro Luccas,br BRA,GK,19.0,3.0,0,0,0,0,0,0,0,0,0,0,0,0,1,4,1,80.0,Matches
Edu,br BRA,"FW,MF",29.0,3.6,0,0,0,1,4,2,5,0,0,0,0,0,10,8,6,57.1,Matches
Júnior Urso,br BRA,MF,33.0,3.3,2,0,0,4,10,0,1,2,3,0,0,0,14,5,4,55.6,Matches
Reynaldo Cesar Moraes,br BRA,DF,26.0,2.7,3,0,0,7,2,0,2,7,3,0,1,0,5,6,6,50.0,Matches
Maurício Antônio,br BRA,DF,30.0,2.0,0,0,0,2,0,0,0,5,0,0,0,0,11,4,2,66.7,Matches
Marcos Vinicius,br BRA,"DF,MF",25.0,1.9,1,0,0,4,2,1,7,4,4,0,1,0,12,3,2,60.0,Matches
William Pottker,br BRA,"FW,MF",29.0,1.3,1,0,0,3,3,1,2,1,2,0,0,0,13,2,3,40.0,Matches
Gabriel Silva,br BRA,"FW,MF",20.0,1.0,0,0,0,0,1,0,0,1,2,0,0,0,3,0,4,0.0,Matches
Gustavo Vilar,br BRA,DF,22.0,1.0,0,0,0,0,0,0,0,1,0,0,0,0,6,1,0,100.0,Matches
Lucas Barbosa,br BRA,"MF,FW",21.0,1.1,0,0,0,7,5,0,1,2,2,0,0,0,8,1,4,20.0,Matches
Jesé,es ESP,MF,29.0,1.1,0,0,0,0,0,0,3,0,0,0,0,0,6,1,2,33.3,Matches
Lucas Ronier,br BRA,"FW,MF",18.0,0.6,1,0,0,4,1,0,3,0,1,0,0,0,3,0,1,0.0,Matches
Wesley Pombo,br BRA,MF,20.0,0.6,1,0,0,2,0,0,1,0,0,0,0,0,2,0,1,0.0,Matches
Ruan Lucas,br BRA,"MF,FW",18.0,0.3,0,0,0,0,0,0,1,0,0,0,0,0,1,0,1,0.0,Matches
Éberth Araújo Nogueira,br BRA,FW,19.0,0.3,0,0,0,1,0,0,0,0,0,0,0,0,0,0,0,,Matches
Squad Total,,,27.1,38.0,124,5,3,586,531,62,626,385,418,6,10,2,1901,570,609,48.3,
Opponent Total,,,27.5,38.0,97,4,2,559,559,48,867,329,407,8,9,1,1969,609,570,51.7,
