Player,Nation,Pos,Age,90s,SCA_SCA,SCA_SCA90,SCA Types_PassLive,SCA Types_PassDead,SCA Types_TO,SCA Types_Sh,SCA Types_Fld,SCA Types_Def,GCA_GCA,GCA_GCA90,GCA Types_PassLive,GCA Types_PassDead,GCA Types_TO,GCA Types_Sh,GCA Types_Fld,GCA Types_Def,Team,Championship,Player_Team
Luis Ángel Malagón,MEX,GK,26,13.5,0.0,0.0,0.0,0.0,0.0,0.0,0.0,0.0,0.0,0.0,0.0,0.0,0.0,0.0,0.0,0.0,América,Brasileiro,Luis Ángel Malagón (América)
Kevin Álvarez,MEX,DF,24,13.2,37.0,2.81,29.0,0.0,2.0,4.0,2.0,0.0,5.0,0.38,4.0,0.0,0.0,0.0,1.0,0.0,América,Brasileiro,Kevin Álvarez (América)
Álvaro Fidalgo,ESP,MF,26,13.0,36.0,2.77,34.0,1.0,0.0,0.0,1.0,0.0,5.0,0.38,5.0,0.0,0.0,0.0,0.0,0.0,América,Brasileiro,Álvaro Fidalgo (América)
Jonathan dos Santos,MEX,MF,33,12.8,15.0,1.17,14.0,0.0,1.0,0.0,0.0,0.0,1.0,0.08,1.0,0.0,0.0,0.0,0.0,0.0,América,Brasileiro,Jonathan dos Santos (América)
Julián Quiñones,COL,"FW,MF",26,11.8,43.0,3.63,34.0,1.0,1.0,6.0,1.0,0.0,8.0,0.68,5.0,0.0,0.0,3.0,0.0,0.0,América,Brasileiro,Julián Quiñones (América)
Luis Fernando Fuentes,MEX,DF,37,11.1,11.0,0.99,8.0,2.0,0.0,1.0,0.0,0.0,0.0,0.0,0.0,0.0,0.0,0.0,0.0,0.0,América,Brasileiro,Luis Fernando Fuentes (América)
Brian Rodríguez,URU,FW,23,10.0,44.0,4.41,30.0,1.0,8.0,4.0,0.0,1.0,8.0,0.8,4.0,0.0,2.0,2.0,0.0,0.0,América,Brasileiro,Brian Rodríguez (América)
Diego Valdés,CHI,"MF,FW",29,8.8,42.0,4.77,33.0,0.0,5.0,2.0,2.0,0.0,6.0,0.68,4.0,0.0,1.0,0.0,1.0,0.0,América,Brasileiro,Diego Valdés (América)
Alejandro Zendejas,USA,"FW,MF",25,9.5,30.0,3.17,22.0,3.0,1.0,2.0,2.0,0.0,7.0,0.74,7.0,0.0,0.0,0.0,0.0,0.0,América,Brasileiro,Alejandro Zendejas (América)
Igor Lichnovsky,CHI,DF,29,8.8,6.0,0.68,5.0,0.0,1.0,0.0,0.0,0.0,2.0,0.23,1.0,0.0,1.0,0.0,0.0,0.0,América,Brasileiro,Igor Lichnovsky (América)
Richard Sánchez,PAR,MF,27,9.2,45.0,4.9,37.0,5.0,1.0,0.0,2.0,0.0,6.0,0.65,4.0,1.0,0.0,0.0,1.0,0.0,América,Brasileiro,Richard Sánchez (América)
Ramón Juárez,MEX,DF,22,8.2,3.0,0.36,3.0,0.0,0.0,0.0,0.0,0.0,0.0,0.0,0.0,0.0,0.0,0.0,0.0,0.0,América,Brasileiro,Ramón Juárez (América)
Sebastián Cáceres,URU,DF,24,7.9,4.0,0.51,2.0,1.0,0.0,1.0,0.0,0.0,1.0,0.13,0.0,1.0,0.0,0.0,0.0,0.0,América,Brasileiro,Sebastián Cáceres (América)
Leonardo Suárez,ARG,"FW,MF",27,7.2,41.0,5.73,26.0,8.0,1.0,2.0,4.0,0.0,6.0,0.84,4.0,1.0,0.0,1.0,0.0,0.0,América,Brasileiro,Leonardo Suárez (América)
Henry Martín,MEX,FW,31,7.0,27.0,3.86,23.0,0.0,2.0,1.0,1.0,0.0,6.0,0.86,4.0,0.0,1.0,1.0,0.0,0.0,América,Brasileiro,Henry Martín (América)
Jonathan Rodríguez,URU,"FW,MF",30,6.7,19.0,2.85,14.0,0.0,3.0,1.0,1.0,0.0,2.0,0.3,1.0,0.0,0.0,1.0,0.0,0.0,América,Brasileiro,Jonathan Rodríguez (América)
Miguel Layún,MEX,"DF,FW",35,5.8,9.0,1.55,6.0,3.0,0.0,0.0,0.0,0.0,1.0,0.17,1.0,0.0,0.0,0.0,0.0,0.0,América,Brasileiro,Miguel Layún (América)
Salvador Reyes Chávez,MEX,DF,25,5.9,3.0,0.51,2.0,0.0,1.0,0.0,0.0,0.0,0.0,0.0,0.0,0.0,0.0,0.0,0.0,0.0,América,Brasileiro,Salvador Reyes Chávez (América)
Israel Reyes,MEX,DF,23,5.0,2.0,0.4,2.0,0.0,0.0,0.0,0.0,0.0,1.0,0.2,1.0,0.0,0.0,0.0,0.0,0.0,América,Brasileiro,Israel Reyes (América)
Oscar Jiménez,MEX,GK,35,3.5,0.0,0.0,0.0,0.0,0.0,0.0,0.0,0.0,0.0,0.0,0.0,0.0,0.0,0.0,0.0,0.0,América,Brasileiro,Oscar Jiménez (América)
Emilio Lara,MEX,DF,21,2.5,3.0,1.18,2.0,0.0,0.0,0.0,0.0,1.0,1.0,0.39,1.0,0.0,0.0,0.0,0.0,0.0,América,Brasileiro,Emilio Lara (América)
Néstor Araujo,MEX,DF,32,2.0,3.0,1.5,2.0,0.0,0.0,0.0,0.0,1.0,0.0,0.0,0.0,0.0,0.0,0.0,0.0,0.0,América,Brasileiro,Néstor Araujo (América)
Santiago Naveda,MEX,MF,22,1.5,1.0,0.66,0.0,0.0,0.0,1.0,0.0,0.0,0.0,0.0,0.0,0.0,0.0,0.0,0.0,0.0,América,Brasileiro,Santiago Naveda (América)
Román Martínez,MEX,FW,21,0.7,3.0,4.09,3.0,0.0,0.0,0.0,0.0,0.0,0.0,0.0,0.0,0.0,0.0,0.0,0.0,0.0,América,Brasileiro,Román Martínez (América)
Patricio Salas,MEX,"FW,MF",19,0.3,2.0,5.81,1.0,0.0,0.0,1.0,0.0,0.0,0.0,0.0,0.0,0.0,0.0,0.0,0.0,0.0,América,Brasileiro,Patricio Salas (América)
Juan Cantú,MEX,FW,19,0.3,0.0,0.0,0.0,0.0,0.0,0.0,0.0,0.0,0.0,0.0,0.0,0.0,0.0,0.0,0.0,0.0,América,Brasileiro,Juan Cantú (América)
Mauro Laínez,MEX,FW,27,0.3,1.0,3.75,1.0,0.0,0.0,0.0,0.0,0.0,0.0,0.0,0.0,0.0,0.0,0.0,0.0,0.0,América,Brasileiro,Mauro Laínez (América)
Bruce El-Mesmari,MEX,"FW,DF",21,0.2,0.0,0.0,0.0,0.0,0.0,0.0,0.0,0.0,0.0,0.0,0.0,0.0,0.0,0.0,0.0,0.0,América,Brasileiro,Bruce El-Mesmari (América)
Sergio De los Ríos,MEX,FW,20,0.2,0.0,0.0,0.0,0.0,0.0,0.0,0.0,0.0,0.0,0.0,0.0,0.0,0.0,0.0,0.0,0.0,América,Brasileiro,Sergio De los Ríos (América)
Sebastián Martínez,MEX,MF,20,0.1,0.0,0.0,0.0,0.0,0.0,0.0,0.0,0.0,0.0,0.0,0.0,0.0,0.0,0.0,0.0,0.0,América,Brasileiro,Sebastián Martínez (América)
José Abella,MEX,DF,29,17.0,36.0,2.12,26.0,9.0,0.0,0.0,0.0,1.0,3.0,0.18,3.0,0.0,0.0,0.0,0.0,0.0,Atlas,Brasileiro,José Abella (Atlas)
Hugo Nervo,ARG,DF,32,17.0,12.0,0.71,11.0,0.0,0.0,1.0,0.0,0.0,1.0,0.06,1.0,0.0,0.0,0.0,0.0,0.0,Atlas,Brasileiro,Hugo Nervo (Atlas)
Camilo Vargas,COL,GK,34,17.0,6.0,0.35,4.0,2.0,0.0,0.0,0.0,0.0,0.0,0.0,0.0,0.0,0.0,0.0,0.0,0.0,Atlas,Brasileiro,Camilo Vargas (Atlas)
Luis Ricardo Reyes,MEX,DF,32,15.8,49.0,3.14,29.0,16.0,1.0,0.0,1.0,2.0,5.0,0.32,3.0,1.0,0.0,0.0,0.0,1.0,Atlas,Brasileiro,Luis Ricardo Reyes (Atlas)
Jordy Caicedo,ECU,FW,26,12.8,27.0,2.11,15.0,0.0,2.0,7.0,3.0,0.0,2.0,0.16,1.0,0.0,1.0,0.0,0.0,0.0,Atlas,Brasileiro,Jordy Caicedo (Atlas)
Aldo Rocha,MEX,MF,31,12.2,18.0,1.48,15.0,1.0,0.0,0.0,2.0,0.0,0.0,0.0,0.0,0.0,0.0,0.0,0.0,0.0,Atlas,Brasileiro,Aldo Rocha (Atlas)
Juan Zapata,COL,MF,23,11.2,29.0,2.58,20.0,4.0,1.0,3.0,1.0,0.0,1.0,0.09,1.0,0.0,0.0,0.0,0.0,0.0,Atlas,Brasileiro,Juan Zapata (Atlas)
Augusto Solari,ARG,"FW,MF",31,7.9,7.0,0.89,6.0,0.0,0.0,0.0,1.0,0.0,1.0,0.13,1.0,0.0,0.0,0.0,0.0,0.0,Atlas,Brasileiro,Augusto Solari (Atlas)
Ángel Márquez,MEX,MF,23,8.4,19.0,2.25,13.0,0.0,2.0,2.0,1.0,1.0,0.0,0.0,0.0,0.0,0.0,0.0,0.0,0.0,Atlas,Brasileiro,Ángel Márquez (Atlas)
Anderson Santamaría,PER,DF,31,8.0,4.0,0.5,4.0,0.0,0.0,0.0,0.0,0.0,1.0,0.12,1.0,0.0,0.0,0.0,0.0,0.0,Atlas,Brasileiro,Anderson Santamaría (Atlas)
Edgar Zaldívar,MEX,MF,27,5.6,8.0,1.44,7.0,0.0,0.0,0.0,1.0,0.0,0.0,0.0,0.0,0.0,0.0,0.0,0.0,0.0,Atlas,Brasileiro,Edgar Zaldívar (Atlas)
Eduardo Aguirre,MEX,"FW,MF",25,6.8,15.0,2.22,13.0,0.0,0.0,0.0,2.0,0.0,1.0,0.15,1.0,0.0,0.0,0.0,0.0,0.0,Atlas,Brasileiro,Eduardo Aguirre (Atlas)
Jorge Guzmán,MEX,FW,20,6.3,14.0,2.24,12.0,0.0,0.0,1.0,1.0,0.0,2.0,0.32,2.0,0.0,0.0,0.0,0.0,0.0,Atlas,Brasileiro,Jorge Guzmán (Atlas)
Jaziel Martínez,MEX,MF,23,6.1,26.0,4.29,22.0,0.0,1.0,2.0,1.0,0.0,5.0,0.83,3.0,0.0,0.0,1.0,1.0,0.0,Atlas,Brasileiro,Jaziel Martínez (Atlas)
José Lozano,MEX,"DF,FW",25,5.2,14.0,2.7,13.0,1.0,0.0,0.0,0.0,0.0,0.0,0.0,0.0,0.0,0.0,0.0,0.0,0.0,Atlas,Brasileiro,José Lozano (Atlas)
Brian Lozano,URU,FW,29,4.6,20.0,4.32,13.0,1.0,1.0,1.0,4.0,0.0,3.0,0.65,3.0,0.0,0.0,0.0,0.0,0.0,Atlas,Brasileiro,Brian Lozano (Atlas)
Gaddi Aguirre,MEX,DF,27,5.2,4.0,0.76,2.0,1.0,0.0,0.0,0.0,1.0,1.0,0.19,0.0,0.0,0.0,0.0,0.0,1.0,Atlas,Brasileiro,Gaddi Aguirre (Atlas)
Carlos Robles,MEX,DF,23,4.3,8.0,1.86,8.0,0.0,0.0,0.0,0.0,0.0,1.0,0.23,1.0,0.0,0.0,0.0,0.0,0.0,Atlas,Brasileiro,Carlos Robles (Atlas)
Mateo García,ARG,"MF,FW",27,5.4,15.0,2.8,13.0,1.0,1.0,0.0,0.0,0.0,0.0,0.0,0.0,0.0,0.0,0.0,0.0,0.0,Atlas,Brasileiro,Mateo García (Atlas)
Abraham Bass,MEX,MF,22,2.7,5.0,1.84,4.0,0.0,1.0,0.0,0.0,0.0,0.0,0.0,0.0,0.0,0.0,0.0,0.0,0.0,Atlas,Brasileiro,Abraham Bass (Atlas)
Julio Furch,ARG,FW,34,2.0,8.0,4.07,5.0,1.0,0.0,1.0,1.0,0.0,1.0,0.51,1.0,0.0,0.0,0.0,0.0,0.0,Atlas,Brasileiro,Julio Furch (Atlas)
Mauro Manotas,COL,"FW,MF",28,2.3,4.0,1.71,3.0,0.0,0.0,1.0,0.0,0.0,0.0,0.0,0.0,0.0,0.0,0.0,0.0,0.0,Atlas,Brasileiro,Mauro Manotas (Atlas)
Christopher Trejo,MEX,"FW,MF",24,2.5,12.0,4.86,7.0,1.0,2.0,0.0,1.0,1.0,0.0,0.0,0.0,0.0,0.0,0.0,0.0,0.0,Atlas,Brasileiro,Christopher Trejo (Atlas)
Israel Larios,MEX,MF,20,0.3,3.0,10.38,2.0,0.0,0.0,0.0,1.0,0.0,0.0,0.0,0.0,0.0,0.0,0.0,0.0,0.0,Atlas,Brasileiro,Israel Larios (Atlas)
Unai Bilbao,ESP,DF,29,16.3,15.0,0.92,13.0,0.0,0.0,2.0,0.0,0.0,0.0,0.0,0.0,0.0,0.0,0.0,0.0,0.0,Atlético,Brasileiro,Unai Bilbao (Atlético)
Dieter Villalpando,MEX,"MF,FW",32,15.7,79.0,5.01,49.0,16.0,6.0,2.0,5.0,1.0,9.0,0.57,6.0,3.0,0.0,0.0,0.0,0.0,Atlético,Brasileiro,Dieter Villalpando (Atlético)
Jhon Murillo,VEN,"FW,MF",28,14.6,45.0,3.07,32.0,1.0,3.0,5.0,4.0,0.0,8.0,0.55,4.0,0.0,0.0,0.0,4.0,0.0,Atlético,Brasileiro,Jhon Murillo (Atlético)
Javier Güemez,MEX,MF,32,15.3,52.0,3.4,48.0,0.0,1.0,2.0,1.0,0.0,8.0,0.52,7.0,0.0,0.0,1.0,0.0,0.0,Atlético,Brasileiro,Javier Güemez (Atlético)
Rodrigo Dourado,BRA,MF,29,15.2,25.0,1.65,21.0,1.0,1.0,1.0,0.0,1.0,4.0,0.26,2.0,1.0,1.0,0.0,0.0,0.0,Atlético,Brasileiro,Rodrigo Dourado (Atlético)
Ricardo Chávez Soto,MEX,DF,29,14.8,38.0,2.57,31.0,2.0,3.0,0.0,1.0,1.0,2.0,0.14,2.0,0.0,0.0,0.0,0.0,0.0,Atlético,Brasileiro,Ricardo Chávez Soto (Atlético)
Julio Domínguez,MEX,DF,36,14.7,7.0,0.48,6.0,0.0,0.0,1.0,0.0,0.0,1.0,0.07,0.0,0.0,0.0,1.0,0.0,0.0,Atlético,Brasileiro,Julio Domínguez (Atlético)
Juan Sanabria,URU,DF,23,15.5,57.0,3.68,37.0,18.0,1.0,0.0,0.0,1.0,7.0,0.45,5.0,2.0,0.0,0.0,0.0,0.0,Atlético,Brasileiro,Juan Sanabria (Atlético)
Léo Bonatini,BRA,FW,29,12.4,21.0,1.69,9.0,1.0,3.0,5.0,2.0,1.0,3.0,0.24,0.0,0.0,0.0,2.0,0.0,1.0,Atlético,Brasileiro,Léo Bonatini (Atlético)
Mateo Klimowicz,GER,"FW,MF",23,8.1,25.0,3.07,13.0,0.0,5.0,6.0,1.0,0.0,1.0,0.12,0.0,0.0,0.0,1.0,0.0,0.0,Atlético,Brasileiro,Mateo Klimowicz (Atlético)
Andrés Sánchez,MEX,GK,26,9.0,2.0,0.22,2.0,0.0,0.0,0.0,0.0,0.0,0.0,0.0,0.0,0.0,0.0,0.0,0.0,0.0,Atlético,Brasileiro,Andrés Sánchez (Atlético)
Diego Urtiaga,MEX,GK,25,8.0,3.0,0.37,2.0,1.0,0.0,0.0,0.0,0.0,0.0,0.0,0.0,0.0,0.0,0.0,0.0,0.0,Atlético,Brasileiro,Diego Urtiaga (Atlético)
Vitinho,BRA,"FW,MF",22,9.5,37.0,3.91,26.0,1.0,2.0,4.0,4.0,0.0,2.0,0.21,2.0,0.0,0.0,0.0,0.0,0.0,Atlético,Brasileiro,Vitinho (Atlético)
Ángel Zaldívar,MEX,FW,29,2.6,5.0,1.92,5.0,0.0,0.0,0.0,0.0,0.0,0.0,0.0,0.0,0.0,0.0,0.0,0.0,0.0,Atlético,Brasileiro,Ángel Zaldívar (Atlético)
Uziel García,MEX,"DF,FW",22,2.1,3.0,1.43,2.0,0.0,0.0,0.0,1.0,0.0,1.0,0.48,0.0,0.0,0.0,0.0,1.0,0.0,Atlético,Brasileiro,Uziel García (Atlético)
Sebastien Salles-Lamonge,FRA,"FW,MF",27,2.9,11.0,3.82,8.0,1.0,0.0,1.0,1.0,0.0,1.0,0.35,1.0,0.0,0.0,0.0,0.0,0.0,Atlético,Brasileiro,Sebastien Salles-Lamonge (Atlético)
Iker Moreno,MEX,DF,20,1.8,5.0,2.8,5.0,0.0,0.0,0.0,0.0,0.0,1.0,0.56,1.0,0.0,0.0,0.0,0.0,0.0,Atlético,Brasileiro,Iker Moreno (Atlético)
Jordan Silva,MEX,"DF,FW",29,1.7,8.0,4.77,6.0,0.0,0.0,2.0,0.0,0.0,0.0,0.0,0.0,0.0,0.0,0.0,0.0,0.0,Atlético,Brasileiro,Jordan Silva (Atlético)
Eduardo Águila,MEX,"DF,FW",21,1.1,0.0,0.0,0.0,0.0,0.0,0.0,0.0,0.0,0.0,0.0,0.0,0.0,0.0,0.0,0.0,0.0,Atlético,Brasileiro,Eduardo Águila (Atlético)
Jürgen Damm,MEX,FW,31,2.5,17.0,6.89,12.0,0.0,1.0,2.0,2.0,0.0,3.0,1.22,2.0,0.0,0.0,0.0,1.0,0.0,Atlético,Brasileiro,Jürgen Damm (Atlético)
Juan David Castro,MEX,"FW,MF",32,1.2,3.0,2.65,2.0,0.0,0.0,1.0,0.0,0.0,2.0,1.76,2.0,0.0,0.0,0.0,0.0,0.0,Atlético,Brasileiro,Juan David Castro (Atlético)
Andrés Iniestra,MEX,MF,27,0.3,1.0,3.0,1.0,0.0,0.0,0.0,0.0,0.0,0.0,0.0,0.0,0.0,0.0,0.0,0.0,0.0,Atlético,Brasileiro,Andrés Iniestra (Atlético)
Benjamín Galdames,MEX,FW,22,0.3,2.0,7.2,1.0,0.0,0.0,0.0,1.0,0.0,0.0,0.0,0.0,0.0,0.0,0.0,0.0,0.0,Atlético,Brasileiro,Benjamín Galdames (Atlético)
Diego Abitia,MEX,FW,20,0.0,0.0,0.0,0.0,0.0,0.0,0.0,0.0,0.0,0.0,0.0,0.0,0.0,0.0,0.0,0.0,0.0,Atlético,Brasileiro,Diego Abitia (Atlético)
Willer Ditta,COL,DF,26,15.0,9.0,0.6,8.0,0.0,0.0,1.0,0.0,0.0,1.0,0.07,1.0,0.0,0.0,0.0,0.0,0.0,Cruz Azul,Brasileiro,Willer Ditta (Cruz Azul)
Carlos Salcedo,MEX,DF,30,13.3,10.0,0.75,10.0,0.0,0.0,0.0,0.0,0.0,1.0,0.08,1.0,0.0,0.0,0.0,0.0,0.0,Cruz Azul,Brasileiro,Carlos Salcedo (Cruz Azul)
Uriel Antuna,MEX,"MF,FW",26,13.6,42.0,3.1,34.0,2.0,1.0,0.0,4.0,1.0,8.0,0.59,6.0,0.0,1.0,0.0,1.0,0.0,Cruz Azul,Brasileiro,Uriel Antuna (Cruz Azul)
Juan Escobar,PAR,DF,28,13.6,14.0,1.03,10.0,0.0,0.0,2.0,0.0,2.0,3.0,0.22,3.0,0.0,0.0,0.0,0.0,0.0,Cruz Azul,Brasileiro,Juan Escobar (Cruz Azul)
Carlos Rotondi,ARG,"DF,MF",26,13.5,26.0,1.93,18.0,5.0,1.0,0.0,1.0,1.0,1.0,0.07,1.0,0.0,0.0,0.0,0.0,0.0,Cruz Azul,Brasileiro,Carlos Rotondi (Cruz Azul)
Ignacio Rivero,URU,"DF,MF",31,13.6,60.0,4.4,40.0,11.0,3.0,2.0,4.0,0.0,3.0,0.22,3.0,0.0,0.0,0.0,0.0,0.0,Cruz Azul,Brasileiro,Ignacio Rivero (Cruz Azul)
Andrés Gudiño,MEX,GK,26,13.5,0.0,0.0,0.0,0.0,0.0,0.0,0.0,0.0,0.0,0.0,0.0,0.0,0.0,0.0,0.0,0.0,Cruz Azul,Brasileiro,Andrés Gudiño (Cruz Azul)
Erik Lira,MEX,MF,23,12.5,26.0,2.08,19.0,2.0,3.0,0.0,1.0,1.0,3.0,0.24,3.0,0.0,0.0,0.0,0.0,0.0,Cruz Azul,Brasileiro,Erik Lira (Cruz Azul)
Rodrigo Huescas,MEX,DF,20,11.9,29.0,2.43,27.0,0.0,1.0,0.0,1.0,0.0,6.0,0.5,6.0,0.0,0.0,0.0,0.0,0.0,Cruz Azul,Brasileiro,Rodrigo Huescas (Cruz Azul)
Charly Rodríguez,MEX,MF,26,11.6,37.0,3.2,32.0,4.0,0.0,0.0,1.0,0.0,2.0,0.17,2.0,0.0,0.0,0.0,0.0,0.0,Cruz Azul,Brasileiro,Charly Rodríguez (Cruz Azul)
Moises,BRA,"MF,FW",27,9.5,32.0,3.36,20.0,2.0,8.0,2.0,0.0,0.0,1.0,0.11,0.0,0.0,0.0,1.0,0.0,0.0,Cruz Azul,Brasileiro,Moises (Cruz Azul)
Diber Cambindo,COL,"FW,MF",27,9.2,18.0,1.96,13.0,0.0,2.0,3.0,0.0,0.0,1.0,0.11,1.0,0.0,0.0,0.0,0.0,0.0,Cruz Azul,Brasileiro,Diber Cambindo (Cruz Azul)
Kevin Castaño,COL,MF,23,8.5,20.0,2.36,16.0,1.0,0.0,2.0,0.0,1.0,2.0,0.24,2.0,0.0,0.0,0.0,0.0,0.0,Cruz Azul,Brasileiro,Kevin Castaño (Cruz Azul)
Ángel Sepúlveda,MEX,FW,32,7.2,17.0,2.38,13.0,0.0,1.0,2.0,1.0,0.0,2.0,0.28,1.0,0.0,1.0,0.0,0.0,0.0,Cruz Azul,Brasileiro,Ángel Sepúlveda (Cruz Azul)
Sebastián Jurado,MEX,GK,26,3.4,0.0,0.0,0.0,0.0,0.0,0.0,0.0,0.0,0.0,0.0,0.0,0.0,0.0,0.0,0.0,0.0,Cruz Azul,Brasileiro,Sebastián Jurado (Cruz Azul)
Rafael Guerrero,MEX,DF,20,5.2,5.0,0.96,5.0,0.0,0.0,0.0,0.0,0.0,0.0,0.0,0.0,0.0,0.0,0.0,0.0,0.0,Cruz Azul,Brasileiro,Rafael Guerrero (Cruz Azul)
Christian Tabó,URU,"FW,MF",30,2.4,10.0,4.21,6.0,0.0,0.0,2.0,1.0,1.0,0.0,0.0,0.0,0.0,0.0,0.0,0.0,0.0,Cruz Azul,Brasileiro,Christian Tabó (Cruz Azul)
Alexis Gutiérrez,MEX,"MF,FW",23,2.0,5.0,2.5,3.0,2.0,0.0,0.0,0.0,0.0,0.0,0.0,0.0,0.0,0.0,0.0,0.0,0.0,Cruz Azul,Brasileiro,Alexis Gutiérrez (Cruz Azul)
Augusto Lotti,ITA,FW,27,1.5,5.0,3.41,4.0,0.0,0.0,1.0,0.0,0.0,0.0,0.0,0.0,0.0,0.0,0.0,0.0,0.0,Cruz Azul,Brasileiro,Augusto Lotti (Cruz Azul)
Cristian Jiménez,MEX,"DF,MF",21,1.0,0.0,0.0,0.0,0.0,0.0,0.0,0.0,0.0,0.0,0.0,0.0,0.0,0.0,0.0,0.0,0.0,Cruz Azul,Brasileiro,Cristian Jiménez (Cruz Azul)
Alan Zubiri,MEX,DF,22,1.0,0.0,0.0,0.0,0.0,0.0,0.0,0.0,0.0,0.0,0.0,0.0,0.0,0.0,0.0,0.0,0.0,Cruz Azul,Brasileiro,Alan Zubiri (Cruz Azul)
Luis Iturbide,MEX,DF,21,0.5,0.0,0.0,0.0,0.0,0.0,0.0,0.0,0.0,0.0,0.0,0.0,0.0,0.0,0.0,0.0,0.0,Cruz Azul,Brasileiro,Luis Iturbide (Cruz Azul)
Jesús Dueñas,MEX,"MF,FW",34,0.9,5.0,5.49,4.0,0.0,0.0,0.0,1.0,0.0,0.0,0.0,0.0,0.0,0.0,0.0,0.0,0.0,Cruz Azul,Brasileiro,Jesús Dueñas (Cruz Azul)
Alonso Escoboza,MEX,DF,30,0.9,1.0,1.15,1.0,0.0,0.0,0.0,0.0,0.0,0.0,0.0,0.0,0.0,0.0,0.0,0.0,0.0,Cruz Azul,Brasileiro,Alonso Escoboza (Cruz Azul)
Josué Díaz,MEX,"DF,MF",19,0.5,0.0,0.0,0.0,0.0,0.0,0.0,0.0,0.0,0.0,0.0,0.0,0.0,0.0,0.0,0.0,0.0,Cruz Azul,Brasileiro,Josué Díaz (Cruz Azul)
Raymundo Rubio,MEX,"DF,FW",22,0.1,0.0,0.0,0.0,0.0,0.0,0.0,0.0,0.0,0.0,0.0,0.0,0.0,0.0,0.0,0.0,0.0,Cruz Azul,Brasileiro,Raymundo Rubio (Cruz Azul)
Amaury Morales,MEX,"MF,DF",18,0.1,1.0,15.0,1.0,0.0,0.0,0.0,0.0,0.0,0.0,0.0,0.0,0.0,0.0,0.0,0.0,0.0,Cruz Azul,Brasileiro,Amaury Morales (Cruz Azul)
Alfredo Talavera,MEX,GK,41,16.3,3.0,0.18,2.0,1.0,0.0,0.0,0.0,0.0,0.0,0.0,0.0,0.0,0.0,0.0,0.0,0.0,FC Juárez,Brasileiro,Alfredo Talavera (FC Juárez)
Luis Alfonso Rodríguez,MEX,DF,32,15.6,38.0,2.43,28.0,3.0,2.0,0.0,4.0,1.0,3.0,0.19,2.0,1.0,0.0,0.0,0.0,0.0,FC Juárez,Brasileiro,Luis Alfonso Rodríguez (FC Juárez)
Aitor García,ESP,"MF,FW",29,12.7,29.0,2.28,17.0,1.0,5.0,3.0,2.0,1.0,1.0,0.08,1.0,0.0,0.0,0.0,0.0,0.0,FC Juárez,Brasileiro,Aitor García (FC Juárez)
Javier Salas,MEX,MF,30,12.5,15.0,1.2,13.0,1.0,0.0,0.0,0.0,1.0,0.0,0.0,0.0,0.0,0.0,0.0,0.0,0.0,FC Juárez,Brasileiro,Javier Salas (FC Juárez)
José García,MEX,DF,27,13.7,11.0,0.8,6.0,3.0,0.0,1.0,0.0,1.0,1.0,0.07,0.0,0.0,0.0,1.0,0.0,0.0,FC Juárez,Brasileiro,José García (FC Juárez)
Moises Castillo,COL,DF,22,13.0,6.0,0.46,5.0,0.0,0.0,1.0,0.0,0.0,0.0,0.0,0.0,0.0,0.0,0.0,0.0,0.0,FC Juárez,Brasileiro,Moises Castillo (FC Juárez)
Avilés Hurtado,COL,"FW,MF",36,11.8,57.0,4.82,31.0,14.0,3.0,0.0,9.0,0.0,8.0,0.68,5.0,0.0,0.0,0.0,3.0,0.0,FC Juárez,Brasileiro,Avilés Hurtado (FC Juárez)
Diego Chávez Collins,MEX,"FW,MF",28,10.0,20.0,2.0,15.0,1.0,3.0,1.0,0.0,0.0,2.0,0.2,2.0,0.0,0.0,0.0,0.0,0.0,FC Juárez,Brasileiro,Diego Chávez Collins (FC Juárez)
Denzell García,MEX,MF,20,9.9,26.0,2.64,20.0,0.0,3.0,1.0,2.0,0.0,0.0,0.0,0.0,0.0,0.0,0.0,0.0,0.0,FC Juárez,Brasileiro,Denzell García (FC Juárez)
Aldo Cruz,MEX,DF,26,8.5,14.0,1.65,12.0,2.0,0.0,0.0,0.0,0.0,4.0,0.47,3.0,1.0,0.0,0.0,0.0,0.0,FC Juárez,Brasileiro,Aldo Cruz (FC Juárez)
Sebastián Saucedo,USA,"FW,MF",26,7.3,24.0,3.19,8.0,7.0,3.0,4.0,2.0,0.0,0.0,0.0,0.0,0.0,0.0,0.0,0.0,0.0,FC Juárez,Brasileiro,Sebastián Saucedo (FC Juárez)
Andrija Vukčević,MNE,DF,27,7.0,7.0,1.0,3.0,0.0,1.0,0.0,3.0,0.0,0.0,0.0,0.0,0.0,0.0,0.0,0.0,0.0,FC Juárez,Brasileiro,Andrija Vukčević (FC Juárez)
Christian Oliva,URU,MF,27,5.6,27.0,4.83,10.0,13.0,1.0,2.0,1.0,0.0,5.0,0.89,1.0,3.0,0.0,0.0,1.0,0.0,FC Juárez,Brasileiro,Christian Oliva (FC Juárez)
Michael Santos,URU,FW,30,5.3,12.0,2.29,6.0,0.0,0.0,3.0,3.0,0.0,0.0,0.0,0.0,0.0,0.0,0.0,0.0,0.0,FC Juárez,Brasileiro,Michael Santos (FC Juárez)
Gonzalo Pelúa,URU,DF,20,4.5,4.0,0.88,4.0,0.0,0.0,0.0,0.0,0.0,1.0,0.22,1.0,0.0,0.0,0.0,0.0,0.0,FC Juárez,Brasileiro,Gonzalo Pelúa (FC Juárez)
Diego Campillo,MEX,DF,22,3.7,8.0,2.18,7.0,0.0,0.0,1.0,0.0,0.0,0.0,0.0,0.0,0.0,0.0,0.0,0.0,0.0,FC Juárez,Brasileiro,Diego Campillo (FC Juárez)
Amaury Escoto,MEX,"FW,MF",31,4.6,7.0,1.53,6.0,0.0,0.0,0.0,1.0,0.0,2.0,0.44,2.0,0.0,0.0,0.0,0.0,0.0,FC Juárez,Brasileiro,Amaury Escoto (FC Juárez)
Sebastián Pérez Bouquet,MEX,"MF,FW",20,4.6,16.0,3.51,12.0,0.0,2.0,2.0,0.0,0.0,4.0,0.88,3.0,0.0,0.0,1.0,0.0,0.0,FC Juárez,Brasileiro,Sebastián Pérez Bouquet (FC Juárez)
Agustín Urzi,ARG,"MF,FW",23,3.8,15.0,3.94,12.0,2.0,0.0,0.0,1.0,0.0,1.0,0.26,1.0,0.0,0.0,0.0,0.0,0.0,FC Juárez,Brasileiro,Agustín Urzi (FC Juárez)
Haret Ortega,MEX,DF,23,3.0,3.0,1.0,3.0,0.0,0.0,0.0,0.0,0.0,0.0,0.0,0.0,0.0,0.0,0.0,0.0,0.0,FC Juárez,Brasileiro,Haret Ortega (FC Juárez)
Diego Valoyes,COL,MF,27,2.4,14.0,5.75,5.0,0.0,3.0,1.0,5.0,0.0,4.0,1.64,2.0,0.0,1.0,0.0,1.0,0.0,FC Juárez,Brasileiro,Diego Valoyes (FC Juárez)
Santiago Ormeño,PER,"FW,MF",29,1.9,2.0,1.03,2.0,0.0,0.0,0.0,0.0,0.0,0.0,0.0,0.0,0.0,0.0,0.0,0.0,0.0,FC Juárez,Brasileiro,Santiago Ormeño (FC Juárez)
César Sosa,MEX,MF,19,1.2,1.0,0.87,1.0,0.0,0.0,0.0,0.0,0.0,0.0,0.0,0.0,0.0,0.0,0.0,0.0,0.0,FC Juárez,Brasileiro,César Sosa (FC Juárez)
Mario Osuna,MEX,"MF,FW",35,3.1,5.0,1.63,5.0,0.0,0.0,0.0,0.0,0.0,0.0,0.0,0.0,0.0,0.0,0.0,0.0,0.0,FC Juárez,Brasileiro,Mario Osuna (FC Juárez)
Ángel Zapata,MEX,MF,22,2.9,14.0,4.79,13.0,0.0,1.0,0.0,0.0,0.0,1.0,0.34,1.0,0.0,0.0,0.0,0.0,0.0,FC Juárez,Brasileiro,Ángel Zapata (FC Juárez)
Francisco Nevarez,MEX,"DF,MF",23,0.7,3.0,4.03,3.0,0.0,0.0,0.0,0.0,0.0,0.0,0.0,0.0,0.0,0.0,0.0,0.0,0.0,FC Juárez,Brasileiro,Francisco Nevarez (FC Juárez)
Ramón Pasquel,MEX,GK,27,0.7,0.0,0.0,0.0,0.0,0.0,0.0,0.0,0.0,0.0,0.0,0.0,0.0,0.0,0.0,0.0,0.0,FC Juárez,Brasileiro,Ramón Pasquel (FC Juárez)
Jan Carmona,MEX,"FW,DF",19,0.5,2.0,4.0,2.0,0.0,0.0,0.0,0.0,0.0,0.0,0.0,0.0,0.0,0.0,0.0,0.0,0.0,FC Juárez,Brasileiro,Jan Carmona (FC Juárez)
Fernando Beltrán,MEX,MF,25,15.9,38.0,2.38,35.0,0.0,1.0,2.0,0.0,0.0,6.0,0.38,5.0,0.0,0.0,1.0,0.0,0.0,Guadalajara,Brasileiro,Fernando Beltrán (Guadalajara)
Miguel Jiménez Ponce,MEX,GK,33,15.8,1.0,0.06,0.0,1.0,0.0,0.0,0.0,0.0,0.0,0.0,0.0,0.0,0.0,0.0,0.0,0.0,Guadalajara,Brasileiro,Miguel Jiménez Ponce (Guadalajara)
Ricardo Marín,MEX,FW,25,12.7,21.0,1.66,17.0,0.0,1.0,1.0,2.0,0.0,3.0,0.24,1.0,0.0,0.0,1.0,1.0,0.0,Guadalajara,Brasileiro,Ricardo Marín (Guadalajara)
Gilberto Sepúlveda,MEX,DF,24,14.4,7.0,0.49,5.0,0.0,0.0,1.0,0.0,1.0,0.0,0.0,0.0,0.0,0.0,0.0,0.0,0.0,Guadalajara,Brasileiro,Gilberto Sepúlveda (Guadalajara)
Alan Mozo,MEX,DF,26,14.3,28.0,1.96,21.0,5.0,1.0,0.0,0.0,1.0,3.0,0.21,1.0,1.0,0.0,0.0,0.0,1.0,Guadalajara,Brasileiro,Alan Mozo (Guadalajara)
Roberto Alvarado,MEX,"FW,MF",25,12.6,65.0,5.15,44.0,9.0,4.0,5.0,3.0,0.0,4.0,0.32,1.0,0.0,1.0,1.0,1.0,0.0,Guadalajara,Brasileiro,Roberto Alvarado (Guadalajara)
Fernando Rubén González,MEX,MF,29,12.1,23.0,1.9,17.0,0.0,0.0,0.0,4.0,2.0,3.0,0.25,2.0,0.0,0.0,0.0,0.0,1.0,Guadalajara,Brasileiro,Fernando Rubén González (Guadalajara)
Jesús Orozco,MEX,DF,21,11.1,9.0,0.81,6.0,0.0,1.0,0.0,0.0,2.0,0.0,0.0,0.0,0.0,0.0,0.0,0.0,0.0,Guadalajara,Brasileiro,Jesús Orozco (Guadalajara)
Cristian Calderón,MEX,DF,26,11.2,18.0,1.61,16.0,1.0,0.0,1.0,0.0,0.0,3.0,0.27,3.0,0.0,0.0,0.0,0.0,0.0,Guadalajara,Brasileiro,Cristian Calderón (Guadalajara)
Antonio Briseño,MEX,DF,29,9.5,4.0,0.42,3.0,1.0,0.0,0.0,0.0,0.0,0.0,0.0,0.0,0.0,0.0,0.0,0.0,0.0,Guadalajara,Brasileiro,Antonio Briseño (Guadalajara)
Víctor Guzmán,MEX,MF,28,8.5,33.0,3.87,26.0,5.0,1.0,1.0,0.0,0.0,5.0,0.59,4.0,1.0,0.0,0.0,0.0,0.0,Guadalajara,Brasileiro,Víctor Guzmán (Guadalajara)
Isaác Brizuela,MEX,"FW,MF",33,7.5,23.0,3.08,17.0,0.0,5.0,1.0,0.0,0.0,2.0,0.27,2.0,0.0,0.0,0.0,0.0,0.0,Guadalajara,Brasileiro,Isaác Brizuela (Guadalajara)
Erick Gutiérrez,MEX,MF,28,7.0,12.0,1.71,10.0,0.0,0.0,1.0,1.0,0.0,1.0,0.14,1.0,0.0,0.0,0.0,0.0,0.0,Guadalajara,Brasileiro,Erick Gutiérrez (Guadalajara)
Jonathan Padilla,MEX,"MF,FW",18,6.3,14.0,2.21,10.0,0.0,2.0,0.0,0.0,2.0,2.0,0.32,1.0,0.0,1.0,0.0,0.0,0.0,Guadalajara,Brasileiro,Jonathan Padilla (Guadalajara)
Alejandro Mayorga,MEX,DF,26,4.4,7.0,1.6,4.0,1.0,1.0,1.0,0.0,0.0,1.0,0.23,1.0,0.0,0.0,0.0,0.0,0.0,Guadalajara,Brasileiro,Alejandro Mayorga (Guadalajara)
Alexis Vega,MEX,FW,26,4.3,17.0,3.98,8.0,6.0,1.0,1.0,1.0,0.0,0.0,0.0,0.0,0.0,0.0,0.0,0.0,0.0,Guadalajara,Brasileiro,Alexis Vega (Guadalajara)
Ronaldo Cisneros,MEX,"FW,MF",26,4.5,5.0,1.1,3.0,0.0,0.0,1.0,1.0,0.0,0.0,0.0,0.0,0.0,0.0,0.0,0.0,0.0,Guadalajara,Brasileiro,Ronaldo Cisneros (Guadalajara)
Raúl Martínez,MEX,DF,20,3.0,0.0,0.0,0.0,0.0,0.0,0.0,0.0,0.0,0.0,0.0,0.0,0.0,0.0,0.0,0.0,0.0,Guadalajara,Brasileiro,Raúl Martínez (Guadalajara)
Jesús Sánchez García,MEX,DF,34,2.6,3.0,1.14,3.0,0.0,0.0,0.0,0.0,0.0,0.0,0.0,0.0,0.0,0.0,0.0,0.0,0.0,Guadalajara,Brasileiro,Jesús Sánchez García (Guadalajara)
Juan Brigido,MEX,"FW,DF",22,3.0,8.0,2.72,6.0,0.0,1.0,1.0,0.0,0.0,0.0,0.0,0.0,0.0,0.0,0.0,0.0,0.0,Guadalajara,Brasileiro,Juan Brigido (Guadalajara)
Pavel Pérez,MEX,"FW,MF",25,2.1,6.0,2.92,2.0,3.0,0.0,0.0,0.0,1.0,1.0,0.49,1.0,0.0,0.0,0.0,0.0,0.0,Guadalajara,Brasileiro,Pavel Pérez (Guadalajara)
José Rangel Aguilar,MEX,GK,23,1.2,0.0,0.0,0.0,0.0,0.0,0.0,0.0,0.0,0.0,0.0,0.0,0.0,0.0,0.0,0.0,0.0,Guadalajara,Brasileiro,José Rangel Aguilar (Guadalajara)
Alan Torres,MEX,MF,23,1.8,5.0,2.81,5.0,0.0,0.0,0.0,0.0,0.0,1.0,0.56,1.0,0.0,0.0,0.0,0.0,0.0,Guadalajara,Brasileiro,Alan Torres (Guadalajara)
Daniel Armando Ríos,MEX,"FW,DF",28,0.8,2.0,2.61,1.0,0.0,0.0,0.0,1.0,0.0,1.0,1.3,0.0,0.0,0.0,0.0,1.0,0.0,Guadalajara,Brasileiro,Daniel Armando Ríos (Guadalajara)
Zahid Muñoz,MEX,MF,22,0.2,1.0,4.29,1.0,0.0,0.0,0.0,0.0,0.0,0.0,0.0,0.0,0.0,0.0,0.0,0.0,0.0,Guadalajara,Brasileiro,Zahid Muñoz (Guadalajara)
Hiram Mier,MEX,MF,34,0.1,0.0,0.0,0.0,0.0,0.0,0.0,0.0,0.0,0.0,0.0,0.0,0.0,0.0,0.0,0.0,0.0,Guadalajara,Brasileiro,Hiram Mier (Guadalajara)
Rodolfo Cota,MEX,GK,36,16.0,2.0,0.12,1.0,1.0,0.0,0.0,0.0,0.0,0.0,0.0,0.0,0.0,0.0,0.0,0.0,0.0,León,Brasileiro,Rodolfo Cota (León)
Adonis Frías,ARG,DF,25,16.0,23.0,1.44,20.0,0.0,1.0,1.0,0.0,1.0,0.0,0.0,0.0,0.0,0.0,0.0,0.0,0.0,León,Brasileiro,Adonis Frías (León)
Ángel Mena,ECU,"FW,MF",35,13.7,84.0,6.14,57.0,17.0,7.0,1.0,1.0,1.0,10.0,0.73,8.0,1.0,1.0,0.0,0.0,0.0,León,Brasileiro,Ángel Mena (León)
Iván Moreno,MEX,"DF,MF",25,12.0,35.0,2.91,29.0,4.0,1.0,1.0,0.0,0.0,4.0,0.33,4.0,0.0,0.0,0.0,0.0,0.0,León,Brasileiro,Iván Moreno (León)
Osvaldo Rodríguez del Portal,MEX,DF,27,11.5,22.0,1.91,12.0,6.0,0.0,1.0,2.0,1.0,2.0,0.17,1.0,1.0,0.0,0.0,0.0,0.0,León,Brasileiro,Osvaldo Rodríguez del Portal (León)
Lucas Romero,ARG,MF,29,10.8,36.0,3.32,32.0,1.0,2.0,1.0,0.0,0.0,1.0,0.09,1.0,0.0,0.0,0.0,0.0,0.0,León,Brasileiro,Lucas Romero (León)
José Iván Rodríguez,MEX,MF,27,11.2,18.0,1.61,17.0,0.0,0.0,0.0,0.0,1.0,2.0,0.18,1.0,0.0,0.0,0.0,0.0,1.0,León,Brasileiro,José Iván Rodríguez (León)
William Tesillo,COL,DF,33,10.8,19.0,1.77,16.0,0.0,1.0,2.0,0.0,0.0,0.0,0.0,0.0,0.0,0.0,0.0,0.0,0.0,León,Brasileiro,William Tesillo (León)
Alfonso Alvarado,MEX,"FW,MF",23,9.9,19.0,1.91,11.0,1.0,2.0,4.0,1.0,0.0,2.0,0.2,2.0,0.0,0.0,0.0,0.0,0.0,León,Brasileiro,Alfonso Alvarado (León)
Federico Viñas,URU,FW,25,8.8,28.0,3.18,17.0,0.0,3.0,6.0,2.0,0.0,4.0,0.45,2.0,0.0,0.0,1.0,1.0,0.0,León,Brasileiro,Federico Viñas (León)
Elías Hernández,MEX,"MF,DF",35,7.8,35.0,4.49,24.0,9.0,0.0,2.0,0.0,0.0,4.0,0.51,3.0,1.0,0.0,0.0,0.0,0.0,León,Brasileiro,Elías Hernández (León)
Nicolás López,URU,"FW,MF",30,7.7,44.0,5.75,26.0,9.0,3.0,4.0,2.0,0.0,0.0,0.0,0.0,0.0,0.0,0.0,0.0,0.0,León,Brasileiro,Nicolás López (León)
Fidel Ambríz,MEX,MF,20,7.8,23.0,2.94,20.0,0.0,2.0,1.0,0.0,0.0,0.0,0.0,0.0,0.0,0.0,0.0,0.0,0.0,León,Brasileiro,Fidel Ambríz (León)
Jaine Barreiro,COL,DF,29,7.0,18.0,2.58,16.0,0.0,0.0,2.0,0.0,0.0,1.0,0.14,1.0,0.0,0.0,0.0,0.0,0.0,León,Brasileiro,Jaine Barreiro (León)
Paul Bellón,MEX,DF,26,6.5,3.0,0.46,3.0,0.0,0.0,0.0,0.0,0.0,0.0,0.0,0.0,0.0,0.0,0.0,0.0,0.0,León,Brasileiro,Paul Bellón (León)
José David Ramírez,MEX,"DF,MF",28,6.4,23.0,3.59,21.0,1.0,1.0,0.0,0.0,0.0,1.0,0.16,1.0,0.0,0.0,0.0,0.0,0.0,León,Brasileiro,José David Ramírez (León)
Brian Rubio,MEX,FW,27,4.9,16.0,3.24,10.0,0.0,2.0,3.0,1.0,0.0,2.0,0.4,1.0,0.0,1.0,0.0,0.0,0.0,León,Brasileiro,Brian Rubio (León)
Borja Sánchez Laborde,ESP,"MF,DF",27,3.9,17.0,4.32,16.0,0.0,0.0,0.0,1.0,0.0,2.0,0.51,2.0,0.0,0.0,0.0,0.0,0.0,León,Brasileiro,Borja Sánchez Laborde (León)
Víctor Dávila,CHI,FW,26,2.8,15.0,5.27,13.0,0.0,0.0,1.0,1.0,0.0,2.0,0.7,2.0,0.0,0.0,0.0,0.0,0.0,León,Brasileiro,Víctor Dávila (León)
Omar Fernández Frasica,COL,"MF,FW",30,4.0,16.0,4.04,15.0,0.0,1.0,0.0,0.0,0.0,2.0,0.51,1.0,0.0,1.0,0.0,0.0,0.0,León,Brasileiro,Omar Fernández Frasica (León)
Jesús Angulo,MEX,MF,26,1.8,5.0,2.81,4.0,0.0,0.0,1.0,0.0,0.0,2.0,1.13,2.0,0.0,0.0,0.0,0.0,0.0,León,Brasileiro,Jesús Angulo (León)
Héctor Uribe,MEX,"MF,DF",19,1.5,3.0,2.0,1.0,0.0,0.0,1.0,1.0,0.0,0.0,0.0,0.0,0.0,0.0,0.0,0.0,0.0,León,Brasileiro,Héctor Uribe (León)
Sebastian Santos,MEX,"FW,MF",20,1.4,3.0,2.16,2.0,0.0,0.0,0.0,1.0,0.0,1.0,0.72,1.0,0.0,0.0,0.0,0.0,0.0,León,Brasileiro,Sebastian Santos (León)
Alfonso Blanco Antúnez,MEX,GK,36,1.0,0.0,0.0,0.0,0.0,0.0,0.0,0.0,0.0,0.0,0.0,0.0,0.0,0.0,0.0,0.0,0.0,León,Brasileiro,Alfonso Blanco Antúnez (León)
Luís Cervantes,MEX,DF,22,0.4,1.0,2.25,1.0,0.0,0.0,0.0,0.0,0.0,0.0,0.0,0.0,0.0,0.0,0.0,0.0,0.0,León,Brasileiro,Luís Cervantes (León)
Oscar Villa,MEX,DF,22,0.4,1.0,2.25,1.0,0.0,0.0,0.0,0.0,0.0,0.0,0.0,0.0,0.0,0.0,0.0,0.0,0.0,León,Brasileiro,Oscar Villa (León)
Facundo Almada,ARG,DF,25,17.0,15.0,0.88,14.0,0.0,1.0,0.0,0.0,0.0,0.0,0.0,0.0,0.0,0.0,0.0,0.0,0.0,Mazatlán,Brasileiro,Facundo Almada (Mazatlán)
Jefferson Intriago,ECU,MF,27,17.0,26.0,1.53,24.0,0.0,1.0,0.0,0.0,1.0,5.0,0.29,4.0,0.0,0.0,0.0,0.0,1.0,Mazatlán,Brasileiro,Jefferson Intriago (Mazatlán)
Hugo González Durán,MEX,GK,33,15.3,3.0,0.2,2.0,1.0,0.0,0.0,0.0,0.0,0.0,0.0,0.0,0.0,0.0,0.0,0.0,0.0,Mazatlán,Brasileiro,Hugo González Durán (Mazatlán)
Bryan Colula,MEX,DF,27,11.5,23.0,2.01,19.0,2.0,1.0,1.0,0.0,0.0,5.0,0.44,3.0,0.0,1.0,1.0,0.0,0.0,Mazatlán,Brasileiro,Bryan Colula (Mazatlán)
Josué Colmán,PAR,"MF,FW",25,10.9,47.0,4.32,29.0,10.0,7.0,0.0,1.0,0.0,8.0,0.74,6.0,1.0,1.0,0.0,0.0,0.0,Mazatlán,Brasileiro,Josué Colmán (Mazatlán)
Luis Amarilla,PAR,FW,28,9.5,25.0,2.63,18.0,0.0,3.0,3.0,1.0,0.0,4.0,0.42,2.0,0.0,0.0,1.0,1.0,0.0,Mazatlán,Brasileiro,Luis Amarilla (Mazatlán)
Jair Díaz,MEX,DF,25,9.0,7.0,0.78,7.0,0.0,0.0,0.0,0.0,0.0,1.0,0.11,1.0,0.0,0.0,0.0,0.0,0.0,Mazatlán,Brasileiro,Jair Díaz (Mazatlán)
Édgar Yoel Bárcenas,PAN,"FW,MF",30,8.9,26.0,2.94,19.0,1.0,2.0,2.0,1.0,1.0,3.0,0.34,2.0,0.0,0.0,0.0,0.0,1.0,Mazatlán,Brasileiro,Édgar Yoel Bárcenas (Mazatlán)
Sergio Adrián Flores,MEX,MF,28,10.3,10.0,0.97,10.0,0.0,0.0,0.0,0.0,0.0,1.0,0.1,1.0,0.0,0.0,0.0,0.0,0.0,Mazatlán,Brasileiro,Sergio Adrián Flores (Mazatlán)
Luis Olivas,MEX,DF,23,9.5,12.0,1.26,8.0,1.0,0.0,1.0,1.0,1.0,0.0,0.0,0.0,0.0,0.0,0.0,0.0,0.0,Mazatlán,Brasileiro,Luis Olivas (Mazatlán)
Alan Medina,MEX,"FW,MF",26,7.5,27.0,3.62,22.0,1.0,3.0,0.0,1.0,0.0,3.0,0.4,3.0,0.0,0.0,0.0,0.0,0.0,Mazatlán,Brasileiro,Alan Medina (Mazatlán)
Arnaud Ake,CIV,FW,25,5.9,8.0,1.35,6.0,0.0,0.0,0.0,2.0,0.0,0.0,0.0,0.0,0.0,0.0,0.0,0.0,0.0,Mazatlán,Brasileiro,Arnaud Ake (Mazatlán)
Nicolás Benedetti,COL,"MF,FW",26,5.9,25.0,4.25,12.0,7.0,4.0,2.0,0.0,0.0,4.0,0.68,1.0,1.0,2.0,0.0,0.0,0.0,Mazatlán,Brasileiro,Nicolás Benedetti (Mazatlán)
Andres Montaño,MEX,MF,21,4.7,13.0,2.78,8.0,1.0,2.0,1.0,1.0,0.0,3.0,0.64,2.0,0.0,0.0,1.0,0.0,0.0,Mazatlán,Brasileiro,Andres Montaño (Mazatlán)
Eduard Bello,VEN,"FW,MF",28,7.2,27.0,3.74,16.0,6.0,2.0,0.0,3.0,0.0,0.0,0.0,0.0,0.0,0.0,0.0,0.0,0.0,Mazatlán,Brasileiro,Eduard Bello (Mazatlán)
José Madueña,MEX,DF,33,5.5,5.0,0.9,2.0,1.0,1.0,1.0,0.0,0.0,2.0,0.36,0.0,0.0,1.0,1.0,0.0,0.0,Mazatlán,Brasileiro,José Madueña (Mazatlán)
José Joaquín Esquivel,MEX,MF,25,5.2,4.0,0.77,4.0,0.0,0.0,0.0,0.0,0.0,1.0,0.19,1.0,0.0,0.0,0.0,0.0,0.0,Mazatlán,Brasileiro,José Joaquín Esquivel (Mazatlán)
Ventura Alvarado,USA,DF,31,4.5,2.0,0.44,0.0,1.0,0.0,1.0,0.0,0.0,1.0,0.22,0.0,0.0,0.0,1.0,0.0,0.0,Mazatlán,Brasileiro,Ventura Alvarado (Mazatlán)
Francisco Eduardo Venegas,MEX,DF,25,4.5,10.0,2.24,8.0,0.0,0.0,0.0,0.0,2.0,1.0,0.22,1.0,0.0,0.0,0.0,0.0,0.0,Mazatlán,Brasileiro,Francisco Eduardo Venegas (Mazatlán)
Néstor Vidrio,MEX,DF,34,3.2,3.0,0.93,3.0,0.0,0.0,0.0,0.0,0.0,0.0,0.0,0.0,0.0,0.0,0.0,0.0,0.0,Mazatlán,Brasileiro,Néstor Vidrio (Mazatlán)
Lucas Merolla,ARG,DF,28,3.1,2.0,0.65,2.0,0.0,0.0,0.0,0.0,0.0,0.0,0.0,0.0,0.0,0.0,0.0,0.0,0.0,Mazatlán,Brasileiro,Lucas Merolla (Mazatlán)
Ramiro Árciga,MEX,"MF,FW",19,2.4,2.0,0.83,1.0,0.0,0.0,1.0,0.0,0.0,0.0,0.0,0.0,0.0,0.0,0.0,0.0,0.0,Mazatlán,Brasileiro,Ramiro Árciga (Mazatlán)
Raúl Camacho,MEX,FW,21,2.0,6.0,2.93,3.0,0.0,0.0,0.0,3.0,0.0,0.0,0.0,0.0,0.0,0.0,0.0,0.0,0.0,Mazatlán,Brasileiro,Raúl Camacho (Mazatlán)
Ricardo Gutiérrez,MEX,GK,26,1.7,0.0,0.0,0.0,0.0,0.0,0.0,0.0,0.0,0.0,0.0,0.0,0.0,0.0,0.0,0.0,0.0,Mazatlán,Brasileiro,Ricardo Gutiérrez (Mazatlán)
Roberto Meraz,MEX,MF,24,1.1,1.0,0.93,1.0,0.0,0.0,0.0,0.0,0.0,0.0,0.0,0.0,0.0,0.0,0.0,0.0,0.0,Mazatlán,Brasileiro,Roberto Meraz (Mazatlán)
Miguel Sansores,MEX,"FW,MF",32,0.8,0.0,0.0,0.0,0.0,0.0,0.0,0.0,0.0,0.0,0.0,0.0,0.0,0.0,0.0,0.0,0.0,Mazatlán,Brasileiro,Miguel Sansores (Mazatlán)
Omar Moreno,MEX,"FW,DF",18,0.6,3.0,4.66,1.0,0.0,2.0,0.0,0.0,0.0,0.0,0.0,0.0,0.0,0.0,0.0,0.0,0.0,Mazatlán,Brasileiro,Omar Moreno (Mazatlán)
Edson Mata,MEX,DF,20,0.3,0.0,0.0,0.0,0.0,0.0,0.0,0.0,0.0,0.0,0.0,0.0,0.0,0.0,0.0,0.0,0.0,Mazatlán,Brasileiro,Edson Mata (Mazatlán)
Esteban Andrada,ARG,GK,32,16.0,3.0,0.19,3.0,0.0,0.0,0.0,0.0,0.0,1.0,0.06,1.0,0.0,0.0,0.0,0.0,0.0,Monterrey,Brasileiro,Esteban Andrada (Monterrey)
Maximiliano Meza,ARG,"MF,FW",31,12.3,52.0,4.22,37.0,4.0,5.0,4.0,1.0,1.0,9.0,0.73,8.0,0.0,1.0,0.0,0.0,0.0,Monterrey,Brasileiro,Maximiliano Meza (Monterrey)
Stefan Medina,COL,DF,31,13.0,24.0,1.84,17.0,1.0,2.0,1.0,3.0,0.0,3.0,0.23,2.0,0.0,0.0,1.0,0.0,0.0,Monterrey,Brasileiro,Stefan Medina (Monterrey)
Luis Romo,MEX,MF,28,12.8,42.0,3.27,38.0,0.0,2.0,1.0,1.0,0.0,4.0,0.31,4.0,0.0,0.0,0.0,0.0,0.0,Monterrey,Brasileiro,Luis Romo (Monterrey)
Víctor Guzmán,MEX,DF,21,12.5,4.0,0.32,3.0,0.0,0.0,1.0,0.0,0.0,0.0,0.0,0.0,0.0,0.0,0.0,0.0,0.0,Monterrey,Brasileiro,Víctor Guzmán (Monterrey)
Rogelio Funes Mori,MEX,FW,32,11.4,19.0,1.67,14.0,0.0,0.0,3.0,2.0,0.0,4.0,0.35,4.0,0.0,0.0,0.0,0.0,0.0,Monterrey,Brasileiro,Rogelio Funes Mori (Monterrey)
Sebastián Vegas,CHI,DF,27,13.2,18.0,1.36,15.0,0.0,0.0,3.0,0.0,0.0,1.0,0.08,1.0,0.0,0.0,0.0,0.0,0.0,Monterrey,Brasileiro,Sebastián Vegas (Monterrey)
Jesús Gallardo,MEX,DF,29,12.1,18.0,1.49,16.0,0.0,1.0,0.0,0.0,1.0,0.0,0.0,0.0,0.0,0.0,0.0,0.0,0.0,Monterrey,Brasileiro,Jesús Gallardo (Monterrey)
Jordi Cortizo,MEX,"MF,FW",27,7.6,38.0,4.99,29.0,1.0,7.0,0.0,1.0,0.0,5.0,0.66,4.0,0.0,1.0,0.0,0.0,0.0,Monterrey,Brasileiro,Jordi Cortizo (Monterrey)
Omar Govea,MEX,MF,27,9.9,24.0,2.42,20.0,3.0,0.0,0.0,1.0,0.0,4.0,0.4,4.0,0.0,0.0,0.0,0.0,0.0,Monterrey,Brasileiro,Omar Govea (Monterrey)
Héctor Moreno,MEX,DF,35,7.7,8.0,1.04,7.0,0.0,0.0,0.0,0.0,1.0,0.0,0.0,0.0,0.0,0.0,0.0,0.0,0.0,Monterrey,Brasileiro,Héctor Moreno (Monterrey)
Jesús Corona,MEX,"MF,FW",30,6.6,27.0,4.1,20.0,1.0,3.0,1.0,2.0,0.0,5.0,0.76,3.0,0.0,1.0,0.0,1.0,0.0,Monterrey,Brasileiro,Jesús Corona (Monterrey)
Jonathan González,MEX,MF,24,6.6,6.0,0.91,6.0,0.0,0.0,0.0,0.0,0.0,1.0,0.15,1.0,0.0,0.0,0.0,0.0,0.0,Monterrey,Brasileiro,Jonathan González (Monterrey)
Alfonso González,MEX,"MF,FW",29,5.6,31.0,5.58,17.0,10.0,2.0,1.0,0.0,1.0,4.0,0.72,1.0,3.0,0.0,0.0,0.0,0.0,Monterrey,Brasileiro,Alfonso González (Monterrey)
Germán Berterame,ARG,"FW,MF",25,6.1,13.0,2.14,11.0,0.0,2.0,0.0,0.0,0.0,1.0,0.16,1.0,0.0,0.0,0.0,0.0,0.0,Monterrey,Brasileiro,Germán Berterame (Monterrey)
Érick Aguirre,MEX,DF,26,5.1,12.0,2.35,12.0,0.0,0.0,0.0,0.0,0.0,1.0,0.2,1.0,0.0,0.0,0.0,0.0,0.0,Monterrey,Brasileiro,Érick Aguirre (Monterrey)
Sergio Canales,ESP,"FW,MF",32,4.2,12.0,2.83,10.0,1.0,0.0,0.0,1.0,0.0,0.0,0.0,0.0,0.0,0.0,0.0,0.0,0.0,Monterrey,Brasileiro,Sergio Canales (Monterrey)
Joao Joshimar Rojas,ECU,"MF,FW",26,4.4,18.0,4.12,10.0,6.0,0.0,2.0,0.0,0.0,3.0,0.69,3.0,0.0,0.0,0.0,0.0,0.0,Monterrey,Brasileiro,Joao Joshimar Rojas (Monterrey)
César Bustos,MEX,DF,18,3.1,7.0,2.24,4.0,1.0,2.0,0.0,0.0,0.0,1.0,0.32,1.0,0.0,0.0,0.0,0.0,0.0,Monterrey,Brasileiro,César Bustos (Monterrey)
Ali Ávila,MEX,FW,20,3.0,6.0,2.01,3.0,0.0,0.0,1.0,2.0,0.0,0.0,0.0,0.0,0.0,0.0,0.0,0.0,0.0,Monterrey,Brasileiro,Ali Ávila (Monterrey)
Celso Ortiz,PAR,MF,34,2.1,0.0,0.0,0.0,0.0,0.0,0.0,0.0,0.0,0.0,0.0,0.0,0.0,0.0,0.0,0.0,0.0,Monterrey,Brasileiro,Celso Ortiz (Monterrey)
César Garza,MEX,"MF,FW",18,2.8,3.0,1.07,3.0,0.0,0.0,0.0,0.0,0.0,0.0,0.0,0.0,0.0,0.0,0.0,0.0,0.0,Monterrey,Brasileiro,César Garza (Monterrey)
Daniel Alexis Parra,MEX,DF,24,1.0,2.0,2.0,1.0,0.0,0.0,1.0,0.0,0.0,0.0,0.0,0.0,0.0,0.0,0.0,0.0,0.0,Monterrey,Brasileiro,Daniel Alexis Parra (Monterrey)
Luis Cárdenas,MEX,GK,30,1.0,0.0,0.0,0.0,0.0,0.0,0.0,0.0,0.0,0.0,0.0,0.0,0.0,0.0,0.0,0.0,0.0,Monterrey,Brasileiro,Luis Cárdenas (Monterrey)
Victor Lopez,MEX,"MF,FW",20,2.3,13.0,5.55,10.0,1.0,0.0,2.0,0.0,0.0,1.0,0.43,0.0,0.0,0.0,1.0,0.0,0.0,Monterrey,Brasileiro,Victor Lopez (Monterrey)
Rodrigo Aguirre,URU,"FW,MF",29,1.7,4.0,2.29,4.0,0.0,0.0,0.0,0.0,0.0,0.0,0.0,0.0,0.0,0.0,0.0,0.0,0.0,Monterrey,Brasileiro,Rodrigo Aguirre (Monterrey)
Ángel Jordán Acosta,MEX,"MF,FW",18,0.5,0.0,0.0,0.0,0.0,0.0,0.0,0.0,0.0,0.0,0.0,0.0,0.0,0.0,0.0,0.0,0.0,Monterrey,Brasileiro,Ángel Jordán Acosta (Monterrey)
Edson Gutiérrez,MEX,DF,27,0.4,0.0,0.0,0.0,0.0,0.0,0.0,0.0,0.0,0.0,0.0,0.0,0.0,0.0,0.0,0.0,0.0,Monterrey,Brasileiro,Edson Gutiérrez (Monterrey)
Isidro Suárez,MEX,FW,20,0.2,0.0,0.0,0.0,0.0,0.0,0.0,0.0,0.0,0.0,0.0,0.0,0.0,0.0,0.0,0.0,0.0,Monterrey,Brasileiro,Isidro Suárez (Monterrey)
Joaquín Moxica,MEX,FW,17,0.2,0.0,0.0,0.0,0.0,0.0,0.0,0.0,0.0,0.0,0.0,0.0,0.0,0.0,0.0,0.0,0.0,Monterrey,Brasileiro,Joaquín Moxica (Monterrey)
Kevin Ortega,MEX,"MF,FW",21,0.2,2.0,12.0,2.0,0.0,0.0,0.0,0.0,0.0,0.0,0.0,0.0,0.0,0.0,0.0,0.0,0.0,Monterrey,Brasileiro,Kevin Ortega (Monterrey)
Ricardo Rentería,MEX,FW,21,0.1,0.0,0.0,0.0,0.0,0.0,0.0,0.0,0.0,0.0,0.0,0.0,0.0,0.0,0.0,0.0,0.0,Monterrey,Brasileiro,Ricardo Rentería (Monterrey)
Alexis Francisco Peña,MEX,DF,27,17.0,8.0,0.47,6.0,1.0,0.0,1.0,0.0,0.0,0.0,0.0,0.0,0.0,0.0,0.0,0.0,0.0,Necaxa,Brasileiro,Alexis Francisco Peña (Necaxa)
Bryan Garnica,MEX,MF,27,14.9,68.0,4.56,36.0,15.0,7.0,3.0,7.0,0.0,7.0,0.47,3.0,1.0,1.0,0.0,2.0,0.0,Necaxa,Brasileiro,Bryan Garnica (Necaxa)
Alán Montes,MEX,DF,23,14.6,13.0,0.89,12.0,0.0,0.0,1.0,0.0,0.0,2.0,0.14,2.0,0.0,0.0,0.0,0.0,0.0,Necaxa,Brasileiro,Alán Montes (Necaxa)
Facundo Batista,URU,FW,24,12.3,22.0,1.8,15.0,0.0,3.0,2.0,2.0,0.0,2.0,0.16,2.0,0.0,0.0,0.0,0.0,0.0,Necaxa,Brasileiro,Facundo Batista (Necaxa)
Fernando Arce Jr.,USA,MF,27,10.9,14.0,1.29,10.0,0.0,1.0,1.0,1.0,1.0,1.0,0.09,1.0,0.0,0.0,0.0,0.0,0.0,Necaxa,Brasileiro,Fernando Arce Jr. (Necaxa)
Raúl Gudiño,MEX,GK,27,9.5,2.0,0.21,1.0,1.0,0.0,0.0,0.0,0.0,0.0,0.0,0.0,0.0,0.0,0.0,0.0,0.0,Necaxa,Brasileiro,Raúl Gudiño (Necaxa)
Jorge Rodríguez,MEX,DF,22,9.5,17.0,1.8,9.0,5.0,0.0,2.0,0.0,1.0,1.0,0.11,0.0,1.0,0.0,0.0,0.0,0.0,Necaxa,Brasileiro,Jorge Rodríguez (Necaxa)
Édgar Méndez,ESP,"FW,MF",33,8.5,14.0,1.65,10.0,0.0,1.0,1.0,2.0,0.0,0.0,0.0,0.0,0.0,0.0,0.0,0.0,0.0,Necaxa,Brasileiro,Édgar Méndez (Necaxa)
Heriberto Jurado,MEX,MF,18,6.6,16.0,2.44,7.0,4.0,3.0,1.0,1.0,0.0,3.0,0.46,1.0,2.0,0.0,0.0,0.0,0.0,Necaxa,Brasileiro,Heriberto Jurado (Necaxa)
Jair Cortés,MEX,"DF,MF",23,8.3,13.0,1.56,9.0,4.0,0.0,0.0,0.0,0.0,0.0,0.0,0.0,0.0,0.0,0.0,0.0,0.0,Necaxa,Brasileiro,Jair Cortés (Necaxa)
Emilio Martínez González,MEX,DF,20,7.5,11.0,1.46,7.0,2.0,0.0,1.0,1.0,0.0,0.0,0.0,0.0,0.0,0.0,0.0,0.0,0.0,Necaxa,Brasileiro,Emilio Martínez González (Necaxa)
Ezequiel Unsain,ARG,GK,28,7.5,1.0,0.13,1.0,0.0,0.0,0.0,0.0,0.0,0.0,0.0,0.0,0.0,0.0,0.0,0.0,0.0,Necaxa,Brasileiro,Ezequiel Unsain (Necaxa)
Ricardo Monreal,MEX,FW,22,6.3,29.0,4.6,25.0,0.0,2.0,0.0,1.0,1.0,6.0,0.95,6.0,0.0,0.0,0.0,0.0,0.0,Necaxa,Brasileiro,Ricardo Monreal (Necaxa)
Agustín Oliveros,URU,DF,25,6.0,11.0,1.83,10.0,0.0,1.0,0.0,0.0,0.0,2.0,0.33,2.0,0.0,0.0,0.0,0.0,0.0,Necaxa,Brasileiro,Agustín Oliveros (Necaxa)
Vicente Poggi,URU,MF,21,5.8,13.0,2.24,10.0,0.0,2.0,0.0,0.0,1.0,1.0,0.17,1.0,0.0,0.0,0.0,0.0,0.0,Necaxa,Brasileiro,Vicente Poggi (Necaxa)
Andrés Colorado,COL,MF,25,5.7,7.0,1.24,6.0,0.0,0.0,0.0,0.0,1.0,0.0,0.0,0.0,0.0,0.0,0.0,0.0,0.0,Necaxa,Brasileiro,Andrés Colorado (Necaxa)
Alejandro Andrade,MEX,MF,22,4.3,5.0,1.17,3.0,0.0,0.0,0.0,1.0,1.0,0.0,0.0,0.0,0.0,0.0,0.0,0.0,0.0,Necaxa,Brasileiro,Alejandro Andrade (Necaxa)
Cristian González Bautista,MEX,"DF,MF",25,4.4,14.0,3.18,7.0,4.0,2.0,1.0,0.0,0.0,1.0,0.23,1.0,0.0,0.0,0.0,0.0,0.0,Necaxa,Brasileiro,Cristian González Bautista (Necaxa)
Jhon Chancellor,VEN,DF,31,4.3,3.0,0.7,3.0,0.0,0.0,0.0,0.0,0.0,1.0,0.23,1.0,0.0,0.0,0.0,0.0,0.0,Necaxa,Brasileiro,Jhon Chancellor (Necaxa)
Diego Gómez,MEX,"MF,FW",20,3.4,5.0,1.48,5.0,0.0,0.0,0.0,0.0,0.0,1.0,0.3,1.0,0.0,0.0,0.0,0.0,0.0,Necaxa,Brasileiro,Diego Gómez (Necaxa)
José Joaquín Esquivel,MEX,MF,25,3.0,2.0,0.67,2.0,0.0,0.0,0.0,0.0,0.0,0.0,0.0,0.0,0.0,0.0,0.0,0.0,0.0,Necaxa,Brasileiro,José Joaquín Esquivel (Necaxa)
Fabricio Formiliano,URU,DF,30,2.8,0.0,0.0,0.0,0.0,0.0,0.0,0.0,0.0,0.0,0.0,0.0,0.0,0.0,0.0,0.0,0.0,Necaxa,Brasileiro,Fabricio Formiliano (Necaxa)
Braian Samudio,PAR,"MF,FW",28,3.8,14.0,3.65,12.0,0.0,0.0,2.0,0.0,0.0,1.0,0.26,1.0,0.0,0.0,0.0,0.0,0.0,Necaxa,Brasileiro,Braian Samudio (Necaxa)
Daniel Mantilla,COL,"MF,FW",27,3.0,5.0,1.65,5.0,0.0,0.0,0.0,0.0,0.0,0.0,0.0,0.0,0.0,0.0,0.0,0.0,0.0,Necaxa,Brasileiro,Daniel Mantilla (Necaxa)
Rogelio Cortéz Pineda,MEX,MF,19,2.1,4.0,1.88,2.0,1.0,0.0,0.0,1.0,0.0,0.0,0.0,0.0,0.0,0.0,0.0,0.0,0.0,Necaxa,Brasileiro,Rogelio Cortéz Pineda (Necaxa)
Maximiliano Silvera,URU,FW,26,1.2,3.0,2.41,0.0,0.0,0.0,1.0,0.0,2.0,0.0,0.0,0.0,0.0,0.0,0.0,0.0,0.0,Necaxa,Brasileiro,Maximiliano Silvera (Necaxa)
Alfredo Gutierrez,MEX,DF,20,0.9,2.0,2.2,1.0,0.0,0.0,0.0,0.0,1.0,0.0,0.0,0.0,0.0,0.0,0.0,0.0,0.0,Necaxa,Brasileiro,Alfredo Gutierrez (Necaxa)
Misael Domínguez,MEX,"MF,DF",24,1.2,10.0,8.11,6.0,2.0,1.0,0.0,1.0,0.0,1.0,0.81,1.0,0.0,0.0,0.0,0.0,0.0,Necaxa,Brasileiro,Misael Domínguez (Necaxa)
Waldo Madrid,MEX,"DF,FW",20,0.5,3.0,6.59,3.0,0.0,0.0,0.0,0.0,0.0,0.0,0.0,0.0,0.0,0.0,0.0,0.0,0.0,Necaxa,Brasileiro,Waldo Madrid (Necaxa)
Arath Moreno,MEX,MF,18,0.4,1.0,2.25,0.0,1.0,0.0,0.0,0.0,0.0,0.0,0.0,0.0,0.0,0.0,0.0,0.0,0.0,Necaxa,Brasileiro,Arath Moreno (Necaxa)
César López,MEX,FW,21,0.1,0.0,0.0,0.0,0.0,0.0,0.0,0.0,0.0,0.0,0.0,0.0,0.0,0.0,0.0,0.0,0.0,Necaxa,Brasileiro,César López (Necaxa)
Alek Álvarez,MEX,DF,20,0.1,2.0,25.71,1.0,0.0,1.0,0.0,0.0,0.0,0.0,0.0,0.0,0.0,0.0,0.0,0.0,0.0,Necaxa,Brasileiro,Alek Álvarez (Necaxa)
Miguel Rodríguez,MEX,DF,20,16.7,48.0,2.87,33.0,9.0,2.0,1.0,2.0,1.0,1.0,0.06,1.0,0.0,0.0,0.0,0.0,0.0,Pachuca,Brasileiro,Miguel Rodríguez (Pachuca)
Gustavo Cabral,ARG,DF,38,16.0,15.0,0.94,12.0,2.0,0.0,1.0,0.0,0.0,0.0,0.0,0.0,0.0,0.0,0.0,0.0,0.0,Pachuca,Brasileiro,Gustavo Cabral (Pachuca)
Sergio Barreto,ARG,DF,24,15.3,8.0,0.52,6.0,0.0,0.0,2.0,0.0,0.0,1.0,0.07,1.0,0.0,0.0,0.0,0.0,0.0,Pachuca,Brasileiro,Sergio Barreto (Pachuca)
Carlos Moreno,MEX,GK,25,14.0,5.0,0.36,3.0,2.0,0.0,0.0,0.0,0.0,0.0,0.0,0.0,0.0,0.0,0.0,0.0,0.0,Pachuca,Brasileiro,Carlos Moreno (Pachuca)
Erick Sánchez,MEX,"MF,FW",24,12.8,64.0,5.0,41.0,8.0,4.0,3.0,8.0,0.0,7.0,0.55,4.0,0.0,3.0,0.0,0.0,0.0,Pachuca,Brasileiro,Erick Sánchez (Pachuca)
Lucas Di Yorio,ARG,FW,27,11.3,34.0,3.0,17.0,0.0,3.0,8.0,4.0,2.0,0.0,0.0,0.0,0.0,0.0,0.0,0.0,0.0,Pachuca,Brasileiro,Lucas Di Yorio (Pachuca)
Elias Montiel,MEX,MF,18,10.0,35.0,3.51,29.0,2.0,2.0,0.0,1.0,1.0,2.0,0.2,2.0,0.0,0.0,0.0,0.0,0.0,Pachuca,Brasileiro,Elias Montiel (Pachuca)
Roberto de la Rosa,MEX,"FW,MF",23,8.7,29.0,3.35,23.0,1.0,1.0,4.0,0.0,0.0,0.0,0.0,0.0,0.0,0.0,0.0,0.0,0.0,Pachuca,Brasileiro,Roberto de la Rosa (Pachuca)
José Castillo Pérez,MEX,DF,22,8.3,20.0,2.4,14.0,3.0,1.0,2.0,0.0,0.0,2.0,0.24,2.0,0.0,0.0,0.0,0.0,0.0,Pachuca,Brasileiro,José Castillo Pérez (Pachuca)
Marino Hinestroza,COL,"MF,FW",21,7.7,44.0,5.72,23.0,3.0,10.0,3.0,5.0,0.0,4.0,0.52,3.0,0.0,1.0,0.0,0.0,0.0,Pachuca,Brasileiro,Marino Hinestroza (Pachuca)
David Terans,URU,"MF,FW",29,6.1,32.0,5.21,19.0,5.0,5.0,3.0,0.0,0.0,0.0,0.0,0.0,0.0,0.0,0.0,0.0,0.0,Pachuca,Brasileiro,David Terans (Pachuca)
Byron Castillo,ECU,DF,25,7.3,16.0,2.2,12.0,0.0,1.0,0.0,3.0,0.0,1.0,0.14,1.0,0.0,0.0,0.0,0.0,0.0,Pachuca,Brasileiro,Byron Castillo (Pachuca)
Jesús Hernández,MEX,"MF,FW",22,5.9,29.0,4.9,20.0,5.0,2.0,1.0,1.0,0.0,2.0,0.34,2.0,0.0,0.0,0.0,0.0,0.0,Pachuca,Brasileiro,Jesús Hernández (Pachuca)
Celso Ortiz,PAR,MF,34,5.6,8.0,1.43,6.0,0.0,0.0,0.0,1.0,1.0,1.0,0.18,1.0,0.0,0.0,0.0,0.0,0.0,Pachuca,Brasileiro,Celso Ortiz (Pachuca)
Jorge Berlanga,MEX,DF,20,5.3,3.0,0.57,3.0,0.0,0.0,0.0,0.0,0.0,0.0,0.0,0.0,0.0,0.0,0.0,0.0,0.0,Pachuca,Brasileiro,Jorge Berlanga (Pachuca)
Bryan González,MEX,"MF,FW",20,3.9,10.0,2.54,6.0,2.0,1.0,1.0,0.0,0.0,0.0,0.0,0.0,0.0,0.0,0.0,0.0,0.0,Pachuca,Brasileiro,Bryan González (Pachuca)
Pedro Pedraza,MEX,MF,23,5.2,7.0,1.34,5.0,0.0,0.0,1.0,0.0,1.0,0.0,0.0,0.0,0.0,0.0,0.0,0.0,0.0,Pachuca,Brasileiro,Pedro Pedraza (Pachuca)
Oussama Idrissi,MAR,"FW,MF",27,3.6,14.0,3.87,9.0,1.0,2.0,0.0,0.0,2.0,1.0,0.28,1.0,0.0,0.0,0.0,0.0,0.0,Pachuca,Brasileiro,Oussama Idrissi (Pachuca)
Óscar Ustari,ARG,GK,37,3.0,2.0,0.67,2.0,0.0,0.0,0.0,0.0,0.0,0.0,0.0,0.0,0.0,0.0,0.0,0.0,0.0,Pachuca,Brasileiro,Óscar Ustari (Pachuca)
Illian Hernandez,MEX,FW,23,4.5,7.0,1.55,7.0,0.0,0.0,0.0,0.0,0.0,0.0,0.0,0.0,0.0,0.0,0.0,0.0,0.0,Pachuca,Brasileiro,Illian Hernandez (Pachuca)
Francisco Antonio Figueroa,MEX,"MF,FW",24,2.2,9.0,4.01,6.0,0.0,2.0,1.0,0.0,0.0,0.0,0.0,0.0,0.0,0.0,0.0,0.0,0.0,Pachuca,Brasileiro,Francisco Antonio Figueroa (Pachuca)
Jahaziel Marchand,MEX,MF,22,2.2,6.0,2.74,5.0,0.0,0.0,0.0,1.0,0.0,1.0,0.46,1.0,0.0,0.0,0.0,0.0,0.0,Pachuca,Brasileiro,Jahaziel Marchand (Pachuca)
Alexei Dominguez,MEX,"MF,FW",18,2.0,14.0,7.0,12.0,0.0,2.0,0.0,0.0,0.0,0.0,0.0,0.0,0.0,0.0,0.0,0.0,0.0,Pachuca,Brasileiro,Alexei Dominguez (Pachuca)
Paulino,ESP,MF,26,1.4,4.0,2.79,3.0,1.0,0.0,0.0,0.0,0.0,0.0,0.0,0.0,0.0,0.0,0.0,0.0,0.0,Pachuca,Brasileiro,Paulino (Pachuca)
Israel Luna,MEX,MF,21,1.2,3.0,2.5,3.0,0.0,0.0,0.0,0.0,0.0,0.0,0.0,0.0,0.0,0.0,0.0,0.0,0.0,Pachuca,Brasileiro,Israel Luna (Pachuca)
Javier Eduardo López,MEX,"MF,FW",29,2.9,22.0,7.47,16.0,5.0,0.0,1.0,0.0,0.0,0.0,0.0,0.0,0.0,0.0,0.0,0.0,0.0,Pachuca,Brasileiro,Javier Eduardo López (Pachuca)
René López,MEX,DF,21,0.8,0.0,0.0,0.0,0.0,0.0,0.0,0.0,0.0,0.0,0.0,0.0,0.0,0.0,0.0,0.0,0.0,Pachuca,Brasileiro,René López (Pachuca)
Luis Sánchez,MEX,DF,23,0.7,0.0,0.0,0.0,0.0,0.0,0.0,0.0,0.0,0.0,0.0,0.0,0.0,0.0,0.0,0.0,0.0,Pachuca,Brasileiro,Luis Sánchez (Pachuca)
Owen González,MEX,"MF,FW",20,1.6,7.0,4.32,6.0,0.0,1.0,0.0,0.0,0.0,1.0,0.62,1.0,0.0,0.0,0.0,0.0,0.0,Pachuca,Brasileiro,Owen González (Pachuca)
Fernando Ovelar,PAR,"MF,FW",19,0.4,2.0,5.29,2.0,0.0,0.0,0.0,0.0,0.0,0.0,0.0,0.0,0.0,0.0,0.0,0.0,0.0,Pachuca,Brasileiro,Fernando Ovelar (Pachuca)
Diego De Buen,MEX,"MF,DF",32,17.0,37.0,2.18,30.0,3.0,1.0,2.0,0.0,1.0,3.0,0.18,2.0,0.0,0.0,1.0,0.0,0.0,Puebla,Brasileiro,Diego De Buen (Puebla)
Jesús Rodríguez,MEX,GK,30,17.0,4.0,0.24,0.0,4.0,0.0,0.0,0.0,0.0,0.0,0.0,0.0,0.0,0.0,0.0,0.0,0.0,Puebla,Brasileiro,Jesús Rodríguez (Puebla)
Gastón Silva,URU,DF,29,17.0,13.0,0.76,12.0,0.0,1.0,0.0,0.0,0.0,0.0,0.0,0.0,0.0,0.0,0.0,0.0,0.0,Puebla,Brasileiro,Gastón Silva (Puebla)
Brayan Angulo,COL,"DF,MF",34,16.8,53.0,3.15,34.0,7.0,9.0,2.0,0.0,1.0,10.0,0.59,6.0,2.0,2.0,0.0,0.0,0.0,Puebla,Brasileiro,Brayan Angulo (Puebla)
Guillermo Martínez Ayala,MEX,FW,28,15.0,35.0,2.33,26.0,1.0,1.0,4.0,3.0,0.0,3.0,0.2,1.0,0.0,0.0,0.0,2.0,0.0,Puebla,Brasileiro,Guillermo Martínez Ayala (Puebla)
Gustavo Ferrareis,BRA,DF,27,14.4,37.0,2.57,25.0,4.0,1.0,3.0,4.0,0.0,2.0,0.14,0.0,0.0,0.0,0.0,2.0,0.0,Puebla,Brasileiro,Gustavo Ferrareis (Puebla)
Pablo González Díaz,MEX,MF,31,14.3,23.0,1.61,20.0,2.0,1.0,0.0,0.0,0.0,0.0,0.0,0.0,0.0,0.0,0.0,0.0,0.0,Puebla,Brasileiro,Pablo González Díaz (Puebla)
Kevin Velasco,COL,MF,26,13.1,55.0,4.19,43.0,4.0,6.0,0.0,2.0,0.0,5.0,0.38,4.0,0.0,1.0,0.0,0.0,0.0,Puebla,Brasileiro,Kevin Velasco (Puebla)
Sebastián Olmedo,PAR,DF,22,14.0,6.0,0.43,5.0,0.0,1.0,0.0,0.0,0.0,0.0,0.0,0.0,0.0,0.0,0.0,0.0,0.0,Puebla,Brasileiro,Sebastián Olmedo (Puebla)
Daniel Álvarez López,MEX,"MF,FW",29,9.4,40.0,4.24,31.0,6.0,0.0,1.0,2.0,0.0,4.0,0.42,4.0,0.0,0.0,0.0,0.0,0.0,Puebla,Brasileiro,Daniel Álvarez López (Puebla)
Martín Barragán,MEX,FW,32,9.3,30.0,3.22,22.0,0.0,1.0,3.0,2.0,2.0,3.0,0.32,3.0,0.0,0.0,0.0,0.0,0.0,Puebla,Brasileiro,Martín Barragán (Puebla)
Carlos Baltazar,MEX,MF,26,6.1,17.0,2.79,10.0,4.0,1.0,0.0,2.0,0.0,4.0,0.66,3.0,1.0,0.0,0.0,0.0,0.0,Puebla,Brasileiro,Carlos Baltazar (Puebla)
Luis García,MEX,"DF,MF",30,4.0,8.0,2.01,7.0,0.0,1.0,0.0,0.0,0.0,0.0,0.0,0.0,0.0,0.0,0.0,0.0,0.0,Puebla,Brasileiro,Luis García (Puebla)
Ángel Robles,MEX,"FW,MF",22,3.2,9.0,2.84,5.0,0.0,3.0,0.0,1.0,0.0,1.0,0.32,1.0,0.0,0.0,0.0,0.0,0.0,Puebla,Brasileiro,Ángel Robles (Puebla)
Miguel Sansores,MEX,"FW,MF",32,3.5,7.0,2.0,7.0,0.0,0.0,0.0,0.0,0.0,2.0,0.57,2.0,0.0,0.0,0.0,0.0,0.0,Puebla,Brasileiro,Miguel Sansores (Puebla)
Federico Mancuello,ARG,MF,34,3.0,12.0,4.0,8.0,4.0,0.0,0.0,0.0,0.0,1.0,0.33,0.0,1.0,0.0,0.0,0.0,0.0,Puebla,Brasileiro,Federico Mancuello (Puebla)
Alberto Herrera,MEX,"DF,MF",22,1.5,1.0,0.67,0.0,1.0,0.0,0.0,0.0,0.0,0.0,0.0,0.0,0.0,0.0,0.0,0.0,0.0,Puebla,Brasileiro,Alberto Herrera (Puebla)
Efraín Orona,MEX,"DF,MF",24,1.2,2.0,1.73,2.0,0.0,0.0,0.0,0.0,0.0,0.0,0.0,0.0,0.0,0.0,0.0,0.0,0.0,Puebla,Brasileiro,Efraín Orona (Puebla)
Diego Zago,MEX,MF,21,1.0,0.0,0.0,0.0,0.0,0.0,0.0,0.0,0.0,0.0,0.0,0.0,0.0,0.0,0.0,0.0,0.0,Puebla,Brasileiro,Diego Zago (Puebla)
Gabriel Carabajal,ARG,"MF,FW",32,1.6,3.0,1.91,2.0,0.0,1.0,0.0,0.0,0.0,1.0,0.64,1.0,0.0,0.0,0.0,0.0,0.0,Puebla,Brasileiro,Gabriel Carabajal (Puebla)
Lucas de los Santos,URU,"MF,FW",22,1.5,1.0,0.66,1.0,0.0,0.0,0.0,0.0,0.0,0.0,0.0,0.0,0.0,0.0,0.0,0.0,0.0,Puebla,Brasileiro,Lucas de los Santos (Puebla)
Daniel Aguilar,MEX,"FW,MF",25,1.3,10.0,7.96,5.0,4.0,0.0,1.0,0.0,0.0,1.0,0.8,0.0,1.0,0.0,0.0,0.0,0.0,Puebla,Brasileiro,Daniel Aguilar (Puebla)
Facundo Waller,URU,MF,26,0.9,5.0,5.36,2.0,1.0,1.0,1.0,0.0,0.0,0.0,0.0,0.0,0.0,0.0,0.0,0.0,0.0,Puebla,Brasileiro,Facundo Waller (Puebla)
Fernando Arce Jr.,USA,"MF,DF",27,0.7,1.0,1.34,1.0,0.0,0.0,0.0,0.0,0.0,0.0,0.0,0.0,0.0,0.0,0.0,0.0,0.0,Puebla,Brasileiro,Fernando Arce Jr. (Puebla)
S. González,MEX,FW,20,0.1,0.0,0.0,0.0,0.0,0.0,0.0,0.0,0.0,0.0,0.0,0.0,0.0,0.0,0.0,0.0,0.0,Puebla,Brasileiro,S. González (Puebla)
Emanuel Gularte,URU,DF,26,17.0,18.0,1.06,14.0,0.0,0.0,4.0,0.0,0.0,2.0,0.12,2.0,0.0,0.0,0.0,0.0,0.0,Querétaro,Brasileiro,Emanuel Gularte (Querétaro)
Federico Lértora,ARG,MF,33,15.7,27.0,1.72,15.0,5.0,0.0,2.0,2.0,3.0,3.0,0.19,2.0,1.0,0.0,0.0,0.0,0.0,Querétaro,Brasileiro,Federico Lértora (Querétaro)
Pablo Barrera,MEX,"MF,FW",36,14.8,63.0,4.24,36.0,21.0,3.0,1.0,1.0,1.0,7.0,0.47,4.0,1.0,1.0,0.0,1.0,0.0,Querétaro,Brasileiro,Pablo Barrera (Querétaro)
Kevin Escamilla,MEX,MF,29,13.1,13.0,0.99,11.0,0.0,0.0,2.0,0.0,0.0,1.0,0.08,1.0,0.0,0.0,0.0,0.0,0.0,Querétaro,Brasileiro,Kevin Escamilla (Querétaro)
Óscar Manzanarez,MEX,DF,28,11.6,11.0,0.95,8.0,1.0,0.0,1.0,0.0,1.0,0.0,0.0,0.0,0.0,0.0,0.0,0.0,0.0,Querétaro,Brasileiro,Óscar Manzanarez (Querétaro)
Omar Israel Mendoza,MEX,DF,35,11.4,21.0,1.85,15.0,3.0,0.0,0.0,3.0,0.0,3.0,0.26,3.0,0.0,0.0,0.0,0.0,0.0,Querétaro,Brasileiro,Omar Israel Mendoza (Querétaro)
Raúl Sandoval,MEX,"DF,MF",23,12.0,28.0,2.33,17.0,6.0,3.0,1.0,1.0,0.0,0.0,0.0,0.0,0.0,0.0,0.0,0.0,0.0,Querétaro,Brasileiro,Raúl Sandoval (Querétaro)
Guillermo Allison,MEX,GK,33,12.0,2.0,0.17,2.0,0.0,0.0,0.0,0.0,0.0,0.0,0.0,0.0,0.0,0.0,0.0,0.0,0.0,Querétaro,Brasileiro,Guillermo Allison (Querétaro)
Jaime Gómez Valencia,MEX,"DF,MF",30,10.3,24.0,2.34,18.0,2.0,1.0,2.0,1.0,0.0,1.0,0.1,1.0,0.0,0.0,0.0,0.0,0.0,Querétaro,Brasileiro,Jaime Gómez Valencia (Querétaro)
José Zúñiga,COL,FW,29,9.5,20.0,2.1,12.0,0.0,3.0,3.0,2.0,0.0,4.0,0.42,2.0,0.0,0.0,1.0,1.0,0.0,Querétaro,Brasileiro,José Zúñiga (Querétaro)
Miguel Barbieri,ARG,DF,30,8.6,12.0,1.4,10.0,0.0,0.0,0.0,2.0,0.0,1.0,0.12,1.0,0.0,0.0,0.0,0.0,0.0,Querétaro,Brasileiro,Miguel Barbieri (Querétaro)
Jordan Sierra,ECU,"MF,FW",26,9.0,23.0,2.57,13.0,4.0,1.0,2.0,2.0,1.0,2.0,0.22,0.0,1.0,0.0,0.0,1.0,0.0,Querétaro,Brasileiro,Jordan Sierra (Querétaro)
Camilo Sanvezzo,BRA,"FW,MF",35,6.6,19.0,2.87,13.0,0.0,1.0,2.0,3.0,0.0,1.0,0.15,0.0,0.0,0.0,0.0,1.0,0.0,Querétaro,Brasileiro,Camilo Sanvezzo (Querétaro)
Ettson Ayon,MEX,"FW,MF",22,5.4,13.0,2.39,5.0,0.0,1.0,2.0,5.0,0.0,0.0,0.0,0.0,0.0,0.0,0.0,0.0,0.0,Querétaro,Brasileiro,Ettson Ayon (Querétaro)
Fernando Tapia Méndez,MEX,GK,22,5.0,5.0,1.0,4.0,0.0,1.0,0.0,0.0,0.0,0.0,0.0,0.0,0.0,0.0,0.0,0.0,0.0,Querétaro,Brasileiro,Fernando Tapia Méndez (Querétaro)
Ángel Sepúlveda,MEX,FW,32,3.6,9.0,2.52,8.0,0.0,0.0,0.0,1.0,0.0,0.0,0.0,0.0,0.0,0.0,0.0,0.0,0.0,Querétaro,Brasileiro,Ángel Sepúlveda (Querétaro)
Jonathan Perlaza,ECU,DF,26,3.1,5.0,1.61,3.0,1.0,0.0,0.0,0.0,1.0,0.0,0.0,0.0,0.0,0.0,0.0,0.0,0.0,Querétaro,Brasileiro,Jonathan Perlaza (Querétaro)
Marco García,MEX,MF,23,3.1,12.0,3.87,9.0,2.0,1.0,0.0,0.0,0.0,2.0,0.65,1.0,1.0,0.0,0.0,0.0,0.0,Querétaro,Brasileiro,Marco García (Querétaro)
Nicolás Cordero,ARG,FW,24,3.5,5.0,1.43,3.0,0.0,1.0,0.0,1.0,0.0,1.0,0.29,1.0,0.0,0.0,0.0,0.0,0.0,Querétaro,Brasileiro,Nicolás Cordero (Querétaro)
Joaquín Montecinos,CHI,"FW,MF",28,2.6,11.0,4.19,3.0,2.0,2.0,2.0,2.0,0.0,0.0,0.0,0.0,0.0,0.0,0.0,0.0,0.0,Querétaro,Brasileiro,Joaquín Montecinos (Querétaro)
Pablo Ortiz,MEX,DF,21,2.4,2.0,0.83,1.0,1.0,0.0,0.0,0.0,0.0,1.0,0.41,1.0,0.0,0.0,0.0,0.0,0.0,Querétaro,Brasileiro,Pablo Ortiz (Querétaro)
Rodrigo López,MEX,MF,36,1.6,5.0,3.04,3.0,0.0,2.0,0.0,0.0,0.0,0.0,0.0,0.0,0.0,0.0,0.0,0.0,0.0,Querétaro,Brasileiro,Rodrigo López (Querétaro)
Mauro Laínez,MEX,"MF,FW",27,2.2,10.0,4.5,8.0,0.0,2.0,0.0,0.0,0.0,1.0,0.45,1.0,0.0,0.0,0.0,0.0,0.0,Querétaro,Brasileiro,Mauro Laínez (Querétaro)
Alberto García Jr.,MEX,"MF,FW",30,0.2,2.0,9.0,2.0,0.0,0.0,0.0,0.0,0.0,0.0,0.0,0.0,0.0,0.0,0.0,0.0,0.0,Querétaro,Brasileiro,Alberto García Jr. (Querétaro)
Paolo Yrizar,MEX,MF,26,0.2,1.0,4.5,1.0,0.0,0.0,0.0,0.0,0.0,0.0,0.0,0.0,0.0,0.0,0.0,0.0,0.0,Querétaro,Brasileiro,Paolo Yrizar (Querétaro)
Jonathan Torres,ARG,MF,27,0.1,1.0,15.0,1.0,0.0,0.0,0.0,0.0,0.0,0.0,0.0,0.0,0.0,0.0,0.0,0.0,0.0,Querétaro,Brasileiro,Jonathan Torres (Querétaro)
Marco González,MEX,MF,21,0.0,0.0,0.0,0.0,0.0,0.0,0.0,0.0,0.0,0.0,0.0,0.0,0.0,0.0,0.0,0.0,0.0,Querétaro,Brasileiro,Marco González (Querétaro)
Omar Campos,MEX,DF,21,16.7,31.0,1.86,18.0,6.0,2.0,2.0,2.0,1.0,4.0,0.24,2.0,1.0,0.0,1.0,0.0,0.0,Santos,Brasileiro,Omar Campos (Santos)
Harold Preciado,COL,FW,29,15.7,48.0,3.06,35.0,0.0,3.0,4.0,6.0,0.0,7.0,0.45,2.0,0.0,0.0,1.0,4.0,0.0,Santos,Brasileiro,Harold Preciado (Santos)
Alan Cervantes,MEX,MF,25,15.4,33.0,2.15,27.0,0.0,1.0,4.0,1.0,0.0,2.0,0.13,2.0,0.0,0.0,0.0,0.0,0.0,Santos,Brasileiro,Alan Cervantes (Santos)
Emerson Rodríguez,COL,"FW,MF",23,13.6,45.0,3.32,36.0,0.0,4.0,1.0,3.0,1.0,3.0,0.22,2.0,0.0,1.0,0.0,0.0,0.0,Santos,Brasileiro,Emerson Rodríguez (Santos)
Juan Brunetta,ARG,"MF,FW",26,15.7,120.0,7.67,60.0,34.0,14.0,4.0,6.0,2.0,18.0,1.15,8.0,4.0,4.0,1.0,0.0,1.0,Santos,Brasileiro,Juan Brunetta (Santos)
Félix Torres Caicedo,ECU,DF,26,15.1,10.0,0.66,10.0,0.0,0.0,0.0,0.0,0.0,1.0,0.07,1.0,0.0,0.0,0.0,0.0,0.0,Santos,Brasileiro,Félix Torres Caicedo (Santos)
Duván Vergara,COL,"FW,MF",27,11.0,36.0,3.26,26.0,0.0,4.0,5.0,1.0,0.0,4.0,0.36,4.0,0.0,0.0,0.0,0.0,0.0,Santos,Brasileiro,Duván Vergara (Santos)
Pedro Aquino,PER,MF,28,9.8,23.0,2.36,17.0,1.0,0.0,1.0,2.0,2.0,4.0,0.41,3.0,0.0,0.0,0.0,0.0,1.0,Santos,Brasileiro,Pedro Aquino (Santos)
Gibran Lajud,MEX,GK,30,9.0,2.0,0.22,1.0,1.0,0.0,0.0,0.0,0.0,0.0,0.0,0.0,0.0,0.0,0.0,0.0,0.0,Santos,Brasileiro,Gibran Lajud (Santos)
Dória,BRA,DF,29,9.0,9.0,1.0,5.0,0.0,0.0,4.0,0.0,0.0,0.0,0.0,0.0,0.0,0.0,0.0,0.0,0.0,Santos,Brasileiro,Dória (Santos)
Ismael Govea,MEX,DF,26,7.8,9.0,1.15,6.0,3.0,0.0,0.0,0.0,0.0,2.0,0.25,1.0,1.0,0.0,0.0,0.0,0.0,Santos,Brasileiro,Ismael Govea (Santos)
Aldo López,MEX,MF,23,9.3,10.0,1.08,8.0,0.0,0.0,1.0,0.0,1.0,0.0,0.0,0.0,0.0,0.0,0.0,0.0,0.0,Santos,Brasileiro,Aldo López (Santos)
Raúl López Gómez,MEX,DF,30,9.1,10.0,1.09,6.0,3.0,1.0,0.0,0.0,0.0,0.0,0.0,0.0,0.0,0.0,0.0,0.0,0.0,Santos,Brasileiro,Raúl López Gómez (Santos)
Carlos Acevedo,MEX,GK,27,6.0,2.0,0.33,2.0,0.0,0.0,0.0,0.0,0.0,0.0,0.0,0.0,0.0,0.0,0.0,0.0,0.0,Santos,Brasileiro,Carlos Acevedo (Santos)
Hugo Isaác Rodríguez,MEX,DF,33,5.2,2.0,0.39,1.0,1.0,0.0,0.0,0.0,0.0,1.0,0.19,1.0,0.0,0.0,0.0,0.0,0.0,Santos,Brasileiro,Hugo Isaác Rodríguez (Santos)
Ronaldo Prieto,MEX,DF,26,4.9,7.0,1.44,5.0,1.0,0.0,0.0,0.0,1.0,2.0,0.41,2.0,0.0,0.0,0.0,0.0,0.0,Santos,Brasileiro,Ronaldo Prieto (Santos)
Diego Medina,MEX,"FW,MF",22,5.9,17.0,2.91,13.0,0.0,3.0,0.0,1.0,0.0,1.0,0.17,1.0,0.0,0.0,0.0,0.0,0.0,Santos,Brasileiro,Diego Medina (Santos)
Héctor Holguín,MEX,GK,22,2.0,0.0,0.0,0.0,0.0,0.0,0.0,0.0,0.0,0.0,0.0,0.0,0.0,0.0,0.0,0.0,0.0,Santos,Brasileiro,Héctor Holguín (Santos)
Javier Marcelo Correa,ARG,"FW,DF",31,1.8,15.0,8.49,7.0,0.0,4.0,2.0,1.0,1.0,1.0,0.57,0.0,0.0,0.0,0.0,0.0,1.0,Santos,Brasileiro,Javier Marcelo Correa (Santos)
Santiago Muñóz,MEX,"MF,FW",21,1.4,11.0,7.92,4.0,1.0,0.0,1.0,5.0,0.0,3.0,2.16,1.0,0.0,0.0,1.0,1.0,0.0,Santos,Brasileiro,Santiago Muñóz (Santos)
Jair González,MEX,"FW,MF",21,1.0,0.0,0.0,0.0,0.0,0.0,0.0,0.0,0.0,0.0,0.0,0.0,0.0,0.0,0.0,0.0,0.0,Santos,Brasileiro,Jair González (Santos)
Salvador Mariscal,MEX,MF,20,0.3,0.0,0.0,0.0,0.0,0.0,0.0,0.0,0.0,0.0,0.0,0.0,0.0,0.0,0.0,0.0,0.0,Santos,Brasileiro,Salvador Mariscal (Santos)
Emmanuel Echeverría,MEX,DF,20,0.2,0.0,0.0,0.0,0.0,0.0,0.0,0.0,0.0,0.0,0.0,0.0,0.0,0.0,0.0,0.0,0.0,Santos,Brasileiro,Emmanuel Echeverría (Santos)
Alberto Ocejo,MEX,"FW,DF",25,0.2,1.0,6.43,0.0,0.0,0.0,1.0,0.0,0.0,0.0,0.0,0.0,0.0,0.0,0.0,0.0,0.0,Santos,Brasileiro,Alberto Ocejo (Santos)
Diego Barbosa,MEX,DF,27,16.5,36.0,2.18,29.0,2.0,2.0,1.0,2.0,0.0,5.0,0.3,4.0,1.0,0.0,0.0,0.0,0.0,Tijuana,Brasileiro,Diego Barbosa (Tijuana)
Kevin Balanta,COL,DF,26,15.7,8.0,0.51,8.0,0.0,0.0,0.0,0.0,0.0,0.0,0.0,0.0,0.0,0.0,0.0,0.0,0.0,Tijuana,Brasileiro,Kevin Balanta (Tijuana)
Christian Rivera,COL,MF,27,15.3,33.0,2.15,24.0,1.0,2.0,1.0,1.0,4.0,3.0,0.2,3.0,0.0,0.0,0.0,0.0,0.0,Tijuana,Brasileiro,Christian Rivera (Tijuana)
Carlos González Espínola,PAR,FW,30,15.1,29.0,1.92,25.0,0.0,1.0,1.0,2.0,0.0,2.0,0.13,1.0,0.0,0.0,1.0,0.0,0.0,Tijuana,Brasileiro,Carlos González Espínola (Tijuana)
Nicolás Díaz Huincales,CHI,DF,24,14.9,16.0,1.07,12.0,1.0,0.0,1.0,1.0,1.0,1.0,0.07,0.0,1.0,0.0,0.0,0.0,0.0,Tijuana,Brasileiro,Nicolás Díaz Huincales (Tijuana)
Fernando Madrigal,MEX,MF,32,12.1,32.0,2.64,20.0,1.0,2.0,6.0,3.0,0.0,3.0,0.25,1.0,0.0,1.0,1.0,0.0,0.0,Tijuana,Brasileiro,Fernando Madrigal (Tijuana)
José Antonio Rodríguez,MEX,GK,31,14.0,4.0,0.29,3.0,1.0,0.0,0.0,0.0,0.0,0.0,0.0,0.0,0.0,0.0,0.0,0.0,0.0,Tijuana,Brasileiro,José Antonio Rodríguez (Tijuana)
Lucas Rodríguez,ARG,"MF,FW",26,11.8,33.0,2.8,23.0,2.0,2.0,2.0,3.0,1.0,5.0,0.42,4.0,0.0,0.0,0.0,1.0,0.0,Tijuana,Brasileiro,Lucas Rodríguez (Tijuana)
Alejandro Martínez,ARG,"MF,FW",26,10.7,39.0,3.65,19.0,12.0,5.0,1.0,1.0,1.0,1.0,0.09,0.0,0.0,0.0,0.0,0.0,1.0,Tijuana,Brasileiro,Alejandro Martínez (Tijuana)
Francisco Contreras,MEX,DF,24,9.7,19.0,1.96,13.0,4.0,1.0,1.0,0.0,0.0,2.0,0.21,0.0,1.0,0.0,1.0,0.0,0.0,Tijuana,Brasileiro,Francisco Contreras (Tijuana)
Kevin Castañeda,MEX,"MF,FW",24,8.0,41.0,5.12,27.0,8.0,1.0,3.0,2.0,0.0,3.0,0.37,3.0,0.0,0.0,0.0,0.0,0.0,Tijuana,Brasileiro,Kevin Castañeda (Tijuana)
Domingo Blanco,ARG,"MF,FW",28,7.8,34.0,4.37,16.0,8.0,3.0,0.0,6.0,1.0,2.0,0.26,2.0,0.0,0.0,0.0,0.0,0.0,Tijuana,Brasileiro,Domingo Blanco (Tijuana)
Eduardo Armenta,MEX,"MF,FW",22,4.9,13.0,2.65,12.0,0.0,0.0,1.0,0.0,0.0,2.0,0.41,2.0,0.0,0.0,0.0,0.0,0.0,Tijuana,Brasileiro,Eduardo Armenta (Tijuana)
Rafael Fernández,MEX,DF,23,4.5,7.0,1.56,5.0,0.0,0.0,1.0,1.0,0.0,0.0,0.0,0.0,0.0,0.0,0.0,0.0,0.0,Tijuana,Brasileiro,Rafael Fernández (Tijuana)
Jesús Vega,MEX,DF,23,4.2,7.0,1.68,4.0,2.0,0.0,0.0,0.0,1.0,1.0,0.24,1.0,0.0,0.0,0.0,0.0,0.0,Tijuana,Brasileiro,Jesús Vega (Tijuana)
José Corona,MEX,GK,42,3.0,1.0,0.33,1.0,0.0,0.0,0.0,0.0,0.0,0.0,0.0,0.0,0.0,0.0,0.0,0.0,0.0,Tijuana,Brasileiro,José Corona (Tijuana)
Alexis Canelo,ARG,FW,31,2.7,10.0,3.7,6.0,1.0,1.0,2.0,0.0,0.0,2.0,0.74,1.0,0.0,0.0,1.0,0.0,0.0,Tijuana,Brasileiro,Alexis Canelo (Tijuana)
Rodrigo Godínez,MEX,DF,31,2.4,3.0,1.25,3.0,0.0,0.0,0.0,0.0,0.0,0.0,0.0,0.0,0.0,0.0,0.0,0.0,0.0,Tijuana,Brasileiro,Rodrigo Godínez (Tijuana)
Lucas Cavallini,CAN,"FW,MF",31,4.2,9.0,2.15,7.0,0.0,0.0,0.0,2.0,0.0,0.0,0.0,0.0,0.0,0.0,0.0,0.0,0.0,Tijuana,Brasileiro,Lucas Cavallini (Tijuana)
Aaron Mejía Montoya,MEX,DF,22,2.0,5.0,2.45,4.0,0.0,1.0,0.0,0.0,0.0,0.0,0.0,0.0,0.0,0.0,0.0,0.0,0.0,Tijuana,Brasileiro,Aaron Mejía Montoya (Tijuana)
Iván Tona,MEX,MF,23,2.5,7.0,2.84,5.0,1.0,0.0,1.0,0.0,0.0,0.0,0.0,0.0,0.0,0.0,0.0,0.0,0.0,Tijuana,Brasileiro,Iván Tona (Tijuana)
Daniel Vázquez,MEX,FW,20,0.8,3.0,3.91,1.0,0.0,0.0,1.0,0.0,1.0,1.0,1.3,0.0,0.0,0.0,1.0,0.0,0.0,Tijuana,Brasileiro,Daniel Vázquez (Tijuana)
Efrain Alvarez,MEX,MF,21,1.4,1.0,0.7,0.0,1.0,0.0,0.0,0.0,0.0,1.0,0.7,0.0,1.0,0.0,0.0,0.0,0.0,Tijuana,Brasileiro,Efrain Alvarez (Tijuana)
Braian Romero,ARG,"FW,MF",32,0.6,0.0,0.0,0.0,0.0,0.0,0.0,0.0,0.0,0.0,0.0,0.0,0.0,0.0,0.0,0.0,0.0,Tijuana,Brasileiro,Braian Romero (Tijuana)
Rodrigo Parra,MEX,DF,20,0.3,1.0,3.21,1.0,0.0,0.0,0.0,0.0,0.0,0.0,0.0,0.0,0.0,0.0,0.0,0.0,0.0,Tijuana,Brasileiro,Rodrigo Parra (Tijuana)
Abraham Flores,MEX,DF,21,0.3,0.0,0.0,0.0,0.0,0.0,0.0,0.0,0.0,0.0,0.0,0.0,0.0,0.0,0.0,0.0,0.0,Tijuana,Brasileiro,Abraham Flores (Tijuana)
Carlos Galicia,MEX,MF,19,0.2,1.0,5.63,0.0,1.0,0.0,0.0,0.0,0.0,0.0,0.0,0.0,0.0,0.0,0.0,0.0,0.0,Tijuana,Brasileiro,Carlos Galicia (Tijuana)
Tiago Volpi,BRA,GK,33,17.0,2.0,0.12,1.0,1.0,0.0,0.0,0.0,0.0,1.0,0.06,0.0,1.0,0.0,0.0,0.0,0.0,Toluca,Brasileiro,Tiago Volpi (Toluca)
Andrés Mosquera Guardia,COL,DF,33,15.6,10.0,0.64,10.0,0.0,0.0,0.0,0.0,0.0,0.0,0.0,0.0,0.0,0.0,0.0,0.0,0.0,Toluca,Brasileiro,Andrés Mosquera Guardia (Toluca)
Valber Huerta,CHI,DF,30,15.3,18.0,1.17,12.0,1.0,1.0,2.0,2.0,0.0,5.0,0.33,2.0,0.0,1.0,0.0,2.0,0.0,Toluca,Brasileiro,Valber Huerta (Toluca)
Maximiliano Araújo,URU,"DF,FW",23,13.9,43.0,3.1,30.0,0.0,6.0,3.0,3.0,1.0,3.0,0.22,1.0,0.0,1.0,0.0,1.0,0.0,Toluca,Brasileiro,Maximiliano Araújo (Toluca)
Marcel Ruiz,MEX,MF,23,13.2,31.0,2.34,26.0,1.0,1.0,2.0,1.0,0.0,5.0,0.38,5.0,0.0,0.0,0.0,0.0,0.0,Toluca,Brasileiro,Marcel Ruiz (Toluca)
Brian García,MEX,DF,26,14.2,35.0,2.47,29.0,1.0,2.0,2.0,0.0,1.0,1.0,0.07,1.0,0.0,0.0,0.0,0.0,0.0,Toluca,Brasileiro,Brian García (Toluca)
Juan Domínguez,MEX,"FW,MF",25,10.9,38.0,3.47,21.0,6.0,5.0,2.0,3.0,1.0,4.0,0.37,2.0,0.0,1.0,0.0,1.0,0.0,Toluca,Brasileiro,Juan Domínguez (Toluca)
Claudio Baeza,CHI,MF,30,10.7,16.0,1.5,13.0,1.0,0.0,1.0,0.0,1.0,2.0,0.19,1.0,0.0,0.0,1.0,0.0,0.0,Toluca,Brasileiro,Claudio Baeza (Toluca)
Jean Meneses,CHI,"FW,MF",30,10.5,51.0,4.88,41.0,6.0,3.0,0.0,1.0,0.0,8.0,0.77,8.0,0.0,0.0,0.0,0.0,0.0,Toluca,Brasileiro,Jean Meneses (Toluca)
Edgar López,MEX,"FW,MF",24,9.7,27.0,2.78,23.0,1.0,1.0,1.0,1.0,0.0,2.0,0.21,1.0,0.0,0.0,0.0,1.0,0.0,Toluca,Brasileiro,Edgar López (Toluca)
Robert Morales,PAR,FW,24,8.4,20.0,2.38,12.0,0.0,3.0,3.0,2.0,0.0,2.0,0.24,1.0,0.0,0.0,1.0,0.0,0.0,Toluca,Brasileiro,Robert Morales (Toluca)
Jesús Angulo,MEX,"MF,FW",26,8.3,50.0,6.06,35.0,12.0,2.0,0.0,1.0,0.0,5.0,0.61,5.0,0.0,0.0,0.0,0.0,0.0,Toluca,Brasileiro,Jesús Angulo (Toluca)
Jesús Venegas,MEX,MF,28,6.7,2.0,0.3,2.0,0.0,0.0,0.0,0.0,0.0,2.0,0.3,2.0,0.0,0.0,0.0,0.0,0.0,Toluca,Brasileiro,Jesús Venegas (Toluca)
Pedro Raul,BRA,"FW,MF",27,5.9,19.0,3.21,15.0,0.0,2.0,1.0,1.0,0.0,1.0,0.17,1.0,0.0,0.0,0.0,0.0,0.0,Toluca,Brasileiro,Pedro Raul (Toluca)
Mauricio Isais,MEX,"DF,MF",22,5.5,7.0,1.27,4.0,1.0,1.0,0.0,1.0,0.0,0.0,0.0,0.0,0.0,0.0,0.0,0.0,0.0,Toluca,Brasileiro,Mauricio Isais (Toluca)
Tomás Belmonte,ARG,MF,25,5.5,8.0,1.47,6.0,0.0,0.0,2.0,0.0,0.0,0.0,0.0,0.0,0.0,0.0,0.0,0.0,0.0,Toluca,Brasileiro,Tomás Belmonte (Toluca)
Carlos Orrantía,MEX,"DF,MF",32,2.9,5.0,1.71,4.0,1.0,0.0,0.0,0.0,0.0,0.0,0.0,0.0,0.0,0.0,0.0,0.0,0.0,Toluca,Brasileiro,Carlos Orrantía (Toluca)
Abraham Villegas,,DF,21,2.8,4.0,1.44,4.0,0.0,0.0,0.0,0.0,0.0,0.0,0.0,0.0,0.0,0.0,0.0,0.0,0.0,Toluca,Brasileiro,Abraham Villegas (Toluca)
Juan Gamboa,MEX,"MF,FW",22,1.7,1.0,0.59,1.0,0.0,0.0,0.0,0.0,0.0,0.0,0.0,0.0,0.0,0.0,0.0,0.0,0.0,Toluca,Brasileiro,Juan Gamboa (Toluca)
Jesús Piñuelas,MEX,DF,25,1.7,1.0,0.59,0.0,0.0,0.0,1.0,0.0,0.0,0.0,0.0,0.0,0.0,0.0,0.0,0.0,0.0,Toluca,Brasileiro,Jesús Piñuelas (Toluca)
Adrián Mora,MEX,DF,26,1.7,1.0,0.6,1.0,0.0,0.0,0.0,0.0,0.0,0.0,0.0,0.0,0.0,0.0,0.0,0.0,0.0,Toluca,Brasileiro,Adrián Mora (Toluca)
Everardo Del Villar,MEX,DF,18,1.2,2.0,1.7,2.0,0.0,0.0,0.0,0.0,0.0,0.0,0.0,0.0,0.0,0.0,0.0,0.0,0.0,Toluca,Brasileiro,Everardo Del Villar (Toluca)
Fernando Navarro Morán,MEX,MF,34,1.0,2.0,1.91,1.0,1.0,0.0,0.0,0.0,0.0,1.0,0.96,0.0,1.0,0.0,0.0,0.0,0.0,Toluca,Brasileiro,Fernando Navarro Morán (Toluca)
Isaías Violante,MEX,"MF,FW",20,1.1,0.0,0.0,0.0,0.0,0.0,0.0,0.0,0.0,0.0,0.0,0.0,0.0,0.0,0.0,0.0,0.0,Toluca,Brasileiro,Isaías Violante (Toluca)
Sait Tlaxcalteco,MEX,"MF,FW",20,0.2,1.0,5.63,0.0,0.0,0.0,0.0,0.0,1.0,0.0,0.0,0.0,0.0,0.0,0.0,0.0,0.0,Toluca,Brasileiro,Sait Tlaxcalteco (Toluca)
Víctor Arteaga,MEX,MF,19,0.0,1.0,90.0,1.0,0.0,0.0,0.0,0.0,0.0,0.0,0.0,0.0,0.0,0.0,0.0,0.0,0.0,Toluca,Brasileiro,Víctor Arteaga (Toluca)
Nahuel Guzmán,ARG,GK,37,16.0,2.0,0.12,1.0,1.0,0.0,0.0,0.0,0.0,0.0,0.0,0.0,0.0,0.0,0.0,0.0,0.0,UANL,Brasileiro,Nahuel Guzmán (UANL)
Javier Aquino,MEX,DF,33,15.3,42.0,2.75,31.0,6.0,2.0,0.0,2.0,1.0,6.0,0.39,3.0,1.0,0.0,0.0,2.0,0.0,UANL,Brasileiro,Javier Aquino (UANL)
Jesús Alberto Angulo,MEX,DF,25,14.6,27.0,1.84,23.0,2.0,0.0,0.0,1.0,1.0,0.0,0.0,0.0,0.0,0.0,0.0,0.0,0.0,UANL,Brasileiro,Jesús Alberto Angulo (UANL)
Luis Enrique Quiñones,COL,"FW,MF",32,14.6,58.0,3.97,48.0,6.0,2.0,2.0,0.0,0.0,9.0,0.62,6.0,0.0,2.0,1.0,0.0,0.0,UANL,Brasileiro,Luis Enrique Quiñones (UANL)
Rafael Carioca,BRA,MF,34,14.9,38.0,2.55,32.0,2.0,0.0,0.0,3.0,1.0,6.0,0.4,6.0,0.0,0.0,0.0,0.0,0.0,UANL,Brasileiro,Rafael Carioca (UANL)
Guido Pizarro,ARG,DF,33,14.6,18.0,1.23,14.0,1.0,0.0,2.0,0.0,1.0,1.0,0.07,1.0,0.0,0.0,0.0,0.0,0.0,UANL,Brasileiro,Guido Pizarro (UANL)
Fernando Gorriarán,URU,"MF,FW",29,12.9,48.0,3.73,33.0,9.0,1.0,4.0,1.0,0.0,8.0,0.62,7.0,0.0,1.0,0.0,0.0,0.0,UANL,Brasileiro,Fernando Gorriarán (UANL)
André-Pierre Gignac,FRA,FW,38,11.2,24.0,2.14,17.0,1.0,2.0,2.0,2.0,0.0,6.0,0.53,3.0,1.0,1.0,1.0,0.0,0.0,UANL,Brasileiro,André-Pierre Gignac (UANL)
Francisco Sebastián Córdova,MEX,"MF,FW",26,8.7,25.0,2.87,15.0,1.0,4.0,1.0,3.0,1.0,5.0,0.57,4.0,0.0,0.0,0.0,1.0,0.0,UANL,Brasileiro,Francisco Sebastián Córdova (UANL)
Samir Santos,BRA,DF,29,11.6,5.0,0.43,5.0,0.0,0.0,0.0,0.0,0.0,0.0,0.0,0.0,0.0,0.0,0.0,0.0,0.0,UANL,Brasileiro,Samir Santos (UANL)
Diego Reyes,MEX,DF,31,9.5,6.0,0.63,6.0,0.0,0.0,0.0,0.0,0.0,1.0,0.1,1.0,0.0,0.0,0.0,0.0,0.0,UANL,Brasileiro,Diego Reyes (UANL)
Diego Lainez,MEX,FW,23,8.0,27.0,3.37,18.0,1.0,4.0,0.0,3.0,1.0,5.0,0.62,3.0,0.0,1.0,0.0,1.0,0.0,UANL,Brasileiro,Diego Lainez (UANL)
Juan Pablo Vigón,MEX,MF,32,8.4,20.0,2.38,15.0,0.0,1.0,2.0,1.0,1.0,0.0,0.0,0.0,0.0,0.0,0.0,0.0,0.0,UANL,Brasileiro,Juan Pablo Vigón (UANL)
Nicolás Ibáñez,ARG,FW,29,7.0,18.0,2.58,12.0,0.0,2.0,1.0,0.0,3.0,2.0,0.29,1.0,0.0,1.0,0.0,0.0,0.0,UANL,Brasileiro,Nicolás Ibáñez (UANL)
Raymundo Fulgencio,MEX,FW,23,5.4,18.0,3.37,15.0,1.0,1.0,1.0,0.0,0.0,5.0,0.94,4.0,0.0,0.0,1.0,0.0,0.0,UANL,Brasileiro,Raymundo Fulgencio (UANL)
Ozziel Herrera,MEX,"MF,FW",22,3.2,9.0,2.76,7.0,0.0,0.0,1.0,1.0,0.0,2.0,0.61,2.0,0.0,0.0,0.0,0.0,0.0,UANL,Brasileiro,Ozziel Herrera (UANL)
Sebastián Fierro,MEX,MF,22,1.9,5.0,2.65,5.0,0.0,0.0,0.0,0.0,0.0,1.0,0.53,1.0,0.0,0.0,0.0,0.0,0.0,UANL,Brasileiro,Sebastián Fierro (UANL)
Marcelo Flores,MEX,"FW,MF",20,2.0,5.0,2.43,1.0,0.0,2.0,2.0,0.0,0.0,0.0,0.0,0.0,0.0,0.0,0.0,0.0,0.0,UANL,Brasileiro,Marcelo Flores (UANL)
Fernando Ordóñez,MEX,DF,22,1.7,2.0,1.18,2.0,0.0,0.0,0.0,0.0,0.0,0.0,0.0,0.0,0.0,0.0,0.0,0.0,0.0,UANL,Brasileiro,Fernando Ordóñez (UANL)
Jesús Garza,MEX,"DF,MF",23,1.5,3.0,1.97,3.0,0.0,0.0,0.0,0.0,0.0,1.0,0.66,1.0,0.0,0.0,0.0,0.0,0.0,UANL,Brasileiro,Jesús Garza (UANL)
Carlos Felipe Rodríguez,MEX,GK,34,1.0,0.0,0.0,0.0,0.0,0.0,0.0,0.0,0.0,0.0,0.0,0.0,0.0,0.0,0.0,0.0,0.0,UANL,Brasileiro,Carlos Felipe Rodríguez (UANL)
Vladimir Loroña,MEX,DF,25,1.1,3.0,2.67,3.0,0.0,0.0,0.0,0.0,0.0,0.0,0.0,0.0,0.0,0.0,0.0,0.0,0.0,UANL,Brasileiro,Vladimir Loroña (UANL)
Nicolás López,URU,FW,30,0.8,3.0,3.86,3.0,0.0,0.0,0.0,0.0,0.0,0.0,0.0,0.0,0.0,0.0,0.0,0.0,0.0,UANL,Brasileiro,Nicolás López (UANL)
Fernando González,MEX,"FW,MF",22,0.4,2.0,4.5,1.0,1.0,0.0,0.0,0.0,0.0,0.0,0.0,0.0,0.0,0.0,0.0,0.0,0.0,UANL,Brasileiro,Fernando González (UANL)
Eugenio Pizzuto,MEX,MF,21,0.3,0.0,0.0,0.0,0.0,0.0,0.0,0.0,0.0,0.0,0.0,0.0,0.0,0.0,0.0,0.0,0.0,UANL,Brasileiro,Eugenio Pizzuto (UANL)
Leonel Prieto,MEX,MF,22,0.2,0.0,0.0,0.0,0.0,0.0,0.0,0.0,0.0,0.0,0.0,0.0,0.0,0.0,0.0,0.0,0.0,UANL,Brasileiro,Leonel Prieto (UANL)
Julio José González,MEX,GK,32,17.0,5.0,0.29,3.0,2.0,0.0,0.0,0.0,0.0,1.0,0.06,1.0,0.0,0.0,0.0,0.0,0.0,UNAM,Brasileiro,Julio José González (UNAM)
Nathan Silva,BRA,DF,26,15.6,19.0,1.22,16.0,0.0,0.0,3.0,0.0,0.0,1.0,0.06,1.0,0.0,0.0,0.0,0.0,0.0,UNAM,Brasileiro,Nathan Silva (UNAM)
Eduardo Salvio,ARG,"FW,MF",33,15.0,81.0,5.41,42.0,20.0,11.0,3.0,4.0,1.0,7.0,0.47,4.0,1.0,0.0,1.0,1.0,0.0,UNAM,Brasileiro,Eduardo Salvio (UNAM)
César Huerta,MEX,"MF,FW",23,14.0,70.0,4.99,36.0,1.0,10.0,6.0,16.0,1.0,10.0,0.71,4.0,0.0,0.0,3.0,3.0,0.0,UNAM,Brasileiro,César Huerta (UNAM)
Lisandro Magallán,ARG,DF,30,14.0,9.0,0.64,7.0,0.0,0.0,2.0,0.0,0.0,0.0,0.0,0.0,0.0,0.0,0.0,0.0,0.0,UNAM,Brasileiro,Lisandro Magallán (UNAM)
Gabriel Fernández,URU,FW,29,12.7,40.0,3.14,27.0,1.0,0.0,6.0,5.0,1.0,4.0,0.31,2.0,0.0,0.0,1.0,1.0,0.0,UNAM,Brasileiro,Gabriel Fernández (UNAM)
Adrián Aldrete,MEX,DF,35,12.7,38.0,2.99,13.0,23.0,0.0,1.0,0.0,1.0,1.0,0.08,0.0,1.0,0.0,0.0,0.0,0.0,UNAM,Brasileiro,Adrián Aldrete (UNAM)
Ulises Rivas,MEX,MF,27,12.6,14.0,1.11,14.0,0.0,0.0,0.0,0.0,0.0,1.0,0.08,1.0,0.0,0.0,0.0,0.0,0.0,UNAM,Brasileiro,Ulises Rivas (UNAM)
José Caicedo,COL,MF,21,9.2,20.0,2.17,17.0,0.0,0.0,0.0,1.0,2.0,2.0,0.22,2.0,0.0,0.0,0.0,0.0,0.0,UNAM,Brasileiro,José Caicedo (UNAM)
Gustavo Del Prete,ARG,"MF,FW",27,7.7,24.0,3.12,18.0,0.0,3.0,1.0,2.0,0.0,3.0,0.39,3.0,0.0,0.0,0.0,0.0,0.0,UNAM,Brasileiro,Gustavo Del Prete (UNAM)
Pablo Bennevendo Peña,MEX,DF,23,9.0,19.0,2.12,18.0,1.0,0.0,0.0,0.0,0.0,2.0,0.22,2.0,0.0,0.0,0.0,0.0,0.0,UNAM,Brasileiro,Pablo Bennevendo Peña (UNAM)
Juan Ignacio Dinenno,ARG,"FW,MF",29,8.8,23.0,2.6,16.0,2.0,0.0,4.0,1.0,0.0,3.0,0.34,2.0,0.0,0.0,1.0,0.0,0.0,UNAM,Brasileiro,Juan Ignacio Dinenno (UNAM)
Pablo Monroy,MEX,DF,21,7.3,7.0,0.96,5.0,2.0,0.0,0.0,0.0,0.0,0.0,0.0,0.0,0.0,0.0,0.0,0.0,0.0,UNAM,Brasileiro,Pablo Monroy (UNAM)
Arturo Ortiz,MEX,DF,31,5.4,5.0,0.92,5.0,0.0,0.0,0.0,0.0,0.0,0.0,0.0,0.0,0.0,0.0,0.0,0.0,0.0,UNAM,Brasileiro,Arturo Ortiz (UNAM)
Jesús Molina,MEX,MF,35,4.1,7.0,1.71,6.0,1.0,0.0,0.0,0.0,0.0,0.0,0.0,0.0,0.0,0.0,0.0,0.0,0.0,UNAM,Brasileiro,Jesús Molina (UNAM)
Jesús Rivas,MEX,DF,21,3.9,10.0,2.59,7.0,2.0,0.0,0.0,1.0,0.0,0.0,0.0,0.0,0.0,0.0,0.0,0.0,0.0,UNAM,Brasileiro,Jesús Rivas (UNAM)
Rodrigo López,MEX,MF,22,3.6,0.0,0.0,0.0,0.0,0.0,0.0,0.0,0.0,0.0,0.0,0.0,0.0,0.0,0.0,0.0,0.0,UNAM,Brasileiro,Rodrigo López (UNAM)
Santiago Trigos,MEX,MF,21,4.4,11.0,2.53,11.0,0.0,0.0,0.0,0.0,0.0,1.0,0.23,1.0,0.0,0.0,0.0,0.0,0.0,UNAM,Brasileiro,Santiago Trigos (UNAM)
Christian Tabó,URU,"MF,FW",30,2.8,7.0,2.53,4.0,2.0,1.0,0.0,0.0,0.0,0.0,0.0,0.0,0.0,0.0,0.0,0.0,0.0,UNAM,Brasileiro,Christian Tabó (UNAM)
Robert Ergas,URU,"FW,DF",25,3.5,13.0,3.71,6.0,3.0,1.0,3.0,0.0,0.0,2.0,0.57,0.0,1.0,0.0,1.0,0.0,0.0,UNAM,Brasileiro,Robert Ergas (UNAM)
Carlos Gutiérrez,MEX,"MF,FW",24,1.3,6.0,4.7,3.0,3.0,0.0,0.0,0.0,0.0,0.0,0.0,0.0,0.0,0.0,0.0,0.0,0.0,UNAM,Brasileiro,Carlos Gutiérrez (UNAM)
Jorge Ruvalcaba,MEX,"MF,FW",22,0.7,6.0,8.57,3.0,0.0,2.0,0.0,1.0,0.0,2.0,2.86,1.0,0.0,1.0,0.0,0.0,0.0,UNAM,Brasileiro,Jorge Ruvalcaba (UNAM)
Emanuel Montejano Arroyo,MEX,FW,22,0.6,0.0,0.0,0.0,0.0,0.0,0.0,0.0,0.0,0.0,0.0,0.0,0.0,0.0,0.0,0.0,0.0,UNAM,Brasileiro,Emanuel Montejano Arroyo (UNAM)
Marco Hernández,MEX,MF,18,0.3,0.0,0.0,0.0,0.0,0.0,0.0,0.0,0.0,0.0,0.0,0.0,0.0,0.0,0.0,0.0,0.0,UNAM,Brasileiro,Marco Hernández (UNAM)
José Galindo,MEX,DF,25,0.1,0.0,0.0,0.0,0.0,0.0,0.0,0.0,0.0,0.0,0.0,0.0,0.0,0.0,0.0,0.0,0.0,UNAM,Brasileiro,José Galindo (UNAM)
