Player,Nation,Pos,Age,90s,Touches_Touches,Touches_Def Pen,Touches_Def 3rd,Touches_Mid 3rd,Touches_Att 3rd,Touches_Att Pen,Touches_Live,Take-Ons_Att,Take-Ons_Succ,Take-Ons_Succ%,Take-Ons_Tkld,Take-Ons_Tkld%,Carries_Carries,Carries_TotDist,Carries_PrgDist,Carries_PrgC,Carries_1/3,Carries_CPA,Carries_Mis,Carries_Dis,Receiving_Rec,Receiving_PrgR,Team,Championship,Player_Team
Luis Ángel Malagón,MEX,GK,26,13.5,411.0,387.0,411.0,0.0,0.0,0.0,411.0,0.0,0.0,0.0,0.0,0.0,208.0,1043.0,502.0,0.0,0.0,0.0,0.0,0.0,172.0,0.0,América,Brasileiro,Luis Ángel Malagón (América)
Kevin Álvarez,MEX,DF,24,13.2,844.0,23.0,200.0,361.0,293.0,32.0,844.0,30.0,15.0,50.0,13.0,43.3,488.0,2533.0,1509.0,35.0,28.0,5.0,15.0,13.0,559.0,89.0,América,Brasileiro,Kevin Álvarez (América)
Álvaro Fidalgo,ESP,MF,26,13.0,1295.0,45.0,224.0,885.0,206.0,15.0,1295.0,27.0,16.0,59.3,8.0,29.6,881.0,5038.0,2745.0,41.0,41.0,5.0,25.0,18.0,1082.0,32.0,América,Brasileiro,Álvaro Fidalgo (América)
Jonathan dos Santos,MEX,MF,33,12.8,1178.0,34.0,280.0,796.0,108.0,1.0,1178.0,14.0,9.0,64.3,5.0,35.7,656.0,2589.0,1238.0,13.0,12.0,1.0,7.0,4.0,911.0,10.0,América,Brasileiro,Jonathan dos Santos (América)
Julián Quiñones,COL,"FW,MF",26,11.8,469.0,12.0,31.0,195.0,251.0,79.0,467.0,27.0,8.0,29.6,17.0,63.0,293.0,1513.0,550.0,16.0,15.0,6.0,38.0,30.0,365.0,84.0,América,Brasileiro,Julián Quiñones (América)
Luis Fernando Fuentes,MEX,DF,37,11.1,760.0,33.0,253.0,369.0,139.0,4.0,760.0,8.0,2.0,25.0,6.0,75.0,375.0,1653.0,732.0,10.0,15.0,1.0,6.0,5.0,506.0,37.0,América,Brasileiro,Luis Fernando Fuentes (América)
Brian Rodríguez,URU,FW,23,10.0,506.0,2.0,42.0,188.0,290.0,55.0,506.0,76.0,37.0,48.7,37.0,48.7,356.0,2954.0,1699.0,67.0,36.0,31.0,20.0,11.0,392.0,126.0,América,Brasileiro,Brian Rodríguez (América)
Diego Valdés,CHI,"MF,FW",29,8.8,501.0,6.0,23.0,265.0,217.0,40.0,501.0,26.0,12.0,46.2,13.0,50.0,352.0,1781.0,862.0,25.0,31.0,7.0,23.0,12.0,418.0,69.0,América,Brasileiro,Diego Valdés (América)
Alejandro Zendejas,USA,"FW,MF",25,9.5,579.0,7.0,70.0,287.0,229.0,31.0,579.0,27.0,11.0,40.7,13.0,48.1,398.0,1979.0,789.0,16.0,14.0,4.0,18.0,11.0,445.0,76.0,América,Brasileiro,Alejandro Zendejas (América)
Igor Lichnovsky,CHI,DF,29,8.8,539.0,69.0,272.0,252.0,16.0,10.0,539.0,1.0,1.0,100.0,0.0,0.0,304.0,1454.0,864.0,5.0,2.0,1.0,3.0,0.0,355.0,0.0,América,Brasileiro,Igor Lichnovsky (América)
Richard Sánchez,PAR,MF,27,9.2,807.0,18.0,144.0,512.0,159.0,5.0,807.0,15.0,12.0,80.0,2.0,13.3,521.0,2516.0,1212.0,15.0,21.0,1.0,6.0,8.0,627.0,15.0,América,Brasileiro,Richard Sánchez (América)
Ramón Juárez,MEX,DF,22,8.2,410.0,63.0,257.0,147.0,6.0,4.0,410.0,0.0,0.0,0.0,0.0,0.0,203.0,682.0,240.0,0.0,0.0,0.0,2.0,1.0,260.0,0.0,América,Brasileiro,Ramón Juárez (América)
Sebastián Cáceres,URU,DF,24,7.9,507.0,43.0,306.0,194.0,13.0,4.0,507.0,6.0,3.0,50.0,2.0,33.3,308.0,1257.0,540.0,0.0,2.0,0.0,0.0,2.0,356.0,2.0,América,Brasileiro,Sebastián Cáceres (América)
Leonardo Suárez,ARG,"FW,MF",27,7.2,499.0,3.0,42.0,255.0,208.0,20.0,499.0,15.0,4.0,26.7,7.0,46.7,312.0,1527.0,726.0,18.0,15.0,6.0,8.0,8.0,381.0,57.0,América,Brasileiro,Leonardo Suárez (América)
Henry Martín,MEX,FW,31,7.0,251.0,4.0,10.0,119.0,127.0,40.0,251.0,9.0,3.0,33.3,5.0,55.6,137.0,561.0,268.0,10.0,13.0,3.0,22.0,5.0,180.0,52.0,América,Brasileiro,Henry Martín (América)
Jonathan Rodríguez,URU,"FW,MF",30,6.7,223.0,6.0,21.0,94.0,113.0,32.0,222.0,15.0,8.0,53.3,6.0,40.0,116.0,830.0,529.0,17.0,8.0,8.0,15.0,6.0,156.0,40.0,América,Brasileiro,Jonathan Rodríguez (América)
Miguel Layún,MEX,"DF,FW",35,5.8,399.0,8.0,83.0,235.0,84.0,3.0,399.0,10.0,6.0,60.0,3.0,30.0,214.0,979.0,392.0,3.0,10.0,0.0,5.0,1.0,272.0,18.0,América,Brasileiro,Miguel Layún (América)
Salvador Reyes Chávez,MEX,DF,25,5.9,375.0,13.0,99.0,177.0,104.0,10.0,375.0,10.0,4.0,40.0,5.0,50.0,187.0,943.0,411.0,12.0,5.0,1.0,3.0,7.0,221.0,34.0,América,Brasileiro,Salvador Reyes Chávez (América)
Israel Reyes,MEX,DF,23,5.0,374.0,29.0,176.0,193.0,5.0,2.0,374.0,2.0,1.0,50.0,0.0,0.0,260.0,1466.0,783.0,2.0,0.0,0.0,2.0,1.0,300.0,0.0,América,Brasileiro,Israel Reyes (América)
Oscar Jiménez,MEX,GK,35,3.5,92.0,87.0,92.0,0.0,0.0,0.0,92.0,0.0,0.0,0.0,0.0,0.0,48.0,186.0,134.0,0.0,0.0,0.0,0.0,0.0,40.0,0.0,América,Brasileiro,Oscar Jiménez (América)
Emilio Lara,MEX,DF,21,2.5,162.0,14.0,81.0,69.0,13.0,0.0,162.0,0.0,0.0,0.0,0.0,0.0,94.0,398.0,197.0,3.0,1.0,0.0,2.0,0.0,100.0,4.0,América,Brasileiro,Emilio Lara (América)
Néstor Araujo,MEX,DF,32,2.0,154.0,13.0,87.0,67.0,0.0,0.0,154.0,0.0,0.0,0.0,0.0,0.0,88.0,325.0,194.0,1.0,0.0,0.0,0.0,1.0,104.0,0.0,América,Brasileiro,Néstor Araujo (América)
Santiago Naveda,MEX,MF,22,1.5,88.0,3.0,21.0,52.0,15.0,3.0,88.0,2.0,2.0,100.0,0.0,0.0,49.0,194.0,61.0,2.0,0.0,0.0,1.0,1.0,54.0,1.0,América,Brasileiro,Santiago Naveda (América)
Román Martínez,MEX,FW,21,0.7,22.0,0.0,0.0,3.0,19.0,3.0,22.0,0.0,0.0,0.0,0.0,0.0,13.0,40.0,9.0,0.0,1.0,0.0,1.0,2.0,15.0,4.0,América,Brasileiro,Román Martínez (América)
Patricio Salas,MEX,"FW,MF",19,0.3,14.0,0.0,0.0,6.0,8.0,4.0,14.0,0.0,0.0,0.0,0.0,0.0,7.0,33.0,9.0,0.0,0.0,0.0,1.0,2.0,13.0,3.0,América,Brasileiro,Patricio Salas (América)
Juan Cantú,MEX,FW,19,0.3,7.0,0.0,0.0,5.0,2.0,1.0,7.0,0.0,0.0,0.0,0.0,0.0,5.0,12.0,0.0,0.0,0.0,0.0,1.0,0.0,5.0,1.0,América,Brasileiro,Juan Cantú (América)
Mauro Laínez,MEX,FW,27,0.3,16.0,0.0,1.0,10.0,5.0,0.0,16.0,1.0,0.0,0.0,1.0,100.0,10.0,65.0,41.0,2.0,0.0,0.0,0.0,0.0,14.0,1.0,América,Brasileiro,Mauro Laínez (América)
Bruce El-Mesmari,MEX,"FW,DF",21,0.2,22.0,0.0,2.0,12.0,8.0,2.0,22.0,2.0,0.0,0.0,2.0,100.0,13.0,99.0,25.0,0.0,0.0,1.0,1.0,0.0,15.0,4.0,América,Brasileiro,Bruce El-Mesmari (América)
Sergio De los Ríos,MEX,FW,20,0.2,10.0,1.0,1.0,7.0,2.0,0.0,10.0,1.0,0.0,0.0,1.0,100.0,8.0,21.0,2.0,0.0,0.0,0.0,1.0,0.0,8.0,0.0,América,Brasileiro,Sergio De los Ríos (América)
Sebastián Martínez,MEX,MF,20,0.1,10.0,0.0,4.0,6.0,0.0,0.0,10.0,0.0,0.0,0.0,0.0,0.0,9.0,7.0,1.0,0.0,0.0,0.0,0.0,0.0,9.0,0.0,América,Brasileiro,Sebastián Martínez (América)
José Abella,MEX,DF,29,17.0,1077.0,48.0,278.0,534.0,275.0,9.0,1077.0,9.0,3.0,33.3,6.0,66.7,533.0,1821.0,831.0,12.0,12.0,0.0,12.0,7.0,635.0,61.0,Atlas,Brasileiro,José Abella (Atlas)
Hugo Nervo,ARG,DF,32,17.0,1036.0,109.0,550.0,470.0,20.0,11.0,1036.0,1.0,0.0,0.0,1.0,100.0,581.0,2716.0,1497.0,3.0,1.0,0.0,3.0,0.0,647.0,0.0,Atlas,Brasileiro,Hugo Nervo (Atlas)
Camilo Vargas,COL,GK,34,17.0,672.0,473.0,661.0,11.0,0.0,0.0,672.0,0.0,0.0,0.0,0.0,0.0,363.0,1680.0,1058.0,0.0,0.0,0.0,0.0,0.0,304.0,0.0,Atlas,Brasileiro,Camilo Vargas (Atlas)
Luis Ricardo Reyes,MEX,DF,32,15.8,1054.0,47.0,316.0,464.0,284.0,10.0,1054.0,17.0,7.0,41.2,8.0,47.1,491.0,1762.0,846.0,16.0,13.0,3.0,15.0,10.0,563.0,43.0,Atlas,Brasileiro,Luis Ricardo Reyes (Atlas)
Jordy Caicedo,ECU,FW,26,12.8,365.0,15.0,23.0,164.0,181.0,69.0,365.0,21.0,9.0,42.9,11.0,52.4,200.0,1047.0,318.0,17.0,8.0,10.0,49.0,19.0,263.0,68.0,Atlas,Brasileiro,Jordy Caicedo (Atlas)
Aldo Rocha,MEX,MF,31,12.2,874.0,21.0,215.0,571.0,93.0,11.0,874.0,15.0,7.0,46.7,8.0,53.3,547.0,2368.0,1048.0,12.0,7.0,0.0,10.0,8.0,613.0,9.0,Atlas,Brasileiro,Aldo Rocha (Atlas)
Juan Zapata,COL,MF,23,11.2,636.0,7.0,86.0,397.0,162.0,14.0,636.0,11.0,5.0,45.5,6.0,54.5,401.0,1611.0,607.0,8.0,9.0,2.0,16.0,8.0,467.0,31.0,Atlas,Brasileiro,Juan Zapata (Atlas)
Augusto Solari,ARG,"FW,MF",31,7.9,337.0,10.0,53.0,176.0,114.0,11.0,337.0,23.0,11.0,47.8,9.0,39.1,211.0,977.0,435.0,16.0,16.0,1.0,23.0,9.0,228.0,42.0,Atlas,Brasileiro,Augusto Solari (Atlas)
Ángel Márquez,MEX,MF,23,8.4,510.0,4.0,63.0,291.0,162.0,15.0,510.0,22.0,6.0,27.3,15.0,68.2,322.0,1580.0,647.0,12.0,14.0,4.0,32.0,9.0,360.0,44.0,Atlas,Brasileiro,Ángel Márquez (Atlas)
Anderson Santamaría,PER,DF,31,8.0,438.0,46.0,242.0,186.0,14.0,5.0,438.0,4.0,3.0,75.0,1.0,25.0,238.0,977.0,455.0,1.0,4.0,0.0,0.0,1.0,263.0,0.0,Atlas,Brasileiro,Anderson Santamaría (Atlas)
Edgar Zaldívar,MEX,MF,27,5.6,319.0,10.0,53.0,211.0,56.0,3.0,319.0,3.0,2.0,66.7,0.0,0.0,196.0,853.0,295.0,3.0,7.0,0.0,7.0,11.0,221.0,13.0,Atlas,Brasileiro,Edgar Zaldívar (Atlas)
Eduardo Aguirre,MEX,"FW,MF",25,6.8,268.0,6.0,19.0,97.0,154.0,30.0,268.0,14.0,4.0,28.6,8.0,57.1,145.0,620.0,240.0,7.0,5.0,1.0,23.0,17.0,187.0,46.0,Atlas,Brasileiro,Eduardo Aguirre (Atlas)
Jorge Guzmán,MEX,FW,20,6.3,277.0,5.0,35.0,124.0,120.0,14.0,277.0,20.0,6.0,30.0,13.0,65.0,178.0,1198.0,510.0,16.0,13.0,4.0,9.0,6.0,198.0,43.0,Atlas,Brasileiro,Jorge Guzmán (Atlas)
Jaziel Martínez,MEX,MF,23,6.1,367.0,12.0,65.0,225.0,81.0,5.0,367.0,9.0,3.0,33.3,5.0,55.6,206.0,977.0,426.0,9.0,5.0,1.0,6.0,6.0,242.0,12.0,Atlas,Brasileiro,Jaziel Martínez (Atlas)
José Lozano,MEX,"DF,FW",25,5.2,278.0,9.0,74.0,113.0,92.0,9.0,278.0,7.0,3.0,42.9,3.0,42.9,146.0,722.0,295.0,9.0,5.0,0.0,10.0,8.0,165.0,32.0,Atlas,Brasileiro,José Lozano (Atlas)
Brian Lozano,URU,FW,29,4.6,312.0,3.0,37.0,153.0,128.0,8.0,312.0,22.0,6.0,27.3,12.0,54.5,219.0,1436.0,516.0,13.0,18.0,4.0,14.0,4.0,219.0,41.0,Atlas,Brasileiro,Brian Lozano (Atlas)
Gaddi Aguirre,MEX,DF,27,5.2,342.0,28.0,183.0,154.0,7.0,3.0,342.0,1.0,1.0,100.0,0.0,0.0,208.0,900.0,431.0,0.0,1.0,0.0,1.0,0.0,221.0,0.0,Atlas,Brasileiro,Gaddi Aguirre (Atlas)
Carlos Robles,MEX,DF,23,4.3,274.0,19.0,115.0,148.0,11.0,4.0,274.0,0.0,0.0,0.0,0.0,0.0,152.0,835.0,569.0,7.0,1.0,0.0,2.0,1.0,169.0,1.0,Atlas,Brasileiro,Carlos Robles (Atlas)
Mateo García,ARG,"MF,FW",27,5.4,340.0,9.0,46.0,169.0,131.0,10.0,340.0,23.0,15.0,65.2,8.0,34.8,218.0,1550.0,739.0,18.0,21.0,2.0,14.0,12.0,238.0,31.0,Atlas,Brasileiro,Mateo García (Atlas)
Abraham Bass,MEX,MF,22,2.7,191.0,4.0,40.0,126.0,28.0,3.0,191.0,3.0,3.0,100.0,0.0,0.0,80.0,328.0,127.0,1.0,1.0,0.0,3.0,0.0,110.0,2.0,Atlas,Brasileiro,Abraham Bass (Atlas)
Julio Furch,ARG,FW,34,2.0,78.0,2.0,4.0,43.0,32.0,14.0,78.0,1.0,0.0,0.0,1.0,100.0,41.0,152.0,47.0,2.0,1.0,1.0,3.0,1.0,61.0,13.0,Atlas,Brasileiro,Julio Furch (Atlas)
Mauro Manotas,COL,"FW,MF",28,2.3,82.0,0.0,4.0,31.0,48.0,18.0,82.0,11.0,6.0,54.5,5.0,45.5,62.0,372.0,130.0,6.0,4.0,3.0,9.0,8.0,68.0,18.0,Atlas,Brasileiro,Mauro Manotas (Atlas)
Christopher Trejo,MEX,"FW,MF",24,2.5,135.0,2.0,10.0,52.0,73.0,12.0,135.0,17.0,5.0,29.4,11.0,64.7,76.0,532.0,201.0,8.0,4.0,3.0,4.0,3.0,93.0,23.0,Atlas,Brasileiro,Christopher Trejo (Atlas)
Israel Larios,MEX,MF,20,0.3,25.0,0.0,0.0,6.0,19.0,2.0,25.0,8.0,4.0,50.0,3.0,37.5,13.0,125.0,77.0,3.0,4.0,0.0,0.0,0.0,18.0,8.0,Atlas,Brasileiro,Israel Larios (Atlas)
Unai Bilbao,ESP,DF,29,16.3,1098.0,179.0,597.0,466.0,39.0,25.0,1095.0,3.0,1.0,33.3,2.0,66.7,634.0,2937.0,1595.0,6.0,4.0,0.0,3.0,1.0,753.0,2.0,Atlético,Brasileiro,Unai Bilbao (Atlético)
Dieter Villalpando,MEX,"MF,FW",32,15.7,1038.0,19.0,134.0,571.0,347.0,20.0,1038.0,50.0,30.0,60.0,16.0,32.0,704.0,4714.0,2478.0,61.0,52.0,6.0,23.0,19.0,835.0,78.0,Atlético,Brasileiro,Dieter Villalpando (Atlético)
Jhon Murillo,VEN,"FW,MF",28,14.6,601.0,8.0,64.0,286.0,265.0,39.0,601.0,43.0,23.0,53.5,16.0,37.2,395.0,2965.0,1576.0,52.0,40.0,16.0,30.0,13.0,467.0,127.0,Atlético,Brasileiro,Jhon Murillo (Atlético)
Javier Güemez,MEX,MF,32,15.3,1183.0,61.0,326.0,711.0,153.0,2.0,1183.0,17.0,11.0,64.7,6.0,35.3,667.0,2762.0,1295.0,10.0,11.0,0.0,13.0,10.0,876.0,22.0,Atlético,Brasileiro,Javier Güemez (Atlético)
Rodrigo Dourado,BRA,MF,29,15.2,1106.0,132.0,380.0,644.0,89.0,12.0,1106.0,12.0,6.0,50.0,5.0,41.7,619.0,3359.0,1992.0,15.0,15.0,1.0,10.0,8.0,746.0,17.0,Atlético,Brasileiro,Rodrigo Dourado (Atlético)
Ricardo Chávez Soto,MEX,DF,29,14.8,1033.0,66.0,317.0,440.0,285.0,40.0,1033.0,19.0,11.0,57.9,7.0,36.8,502.0,2652.0,1384.0,34.0,26.0,3.0,14.0,17.0,657.0,100.0,Atlético,Brasileiro,Ricardo Chávez Soto (Atlético)
Julio Domínguez,MEX,DF,36,14.7,836.0,88.0,433.0,387.0,18.0,10.0,836.0,1.0,1.0,100.0,0.0,0.0,480.0,2519.0,1238.0,9.0,1.0,0.0,7.0,1.0,602.0,3.0,Atlético,Brasileiro,Julio Domínguez (Atlético)
Juan Sanabria,URU,DF,23,15.5,1043.0,54.0,351.0,440.0,260.0,21.0,1043.0,20.0,13.0,65.0,5.0,25.0,474.0,2404.0,1162.0,27.0,28.0,5.0,22.0,9.0,598.0,68.0,Atlético,Brasileiro,Juan Sanabria (Atlético)
Léo Bonatini,BRA,FW,29,12.4,315.0,10.0,29.0,148.0,143.0,49.0,315.0,16.0,8.0,50.0,8.0,50.0,178.0,710.0,319.0,10.0,7.0,4.0,22.0,12.0,226.0,56.0,Atlético,Brasileiro,Léo Bonatini (Atlético)
Mateo Klimowicz,GER,"FW,MF",23,8.1,360.0,5.0,64.0,172.0,133.0,21.0,360.0,38.0,20.0,52.6,18.0,47.4,213.0,1301.0,549.0,18.0,21.0,8.0,19.0,12.0,237.0,45.0,Atlético,Brasileiro,Mateo Klimowicz (Atlético)
Andrés Sánchez,MEX,GK,26,9.0,287.0,252.0,284.0,3.0,0.0,0.0,287.0,0.0,0.0,0.0,0.0,0.0,138.0,663.0,359.0,0.0,0.0,0.0,0.0,0.0,112.0,0.0,Atlético,Brasileiro,Andrés Sánchez (Atlético)
Diego Urtiaga,MEX,GK,25,8.0,250.0,243.0,249.0,0.0,1.0,1.0,250.0,0.0,0.0,0.0,0.0,0.0,119.0,546.0,363.0,0.0,0.0,0.0,0.0,0.0,100.0,0.0,Atlético,Brasileiro,Diego Urtiaga (Atlético)
Vitinho,BRA,"FW,MF",22,9.5,503.0,1.0,40.0,220.0,254.0,48.0,503.0,49.0,20.0,40.8,23.0,46.9,339.0,2441.0,1345.0,48.0,41.0,20.0,32.0,17.0,396.0,85.0,Atlético,Brasileiro,Vitinho (Atlético)
Ángel Zaldívar,MEX,FW,29,2.6,83.0,2.0,7.0,37.0,39.0,12.0,81.0,4.0,2.0,50.0,2.0,50.0,36.0,143.0,26.0,0.0,1.0,0.0,7.0,5.0,57.0,16.0,Atlético,Brasileiro,Ángel Zaldívar (Atlético)
Uziel García,MEX,"DF,FW",22,2.1,98.0,5.0,22.0,47.0,29.0,4.0,98.0,3.0,1.0,33.3,2.0,66.7,51.0,340.0,142.0,4.0,5.0,0.0,3.0,0.0,59.0,6.0,Atlético,Brasileiro,Uziel García (Atlético)
Sebastien Salles-Lamonge,FRA,"FW,MF",27,2.9,244.0,7.0,41.0,134.0,69.0,5.0,244.0,3.0,2.0,66.7,1.0,33.3,153.0,621.0,233.0,2.0,7.0,0.0,3.0,7.0,200.0,19.0,Atlético,Brasileiro,Sebastien Salles-Lamonge (Atlético)
Iker Moreno,MEX,DF,20,1.8,159.0,13.0,56.0,78.0,27.0,6.0,159.0,3.0,1.0,33.3,2.0,66.7,87.0,504.0,284.0,5.0,2.0,0.0,3.0,0.0,95.0,14.0,Atlético,Brasileiro,Iker Moreno (Atlético)
Jordan Silva,MEX,"DF,FW",29,1.7,125.0,16.0,45.0,72.0,9.0,7.0,125.0,0.0,0.0,0.0,0.0,0.0,77.0,441.0,222.0,1.0,0.0,0.0,0.0,0.0,84.0,0.0,Atlético,Brasileiro,Jordan Silva (Atlético)
Eduardo Águila,MEX,"DF,FW",21,1.1,84.0,5.0,44.0,35.0,5.0,1.0,84.0,2.0,1.0,50.0,1.0,50.0,34.0,159.0,46.0,1.0,0.0,0.0,0.0,0.0,52.0,2.0,Atlético,Brasileiro,Eduardo Águila (Atlético)
Jürgen Damm,MEX,FW,31,2.5,154.0,4.0,21.0,55.0,78.0,18.0,154.0,8.0,3.0,37.5,2.0,25.0,98.0,507.0,240.0,13.0,3.0,4.0,8.0,4.0,119.0,39.0,Atlético,Brasileiro,Jürgen Damm (Atlético)
Juan David Castro,MEX,"FW,MF",32,1.2,81.0,2.0,10.0,52.0,20.0,2.0,81.0,3.0,1.0,33.3,2.0,66.7,51.0,356.0,234.0,8.0,3.0,0.0,1.0,1.0,60.0,4.0,Atlético,Brasileiro,Juan David Castro (Atlético)
Andrés Iniestra,MEX,MF,27,0.3,17.0,3.0,6.0,7.0,4.0,0.0,17.0,0.0,0.0,0.0,0.0,0.0,9.0,28.0,14.0,0.0,2.0,0.0,1.0,0.0,11.0,1.0,Atlético,Brasileiro,Andrés Iniestra (Atlético)
Benjamín Galdames,MEX,FW,22,0.3,15.0,0.0,1.0,5.0,9.0,0.0,15.0,2.0,1.0,50.0,1.0,50.0,12.0,103.0,63.0,2.0,2.0,0.0,2.0,1.0,12.0,2.0,Atlético,Brasileiro,Benjamín Galdames (Atlético)
Diego Abitia,MEX,FW,20,0.0,1.0,0.0,0.0,1.0,0.0,0.0,1.0,0.0,0.0,0.0,0.0,0.0,1.0,11.0,0.0,0.0,0.0,0.0,0.0,0.0,1.0,0.0,Atlético,Brasileiro,Diego Abitia (Atlético)
Willer Ditta,COL,DF,26,15.0,983.0,89.0,496.0,459.0,47.0,4.0,983.0,14.0,12.0,85.7,1.0,7.1,570.0,3291.0,1660.0,16.0,16.0,1.0,9.0,6.0,599.0,6.0,Cruz Azul,Brasileiro,Willer Ditta (Cruz Azul)
Carlos Salcedo,MEX,DF,30,13.3,915.0,96.0,480.0,401.0,43.0,14.0,915.0,2.0,2.0,100.0,0.0,0.0,508.0,2470.0,1242.0,7.0,4.0,0.0,6.0,1.0,619.0,10.0,Cruz Azul,Brasileiro,Carlos Salcedo (Cruz Azul)
Uriel Antuna,MEX,"MF,FW",26,13.6,613.0,5.0,52.0,264.0,304.0,52.0,611.0,28.0,15.0,53.6,11.0,39.3,413.0,2547.0,1127.0,46.0,14.0,17.0,27.0,18.0,494.0,148.0,Cruz Azul,Brasileiro,Uriel Antuna (Cruz Azul)
Juan Escobar,PAR,DF,28,13.6,843.0,103.0,450.0,371.0,26.0,15.0,843.0,6.0,1.0,16.7,4.0,66.7,439.0,2033.0,1005.0,6.0,3.0,1.0,7.0,2.0,493.0,3.0,Cruz Azul,Brasileiro,Juan Escobar (Cruz Azul)
Carlos Rotondi,ARG,"DF,MF",26,13.5,642.0,31.0,145.0,275.0,232.0,36.0,642.0,33.0,16.0,48.5,15.0,45.5,328.0,1648.0,845.0,28.0,12.0,8.0,24.0,21.0,375.0,72.0,Cruz Azul,Brasileiro,Carlos Rotondi (Cruz Azul)
Ignacio Rivero,URU,"DF,MF",31,13.6,988.0,31.0,209.0,429.0,362.0,21.0,988.0,28.0,12.0,42.9,12.0,42.9,478.0,2231.0,1172.0,29.0,26.0,4.0,28.0,18.0,567.0,89.0,Cruz Azul,Brasileiro,Ignacio Rivero (Cruz Azul)
Andrés Gudiño,MEX,GK,26,13.5,407.0,359.0,406.0,0.0,1.0,1.0,407.0,0.0,0.0,0.0,0.0,0.0,194.0,1132.0,692.0,0.0,0.0,0.0,1.0,0.0,135.0,0.0,Cruz Azul,Brasileiro,Andrés Gudiño (Cruz Azul)
Erik Lira,MEX,MF,23,12.5,782.0,26.0,197.0,528.0,64.0,1.0,782.0,12.0,9.0,75.0,2.0,16.7,457.0,2155.0,1071.0,6.0,8.0,1.0,10.0,17.0,539.0,8.0,Cruz Azul,Brasileiro,Erik Lira (Cruz Azul)
Rodrigo Huescas,MEX,DF,20,11.9,671.0,24.0,168.0,306.0,203.0,24.0,671.0,17.0,8.0,47.1,7.0,41.2,357.0,2038.0,1034.0,34.0,25.0,8.0,17.0,6.0,428.0,65.0,Cruz Azul,Brasileiro,Rodrigo Huescas (Cruz Azul)
Charly Rodríguez,MEX,MF,26,11.6,824.0,11.0,115.0,542.0,179.0,9.0,824.0,16.0,7.0,43.8,7.0,43.8,499.0,2630.0,1265.0,15.0,19.0,2.0,21.0,11.0,640.0,37.0,Cruz Azul,Brasileiro,Charly Rodríguez (Cruz Azul)
Moises,BRA,"MF,FW",27,9.5,348.0,1.0,33.0,148.0,174.0,39.0,348.0,50.0,26.0,52.0,22.0,44.0,225.0,2240.0,1220.0,42.0,38.0,16.0,27.0,15.0,254.0,45.0,Cruz Azul,Brasileiro,Moises (Cruz Azul)
Diber Cambindo,COL,"FW,MF",27,9.2,275.0,12.0,24.0,125.0,131.0,44.0,275.0,21.0,12.0,57.1,7.0,33.3,158.0,1013.0,448.0,19.0,12.0,10.0,35.0,22.0,186.0,43.0,Cruz Azul,Brasileiro,Diber Cambindo (Cruz Azul)
Kevin Castaño,COL,MF,23,8.5,590.0,10.0,104.0,415.0,77.0,3.0,590.0,5.0,4.0,80.0,1.0,20.0,354.0,1778.0,834.0,10.0,9.0,1.0,13.0,9.0,437.0,13.0,Cruz Azul,Brasileiro,Kevin Castaño (Cruz Azul)
Ángel Sepúlveda,MEX,FW,32,7.2,237.0,5.0,13.0,103.0,123.0,32.0,236.0,7.0,4.0,57.1,3.0,42.9,127.0,588.0,202.0,3.0,5.0,0.0,17.0,13.0,196.0,32.0,Cruz Azul,Brasileiro,Ángel Sepúlveda (Cruz Azul)
Sebastián Jurado,MEX,GK,26,3.4,121.0,99.0,121.0,0.0,0.0,0.0,121.0,1.0,1.0,100.0,0.0,0.0,59.0,251.0,109.0,0.0,0.0,0.0,1.0,0.0,59.0,0.0,Cruz Azul,Brasileiro,Sebastián Jurado (Cruz Azul)
Rafael Guerrero,MEX,DF,20,5.2,300.0,30.0,124.0,160.0,18.0,5.0,300.0,7.0,6.0,85.7,1.0,14.3,163.0,970.0,609.0,8.0,8.0,0.0,4.0,2.0,184.0,5.0,Cruz Azul,Brasileiro,Rafael Guerrero (Cruz Azul)
Christian Tabó,URU,"FW,MF",30,2.4,84.0,3.0,15.0,41.0,30.0,13.0,84.0,5.0,2.0,40.0,3.0,60.0,46.0,258.0,100.0,4.0,1.0,2.0,3.0,3.0,51.0,9.0,Cruz Azul,Brasileiro,Christian Tabó (Cruz Azul)
Alexis Gutiérrez,MEX,"MF,FW",23,2.0,141.0,2.0,12.0,92.0,38.0,4.0,141.0,3.0,2.0,66.7,1.0,33.3,83.0,367.0,184.0,5.0,6.0,1.0,7.0,3.0,109.0,16.0,Cruz Azul,Brasileiro,Alexis Gutiérrez (Cruz Azul)
Augusto Lotti,ITA,FW,27,1.5,36.0,0.0,2.0,19.0,15.0,2.0,36.0,1.0,0.0,0.0,1.0,100.0,20.0,112.0,14.0,1.0,0.0,0.0,2.0,2.0,24.0,10.0,Cruz Azul,Brasileiro,Augusto Lotti (Cruz Azul)
Cristian Jiménez,MEX,"DF,MF",21,1.0,61.0,4.0,30.0,28.0,4.0,0.0,61.0,0.0,0.0,0.0,0.0,0.0,33.0,150.0,59.0,1.0,1.0,0.0,4.0,2.0,38.0,0.0,Cruz Azul,Brasileiro,Cristian Jiménez (Cruz Azul)
Alan Zubiri,MEX,DF,22,1.0,57.0,7.0,36.0,21.0,0.0,0.0,57.0,0.0,0.0,0.0,0.0,0.0,42.0,228.0,105.0,0.0,1.0,0.0,0.0,0.0,40.0,0.0,Cruz Azul,Brasileiro,Alan Zubiri (Cruz Azul)
Luis Iturbide,MEX,DF,21,0.5,27.0,2.0,7.0,13.0,7.0,1.0,27.0,0.0,0.0,0.0,0.0,0.0,11.0,24.0,5.0,0.0,1.0,0.0,1.0,1.0,11.0,2.0,Cruz Azul,Brasileiro,Luis Iturbide (Cruz Azul)
Jesús Dueñas,MEX,"MF,FW",34,0.9,100.0,1.0,17.0,68.0,16.0,0.0,100.0,1.0,0.0,0.0,1.0,100.0,68.0,350.0,194.0,3.0,2.0,0.0,0.0,1.0,77.0,7.0,Cruz Azul,Brasileiro,Jesús Dueñas (Cruz Azul)
Alonso Escoboza,MEX,DF,30,0.9,56.0,4.0,15.0,25.0,17.0,1.0,56.0,3.0,2.0,66.7,1.0,33.3,27.0,194.0,89.0,2.0,2.0,0.0,1.0,0.0,28.0,4.0,Cruz Azul,Brasileiro,Alonso Escoboza (Cruz Azul)
Josué Díaz,MEX,"DF,MF",19,0.5,23.0,0.0,7.0,11.0,6.0,1.0,23.0,2.0,2.0,100.0,0.0,0.0,14.0,61.0,22.0,0.0,0.0,0.0,1.0,0.0,14.0,2.0,Cruz Azul,Brasileiro,Josué Díaz (Cruz Azul)
Raymundo Rubio,MEX,"DF,FW",22,0.1,10.0,0.0,3.0,6.0,1.0,0.0,10.0,0.0,0.0,0.0,0.0,0.0,7.0,45.0,28.0,0.0,0.0,0.0,0.0,0.0,7.0,0.0,Cruz Azul,Brasileiro,Raymundo Rubio (Cruz Azul)
Amaury Morales,MEX,"MF,DF",18,0.1,11.0,0.0,0.0,2.0,9.0,0.0,11.0,0.0,0.0,0.0,0.0,0.0,8.0,34.0,6.0,0.0,0.0,0.0,1.0,2.0,9.0,3.0,Cruz Azul,Brasileiro,Amaury Morales (Cruz Azul)
Alfredo Talavera,MEX,GK,41,16.3,582.0,520.0,580.0,3.0,0.0,0.0,582.0,1.0,1.0,100.0,0.0,0.0,294.0,1532.0,867.0,0.0,0.0,0.0,1.0,0.0,237.0,0.0,FC Juárez,Brasileiro,Alfredo Talavera (FC Juárez)
Luis Alfonso Rodríguez,MEX,DF,32,15.6,986.0,47.0,311.0,503.0,181.0,9.0,986.0,25.0,13.0,52.0,12.0,48.0,526.0,2705.0,1398.0,33.0,19.0,2.0,15.0,6.0,552.0,59.0,FC Juárez,Brasileiro,Luis Alfonso Rodríguez (FC Juárez)
Aitor García,ESP,"MF,FW",29,12.7,500.0,5.0,60.0,230.0,227.0,30.0,500.0,43.0,21.0,48.8,16.0,37.2,300.0,1913.0,1060.0,38.0,26.0,11.0,35.0,6.0,353.0,73.0,FC Juárez,Brasileiro,Aitor García (FC Juárez)
Javier Salas,MEX,MF,30,12.5,631.0,41.0,231.0,372.0,36.0,6.0,631.0,6.0,3.0,50.0,3.0,50.0,397.0,1622.0,722.0,1.0,2.0,0.0,4.0,4.0,447.0,7.0,FC Juárez,Brasileiro,Javier Salas (FC Juárez)
José García,MEX,DF,27,13.7,868.0,127.0,498.0,352.0,20.0,13.0,868.0,1.0,0.0,0.0,1.0,100.0,526.0,2287.0,1415.0,4.0,3.0,1.0,5.0,0.0,591.0,2.0,FC Juárez,Brasileiro,José García (FC Juárez)
Moises Castillo,COL,DF,22,13.0,793.0,93.0,461.0,317.0,20.0,9.0,793.0,16.0,8.0,50.0,8.0,50.0,475.0,2234.0,1096.0,7.0,4.0,2.0,10.0,6.0,501.0,3.0,FC Juárez,Brasileiro,Moises Castillo (FC Juárez)
Avilés Hurtado,COL,"FW,MF",36,11.8,612.0,9.0,41.0,317.0,270.0,47.0,608.0,33.0,12.0,36.4,16.0,48.5,405.0,2572.0,1202.0,47.0,27.0,15.0,49.0,17.0,438.0,88.0,FC Juárez,Brasileiro,Avilés Hurtado (FC Juárez)
Diego Chávez Collins,MEX,"FW,MF",28,10.0,390.0,20.0,72.0,165.0,156.0,36.0,390.0,18.0,10.0,55.6,8.0,44.4,194.0,880.0,390.0,14.0,9.0,5.0,19.0,10.0,220.0,55.0,FC Juárez,Brasileiro,Diego Chávez Collins (FC Juárez)
Denzell García,MEX,MF,20,9.9,578.0,20.0,118.0,402.0,73.0,1.0,578.0,17.0,13.0,76.5,3.0,17.6,352.0,1931.0,829.0,10.0,17.0,0.0,17.0,5.0,407.0,9.0,FC Juárez,Brasileiro,Denzell García (FC Juárez)
Aldo Cruz,MEX,DF,26,8.5,470.0,20.0,147.0,250.0,77.0,1.0,470.0,9.0,6.0,66.7,3.0,33.3,224.0,1055.0,489.0,6.0,6.0,0.0,13.0,4.0,253.0,21.0,FC Juárez,Brasileiro,Aldo Cruz (FC Juárez)
Sebastián Saucedo,USA,"FW,MF",26,7.3,323.0,5.0,37.0,164.0,124.0,8.0,323.0,17.0,8.0,47.1,5.0,29.4,208.0,1258.0,474.0,11.0,7.0,3.0,14.0,8.0,228.0,33.0,FC Juárez,Brasileiro,Sebastián Saucedo (FC Juárez)
Andrija Vukčević,MNE,DF,27,7.0,288.0,14.0,90.0,119.0,86.0,8.0,288.0,12.0,4.0,33.3,6.0,50.0,162.0,969.0,454.0,19.0,12.0,5.0,4.0,7.0,161.0,34.0,FC Juárez,Brasileiro,Andrija Vukčević (FC Juárez)
Christian Oliva,URU,MF,27,5.6,333.0,7.0,74.0,195.0,74.0,5.0,333.0,6.0,4.0,66.7,2.0,33.3,185.0,793.0,368.0,5.0,3.0,0.0,8.0,1.0,196.0,7.0,FC Juárez,Brasileiro,Christian Oliva (FC Juárez)
Michael Santos,URU,FW,30,5.3,113.0,5.0,9.0,50.0,55.0,21.0,113.0,5.0,2.0,40.0,3.0,60.0,59.0,337.0,187.0,7.0,8.0,3.0,17.0,3.0,64.0,22.0,FC Juárez,Brasileiro,Michael Santos (FC Juárez)
Gonzalo Pelúa,URU,DF,20,4.5,302.0,47.0,150.0,152.0,8.0,1.0,302.0,10.0,5.0,50.0,5.0,50.0,174.0,1139.0,695.0,7.0,2.0,0.0,4.0,0.0,172.0,0.0,FC Juárez,Brasileiro,Gonzalo Pelúa (FC Juárez)
Diego Campillo,MEX,DF,22,3.7,231.0,25.0,103.0,111.0,20.0,4.0,231.0,3.0,0.0,0.0,3.0,100.0,111.0,594.0,414.0,7.0,6.0,0.0,2.0,1.0,117.0,3.0,FC Juárez,Brasileiro,Diego Campillo (FC Juárez)
Amaury Escoto,MEX,"FW,MF",31,4.6,119.0,4.0,9.0,49.0,62.0,20.0,119.0,4.0,0.0,0.0,4.0,100.0,63.0,347.0,113.0,3.0,2.0,0.0,13.0,2.0,84.0,15.0,FC Juárez,Brasileiro,Amaury Escoto (FC Juárez)
Sebastián Pérez Bouquet,MEX,"MF,FW",20,4.6,233.0,2.0,31.0,117.0,86.0,4.0,233.0,16.0,6.0,37.5,10.0,62.5,149.0,872.0,421.0,10.0,11.0,2.0,13.0,5.0,158.0,24.0,FC Juárez,Brasileiro,Sebastián Pérez Bouquet (FC Juárez)
Agustín Urzi,ARG,"MF,FW",23,3.8,218.0,2.0,23.0,84.0,113.0,15.0,218.0,20.0,7.0,35.0,13.0,65.0,129.0,768.0,276.0,9.0,12.0,1.0,14.0,10.0,150.0,41.0,FC Juárez,Brasileiro,Agustín Urzi (FC Juárez)
Haret Ortega,MEX,DF,23,3.0,167.0,31.0,82.0,84.0,1.0,1.0,167.0,0.0,0.0,0.0,0.0,0.0,73.0,302.0,182.0,0.0,1.0,0.0,1.0,0.0,92.0,0.0,FC Juárez,Brasileiro,Haret Ortega (FC Juárez)
Diego Valoyes,COL,MF,27,2.4,110.0,1.0,9.0,55.0,50.0,11.0,110.0,18.0,8.0,44.4,10.0,55.6,75.0,534.0,259.0,11.0,5.0,6.0,7.0,2.0,76.0,23.0,FC Juárez,Brasileiro,Diego Valoyes (FC Juárez)
Santiago Ormeño,PER,"FW,MF",29,1.9,47.0,0.0,2.0,22.0,24.0,6.0,46.0,1.0,1.0,100.0,0.0,0.0,18.0,108.0,31.0,1.0,4.0,0.0,6.0,2.0,24.0,4.0,FC Juárez,Brasileiro,Santiago Ormeño (FC Juárez)
César Sosa,MEX,MF,19,1.2,55.0,5.0,13.0,42.0,0.0,0.0,55.0,2.0,0.0,0.0,1.0,50.0,35.0,204.0,106.0,1.0,0.0,0.0,2.0,0.0,33.0,1.0,FC Juárez,Brasileiro,César Sosa (FC Juárez)
Mario Osuna,MEX,"MF,FW",35,3.1,198.0,11.0,48.0,122.0,29.0,2.0,198.0,1.0,0.0,0.0,1.0,100.0,117.0,519.0,215.0,2.0,3.0,0.0,3.0,2.0,125.0,5.0,FC Juárez,Brasileiro,Mario Osuna (FC Juárez)
Ángel Zapata,MEX,MF,22,2.9,200.0,4.0,34.0,127.0,39.0,5.0,200.0,6.0,2.0,33.3,3.0,50.0,133.0,730.0,396.0,4.0,8.0,0.0,2.0,6.0,151.0,4.0,FC Juárez,Brasileiro,Ángel Zapata (FC Juárez)
Francisco Nevarez,MEX,"DF,MF",23,0.7,40.0,3.0,14.0,22.0,5.0,0.0,40.0,1.0,1.0,100.0,0.0,0.0,21.0,185.0,50.0,0.0,2.0,0.0,0.0,2.0,30.0,2.0,FC Juárez,Brasileiro,Francisco Nevarez (FC Juárez)
Ramón Pasquel,MEX,GK,27,0.7,26.0,22.0,26.0,0.0,0.0,0.0,26.0,0.0,0.0,0.0,0.0,0.0,7.0,10.0,5.0,0.0,0.0,0.0,0.0,0.0,10.0,0.0,FC Juárez,Brasileiro,Ramón Pasquel (FC Juárez)
Jan Carmona,MEX,"FW,DF",19,0.5,31.0,0.0,3.0,13.0,15.0,1.0,31.0,3.0,1.0,33.3,2.0,66.7,17.0,73.0,39.0,1.0,1.0,0.0,0.0,1.0,15.0,3.0,FC Juárez,Brasileiro,Jan Carmona (FC Juárez)
Fernando Beltrán,MEX,MF,25,15.9,892.0,9.0,102.0,535.0,271.0,21.0,892.0,29.0,16.0,55.2,13.0,44.8,561.0,3153.0,1363.0,33.0,39.0,6.0,32.0,7.0,666.0,66.0,Guadalajara,Brasileiro,Fernando Beltrán (Guadalajara)
Miguel Jiménez Ponce,MEX,GK,33,15.8,465.0,394.0,464.0,2.0,0.0,0.0,465.0,0.0,0.0,0.0,0.0,0.0,220.0,1162.0,642.0,0.0,0.0,0.0,0.0,0.0,178.0,0.0,Guadalajara,Brasileiro,Miguel Jiménez Ponce (Guadalajara)
Ricardo Marín,MEX,FW,25,12.7,324.0,3.0,19.0,143.0,167.0,57.0,324.0,12.0,3.0,25.0,7.0,58.3,153.0,626.0,204.0,10.0,5.0,7.0,29.0,17.0,225.0,44.0,Guadalajara,Brasileiro,Ricardo Marín (Guadalajara)
Gilberto Sepúlveda,MEX,DF,24,14.4,751.0,76.0,397.0,335.0,25.0,7.0,751.0,2.0,1.0,50.0,1.0,50.0,387.0,2119.0,1134.0,6.0,7.0,1.0,5.0,4.0,444.0,3.0,Guadalajara,Brasileiro,Gilberto Sepúlveda (Guadalajara)
Alan Mozo,MEX,DF,26,14.3,947.0,38.0,246.0,427.0,284.0,11.0,947.0,51.0,24.0,47.1,23.0,45.1,450.0,2462.0,1255.0,32.0,25.0,4.0,28.0,13.0,514.0,81.0,Guadalajara,Brasileiro,Alan Mozo (Guadalajara)
Roberto Alvarado,MEX,"FW,MF",25,12.6,769.0,11.0,79.0,346.0,360.0,39.0,765.0,65.0,32.0,49.2,31.0,47.7,468.0,3211.0,1534.0,51.0,42.0,15.0,44.0,22.0,549.0,98.0,Guadalajara,Brasileiro,Roberto Alvarado (Guadalajara)
Fernando Rubén González,MEX,MF,29,12.1,674.0,32.0,168.0,443.0,73.0,7.0,674.0,7.0,3.0,42.9,4.0,57.1,274.0,1356.0,648.0,11.0,11.0,1.0,11.0,3.0,336.0,9.0,Guadalajara,Brasileiro,Fernando Rubén González (Guadalajara)
Jesús Orozco,MEX,DF,21,11.1,627.0,63.0,306.0,288.0,43.0,8.0,627.0,4.0,2.0,50.0,2.0,50.0,355.0,1999.0,1273.0,9.0,11.0,0.0,1.0,4.0,373.0,6.0,Guadalajara,Brasileiro,Jesús Orozco (Guadalajara)
Cristian Calderón,MEX,DF,26,11.2,602.0,31.0,192.0,266.0,148.0,12.0,602.0,12.0,6.0,50.0,5.0,41.7,260.0,1436.0,663.0,19.0,9.0,1.0,12.0,7.0,290.0,32.0,Guadalajara,Brasileiro,Cristian Calderón (Guadalajara)
Antonio Briseño,MEX,DF,29,9.5,500.0,68.0,256.0,224.0,21.0,18.0,500.0,0.0,0.0,0.0,0.0,0.0,204.0,927.0,480.0,2.0,2.0,0.0,6.0,2.0,257.0,1.0,Guadalajara,Brasileiro,Antonio Briseño (Guadalajara)
Víctor Guzmán,MEX,MF,28,8.5,525.0,11.0,63.0,268.0,200.0,13.0,524.0,5.0,3.0,60.0,2.0,40.0,264.0,1069.0,568.0,11.0,17.0,1.0,17.0,12.0,362.0,53.0,Guadalajara,Brasileiro,Víctor Guzmán (Guadalajara)
Isaác Brizuela,MEX,"FW,MF",33,7.5,271.0,3.0,39.0,90.0,148.0,26.0,271.0,15.0,9.0,60.0,5.0,33.3,163.0,1149.0,712.0,28.0,12.0,8.0,17.0,9.0,195.0,60.0,Guadalajara,Brasileiro,Isaác Brizuela (Guadalajara)
Erick Gutiérrez,MEX,MF,28,7.0,470.0,24.0,93.0,313.0,67.0,10.0,470.0,7.0,2.0,28.6,4.0,57.1,280.0,1424.0,762.0,15.0,7.0,0.0,10.0,5.0,328.0,16.0,Guadalajara,Brasileiro,Erick Gutiérrez (Guadalajara)
Jonathan Padilla,MEX,"MF,FW",18,6.3,324.0,6.0,42.0,131.0,161.0,27.0,324.0,34.0,18.0,52.9,12.0,35.3,192.0,1283.0,531.0,22.0,13.0,8.0,22.0,13.0,207.0,56.0,Guadalajara,Brasileiro,Jonathan Padilla (Guadalajara)
Alejandro Mayorga,MEX,DF,26,4.4,296.0,13.0,100.0,135.0,65.0,5.0,296.0,7.0,4.0,57.1,3.0,42.9,133.0,617.0,342.0,8.0,6.0,3.0,11.0,1.0,146.0,20.0,Guadalajara,Brasileiro,Alejandro Mayorga (Guadalajara)
Alexis Vega,MEX,FW,26,4.3,218.0,0.0,15.0,96.0,111.0,13.0,217.0,17.0,8.0,47.1,8.0,47.1,133.0,868.0,288.0,10.0,8.0,3.0,16.0,11.0,158.0,43.0,Guadalajara,Brasileiro,Alexis Vega (Guadalajara)
Ronaldo Cisneros,MEX,"FW,MF",26,4.5,83.0,1.0,6.0,29.0,50.0,14.0,83.0,4.0,0.0,0.0,4.0,100.0,56.0,160.0,63.0,2.0,1.0,0.0,10.0,4.0,66.0,16.0,Guadalajara,Brasileiro,Ronaldo Cisneros (Guadalajara)
Raúl Martínez,MEX,DF,20,3.0,129.0,20.0,75.0,54.0,3.0,1.0,129.0,2.0,1.0,50.0,1.0,50.0,60.0,356.0,160.0,1.0,1.0,0.0,3.0,0.0,61.0,0.0,Guadalajara,Brasileiro,Raúl Martínez (Guadalajara)
Jesús Sánchez García,MEX,DF,34,2.6,189.0,8.0,44.0,119.0,29.0,0.0,189.0,0.0,0.0,0.0,0.0,0.0,65.0,238.0,100.0,2.0,0.0,0.0,1.0,0.0,81.0,4.0,Guadalajara,Brasileiro,Jesús Sánchez García (Guadalajara)
Juan Brigido,MEX,"FW,DF",22,3.0,126.0,1.0,19.0,46.0,61.0,5.0,126.0,10.0,8.0,80.0,2.0,20.0,76.0,655.0,352.0,13.0,13.0,1.0,5.0,6.0,91.0,20.0,Guadalajara,Brasileiro,Juan Brigido (Guadalajara)
Pavel Pérez,MEX,"FW,MF",25,2.1,106.0,1.0,15.0,31.0,64.0,9.0,106.0,17.0,6.0,35.3,10.0,58.8,62.0,540.0,263.0,11.0,7.0,3.0,11.0,6.0,64.0,16.0,Guadalajara,Brasileiro,Pavel Pérez (Guadalajara)
José Rangel Aguilar,MEX,GK,23,1.2,41.0,38.0,41.0,0.0,0.0,0.0,41.0,0.0,0.0,0.0,0.0,0.0,20.0,78.0,48.0,0.0,0.0,0.0,0.0,0.0,13.0,0.0,Guadalajara,Brasileiro,José Rangel Aguilar (Guadalajara)
Alan Torres,MEX,MF,23,1.8,147.0,8.0,51.0,94.0,4.0,0.0,147.0,0.0,0.0,0.0,0.0,0.0,84.0,430.0,207.0,2.0,2.0,0.0,1.0,3.0,99.0,0.0,Guadalajara,Brasileiro,Alan Torres (Guadalajara)
Daniel Armando Ríos,MEX,"FW,DF",28,0.8,25.0,0.0,0.0,11.0,15.0,8.0,25.0,2.0,1.0,50.0,0.0,0.0,15.0,80.0,35.0,3.0,1.0,1.0,4.0,1.0,16.0,4.0,Guadalajara,Brasileiro,Daniel Armando Ríos (Guadalajara)
Zahid Muñoz,MEX,MF,22,0.2,12.0,1.0,2.0,6.0,4.0,0.0,12.0,0.0,0.0,0.0,0.0,0.0,4.0,25.0,4.0,0.0,0.0,0.0,0.0,0.0,8.0,1.0,Guadalajara,Brasileiro,Zahid Muñoz (Guadalajara)
Hiram Mier,MEX,MF,34,0.1,1.0,1.0,1.0,0.0,0.0,0.0,1.0,0.0,0.0,0.0,0.0,0.0,0.0,0.0,0.0,0.0,0.0,0.0,0.0,0.0,0.0,0.0,Guadalajara,Brasileiro,Hiram Mier (Guadalajara)
Rodolfo Cota,MEX,GK,36,16.0,450.0,390.0,447.0,3.0,0.0,0.0,450.0,1.0,1.0,100.0,0.0,0.0,235.0,1356.0,825.0,0.0,0.0,0.0,0.0,0.0,140.0,0.0,León,Brasileiro,Rodolfo Cota (León)
Adonis Frías,ARG,DF,25,16.0,1033.0,70.0,406.0,553.0,84.0,17.0,1033.0,7.0,5.0,71.4,2.0,28.6,640.0,3308.0,1964.0,20.0,23.0,1.0,8.0,3.0,703.0,5.0,León,Brasileiro,Adonis Frías (León)
Ángel Mena,ECU,"FW,MF",35,13.7,949.0,18.0,79.0,393.0,486.0,62.0,949.0,43.0,28.0,65.1,13.0,30.2,627.0,4161.0,2135.0,74.0,51.0,19.0,31.0,16.0,733.0,127.0,León,Brasileiro,Ángel Mena (León)
Iván Moreno,MEX,"DF,MF",25,12.0,771.0,20.0,135.0,315.0,326.0,26.0,771.0,29.0,11.0,37.9,17.0,58.6,431.0,2540.0,1337.0,40.0,34.0,8.0,28.0,12.0,500.0,100.0,León,Brasileiro,Iván Moreno (León)
Osvaldo Rodríguez del Portal,MEX,DF,27,11.5,755.0,33.0,270.0,355.0,140.0,18.0,755.0,11.0,6.0,54.5,5.0,45.5,388.0,1680.0,761.0,7.0,10.0,0.0,16.0,2.0,462.0,31.0,León,Brasileiro,Osvaldo Rodríguez del Portal (León)
Lucas Romero,ARG,MF,29,10.8,777.0,16.0,141.0,496.0,147.0,8.0,777.0,12.0,7.0,58.3,4.0,33.3,487.0,2025.0,958.0,10.0,22.0,2.0,15.0,9.0,575.0,13.0,León,Brasileiro,Lucas Romero (León)
José Iván Rodríguez,MEX,MF,27,11.2,684.0,22.0,145.0,469.0,77.0,2.0,684.0,12.0,9.0,75.0,3.0,25.0,364.0,1811.0,830.0,14.0,12.0,0.0,10.0,7.0,455.0,12.0,León,Brasileiro,José Iván Rodríguez (León)
William Tesillo,COL,DF,33,10.8,778.0,62.0,352.0,329.0,105.0,18.0,778.0,15.0,7.0,46.7,8.0,53.3,419.0,1980.0,1029.0,12.0,4.0,1.0,11.0,2.0,482.0,24.0,León,Brasileiro,William Tesillo (León)
Alfonso Alvarado,MEX,"FW,MF",23,9.9,312.0,12.0,39.0,151.0,125.0,38.0,312.0,15.0,8.0,53.3,7.0,46.7,187.0,1058.0,350.0,7.0,11.0,3.0,27.0,7.0,226.0,36.0,León,Brasileiro,Alfonso Alvarado (León)
Federico Viñas,URU,FW,25,8.8,257.0,9.0,14.0,105.0,142.0,44.0,257.0,18.0,10.0,55.6,7.0,38.9,158.0,874.0,311.0,8.0,8.0,4.0,28.0,13.0,191.0,48.0,León,Brasileiro,Federico Viñas (León)
Elías Hernández,MEX,"MF,DF",35,7.8,506.0,7.0,72.0,216.0,227.0,19.0,506.0,20.0,9.0,45.0,10.0,50.0,280.0,1573.0,739.0,18.0,12.0,4.0,9.0,6.0,332.0,49.0,León,Brasileiro,Elías Hernández (León)
Nicolás López,URU,"FW,MF",30,7.7,444.0,3.0,28.0,142.0,279.0,41.0,444.0,27.0,17.0,63.0,9.0,33.3,286.0,1523.0,650.0,25.0,22.0,5.0,22.0,19.0,335.0,63.0,León,Brasileiro,Nicolás López (León)
Fidel Ambríz,MEX,MF,20,7.8,534.0,9.0,97.0,322.0,119.0,23.0,534.0,10.0,6.0,60.0,4.0,40.0,307.0,1628.0,753.0,14.0,14.0,1.0,6.0,9.0,397.0,9.0,León,Brasileiro,Fidel Ambríz (León)
Jaine Barreiro,COL,DF,29,7.0,488.0,38.0,179.0,244.0,73.0,15.0,488.0,8.0,3.0,37.5,3.0,37.5,298.0,1632.0,1038.0,15.0,14.0,0.0,8.0,4.0,323.0,12.0,León,Brasileiro,Jaine Barreiro (León)
Paul Bellón,MEX,DF,26,6.5,406.0,68.0,245.0,149.0,15.0,6.0,406.0,2.0,2.0,100.0,0.0,0.0,235.0,1098.0,514.0,1.0,1.0,0.0,2.0,2.0,267.0,2.0,León,Brasileiro,Paul Bellón (León)
José David Ramírez,MEX,"DF,MF",28,6.4,438.0,5.0,66.0,225.0,154.0,11.0,438.0,9.0,5.0,55.6,3.0,33.3,264.0,1595.0,756.0,20.0,10.0,6.0,9.0,6.0,318.0,60.0,León,Brasileiro,José David Ramírez (León)
Brian Rubio,MEX,FW,27,4.9,209.0,9.0,18.0,100.0,94.0,24.0,209.0,6.0,5.0,83.3,1.0,16.7,128.0,778.0,198.0,8.0,5.0,2.0,25.0,8.0,160.0,27.0,León,Brasileiro,Brian Rubio (León)
Borja Sánchez Laborde,ESP,"MF,DF",27,3.9,255.0,3.0,34.0,122.0,101.0,13.0,255.0,21.0,13.0,61.9,7.0,33.3,170.0,1035.0,398.0,11.0,9.0,2.0,10.0,11.0,194.0,33.0,León,Brasileiro,Borja Sánchez Laborde (León)
Víctor Dávila,CHI,FW,26,2.8,190.0,1.0,7.0,80.0,103.0,18.0,190.0,6.0,3.0,50.0,3.0,50.0,118.0,538.0,228.0,7.0,7.0,1.0,9.0,6.0,152.0,29.0,León,Brasileiro,Víctor Dávila (León)
Omar Fernández Frasica,COL,"MF,FW",30,4.0,310.0,5.0,50.0,168.0,94.0,5.0,310.0,10.0,5.0,50.0,5.0,50.0,201.0,1363.0,688.0,13.0,13.0,1.0,3.0,7.0,232.0,25.0,León,Brasileiro,Omar Fernández Frasica (León)
Jesús Angulo,MEX,MF,26,1.8,126.0,0.0,14.0,72.0,42.0,4.0,126.0,8.0,4.0,50.0,3.0,37.5,73.0,374.0,98.0,3.0,2.0,1.0,6.0,4.0,96.0,12.0,León,Brasileiro,Jesús Angulo (León)
Héctor Uribe,MEX,"MF,DF",19,1.5,68.0,2.0,14.0,29.0,25.0,4.0,68.0,5.0,1.0,20.0,3.0,60.0,55.0,427.0,258.0,5.0,3.0,1.0,7.0,2.0,53.0,11.0,León,Brasileiro,Héctor Uribe (León)
Sebastian Santos,MEX,"FW,MF",20,1.4,71.0,0.0,7.0,34.0,32.0,10.0,71.0,3.0,1.0,33.3,1.0,33.3,45.0,451.0,197.0,7.0,2.0,3.0,7.0,3.0,55.0,9.0,León,Brasileiro,Sebastian Santos (León)
Alfonso Blanco Antúnez,MEX,GK,36,1.0,24.0,22.0,24.0,0.0,0.0,0.0,24.0,0.0,0.0,0.0,0.0,0.0,13.0,56.0,44.0,0.0,0.0,0.0,0.0,0.0,8.0,0.0,León,Brasileiro,Alfonso Blanco Antúnez (León)
Luís Cervantes,MEX,DF,22,0.4,41.0,0.0,8.0,18.0,15.0,0.0,41.0,1.0,1.0,100.0,0.0,0.0,16.0,82.0,54.0,1.0,2.0,0.0,2.0,2.0,21.0,5.0,León,Brasileiro,Luís Cervantes (León)
Oscar Villa,MEX,DF,22,0.4,26.0,1.0,9.0,12.0,6.0,0.0,26.0,1.0,1.0,100.0,0.0,0.0,10.0,88.0,43.0,0.0,1.0,0.0,0.0,1.0,9.0,3.0,León,Brasileiro,Oscar Villa (León)
Facundo Almada,ARG,DF,25,17.0,859.0,109.0,430.0,412.0,26.0,14.0,859.0,4.0,4.0,100.0,0.0,0.0,477.0,2568.0,1653.0,13.0,6.0,0.0,8.0,3.0,522.0,6.0,Mazatlán,Brasileiro,Facundo Almada (Mazatlán)
Jefferson Intriago,ECU,MF,27,17.0,1007.0,26.0,223.0,690.0,105.0,4.0,1007.0,37.0,20.0,54.1,13.0,35.1,696.0,3870.0,1728.0,21.0,20.0,3.0,20.0,22.0,755.0,15.0,Mazatlán,Brasileiro,Jefferson Intriago (Mazatlán)
Hugo González Durán,MEX,GK,33,15.3,621.0,513.0,620.0,1.0,0.0,0.0,621.0,1.0,1.0,100.0,0.0,0.0,322.0,1919.0,1180.0,0.0,0.0,0.0,0.0,0.0,233.0,0.0,Mazatlán,Brasileiro,Hugo González Durán (Mazatlán)
Bryan Colula,MEX,DF,27,11.5,615.0,44.0,198.0,252.0,170.0,12.0,615.0,7.0,2.0,28.6,5.0,71.4,290.0,1445.0,819.0,22.0,16.0,3.0,11.0,3.0,303.0,54.0,Mazatlán,Brasileiro,Bryan Colula (Mazatlán)
Josué Colmán,PAR,"MF,FW",25,10.9,545.0,7.0,67.0,266.0,217.0,29.0,544.0,54.0,36.0,66.7,18.0,33.3,310.0,1834.0,906.0,29.0,16.0,12.0,40.0,15.0,375.0,54.0,Mazatlán,Brasileiro,Josué Colmán (Mazatlán)
Luis Amarilla,PAR,FW,28,9.5,390.0,20.0,47.0,180.0,167.0,31.0,390.0,25.0,9.0,36.0,13.0,52.0,239.0,1223.0,472.0,14.0,17.0,3.0,36.0,9.0,282.0,48.0,Mazatlán,Brasileiro,Luis Amarilla (Mazatlán)
Jair Díaz,MEX,DF,25,9.0,510.0,33.0,215.0,217.0,82.0,8.0,510.0,12.0,9.0,75.0,3.0,25.0,261.0,1198.0,674.0,8.0,8.0,1.0,12.0,7.0,304.0,21.0,Mazatlán,Brasileiro,Jair Díaz (Mazatlán)
Édgar Yoel Bárcenas,PAN,"FW,MF",30,8.9,440.0,6.0,55.0,206.0,194.0,37.0,440.0,36.0,15.0,41.7,20.0,55.6,284.0,1794.0,816.0,20.0,19.0,13.0,34.0,15.0,330.0,67.0,Mazatlán,Brasileiro,Édgar Yoel Bárcenas (Mazatlán)
Sergio Adrián Flores,MEX,MF,28,10.3,579.0,38.0,210.0,336.0,41.0,2.0,579.0,5.0,2.0,40.0,2.0,40.0,263.0,863.0,359.0,2.0,2.0,0.0,6.0,2.0,323.0,4.0,Mazatlán,Brasileiro,Sergio Adrián Flores (Mazatlán)
Luis Olivas,MEX,DF,23,9.5,560.0,65.0,279.0,243.0,43.0,4.0,560.0,5.0,2.0,40.0,3.0,60.0,329.0,1765.0,1027.0,8.0,9.0,0.0,3.0,1.0,360.0,5.0,Mazatlán,Brasileiro,Luis Olivas (Mazatlán)
Alan Medina,MEX,"FW,MF",26,7.5,322.0,1.0,48.0,172.0,117.0,8.0,322.0,35.0,17.0,48.6,16.0,45.7,231.0,2053.0,841.0,28.0,26.0,3.0,27.0,21.0,233.0,41.0,Mazatlán,Brasileiro,Alan Medina (Mazatlán)
Arnaud Ake,CIV,FW,25,5.9,163.0,6.0,11.0,72.0,83.0,23.0,163.0,11.0,3.0,27.3,7.0,63.6,87.0,489.0,162.0,5.0,7.0,2.0,27.0,9.0,118.0,22.0,Mazatlán,Brasileiro,Arnaud Ake (Mazatlán)
Nicolás Benedetti,COL,"MF,FW",26,5.9,314.0,0.0,18.0,139.0,165.0,27.0,313.0,25.0,9.0,36.0,15.0,60.0,214.0,1176.0,593.0,18.0,17.0,9.0,20.0,21.0,236.0,36.0,Mazatlán,Brasileiro,Nicolás Benedetti (Mazatlán)
Andres Montaño,MEX,MF,21,4.7,236.0,9.0,39.0,151.0,46.0,2.0,236.0,8.0,5.0,62.5,3.0,37.5,143.0,749.0,414.0,8.0,7.0,1.0,5.0,4.0,174.0,8.0,Mazatlán,Brasileiro,Andres Montaño (Mazatlán)
Eduard Bello,VEN,"FW,MF",28,7.2,339.0,16.0,67.0,136.0,142.0,20.0,338.0,18.0,7.0,38.9,9.0,50.0,197.0,1123.0,479.0,16.0,15.0,2.0,17.0,7.0,203.0,64.0,Mazatlán,Brasileiro,Eduard Bello (Mazatlán)
José Madueña,MEX,DF,33,5.5,262.0,17.0,73.0,150.0,43.0,2.0,262.0,7.0,3.0,42.9,3.0,42.9,125.0,638.0,292.0,8.0,5.0,2.0,6.0,1.0,143.0,12.0,Mazatlán,Brasileiro,José Madueña (Mazatlán)
José Joaquín Esquivel,MEX,MF,25,5.2,209.0,10.0,53.0,119.0,37.0,9.0,209.0,7.0,3.0,42.9,4.0,57.1,120.0,528.0,195.0,3.0,4.0,0.0,3.0,3.0,139.0,10.0,Mazatlán,Brasileiro,José Joaquín Esquivel (Mazatlán)
Ventura Alvarado,USA,DF,31,4.5,252.0,31.0,159.0,90.0,4.0,2.0,252.0,1.0,0.0,0.0,1.0,100.0,126.0,591.0,181.0,0.0,1.0,0.0,3.0,0.0,139.0,0.0,Mazatlán,Brasileiro,Ventura Alvarado (Mazatlán)
Francisco Eduardo Venegas,MEX,DF,25,4.5,295.0,14.0,106.0,123.0,70.0,12.0,295.0,7.0,4.0,57.1,3.0,42.9,154.0,697.0,413.0,4.0,1.0,3.0,6.0,4.0,170.0,23.0,Mazatlán,Brasileiro,Francisco Eduardo Venegas (Mazatlán)
Néstor Vidrio,MEX,DF,34,3.2,154.0,32.0,94.0,57.0,6.0,0.0,154.0,2.0,2.0,100.0,0.0,0.0,69.0,286.0,156.0,1.0,1.0,0.0,2.0,0.0,80.0,1.0,Mazatlán,Brasileiro,Néstor Vidrio (Mazatlán)
Lucas Merolla,ARG,DF,28,3.1,164.0,33.0,108.0,54.0,5.0,4.0,164.0,2.0,1.0,50.0,1.0,50.0,75.0,384.0,240.0,0.0,0.0,0.0,2.0,0.0,82.0,0.0,Mazatlán,Brasileiro,Lucas Merolla (Mazatlán)
Ramiro Árciga,MEX,"MF,FW",19,2.4,124.0,3.0,28.0,53.0,44.0,4.0,124.0,5.0,4.0,80.0,1.0,20.0,59.0,336.0,84.0,1.0,6.0,1.0,9.0,2.0,79.0,21.0,Mazatlán,Brasileiro,Ramiro Árciga (Mazatlán)
Raúl Camacho,MEX,FW,21,2.0,83.0,5.0,6.0,46.0,31.0,8.0,83.0,3.0,3.0,100.0,0.0,0.0,45.0,237.0,36.0,1.0,1.0,0.0,13.0,4.0,55.0,12.0,Mazatlán,Brasileiro,Raúl Camacho (Mazatlán)
Ricardo Gutiérrez,MEX,GK,26,1.7,63.0,56.0,63.0,0.0,0.0,0.0,63.0,0.0,0.0,0.0,0.0,0.0,38.0,225.0,130.0,0.0,0.0,0.0,0.0,0.0,33.0,0.0,Mazatlán,Brasileiro,Ricardo Gutiérrez (Mazatlán)
Roberto Meraz,MEX,MF,24,1.1,34.0,0.0,8.0,19.0,8.0,1.0,34.0,0.0,0.0,0.0,0.0,0.0,19.0,66.0,12.0,0.0,0.0,0.0,1.0,1.0,25.0,5.0,Mazatlán,Brasileiro,Roberto Meraz (Mazatlán)
Miguel Sansores,MEX,"FW,MF",32,0.8,36.0,2.0,7.0,17.0,12.0,3.0,36.0,0.0,0.0,0.0,0.0,0.0,13.0,91.0,61.0,2.0,2.0,0.0,4.0,0.0,27.0,1.0,Mazatlán,Brasileiro,Miguel Sansores (Mazatlán)
Omar Moreno,MEX,"FW,DF",18,0.6,19.0,0.0,0.0,7.0,12.0,2.0,19.0,2.0,2.0,100.0,0.0,0.0,15.0,61.0,30.0,1.0,0.0,1.0,0.0,1.0,17.0,3.0,Mazatlán,Brasileiro,Omar Moreno (Mazatlán)
Edson Mata,MEX,DF,20,0.3,12.0,1.0,9.0,3.0,0.0,0.0,12.0,0.0,0.0,0.0,0.0,0.0,6.0,17.0,5.0,0.0,0.0,0.0,1.0,0.0,4.0,0.0,Mazatlán,Brasileiro,Edson Mata (Mazatlán)
Esteban Andrada,ARG,GK,32,16.0,698.0,520.0,696.0,2.0,0.0,0.0,698.0,3.0,2.0,66.7,1.0,33.3,419.0,2556.0,1758.0,0.0,0.0,0.0,0.0,0.0,382.0,0.0,Monterrey,Brasileiro,Esteban Andrada (Monterrey)
Maximiliano Meza,ARG,"MF,FW",31,12.3,738.0,12.0,62.0,353.0,339.0,43.0,737.0,47.0,23.0,48.9,19.0,40.4,429.0,2690.0,1420.0,41.0,36.0,11.0,24.0,23.0,534.0,112.0,Monterrey,Brasileiro,Maximiliano Meza (Monterrey)
Stefan Medina,COL,DF,31,13.0,898.0,54.0,277.0,453.0,177.0,14.0,898.0,15.0,8.0,53.3,6.0,40.0,435.0,2366.0,1177.0,16.0,10.0,3.0,13.0,5.0,574.0,57.0,Monterrey,Brasileiro,Stefan Medina (Monterrey)
Luis Romo,MEX,MF,28,12.8,970.0,25.0,158.0,593.0,225.0,31.0,970.0,23.0,13.0,56.5,10.0,43.5,514.0,2399.0,1207.0,20.0,25.0,1.0,24.0,10.0,705.0,50.0,Monterrey,Brasileiro,Luis Romo (Monterrey)
Víctor Guzmán,MEX,DF,21,12.5,702.0,77.0,366.0,324.0,18.0,5.0,702.0,8.0,5.0,62.5,3.0,37.5,333.0,1723.0,1039.0,5.0,5.0,0.0,10.0,3.0,446.0,1.0,Monterrey,Brasileiro,Víctor Guzmán (Monterrey)
Rogelio Funes Mori,MEX,FW,32,11.4,300.0,8.0,14.0,144.0,145.0,43.0,299.0,8.0,1.0,12.5,5.0,62.5,146.0,627.0,251.0,5.0,4.0,2.0,24.0,13.0,236.0,77.0,Monterrey,Brasileiro,Rogelio Funes Mori (Monterrey)
Sebastián Vegas,CHI,DF,27,13.2,787.0,99.0,380.0,326.0,84.0,15.0,787.0,7.0,4.0,57.1,2.0,28.6,393.0,1998.0,1098.0,9.0,7.0,1.0,6.0,5.0,495.0,23.0,Monterrey,Brasileiro,Sebastián Vegas (Monterrey)
Jesús Gallardo,MEX,DF,29,12.1,748.0,35.0,166.0,369.0,222.0,27.0,748.0,19.0,10.0,52.6,8.0,42.1,330.0,1967.0,1159.0,27.0,26.0,8.0,11.0,6.0,428.0,82.0,Monterrey,Brasileiro,Jesús Gallardo (Monterrey)
Jordi Cortizo,MEX,"MF,FW",27,7.6,457.0,4.0,44.0,207.0,212.0,22.0,457.0,38.0,27.0,71.1,7.0,18.4,293.0,1751.0,755.0,20.0,17.0,4.0,29.0,11.0,346.0,64.0,Monterrey,Brasileiro,Jordi Cortizo (Monterrey)
Omar Govea,MEX,MF,27,9.9,805.0,27.0,163.0,546.0,99.0,0.0,805.0,4.0,3.0,75.0,1.0,25.0,423.0,2233.0,891.0,6.0,10.0,0.0,11.0,8.0,600.0,16.0,Monterrey,Brasileiro,Omar Govea (Monterrey)
Héctor Moreno,MEX,DF,35,7.7,530.0,53.0,243.0,280.0,7.0,0.0,530.0,0.0,0.0,0.0,0.0,0.0,272.0,1779.0,1308.0,12.0,1.0,0.0,1.0,1.0,375.0,1.0,Monterrey,Brasileiro,Héctor Moreno (Monterrey)
Jesús Corona,MEX,"MF,FW",30,6.6,406.0,3.0,31.0,169.0,210.0,23.0,406.0,51.0,24.0,47.1,23.0,45.1,252.0,1814.0,735.0,24.0,13.0,6.0,24.0,15.0,324.0,75.0,Monterrey,Brasileiro,Jesús Corona (Monterrey)
Jonathan González,MEX,MF,24,6.6,373.0,16.0,96.0,261.0,20.0,0.0,373.0,3.0,2.0,66.7,1.0,33.3,219.0,849.0,384.0,2.0,4.0,0.0,3.0,3.0,274.0,2.0,Monterrey,Brasileiro,Jonathan González (Monterrey)
Alfonso González,MEX,"MF,FW",29,5.6,300.0,1.0,32.0,144.0,130.0,13.0,300.0,10.0,7.0,70.0,2.0,20.0,141.0,779.0,346.0,8.0,10.0,1.0,11.0,5.0,204.0,45.0,Monterrey,Brasileiro,Alfonso González (Monterrey)
Germán Berterame,ARG,"FW,MF",25,6.1,228.0,6.0,15.0,106.0,107.0,25.0,228.0,12.0,9.0,75.0,2.0,16.7,122.0,630.0,254.0,9.0,10.0,3.0,20.0,3.0,177.0,37.0,Monterrey,Brasileiro,Germán Berterame (Monterrey)
Érick Aguirre,MEX,DF,26,5.1,288.0,14.0,79.0,128.0,81.0,7.0,288.0,1.0,0.0,0.0,0.0,0.0,114.0,525.0,294.0,7.0,6.0,0.0,1.0,0.0,164.0,40.0,Monterrey,Brasileiro,Érick Aguirre (Monterrey)
Sergio Canales,ESP,"FW,MF",32,4.2,225.0,1.0,5.0,94.0,129.0,13.0,223.0,8.0,6.0,75.0,1.0,12.5,134.0,725.0,351.0,13.0,12.0,2.0,9.0,4.0,174.0,34.0,Monterrey,Brasileiro,Sergio Canales (Monterrey)
Joao Joshimar Rojas,ECU,"MF,FW",26,4.4,242.0,2.0,15.0,75.0,154.0,20.0,242.0,20.0,7.0,35.0,12.0,60.0,158.0,1190.0,500.0,16.0,12.0,9.0,11.0,13.0,183.0,57.0,Monterrey,Brasileiro,Joao Joshimar Rojas (Monterrey)
César Bustos,MEX,DF,18,3.1,157.0,4.0,51.0,84.0,23.0,4.0,157.0,3.0,2.0,66.7,0.0,0.0,59.0,282.0,160.0,5.0,4.0,1.0,4.0,1.0,83.0,9.0,Monterrey,Brasileiro,César Bustos (Monterrey)
Ali Ávila,MEX,FW,20,3.0,60.0,4.0,7.0,23.0,30.0,10.0,60.0,1.0,1.0,100.0,0.0,0.0,32.0,113.0,34.0,0.0,0.0,1.0,4.0,2.0,43.0,15.0,Monterrey,Brasileiro,Ali Ávila (Monterrey)
Celso Ortiz,PAR,MF,34,2.1,138.0,4.0,41.0,88.0,10.0,0.0,138.0,1.0,0.0,0.0,0.0,0.0,73.0,287.0,111.0,1.0,1.0,0.0,0.0,1.0,95.0,3.0,Monterrey,Brasileiro,Celso Ortiz (Monterrey)
César Garza,MEX,"MF,FW",18,2.8,163.0,4.0,24.0,105.0,34.0,8.0,163.0,6.0,4.0,66.7,1.0,16.7,102.0,762.0,272.0,6.0,4.0,2.0,3.0,4.0,119.0,18.0,Monterrey,Brasileiro,César Garza (Monterrey)
Daniel Alexis Parra,MEX,DF,24,1.0,67.0,3.0,14.0,38.0,15.0,2.0,67.0,2.0,0.0,0.0,2.0,100.0,22.0,108.0,27.0,0.0,0.0,0.0,1.0,2.0,48.0,7.0,Monterrey,Brasileiro,Daniel Alexis Parra (Monterrey)
Luis Cárdenas,MEX,GK,30,1.0,61.0,39.0,61.0,0.0,0.0,0.0,61.0,0.0,0.0,0.0,0.0,0.0,36.0,186.0,144.0,0.0,0.0,0.0,0.0,0.0,38.0,0.0,Monterrey,Brasileiro,Luis Cárdenas (Monterrey)
Victor Lopez,MEX,"MF,FW",20,2.3,153.0,0.0,12.0,63.0,80.0,8.0,153.0,14.0,4.0,28.6,9.0,64.3,88.0,536.0,287.0,7.0,9.0,1.0,7.0,4.0,119.0,26.0,Monterrey,Brasileiro,Victor Lopez (Monterrey)
Rodrigo Aguirre,URU,"FW,MF",29,1.7,71.0,0.0,3.0,24.0,44.0,16.0,71.0,4.0,1.0,25.0,3.0,75.0,46.0,366.0,154.0,6.0,4.0,4.0,8.0,4.0,62.0,13.0,Monterrey,Brasileiro,Rodrigo Aguirre (Monterrey)
Ángel Jordán Acosta,MEX,"MF,FW",18,0.5,14.0,0.0,0.0,11.0,4.0,0.0,14.0,1.0,1.0,100.0,0.0,0.0,8.0,42.0,29.0,2.0,2.0,0.0,4.0,0.0,9.0,1.0,Monterrey,Brasileiro,Ángel Jordán Acosta (Monterrey)
Edson Gutiérrez,MEX,DF,27,0.4,22.0,2.0,16.0,6.0,0.0,0.0,22.0,0.0,0.0,0.0,0.0,0.0,8.0,37.0,18.0,0.0,0.0,0.0,0.0,0.0,12.0,0.0,Monterrey,Brasileiro,Edson Gutiérrez (Monterrey)
Isidro Suárez,MEX,FW,20,0.2,9.0,0.0,2.0,4.0,3.0,1.0,9.0,1.0,0.0,0.0,1.0,100.0,7.0,34.0,12.0,1.0,0.0,1.0,0.0,1.0,6.0,1.0,Monterrey,Brasileiro,Isidro Suárez (Monterrey)
Joaquín Moxica,MEX,FW,17,0.2,9.0,1.0,1.0,3.0,5.0,1.0,9.0,0.0,0.0,0.0,0.0,0.0,5.0,16.0,3.0,0.0,0.0,0.0,0.0,0.0,9.0,3.0,Monterrey,Brasileiro,Joaquín Moxica (Monterrey)
Kevin Ortega,MEX,"MF,FW",21,0.2,29.0,0.0,3.0,18.0,8.0,0.0,29.0,1.0,1.0,100.0,0.0,0.0,12.0,63.0,29.0,1.0,0.0,0.0,2.0,0.0,18.0,1.0,Monterrey,Brasileiro,Kevin Ortega (Monterrey)
Ricardo Rentería,MEX,FW,21,0.1,4.0,1.0,1.0,3.0,0.0,0.0,4.0,0.0,0.0,0.0,0.0,0.0,0.0,0.0,0.0,0.0,0.0,0.0,1.0,0.0,1.0,0.0,Monterrey,Brasileiro,Ricardo Rentería (Monterrey)
Alexis Francisco Peña,MEX,DF,27,17.0,765.0,118.0,406.0,324.0,40.0,14.0,765.0,4.0,1.0,25.0,2.0,50.0,369.0,1671.0,871.0,4.0,2.0,0.0,7.0,2.0,410.0,4.0,Necaxa,Brasileiro,Alexis Francisco Peña (Necaxa)
Bryan Garnica,MEX,MF,27,14.9,632.0,12.0,92.0,190.0,361.0,32.0,632.0,47.0,24.0,51.1,17.0,36.2,334.0,1728.0,791.0,30.0,17.0,9.0,28.0,21.0,351.0,107.0,Necaxa,Brasileiro,Bryan Garnica (Necaxa)
Alán Montes,MEX,DF,23,14.6,809.0,110.0,465.0,325.0,32.0,21.0,809.0,11.0,6.0,54.5,4.0,36.4,391.0,2347.0,1469.0,7.0,2.0,0.0,12.0,3.0,399.0,3.0,Necaxa,Brasileiro,Alán Montes (Necaxa)
Facundo Batista,URU,FW,24,12.3,291.0,27.0,36.0,109.0,148.0,46.0,289.0,11.0,7.0,63.6,3.0,27.3,115.0,423.0,180.0,9.0,3.0,4.0,29.0,7.0,175.0,38.0,Necaxa,Brasileiro,Facundo Batista (Necaxa)
Fernando Arce Jr.,USA,MF,27,10.9,484.0,29.0,150.0,286.0,53.0,6.0,484.0,8.0,4.0,50.0,3.0,37.5,207.0,1113.0,504.0,4.0,1.0,0.0,10.0,5.0,227.0,10.0,Necaxa,Brasileiro,Fernando Arce Jr. (Necaxa)
Raúl Gudiño,MEX,GK,27,9.5,317.0,277.0,316.0,1.0,0.0,0.0,317.0,0.0,0.0,0.0,0.0,0.0,134.0,672.0,460.0,0.0,0.0,0.0,0.0,0.0,103.0,0.0,Necaxa,Brasileiro,Raúl Gudiño (Necaxa)
Jorge Rodríguez,MEX,DF,22,9.5,462.0,33.0,150.0,228.0,93.0,12.0,462.0,10.0,8.0,80.0,2.0,20.0,163.0,817.0,454.0,15.0,7.0,0.0,8.0,5.0,180.0,15.0,Necaxa,Brasileiro,Jorge Rodríguez (Necaxa)
Édgar Méndez,ESP,"FW,MF",33,8.5,275.0,6.0,21.0,108.0,150.0,34.0,275.0,14.0,7.0,50.0,6.0,42.9,162.0,692.0,223.0,6.0,7.0,2.0,24.0,16.0,205.0,44.0,Necaxa,Brasileiro,Édgar Méndez (Necaxa)
Heriberto Jurado,MEX,MF,18,6.6,242.0,5.0,33.0,106.0,109.0,12.0,242.0,32.0,16.0,50.0,16.0,50.0,121.0,1007.0,424.0,17.0,14.0,3.0,15.0,9.0,133.0,24.0,Necaxa,Brasileiro,Heriberto Jurado (Necaxa)
Jair Cortés,MEX,"DF,MF",23,8.3,458.0,28.0,137.0,203.0,123.0,8.0,458.0,10.0,3.0,30.0,6.0,60.0,200.0,1015.0,565.0,16.0,15.0,5.0,12.0,8.0,211.0,32.0,Necaxa,Brasileiro,Jair Cortés (Necaxa)
Emilio Martínez González,MEX,DF,20,7.5,370.0,27.0,109.0,185.0,76.0,0.0,370.0,0.0,0.0,0.0,0.0,0.0,134.0,584.0,259.0,5.0,12.0,0.0,8.0,6.0,160.0,17.0,Necaxa,Brasileiro,Emilio Martínez González (Necaxa)
Ezequiel Unsain,ARG,GK,28,7.5,220.0,184.0,218.0,2.0,0.0,0.0,220.0,0.0,0.0,0.0,0.0,0.0,95.0,597.0,336.0,0.0,0.0,0.0,0.0,0.0,70.0,0.0,Necaxa,Brasileiro,Ezequiel Unsain (Necaxa)
Ricardo Monreal,MEX,FW,22,6.3,273.0,2.0,13.0,105.0,163.0,29.0,273.0,33.0,15.0,45.5,16.0,48.5,168.0,936.0,387.0,21.0,14.0,6.0,29.0,16.0,200.0,44.0,Necaxa,Brasileiro,Ricardo Monreal (Necaxa)
Agustín Oliveros,URU,DF,25,6.0,256.0,21.0,86.0,121.0,49.0,5.0,256.0,4.0,1.0,25.0,2.0,50.0,108.0,504.0,221.0,2.0,3.0,0.0,8.0,2.0,125.0,10.0,Necaxa,Brasileiro,Agustín Oliveros (Necaxa)
Vicente Poggi,URU,MF,21,5.8,291.0,9.0,62.0,178.0,57.0,2.0,291.0,9.0,6.0,66.7,3.0,33.3,141.0,686.0,359.0,9.0,11.0,0.0,7.0,8.0,156.0,13.0,Necaxa,Brasileiro,Vicente Poggi (Necaxa)
Andrés Colorado,COL,MF,25,5.7,233.0,15.0,54.0,139.0,43.0,5.0,233.0,6.0,4.0,66.7,1.0,16.7,112.0,565.0,241.0,2.0,7.0,0.0,11.0,2.0,143.0,10.0,Necaxa,Brasileiro,Andrés Colorado (Necaxa)
Alejandro Andrade,MEX,MF,22,4.3,159.0,8.0,39.0,87.0,35.0,2.0,159.0,6.0,4.0,66.7,2.0,33.3,65.0,390.0,137.0,1.0,5.0,0.0,5.0,1.0,73.0,2.0,Necaxa,Brasileiro,Alejandro Andrade (Necaxa)
Cristian González Bautista,MEX,"DF,MF",25,4.4,200.0,4.0,61.0,90.0,53.0,2.0,200.0,6.0,4.0,66.7,2.0,33.3,99.0,566.0,313.0,8.0,8.0,1.0,8.0,4.0,106.0,13.0,Necaxa,Brasileiro,Cristian González Bautista (Necaxa)
Jhon Chancellor,VEN,DF,31,4.3,202.0,35.0,120.0,78.0,6.0,1.0,202.0,1.0,0.0,0.0,1.0,100.0,89.0,524.0,308.0,2.0,1.0,0.0,4.0,2.0,89.0,1.0,Necaxa,Brasileiro,Jhon Chancellor (Necaxa)
Diego Gómez,MEX,"MF,FW",20,3.4,121.0,3.0,32.0,70.0,20.0,5.0,121.0,3.0,1.0,33.3,2.0,66.7,55.0,187.0,77.0,0.0,2.0,0.0,7.0,2.0,55.0,4.0,Necaxa,Brasileiro,Diego Gómez (Necaxa)
José Joaquín Esquivel,MEX,MF,25,3.0,112.0,5.0,29.0,75.0,10.0,0.0,112.0,3.0,1.0,33.3,1.0,33.3,51.0,159.0,82.0,1.0,1.0,1.0,1.0,2.0,58.0,4.0,Necaxa,Brasileiro,José Joaquín Esquivel (Necaxa)
Fabricio Formiliano,URU,DF,30,2.8,132.0,25.0,78.0,51.0,3.0,3.0,132.0,0.0,0.0,0.0,0.0,0.0,57.0,171.0,62.0,0.0,1.0,0.0,0.0,0.0,64.0,0.0,Necaxa,Brasileiro,Fabricio Formiliano (Necaxa)
Braian Samudio,PAR,"MF,FW",28,3.8,220.0,3.0,19.0,105.0,98.0,13.0,220.0,5.0,1.0,20.0,4.0,80.0,119.0,735.0,221.0,6.0,5.0,0.0,15.0,8.0,163.0,23.0,Necaxa,Brasileiro,Braian Samudio (Necaxa)
Daniel Mantilla,COL,"MF,FW",27,3.0,116.0,2.0,20.0,45.0,52.0,11.0,116.0,7.0,5.0,71.4,2.0,28.6,67.0,422.0,74.0,4.0,1.0,3.0,13.0,7.0,80.0,28.0,Necaxa,Brasileiro,Daniel Mantilla (Necaxa)
Rogelio Cortéz Pineda,MEX,MF,19,2.1,82.0,4.0,18.0,47.0,19.0,1.0,82.0,1.0,1.0,100.0,0.0,0.0,38.0,232.0,127.0,3.0,2.0,0.0,4.0,1.0,39.0,1.0,Necaxa,Brasileiro,Rogelio Cortéz Pineda (Necaxa)
Maximiliano Silvera,URU,FW,26,1.2,38.0,0.0,1.0,18.0,19.0,10.0,38.0,3.0,1.0,33.3,1.0,33.3,30.0,132.0,9.0,1.0,0.0,2.0,5.0,5.0,31.0,9.0,Necaxa,Brasileiro,Maximiliano Silvera (Necaxa)
Alfredo Gutierrez,MEX,DF,20,0.9,33.0,2.0,19.0,13.0,1.0,1.0,33.0,0.0,0.0,0.0,0.0,0.0,15.0,88.0,52.0,0.0,0.0,0.0,0.0,1.0,16.0,0.0,Necaxa,Brasileiro,Alfredo Gutierrez (Necaxa)
Misael Domínguez,MEX,"MF,DF",24,1.2,84.0,0.0,3.0,29.0,55.0,2.0,84.0,6.0,3.0,50.0,2.0,33.3,58.0,462.0,327.0,9.0,8.0,0.0,4.0,2.0,65.0,13.0,Necaxa,Brasileiro,Misael Domínguez (Necaxa)
Waldo Madrid,MEX,"DF,FW",20,0.5,26.0,1.0,6.0,7.0,13.0,2.0,26.0,2.0,2.0,100.0,0.0,0.0,14.0,71.0,26.0,1.0,0.0,0.0,3.0,1.0,15.0,6.0,Necaxa,Brasileiro,Waldo Madrid (Necaxa)
Arath Moreno,MEX,MF,18,0.4,25.0,0.0,6.0,15.0,4.0,0.0,25.0,1.0,0.0,0.0,1.0,100.0,12.0,61.0,25.0,0.0,1.0,0.0,1.0,1.0,11.0,0.0,Necaxa,Brasileiro,Arath Moreno (Necaxa)
César López,MEX,FW,21,0.1,4.0,2.0,2.0,0.0,2.0,2.0,4.0,0.0,0.0,0.0,0.0,0.0,1.0,12.0,10.0,1.0,0.0,1.0,0.0,0.0,2.0,0.0,Necaxa,Brasileiro,César López (Necaxa)
Alek Álvarez,MEX,DF,20,0.1,9.0,1.0,4.0,4.0,1.0,0.0,9.0,1.0,1.0,100.0,0.0,0.0,5.0,51.0,38.0,2.0,0.0,0.0,0.0,0.0,5.0,0.0,Necaxa,Brasileiro,Alek Álvarez (Necaxa)
Miguel Rodríguez,MEX,DF,20,16.7,1011.0,31.0,297.0,489.0,240.0,22.0,1011.0,42.0,20.0,47.6,21.0,50.0,482.0,2882.0,1488.0,41.0,29.0,13.0,33.0,17.0,480.0,66.0,Pachuca,Brasileiro,Miguel Rodríguez (Pachuca)
Gustavo Cabral,ARG,DF,38,16.0,887.0,82.0,404.0,462.0,30.0,17.0,886.0,2.0,1.0,50.0,1.0,50.0,449.0,1783.0,882.0,2.0,2.0,0.0,3.0,6.0,466.0,0.0,Pachuca,Brasileiro,Gustavo Cabral (Pachuca)
Sergio Barreto,ARG,DF,24,15.3,828.0,98.0,411.0,404.0,19.0,12.0,828.0,1.0,0.0,0.0,1.0,100.0,361.0,1542.0,743.0,5.0,1.0,0.0,14.0,0.0,369.0,1.0,Pachuca,Brasileiro,Sergio Barreto (Pachuca)
Carlos Moreno,MEX,GK,25,14.0,443.0,385.0,442.0,1.0,0.0,0.0,443.0,1.0,0.0,0.0,1.0,100.0,182.0,920.0,588.0,0.0,0.0,0.0,0.0,0.0,115.0,0.0,Pachuca,Brasileiro,Carlos Moreno (Pachuca)
Erick Sánchez,MEX,"MF,FW",24,12.8,878.0,22.0,137.0,541.0,214.0,12.0,878.0,33.0,18.0,54.5,11.0,33.3,501.0,2912.0,1664.0,31.0,40.0,3.0,28.0,11.0,556.0,37.0,Pachuca,Brasileiro,Erick Sánchez (Pachuca)
Lucas Di Yorio,ARG,FW,27,11.3,358.0,13.0,21.0,138.0,202.0,68.0,358.0,26.0,8.0,30.8,16.0,61.5,187.0,1335.0,522.0,25.0,14.0,14.0,26.0,20.0,264.0,71.0,Pachuca,Brasileiro,Lucas Di Yorio (Pachuca)
Elias Montiel,MEX,MF,18,10.0,562.0,11.0,77.0,391.0,103.0,5.0,562.0,23.0,15.0,65.2,8.0,34.8,362.0,2092.0,994.0,19.0,16.0,1.0,19.0,20.0,393.0,21.0,Pachuca,Brasileiro,Elias Montiel (Pachuca)
Roberto de la Rosa,MEX,"FW,MF",23,8.7,387.0,12.0,28.0,188.0,175.0,33.0,387.0,20.0,10.0,50.0,10.0,50.0,246.0,1359.0,549.0,15.0,14.0,5.0,28.0,9.0,296.0,76.0,Pachuca,Brasileiro,Roberto de la Rosa (Pachuca)
José Castillo Pérez,MEX,DF,22,8.3,624.0,30.0,159.0,306.0,164.0,20.0,624.0,7.0,2.0,28.6,5.0,71.4,308.0,1652.0,868.0,20.0,16.0,5.0,8.0,7.0,323.0,40.0,Pachuca,Brasileiro,José Castillo Pérez (Pachuca)
Marino Hinestroza,COL,"MF,FW",21,7.7,371.0,2.0,30.0,184.0,166.0,25.0,371.0,51.0,27.0,52.9,21.0,41.2,261.0,1830.0,855.0,21.0,19.0,8.0,29.0,20.0,273.0,61.0,Pachuca,Brasileiro,Marino Hinestroza (Pachuca)
David Terans,URU,"MF,FW",29,6.1,293.0,1.0,10.0,137.0,148.0,22.0,293.0,13.0,9.0,69.2,4.0,30.8,176.0,997.0,471.0,13.0,10.0,5.0,20.0,6.0,203.0,34.0,Pachuca,Brasileiro,David Terans (Pachuca)
Byron Castillo,ECU,DF,25,7.3,460.0,23.0,106.0,219.0,139.0,7.0,460.0,23.0,6.0,26.1,11.0,47.8,225.0,1086.0,514.0,16.0,13.0,2.0,14.0,8.0,256.0,45.0,Pachuca,Brasileiro,Byron Castillo (Pachuca)
Jesús Hernández,MEX,"MF,FW",22,5.9,317.0,5.0,35.0,134.0,150.0,28.0,317.0,19.0,10.0,52.6,9.0,47.4,195.0,1316.0,615.0,27.0,9.0,12.0,28.0,21.0,224.0,50.0,Pachuca,Brasileiro,Jesús Hernández (Pachuca)
Celso Ortiz,PAR,MF,34,5.6,330.0,19.0,72.0,229.0,34.0,6.0,330.0,3.0,2.0,66.7,1.0,33.3,167.0,776.0,329.0,4.0,5.0,1.0,6.0,5.0,174.0,3.0,Pachuca,Brasileiro,Celso Ortiz (Pachuca)
Jorge Berlanga,MEX,DF,20,5.3,337.0,18.0,122.0,194.0,22.0,3.0,337.0,0.0,0.0,0.0,0.0,0.0,170.0,708.0,318.0,2.0,3.0,0.0,2.0,0.0,193.0,2.0,Pachuca,Brasileiro,Jorge Berlanga (Pachuca)
Bryan González,MEX,"MF,FW",20,3.9,162.0,3.0,14.0,77.0,73.0,12.0,162.0,12.0,5.0,41.7,7.0,58.3,106.0,496.0,223.0,9.0,4.0,4.0,10.0,4.0,115.0,25.0,Pachuca,Brasileiro,Bryan González (Pachuca)
Pedro Pedraza,MEX,MF,23,5.2,318.0,9.0,60.0,227.0,35.0,3.0,318.0,5.0,2.0,40.0,2.0,40.0,190.0,909.0,365.0,4.0,6.0,1.0,5.0,3.0,188.0,2.0,Pachuca,Brasileiro,Pedro Pedraza (Pachuca)
Oussama Idrissi,MAR,"FW,MF",27,3.6,213.0,2.0,27.0,94.0,95.0,13.0,213.0,25.0,13.0,52.0,10.0,40.0,146.0,1043.0,413.0,10.0,13.0,5.0,9.0,9.0,142.0,28.0,Pachuca,Brasileiro,Oussama Idrissi (Pachuca)
Óscar Ustari,ARG,GK,37,3.0,92.0,73.0,92.0,0.0,0.0,0.0,92.0,0.0,0.0,0.0,0.0,0.0,42.0,197.0,122.0,0.0,0.0,0.0,0.0,0.0,22.0,0.0,Pachuca,Brasileiro,Óscar Ustari (Pachuca)
Illian Hernandez,MEX,FW,23,4.5,176.0,12.0,18.0,85.0,73.0,24.0,175.0,5.0,0.0,0.0,4.0,80.0,78.0,388.0,148.0,5.0,4.0,3.0,17.0,2.0,108.0,19.0,Pachuca,Brasileiro,Illian Hernandez (Pachuca)
Francisco Antonio Figueroa,MEX,"MF,FW",24,2.2,114.0,0.0,2.0,42.0,72.0,6.0,114.0,19.0,8.0,42.1,10.0,52.6,80.0,743.0,391.0,11.0,11.0,3.0,6.0,5.0,85.0,18.0,Pachuca,Brasileiro,Francisco Antonio Figueroa (Pachuca)
Jahaziel Marchand,MEX,MF,22,2.2,120.0,4.0,23.0,83.0,18.0,1.0,120.0,3.0,2.0,66.7,1.0,33.3,60.0,222.0,92.0,2.0,3.0,1.0,1.0,2.0,60.0,2.0,Pachuca,Brasileiro,Jahaziel Marchand (Pachuca)
Alexei Dominguez,MEX,"MF,FW",18,2.0,99.0,1.0,11.0,39.0,51.0,3.0,99.0,9.0,4.0,44.4,5.0,55.6,58.0,385.0,171.0,5.0,4.0,3.0,4.0,4.0,67.0,24.0,Pachuca,Brasileiro,Alexei Dominguez (Pachuca)
Paulino,ESP,MF,26,1.4,99.0,0.0,8.0,54.0,42.0,4.0,99.0,11.0,8.0,72.7,3.0,27.3,63.0,364.0,162.0,6.0,4.0,0.0,2.0,4.0,74.0,10.0,Pachuca,Brasileiro,Paulino (Pachuca)
Israel Luna,MEX,MF,21,1.2,74.0,2.0,9.0,49.0,16.0,1.0,74.0,1.0,0.0,0.0,1.0,100.0,40.0,226.0,118.0,3.0,3.0,0.0,3.0,2.0,45.0,1.0,Pachuca,Brasileiro,Israel Luna (Pachuca)
Javier Eduardo López,MEX,"MF,FW",29,2.9,181.0,2.0,8.0,75.0,101.0,9.0,181.0,6.0,4.0,66.7,2.0,33.3,103.0,457.0,223.0,6.0,3.0,1.0,9.0,6.0,131.0,20.0,Pachuca,Brasileiro,Javier Eduardo López (Pachuca)
René López,MEX,DF,21,0.8,46.0,2.0,8.0,23.0,16.0,0.0,46.0,4.0,3.0,75.0,1.0,25.0,30.0,157.0,45.0,1.0,1.0,0.0,1.0,2.0,29.0,9.0,Pachuca,Brasileiro,René López (Pachuca)
Luis Sánchez,MEX,DF,23,0.7,35.0,2.0,11.0,17.0,7.0,0.0,35.0,0.0,0.0,0.0,0.0,0.0,14.0,57.0,25.0,0.0,0.0,0.0,3.0,2.0,16.0,2.0,Pachuca,Brasileiro,Luis Sánchez (Pachuca)
Owen González,MEX,"MF,FW",20,1.6,85.0,0.0,6.0,27.0,54.0,8.0,85.0,5.0,3.0,60.0,2.0,40.0,58.0,345.0,174.0,7.0,5.0,3.0,5.0,7.0,59.0,19.0,Pachuca,Brasileiro,Owen González (Pachuca)
Fernando Ovelar,PAR,"MF,FW",19,0.4,19.0,0.0,3.0,13.0,7.0,0.0,19.0,7.0,2.0,28.6,5.0,71.4,16.0,151.0,77.0,2.0,1.0,0.0,0.0,1.0,14.0,3.0,Pachuca,Brasileiro,Fernando Ovelar (Pachuca)
Diego De Buen,MEX,"MF,DF",32,17.0,976.0,81.0,373.0,515.0,94.0,14.0,976.0,14.0,7.0,50.0,7.0,50.0,471.0,2115.0,1089.0,11.0,10.0,1.0,17.0,7.0,617.0,10.0,Puebla,Brasileiro,Diego De Buen (Puebla)
Jesús Rodríguez,MEX,GK,30,17.0,699.0,554.0,696.0,3.0,0.0,0.0,699.0,0.0,0.0,0.0,0.0,0.0,363.0,1875.0,1167.0,0.0,1.0,1.0,0.0,0.0,290.0,0.0,Puebla,Brasileiro,Jesús Rodríguez (Puebla)
Gastón Silva,URU,DF,29,17.0,1086.0,134.0,594.0,451.0,51.0,13.0,1086.0,1.0,1.0,100.0,0.0,0.0,570.0,3043.0,1942.0,12.0,7.0,0.0,6.0,3.0,657.0,4.0,Puebla,Brasileiro,Gastón Silva (Puebla)
Brayan Angulo,COL,"DF,MF",34,16.8,1124.0,27.0,307.0,557.0,284.0,28.0,1124.0,98.0,60.0,61.2,36.0,36.7,631.0,4753.0,2637.0,67.0,57.0,12.0,31.0,29.0,697.0,54.0,Puebla,Brasileiro,Brayan Angulo (Puebla)
Guillermo Martínez Ayala,MEX,FW,28,15.0,511.0,21.0,36.0,276.0,203.0,77.0,509.0,27.0,12.0,44.4,13.0,48.1,281.0,1169.0,377.0,8.0,10.0,3.0,46.0,35.0,403.0,63.0,Puebla,Brasileiro,Guillermo Martínez Ayala (Puebla)
Gustavo Ferrareis,BRA,DF,27,14.4,848.0,59.0,283.0,406.0,166.0,7.0,848.0,19.0,7.0,36.8,11.0,57.9,432.0,2259.0,1137.0,28.0,18.0,1.0,17.0,14.0,483.0,50.0,Puebla,Brasileiro,Gustavo Ferrareis (Puebla)
Pablo González Díaz,MEX,MF,31,14.3,775.0,57.0,233.0,504.0,47.0,0.0,775.0,4.0,3.0,75.0,0.0,0.0,380.0,1828.0,777.0,4.0,5.0,0.0,12.0,5.0,444.0,7.0,Puebla,Brasileiro,Pablo González Díaz (Puebla)
Kevin Velasco,COL,MF,26,13.1,631.0,3.0,76.0,301.0,272.0,32.0,631.0,47.0,24.0,51.1,20.0,42.6,432.0,3649.0,1938.0,71.0,61.0,15.0,36.0,18.0,476.0,95.0,Puebla,Brasileiro,Kevin Velasco (Puebla)
Sebastián Olmedo,PAR,DF,22,14.0,810.0,144.0,530.0,283.0,10.0,2.0,810.0,15.0,9.0,60.0,5.0,33.3,426.0,2040.0,1097.0,3.0,4.0,1.0,9.0,1.0,467.0,1.0,Puebla,Brasileiro,Sebastián Olmedo (Puebla)
Daniel Álvarez López,MEX,"MF,FW",29,9.4,437.0,9.0,44.0,193.0,206.0,25.0,437.0,32.0,11.0,34.4,17.0,53.1,232.0,1603.0,996.0,37.0,22.0,7.0,18.0,5.0,292.0,64.0,Puebla,Brasileiro,Daniel Álvarez López (Puebla)
Martín Barragán,MEX,FW,32,9.3,316.0,9.0,22.0,157.0,139.0,42.0,316.0,11.0,2.0,18.2,8.0,72.7,173.0,777.0,262.0,6.0,10.0,3.0,24.0,22.0,227.0,44.0,Puebla,Brasileiro,Martín Barragán (Puebla)
Carlos Baltazar,MEX,MF,26,6.1,281.0,6.0,51.0,141.0,98.0,15.0,281.0,18.0,8.0,44.4,8.0,44.4,165.0,1096.0,455.0,14.0,17.0,1.0,14.0,10.0,181.0,38.0,Puebla,Brasileiro,Carlos Baltazar (Puebla)
Luis García,MEX,"DF,MF",30,4.0,190.0,5.0,40.0,81.0,74.0,13.0,190.0,13.0,6.0,46.2,7.0,53.8,111.0,1032.0,585.0,22.0,8.0,6.0,7.0,6.0,131.0,29.0,Puebla,Brasileiro,Luis García (Puebla)
Ángel Robles,MEX,"FW,MF",22,3.2,110.0,1.0,20.0,53.0,42.0,10.0,110.0,12.0,4.0,33.3,7.0,58.3,67.0,435.0,143.0,5.0,5.0,2.0,12.0,2.0,69.0,19.0,Puebla,Brasileiro,Ángel Robles (Puebla)
Miguel Sansores,MEX,"FW,MF",32,3.5,144.0,5.0,21.0,68.0,57.0,15.0,144.0,4.0,2.0,50.0,2.0,50.0,73.0,289.0,110.0,1.0,4.0,1.0,13.0,7.0,100.0,22.0,Puebla,Brasileiro,Miguel Sansores (Puebla)
Federico Mancuello,ARG,MF,34,3.0,208.0,10.0,32.0,122.0,54.0,3.0,208.0,5.0,3.0,60.0,2.0,40.0,115.0,536.0,261.0,3.0,3.0,0.0,6.0,2.0,129.0,10.0,Puebla,Brasileiro,Federico Mancuello (Puebla)
Alberto Herrera,MEX,"DF,MF",22,1.5,80.0,3.0,11.0,40.0,30.0,2.0,80.0,3.0,0.0,0.0,3.0,100.0,43.0,164.0,82.0,2.0,3.0,0.0,0.0,1.0,53.0,5.0,Puebla,Brasileiro,Alberto Herrera (Puebla)
Efraín Orona,MEX,"DF,MF",24,1.2,69.0,11.0,40.0,28.0,2.0,0.0,69.0,1.0,0.0,0.0,1.0,100.0,25.0,98.0,42.0,1.0,1.0,0.0,0.0,0.0,31.0,1.0,Puebla,Brasileiro,Efraín Orona (Puebla)
Diego Zago,MEX,MF,21,1.0,54.0,2.0,8.0,42.0,4.0,0.0,54.0,1.0,0.0,0.0,1.0,100.0,30.0,129.0,42.0,0.0,0.0,0.0,0.0,1.0,33.0,1.0,Puebla,Brasileiro,Diego Zago (Puebla)
Gabriel Carabajal,ARG,"MF,FW",32,1.6,106.0,3.0,12.0,68.0,30.0,2.0,106.0,6.0,2.0,33.3,3.0,50.0,57.0,369.0,169.0,3.0,5.0,1.0,5.0,2.0,62.0,12.0,Puebla,Brasileiro,Gabriel Carabajal (Puebla)
Lucas de los Santos,URU,"MF,FW",22,1.5,89.0,5.0,26.0,40.0,23.0,0.0,89.0,2.0,1.0,50.0,1.0,50.0,43.0,128.0,31.0,0.0,2.0,0.0,1.0,1.0,51.0,4.0,Puebla,Brasileiro,Lucas de los Santos (Puebla)
Daniel Aguilar,MEX,"FW,MF",25,1.3,102.0,4.0,17.0,45.0,40.0,5.0,102.0,3.0,1.0,33.3,2.0,66.7,43.0,263.0,158.0,7.0,4.0,2.0,9.0,0.0,59.0,11.0,Puebla,Brasileiro,Daniel Aguilar (Puebla)
Facundo Waller,URU,MF,26,0.9,58.0,3.0,12.0,28.0,20.0,2.0,58.0,7.0,3.0,42.9,3.0,42.9,39.0,332.0,119.0,3.0,4.0,1.0,5.0,2.0,40.0,10.0,Puebla,Brasileiro,Facundo Waller (Puebla)
Fernando Arce Jr.,USA,"MF,DF",27,0.7,46.0,0.0,6.0,35.0,6.0,0.0,46.0,1.0,1.0,100.0,0.0,0.0,29.0,124.0,46.0,0.0,0.0,0.0,3.0,1.0,38.0,1.0,Puebla,Brasileiro,Fernando Arce Jr. (Puebla)
S. González,MEX,FW,20,0.1,0.0,0.0,0.0,0.0,0.0,0.0,0.0,0.0,0.0,0.0,0.0,0.0,0.0,0.0,0.0,0.0,0.0,0.0,0.0,0.0,0.0,0.0,Puebla,Brasileiro,S. González (Puebla)
Emanuel Gularte,URU,DF,26,17.0,707.0,121.0,395.0,275.0,44.0,26.0,707.0,7.0,6.0,85.7,0.0,0.0,313.0,1727.0,1010.0,8.0,5.0,0.0,9.0,4.0,343.0,6.0,Querétaro,Brasileiro,Emanuel Gularte (Querétaro)
Federico Lértora,ARG,MF,33,15.7,793.0,50.0,220.0,417.0,172.0,32.0,793.0,20.0,9.0,45.0,10.0,50.0,368.0,2050.0,959.0,23.0,20.0,5.0,20.0,9.0,401.0,18.0,Querétaro,Brasileiro,Federico Lértora (Querétaro)
Pablo Barrera,MEX,"MF,FW",36,14.8,714.0,4.0,79.0,318.0,328.0,18.0,713.0,52.0,20.0,38.5,29.0,55.8,381.0,2368.0,1055.0,35.0,20.0,8.0,25.0,18.0,404.0,96.0,Querétaro,Brasileiro,Pablo Barrera (Querétaro)
Kevin Escamilla,MEX,MF,29,13.1,498.0,21.0,138.0,299.0,66.0,11.0,498.0,4.0,1.0,25.0,3.0,75.0,221.0,1031.0,450.0,10.0,6.0,2.0,13.0,6.0,251.0,8.0,Querétaro,Brasileiro,Kevin Escamilla (Querétaro)
Óscar Manzanarez,MEX,DF,28,11.6,451.0,61.0,234.0,176.0,44.0,11.0,451.0,3.0,1.0,33.3,2.0,66.7,168.0,683.0,278.0,0.0,1.0,0.0,12.0,1.0,202.0,6.0,Querétaro,Brasileiro,Óscar Manzanarez (Querétaro)
Omar Israel Mendoza,MEX,DF,35,11.4,536.0,41.0,200.0,236.0,107.0,8.0,536.0,6.0,4.0,66.7,1.0,16.7,220.0,939.0,403.0,8.0,5.0,1.0,17.0,6.0,228.0,22.0,Querétaro,Brasileiro,Omar Israel Mendoza (Querétaro)
Raúl Sandoval,MEX,"DF,MF",23,12.0,505.0,23.0,126.0,182.0,203.0,15.0,505.0,32.0,12.0,37.5,20.0,62.5,235.0,1756.0,834.0,35.0,18.0,7.0,27.0,20.0,241.0,65.0,Querétaro,Brasileiro,Raúl Sandoval (Querétaro)
Guillermo Allison,MEX,GK,33,12.0,390.0,338.0,390.0,0.0,0.0,0.0,390.0,0.0,0.0,0.0,0.0,0.0,176.0,1117.0,779.0,0.0,0.0,0.0,3.0,0.0,104.0,0.0,Querétaro,Brasileiro,Guillermo Allison (Querétaro)
Jaime Gómez Valencia,MEX,"DF,MF",30,10.3,490.0,22.0,144.0,228.0,127.0,12.0,490.0,16.0,9.0,56.3,7.0,43.8,252.0,1322.0,519.0,9.0,12.0,2.0,8.0,10.0,272.0,33.0,Querétaro,Brasileiro,Jaime Gómez Valencia (Querétaro)
José Zúñiga,COL,FW,29,9.5,268.0,4.0,11.0,108.0,153.0,53.0,268.0,18.0,7.0,38.9,10.0,55.6,137.0,985.0,357.0,13.0,5.0,11.0,34.0,11.0,190.0,49.0,Querétaro,Brasileiro,José Zúñiga (Querétaro)
Miguel Barbieri,ARG,DF,30,8.6,427.0,68.0,251.0,163.0,17.0,10.0,427.0,1.0,1.0,100.0,0.0,0.0,173.0,804.0,469.0,1.0,1.0,0.0,8.0,1.0,198.0,2.0,Querétaro,Brasileiro,Miguel Barbieri (Querétaro)
Jordan Sierra,ECU,"MF,FW",26,9.0,411.0,10.0,79.0,204.0,134.0,17.0,411.0,13.0,9.0,69.2,4.0,30.8,198.0,902.0,363.0,9.0,7.0,1.0,19.0,5.0,217.0,28.0,Querétaro,Brasileiro,Jordan Sierra (Querétaro)
Camilo Sanvezzo,BRA,"FW,MF",35,6.6,212.0,7.0,12.0,99.0,104.0,36.0,211.0,15.0,10.0,66.7,5.0,33.3,124.0,638.0,306.0,11.0,8.0,3.0,18.0,10.0,133.0,24.0,Querétaro,Brasileiro,Camilo Sanvezzo (Querétaro)
Ettson Ayon,MEX,"FW,MF",22,5.4,134.0,7.0,13.0,47.0,78.0,18.0,134.0,17.0,10.0,58.8,5.0,29.4,95.0,598.0,226.0,8.0,7.0,3.0,18.0,13.0,106.0,24.0,Querétaro,Brasileiro,Ettson Ayon (Querétaro)
Fernando Tapia Méndez,MEX,GK,22,5.0,151.0,137.0,150.0,1.0,0.0,0.0,151.0,1.0,1.0,100.0,0.0,0.0,73.0,426.0,222.0,0.0,0.0,0.0,0.0,0.0,51.0,1.0,Querétaro,Brasileiro,Fernando Tapia Méndez (Querétaro)
Ángel Sepúlveda,MEX,FW,32,3.6,157.0,0.0,10.0,77.0,71.0,16.0,157.0,8.0,5.0,62.5,3.0,37.5,88.0,371.0,139.0,2.0,3.0,2.0,12.0,5.0,117.0,19.0,Querétaro,Brasileiro,Ángel Sepúlveda (Querétaro)
Jonathan Perlaza,ECU,DF,26,3.1,168.0,15.0,56.0,88.0,27.0,1.0,168.0,6.0,4.0,66.7,2.0,33.3,72.0,294.0,110.0,1.0,1.0,0.0,4.0,1.0,66.0,6.0,Querétaro,Brasileiro,Jonathan Perlaza (Querétaro)
Marco García,MEX,MF,23,3.1,153.0,0.0,18.0,93.0,48.0,3.0,153.0,3.0,1.0,33.3,2.0,66.7,96.0,580.0,237.0,6.0,5.0,0.0,5.0,5.0,98.0,11.0,Querétaro,Brasileiro,Marco García (Querétaro)
Nicolás Cordero,ARG,FW,24,3.5,120.0,7.0,18.0,54.0,49.0,17.0,120.0,4.0,1.0,25.0,3.0,75.0,51.0,218.0,59.0,1.0,1.0,1.0,7.0,6.0,85.0,16.0,Querétaro,Brasileiro,Nicolás Cordero (Querétaro)
Joaquín Montecinos,CHI,"FW,MF",28,2.6,111.0,1.0,7.0,41.0,66.0,12.0,111.0,8.0,3.0,37.5,4.0,50.0,65.0,391.0,181.0,9.0,7.0,3.0,6.0,2.0,70.0,20.0,Querétaro,Brasileiro,Joaquín Montecinos (Querétaro)
Pablo Ortiz,MEX,DF,21,2.4,147.0,10.0,68.0,64.0,16.0,1.0,147.0,1.0,1.0,100.0,0.0,0.0,50.0,263.0,139.0,3.0,1.0,0.0,1.0,1.0,68.0,3.0,Querétaro,Brasileiro,Pablo Ortiz (Querétaro)
Rodrigo López,MEX,MF,36,1.6,83.0,2.0,16.0,47.0,23.0,1.0,83.0,4.0,3.0,75.0,1.0,25.0,56.0,335.0,124.0,1.0,2.0,0.0,2.0,1.0,56.0,6.0,Querétaro,Brasileiro,Rodrigo López (Querétaro)
Mauro Laínez,MEX,"MF,FW",27,2.2,93.0,3.0,22.0,37.0,35.0,3.0,93.0,10.0,5.0,50.0,5.0,50.0,64.0,548.0,273.0,8.0,8.0,1.0,7.0,1.0,69.0,10.0,Querétaro,Brasileiro,Mauro Laínez (Querétaro)
Alberto García Jr.,MEX,"MF,FW",30,0.2,31.0,0.0,9.0,7.0,15.0,5.0,31.0,1.0,1.0,100.0,0.0,0.0,16.0,73.0,47.0,2.0,1.0,0.0,3.0,0.0,23.0,3.0,Querétaro,Brasileiro,Alberto García Jr. (Querétaro)
Paolo Yrizar,MEX,MF,26,0.2,11.0,0.0,3.0,5.0,4.0,1.0,11.0,1.0,1.0,100.0,0.0,0.0,5.0,46.0,24.0,1.0,1.0,0.0,1.0,0.0,7.0,1.0,Querétaro,Brasileiro,Paolo Yrizar (Querétaro)
Jonathan Torres,ARG,MF,27,0.1,7.0,1.0,2.0,1.0,4.0,1.0,7.0,0.0,0.0,0.0,0.0,0.0,4.0,14.0,5.0,0.0,0.0,1.0,2.0,0.0,3.0,1.0,Querétaro,Brasileiro,Jonathan Torres (Querétaro)
Marco González,MEX,MF,21,0.0,4.0,0.0,3.0,1.0,0.0,0.0,4.0,0.0,0.0,0.0,0.0,0.0,1.0,6.0,1.0,0.0,0.0,0.0,0.0,0.0,1.0,0.0,Querétaro,Brasileiro,Marco González (Querétaro)
Omar Campos,MEX,DF,21,16.7,870.0,40.0,308.0,399.0,173.0,23.0,870.0,31.0,14.0,45.2,14.0,45.2,385.0,2281.0,1041.0,33.0,20.0,13.0,16.0,13.0,413.0,44.0,Santos,Brasileiro,Omar Campos (Santos)
Harold Preciado,COL,FW,29,15.7,523.0,21.0,31.0,219.0,280.0,91.0,520.0,44.0,11.0,25.0,27.0,61.4,299.0,1415.0,715.0,24.0,28.0,12.0,48.0,22.0,403.0,95.0,Santos,Brasileiro,Harold Preciado (Santos)
Alan Cervantes,MEX,MF,25,15.4,741.0,36.0,128.0,470.0,150.0,14.0,741.0,24.0,14.0,58.3,7.0,29.2,386.0,1904.0,933.0,19.0,16.0,1.0,24.0,7.0,457.0,29.0,Santos,Brasileiro,Alan Cervantes (Santos)
Emerson Rodríguez,COL,"FW,MF",23,13.6,490.0,11.0,80.0,172.0,253.0,57.0,490.0,53.0,20.0,37.7,32.0,60.4,309.0,2262.0,1198.0,48.0,24.0,26.0,48.0,32.0,329.0,109.0,Santos,Brasileiro,Emerson Rodríguez (Santos)
Juan Brunetta,ARG,"MF,FW",26,15.7,919.0,2.0,65.0,425.0,459.0,55.0,919.0,84.0,48.0,57.1,28.0,33.3,507.0,3831.0,1910.0,66.0,50.0,19.0,47.0,32.0,594.0,98.0,Santos,Brasileiro,Juan Brunetta (Santos)
Félix Torres Caicedo,ECU,DF,26,15.1,789.0,131.0,388.0,378.0,26.0,21.0,789.0,5.0,4.0,80.0,1.0,20.0,373.0,2102.0,1416.0,7.0,5.0,0.0,4.0,2.0,380.0,2.0,Santos,Brasileiro,Félix Torres Caicedo (Santos)
Duván Vergara,COL,"FW,MF",27,11.0,478.0,2.0,61.0,215.0,216.0,26.0,478.0,53.0,23.0,43.4,26.0,49.1,299.0,2182.0,1080.0,33.0,23.0,10.0,25.0,15.0,327.0,82.0,Santos,Brasileiro,Duván Vergara (Santos)
Pedro Aquino,PER,MF,28,9.8,689.0,38.0,150.0,502.0,49.0,6.0,689.0,13.0,8.0,61.5,4.0,30.8,361.0,1643.0,667.0,10.0,7.0,0.0,16.0,7.0,395.0,10.0,Santos,Brasileiro,Pedro Aquino (Santos)
Gibran Lajud,MEX,GK,30,9.0,257.0,233.0,257.0,0.0,0.0,0.0,257.0,0.0,0.0,0.0,0.0,0.0,104.0,627.0,390.0,0.0,0.0,0.0,0.0,0.0,62.0,0.0,Santos,Brasileiro,Gibran Lajud (Santos)
Dória,BRA,DF,29,9.0,460.0,58.0,242.0,202.0,22.0,12.0,460.0,1.0,1.0,100.0,0.0,0.0,221.0,1191.0,591.0,0.0,4.0,0.0,3.0,0.0,252.0,1.0,Santos,Brasileiro,Dória (Santos)
Ismael Govea,MEX,DF,26,7.8,407.0,39.0,128.0,187.0,93.0,7.0,407.0,2.0,0.0,0.0,2.0,100.0,148.0,666.0,292.0,6.0,6.0,1.0,3.0,7.0,161.0,19.0,Santos,Brasileiro,Ismael Govea (Santos)
Aldo López,MEX,MF,23,9.3,388.0,24.0,83.0,255.0,52.0,1.0,388.0,3.0,3.0,100.0,0.0,0.0,183.0,775.0,300.0,2.0,4.0,0.0,10.0,10.0,217.0,9.0,Santos,Brasileiro,Aldo López (Santos)
Raúl López Gómez,MEX,DF,30,9.1,458.0,39.0,138.0,212.0,114.0,5.0,458.0,17.0,9.0,52.9,8.0,47.1,207.0,1021.0,481.0,11.0,8.0,0.0,7.0,3.0,244.0,26.0,Santos,Brasileiro,Raúl López Gómez (Santos)
Carlos Acevedo,MEX,GK,27,6.0,166.0,151.0,165.0,1.0,0.0,0.0,166.0,0.0,0.0,0.0,0.0,0.0,73.0,361.0,250.0,0.0,0.0,0.0,0.0,0.0,45.0,0.0,Santos,Brasileiro,Carlos Acevedo (Santos)
Hugo Isaác Rodríguez,MEX,DF,33,5.2,232.0,34.0,123.0,105.0,6.0,6.0,232.0,1.0,1.0,100.0,0.0,0.0,122.0,397.0,192.0,0.0,1.0,1.0,1.0,2.0,136.0,0.0,Santos,Brasileiro,Hugo Isaác Rodríguez (Santos)
Ronaldo Prieto,MEX,DF,26,4.9,298.0,46.0,151.0,129.0,21.0,5.0,298.0,2.0,1.0,50.0,1.0,50.0,145.0,645.0,323.0,0.0,2.0,0.0,4.0,2.0,152.0,2.0,Santos,Brasileiro,Ronaldo Prieto (Santos)
Diego Medina,MEX,"FW,MF",22,5.9,251.0,3.0,34.0,78.0,146.0,28.0,251.0,20.0,9.0,45.0,11.0,55.0,176.0,1114.0,569.0,24.0,12.0,14.0,22.0,15.0,184.0,65.0,Santos,Brasileiro,Diego Medina (Santos)
Héctor Holguín,MEX,GK,22,2.0,62.0,50.0,62.0,0.0,0.0,0.0,62.0,0.0,0.0,0.0,0.0,0.0,27.0,140.0,75.0,0.0,0.0,0.0,1.0,0.0,19.0,0.0,Santos,Brasileiro,Héctor Holguín (Santos)
Javier Marcelo Correa,ARG,"FW,DF",31,1.8,108.0,2.0,7.0,50.0,56.0,17.0,108.0,13.0,6.0,46.2,7.0,53.8,60.0,413.0,224.0,7.0,6.0,3.0,11.0,1.0,77.0,20.0,Santos,Brasileiro,Javier Marcelo Correa (Santos)
Santiago Muñóz,MEX,"MF,FW",21,1.4,95.0,1.0,5.0,43.0,48.0,7.0,95.0,6.0,3.0,50.0,3.0,50.0,63.0,340.0,118.0,3.0,2.0,1.0,6.0,8.0,73.0,14.0,Santos,Brasileiro,Santiago Muñóz (Santos)
Jair González,MEX,"FW,MF",21,1.0,48.0,2.0,12.0,18.0,18.0,3.0,48.0,4.0,1.0,25.0,3.0,75.0,31.0,269.0,192.0,8.0,3.0,2.0,3.0,1.0,30.0,4.0,Santos,Brasileiro,Jair González (Santos)
Salvador Mariscal,MEX,MF,20,0.3,17.0,3.0,6.0,10.0,1.0,0.0,17.0,0.0,0.0,0.0,0.0,0.0,8.0,41.0,10.0,0.0,0.0,0.0,0.0,0.0,11.0,0.0,Santos,Brasileiro,Salvador Mariscal (Santos)
Emmanuel Echeverría,MEX,DF,20,0.2,10.0,1.0,3.0,7.0,0.0,0.0,10.0,0.0,0.0,0.0,0.0,0.0,7.0,47.0,34.0,0.0,0.0,0.0,0.0,0.0,7.0,0.0,Santos,Brasileiro,Emmanuel Echeverría (Santos)
Alberto Ocejo,MEX,"FW,DF",25,0.2,5.0,0.0,0.0,1.0,4.0,0.0,5.0,0.0,0.0,0.0,0.0,0.0,2.0,7.0,0.0,0.0,0.0,0.0,0.0,0.0,3.0,2.0,Santos,Brasileiro,Alberto Ocejo (Santos)
Diego Barbosa,MEX,DF,27,16.5,1006.0,41.0,276.0,474.0,275.0,20.0,1006.0,41.0,22.0,53.7,19.0,46.3,447.0,2737.0,1302.0,39.0,20.0,7.0,23.0,21.0,481.0,81.0,Tijuana,Brasileiro,Diego Barbosa (Tijuana)
Kevin Balanta,COL,DF,26,15.7,931.0,113.0,482.0,430.0,26.0,11.0,931.0,9.0,7.0,77.8,2.0,22.2,547.0,3295.0,1937.0,23.0,5.0,0.0,8.0,2.0,583.0,1.0,Tijuana,Brasileiro,Kevin Balanta (Tijuana)
Christian Rivera,COL,MF,27,15.3,1067.0,40.0,245.0,754.0,89.0,8.0,1067.0,22.0,12.0,54.5,8.0,36.4,548.0,2987.0,1279.0,17.0,17.0,0.0,19.0,13.0,587.0,11.0,Tijuana,Brasileiro,Christian Rivera (Tijuana)
Carlos González Espínola,PAR,FW,30,15.1,522.0,9.0,18.0,256.0,251.0,73.0,521.0,30.0,13.0,43.3,17.0,56.7,293.0,1235.0,401.0,9.0,18.0,3.0,37.0,20.0,422.0,78.0,Tijuana,Brasileiro,Carlos González Espínola (Tijuana)
Nicolás Díaz Huincales,CHI,DF,24,14.9,965.0,122.0,511.0,417.0,47.0,12.0,965.0,5.0,4.0,80.0,0.0,0.0,513.0,2981.0,1793.0,19.0,10.0,0.0,11.0,3.0,578.0,15.0,Tijuana,Brasileiro,Nicolás Díaz Huincales (Tijuana)
Fernando Madrigal,MEX,MF,32,12.1,520.0,11.0,86.0,300.0,145.0,30.0,520.0,22.0,9.0,40.9,10.0,45.5,278.0,1361.0,622.0,19.0,16.0,8.0,22.0,10.0,335.0,49.0,Tijuana,Brasileiro,Fernando Madrigal (Tijuana)
José Antonio Rodríguez,MEX,GK,31,14.0,507.0,391.0,504.0,3.0,0.0,0.0,507.0,0.0,0.0,0.0,0.0,0.0,249.0,1237.0,760.0,0.0,0.0,0.0,0.0,0.0,226.0,0.0,Tijuana,Brasileiro,José Antonio Rodríguez (Tijuana)
Lucas Rodríguez,ARG,"MF,FW",26,11.8,513.0,5.0,58.0,274.0,197.0,28.0,512.0,49.0,27.0,55.1,19.0,38.8,291.0,1922.0,936.0,29.0,20.0,4.0,43.0,21.0,307.0,47.0,Tijuana,Brasileiro,Lucas Rodríguez (Tijuana)
Alejandro Martínez,ARG,"MF,FW",26,10.7,440.0,2.0,41.0,135.0,273.0,33.0,440.0,34.0,15.0,44.1,19.0,55.9,244.0,1617.0,807.0,35.0,28.0,14.0,27.0,8.0,271.0,81.0,Tijuana,Brasileiro,Alejandro Martínez (Tijuana)
Francisco Contreras,MEX,DF,24,9.7,506.0,18.0,152.0,227.0,131.0,6.0,506.0,8.0,2.0,25.0,6.0,75.0,251.0,1276.0,686.0,19.0,10.0,2.0,10.0,5.0,278.0,43.0,Tijuana,Brasileiro,Francisco Contreras (Tijuana)
Kevin Castañeda,MEX,"MF,FW",24,8.0,457.0,4.0,45.0,232.0,188.0,12.0,457.0,15.0,9.0,60.0,6.0,40.0,237.0,1410.0,802.0,16.0,19.0,3.0,12.0,9.0,294.0,29.0,Tijuana,Brasileiro,Kevin Castañeda (Tijuana)
Domingo Blanco,ARG,"MF,FW",28,7.8,309.0,4.0,37.0,114.0,166.0,24.0,309.0,38.0,15.0,39.5,19.0,50.0,161.0,1163.0,594.0,22.0,16.0,13.0,27.0,16.0,167.0,56.0,Tijuana,Brasileiro,Domingo Blanco (Tijuana)
Eduardo Armenta,MEX,"MF,FW",22,4.9,233.0,6.0,29.0,94.0,112.0,12.0,233.0,14.0,5.0,35.7,9.0,64.3,133.0,796.0,354.0,8.0,9.0,1.0,15.0,4.0,149.0,39.0,Tijuana,Brasileiro,Eduardo Armenta (Tijuana)
Rafael Fernández,MEX,DF,23,4.5,232.0,13.0,92.0,116.0,26.0,10.0,232.0,2.0,0.0,0.0,1.0,50.0,111.0,575.0,283.0,5.0,1.0,0.0,4.0,5.0,119.0,4.0,Tijuana,Brasileiro,Rafael Fernández (Tijuana)
Jesús Vega,MEX,DF,23,4.2,230.0,1.0,36.0,109.0,89.0,2.0,230.0,8.0,3.0,37.5,5.0,62.5,110.0,673.0,398.0,16.0,15.0,0.0,5.0,2.0,120.0,24.0,Tijuana,Brasileiro,Jesús Vega (Tijuana)
José Corona,MEX,GK,42,3.0,92.0,75.0,91.0,1.0,0.0,0.0,92.0,0.0,0.0,0.0,0.0,0.0,49.0,215.0,147.0,0.0,0.0,0.0,0.0,0.0,49.0,0.0,Tijuana,Brasileiro,José Corona (Tijuana)
Alexis Canelo,ARG,FW,31,2.7,134.0,5.0,10.0,64.0,61.0,11.0,134.0,5.0,2.0,40.0,3.0,60.0,72.0,419.0,143.0,6.0,9.0,1.0,5.0,8.0,92.0,15.0,Tijuana,Brasileiro,Alexis Canelo (Tijuana)
Rodrigo Godínez,MEX,DF,31,2.4,143.0,16.0,91.0,45.0,7.0,1.0,143.0,0.0,0.0,0.0,0.0,0.0,78.0,486.0,292.0,4.0,1.0,0.0,0.0,0.0,87.0,0.0,Tijuana,Brasileiro,Rodrigo Godínez (Tijuana)
Lucas Cavallini,CAN,"FW,MF",31,4.2,155.0,3.0,8.0,55.0,97.0,29.0,155.0,12.0,3.0,25.0,9.0,75.0,96.0,600.0,152.0,7.0,5.0,5.0,21.0,9.0,125.0,31.0,Tijuana,Brasileiro,Lucas Cavallini (Tijuana)
Aaron Mejía Montoya,MEX,DF,22,2.0,123.0,3.0,37.0,55.0,34.0,2.0,123.0,3.0,1.0,33.3,2.0,66.7,55.0,354.0,153.0,2.0,5.0,0.0,5.0,1.0,70.0,6.0,Tijuana,Brasileiro,Aaron Mejía Montoya (Tijuana)
Iván Tona,MEX,MF,23,2.5,174.0,4.0,39.0,104.0,35.0,2.0,174.0,5.0,2.0,40.0,3.0,60.0,93.0,430.0,178.0,2.0,4.0,0.0,7.0,6.0,102.0,4.0,Tijuana,Brasileiro,Iván Tona (Tijuana)
Daniel Vázquez,MEX,FW,20,0.8,27.0,1.0,3.0,15.0,10.0,4.0,27.0,1.0,0.0,0.0,1.0,100.0,18.0,82.0,26.0,2.0,1.0,1.0,3.0,1.0,19.0,3.0,Tijuana,Brasileiro,Daniel Vázquez (Tijuana)
Efrain Alvarez,MEX,MF,21,1.4,74.0,1.0,10.0,32.0,33.0,4.0,74.0,7.0,4.0,57.1,3.0,42.9,51.0,273.0,50.0,0.0,2.0,0.0,6.0,3.0,44.0,12.0,Tijuana,Brasileiro,Efrain Alvarez (Tijuana)
Braian Romero,ARG,"FW,MF",32,0.6,17.0,0.0,3.0,10.0,5.0,3.0,17.0,0.0,0.0,0.0,0.0,0.0,8.0,52.0,32.0,1.0,1.0,0.0,1.0,0.0,12.0,4.0,Tijuana,Brasileiro,Braian Romero (Tijuana)
Rodrigo Parra,MEX,DF,20,0.3,25.0,2.0,14.0,11.0,0.0,0.0,25.0,0.0,0.0,0.0,0.0,0.0,17.0,63.0,27.0,0.0,0.0,0.0,0.0,0.0,19.0,0.0,Tijuana,Brasileiro,Rodrigo Parra (Tijuana)
Abraham Flores,MEX,DF,21,0.3,20.0,3.0,5.0,9.0,6.0,0.0,20.0,1.0,0.0,0.0,1.0,100.0,9.0,29.0,7.0,0.0,0.0,0.0,1.0,0.0,13.0,2.0,Tijuana,Brasileiro,Abraham Flores (Tijuana)
Carlos Galicia,MEX,MF,19,0.2,14.0,1.0,3.0,10.0,1.0,0.0,14.0,0.0,0.0,0.0,0.0,0.0,7.0,43.0,6.0,0.0,0.0,0.0,0.0,1.0,7.0,1.0,Tijuana,Brasileiro,Carlos Galicia (Tijuana)
Tiago Volpi,BRA,GK,33,17.0,645.0,574.0,630.0,12.0,4.0,4.0,641.0,1.0,0.0,0.0,1.0,100.0,335.0,1537.0,918.0,0.0,0.0,0.0,0.0,0.0,296.0,0.0,Toluca,Brasileiro,Tiago Volpi (Toluca)
Andrés Mosquera Guardia,COL,DF,33,15.6,1197.0,150.0,649.0,512.0,40.0,15.0,1197.0,4.0,2.0,50.0,1.0,25.0,653.0,2399.0,1051.0,6.0,11.0,0.0,3.0,1.0,856.0,4.0,Toluca,Brasileiro,Andrés Mosquera Guardia (Toluca)
Valber Huerta,CHI,DF,30,15.3,1283.0,168.0,643.0,596.0,45.0,12.0,1283.0,3.0,3.0,100.0,0.0,0.0,733.0,3397.0,2060.0,12.0,8.0,1.0,3.0,0.0,933.0,1.0,Toluca,Brasileiro,Valber Huerta (Toluca)
Maximiliano Araújo,URU,"DF,FW",23,13.9,830.0,19.0,178.0,352.0,321.0,67.0,830.0,68.0,30.0,44.1,32.0,47.1,492.0,3167.0,1905.0,55.0,48.0,18.0,27.0,26.0,578.0,119.0,Toluca,Brasileiro,Maximiliano Araújo (Toluca)
Marcel Ruiz,MEX,MF,23,13.2,887.0,24.0,150.0,557.0,186.0,26.0,887.0,17.0,5.0,29.4,10.0,58.8,495.0,2156.0,1075.0,13.0,17.0,2.0,15.0,5.0,695.0,57.0,Toluca,Brasileiro,Marcel Ruiz (Toluca)
Brian García,MEX,DF,26,14.2,1143.0,52.0,356.0,509.0,287.0,36.0,1143.0,17.0,9.0,52.9,8.0,47.1,673.0,3977.0,1892.0,32.0,25.0,1.0,21.0,7.0,758.0,77.0,Toluca,Brasileiro,Brian García (Toluca)
Juan Domínguez,MEX,"FW,MF",25,10.9,575.0,6.0,60.0,247.0,273.0,49.0,575.0,38.0,19.0,50.0,18.0,47.4,362.0,2068.0,939.0,24.0,23.0,14.0,28.0,26.0,434.0,98.0,Toluca,Brasileiro,Juan Domínguez (Toluca)
Claudio Baeza,CHI,MF,30,10.7,804.0,21.0,204.0,553.0,51.0,2.0,804.0,10.0,6.0,60.0,3.0,30.0,486.0,1863.0,796.0,5.0,4.0,0.0,9.0,6.0,613.0,10.0,Toluca,Brasileiro,Claudio Baeza (Toluca)
Jean Meneses,CHI,"FW,MF",30,10.5,672.0,5.0,54.0,313.0,313.0,43.0,672.0,34.0,23.0,67.6,9.0,26.5,419.0,2834.0,1499.0,61.0,35.0,20.0,30.0,24.0,499.0,94.0,Toluca,Brasileiro,Jean Meneses (Toluca)
Edgar López,MEX,"FW,MF",24,9.7,320.0,6.0,15.0,132.0,175.0,42.0,320.0,14.0,7.0,50.0,5.0,35.7,202.0,964.0,365.0,16.0,8.0,5.0,20.0,14.0,248.0,71.0,Toluca,Brasileiro,Edgar López (Toluca)
Robert Morales,PAR,FW,24,8.4,244.0,2.0,15.0,104.0,128.0,34.0,244.0,16.0,9.0,56.3,3.0,18.8,143.0,790.0,264.0,10.0,11.0,4.0,18.0,16.0,181.0,46.0,Toluca,Brasileiro,Robert Morales (Toluca)
Jesús Angulo,MEX,"MF,FW",26,8.3,592.0,2.0,42.0,320.0,234.0,18.0,592.0,18.0,8.0,44.4,10.0,55.6,373.0,2112.0,930.0,14.0,23.0,1.0,23.0,17.0,449.0,48.0,Toluca,Brasileiro,Jesús Angulo (Toluca)
Jesús Venegas,MEX,MF,28,6.7,478.0,34.0,195.0,275.0,15.0,0.0,478.0,4.0,2.0,50.0,2.0,50.0,257.0,1008.0,461.0,4.0,6.0,0.0,5.0,1.0,321.0,4.0,Toluca,Brasileiro,Jesús Venegas (Toluca)
Pedro Raul,BRA,"FW,MF",27,5.9,216.0,7.0,13.0,98.0,109.0,29.0,216.0,14.0,10.0,71.4,3.0,21.4,125.0,580.0,184.0,6.0,4.0,3.0,29.0,8.0,163.0,36.0,Toluca,Brasileiro,Pedro Raul (Toluca)
Mauricio Isais,MEX,"DF,MF",22,5.5,419.0,19.0,137.0,201.0,92.0,4.0,419.0,30.0,14.0,46.7,15.0,50.0,208.0,1161.0,523.0,19.0,12.0,0.0,12.0,4.0,264.0,25.0,Toluca,Brasileiro,Mauricio Isais (Toluca)
Tomás Belmonte,ARG,MF,25,5.5,418.0,19.0,98.0,261.0,63.0,15.0,418.0,7.0,3.0,42.9,4.0,57.1,218.0,871.0,407.0,5.0,1.0,2.0,5.0,6.0,283.0,14.0,Toluca,Brasileiro,Tomás Belmonte (Toluca)
Carlos Orrantía,MEX,"DF,MF",32,2.9,202.0,11.0,53.0,102.0,48.0,6.0,202.0,2.0,1.0,50.0,1.0,50.0,101.0,449.0,204.0,5.0,1.0,0.0,3.0,3.0,123.0,20.0,Toluca,Brasileiro,Carlos Orrantía (Toluca)
Abraham Villegas,,DF,21,2.8,195.0,9.0,64.0,94.0,37.0,5.0,195.0,2.0,0.0,0.0,2.0,100.0,100.0,496.0,234.0,5.0,2.0,2.0,2.0,1.0,117.0,13.0,Toluca,Brasileiro,Abraham Villegas (Toluca)
Juan Gamboa,MEX,"MF,FW",22,1.7,68.0,0.0,8.0,30.0,30.0,10.0,68.0,2.0,0.0,0.0,2.0,100.0,38.0,309.0,149.0,6.0,1.0,2.0,4.0,2.0,44.0,12.0,Toluca,Brasileiro,Juan Gamboa (Toluca)
Jesús Piñuelas,MEX,DF,25,1.7,119.0,10.0,60.0,57.0,4.0,1.0,119.0,0.0,0.0,0.0,0.0,0.0,81.0,389.0,211.0,0.0,1.0,0.0,0.0,0.0,94.0,0.0,Toluca,Brasileiro,Jesús Piñuelas (Toluca)
Adrián Mora,MEX,DF,26,1.7,99.0,23.0,79.0,19.0,1.0,0.0,99.0,0.0,0.0,0.0,0.0,0.0,58.0,240.0,114.0,1.0,0.0,0.0,0.0,0.0,67.0,0.0,Toluca,Brasileiro,Adrián Mora (Toluca)
Everardo Del Villar,MEX,DF,18,1.2,90.0,1.0,33.0,47.0,12.0,1.0,90.0,0.0,0.0,0.0,0.0,0.0,46.0,176.0,102.0,1.0,0.0,0.0,1.0,0.0,51.0,3.0,Toluca,Brasileiro,Everardo Del Villar (Toluca)
Fernando Navarro Morán,MEX,MF,34,1.0,105.0,4.0,15.0,63.0,27.0,3.0,105.0,2.0,1.0,50.0,1.0,50.0,57.0,276.0,157.0,3.0,4.0,0.0,2.0,2.0,75.0,4.0,Toluca,Brasileiro,Fernando Navarro Morán (Toluca)
Isaías Violante,MEX,"MF,FW",20,1.1,67.0,2.0,9.0,27.0,31.0,3.0,67.0,6.0,2.0,33.3,4.0,66.7,42.0,306.0,165.0,5.0,5.0,1.0,2.0,0.0,49.0,10.0,Toluca,Brasileiro,Isaías Violante (Toluca)
Sait Tlaxcalteco,MEX,"MF,FW",20,0.2,14.0,0.0,1.0,10.0,3.0,0.0,14.0,1.0,1.0,100.0,0.0,0.0,7.0,57.0,17.0,0.0,0.0,0.0,0.0,0.0,8.0,0.0,Toluca,Brasileiro,Sait Tlaxcalteco (Toluca)
Víctor Arteaga,MEX,MF,19,0.0,2.0,0.0,1.0,0.0,1.0,0.0,2.0,0.0,0.0,0.0,0.0,0.0,1.0,43.0,43.0,1.0,1.0,0.0,0.0,0.0,1.0,0.0,Toluca,Brasileiro,Víctor Arteaga (Toluca)
Nahuel Guzmán,ARG,GK,37,16.0,740.0,542.0,724.0,17.0,0.0,0.0,740.0,2.0,1.0,50.0,1.0,50.0,425.0,2163.0,1290.0,0.0,0.0,0.0,1.0,0.0,421.0,0.0,UANL,Brasileiro,Nahuel Guzmán (UANL)
Javier Aquino,MEX,DF,33,15.3,1226.0,38.0,307.0,581.0,350.0,12.0,1226.0,33.0,18.0,54.5,8.0,24.2,677.0,3060.0,1669.0,31.0,28.0,4.0,22.0,16.0,839.0,95.0,UANL,Brasileiro,Javier Aquino (UANL)
Jesús Alberto Angulo,MEX,DF,25,14.6,942.0,45.0,284.0,510.0,159.0,11.0,942.0,10.0,2.0,20.0,7.0,70.0,432.0,1825.0,890.0,16.0,9.0,4.0,16.0,4.0,510.0,26.0,UANL,Brasileiro,Jesús Alberto Angulo (UANL)
Luis Enrique Quiñones,COL,"FW,MF",32,14.6,880.0,15.0,61.0,320.0,509.0,53.0,880.0,64.0,29.0,45.3,32.0,50.0,537.0,2767.0,1139.0,35.0,23.0,16.0,38.0,17.0,653.0,184.0,UANL,Brasileiro,Luis Enrique Quiñones (UANL)
Rafael Carioca,BRA,MF,34,14.9,1085.0,32.0,225.0,730.0,147.0,1.0,1085.0,27.0,17.0,63.0,9.0,33.3,642.0,2706.0,1264.0,12.0,10.0,0.0,11.0,20.0,744.0,17.0,UANL,Brasileiro,Rafael Carioca (UANL)
Guido Pizarro,ARG,DF,33,14.6,1112.0,99.0,474.0,580.0,69.0,16.0,1112.0,5.0,3.0,60.0,2.0,40.0,675.0,3839.0,2554.0,33.0,16.0,2.0,12.0,4.0,798.0,14.0,UANL,Brasileiro,Guido Pizarro (UANL)
Fernando Gorriarán,URU,"MF,FW",29,12.9,864.0,12.0,86.0,446.0,334.0,36.0,864.0,20.0,7.0,35.0,12.0,60.0,463.0,2053.0,847.0,25.0,13.0,4.0,15.0,16.0,633.0,75.0,UANL,Brasileiro,Fernando Gorriarán (UANL)
André-Pierre Gignac,FRA,FW,38,11.2,350.0,9.0,12.0,168.0,172.0,61.0,347.0,14.0,7.0,50.0,7.0,50.0,220.0,1116.0,404.0,14.0,9.0,6.0,29.0,9.0,268.0,76.0,UANL,Brasileiro,André-Pierre Gignac (UANL)
Francisco Sebastián Córdova,MEX,"MF,FW",26,8.7,406.0,7.0,33.0,199.0,183.0,23.0,406.0,31.0,14.0,45.2,14.0,45.2,273.0,1436.0,544.0,12.0,19.0,1.0,32.0,30.0,314.0,53.0,UANL,Brasileiro,Francisco Sebastián Córdova (UANL)
Samir Santos,BRA,DF,29,11.6,725.0,69.0,344.0,353.0,28.0,6.0,725.0,6.0,2.0,33.3,4.0,66.7,414.0,1991.0,1301.0,6.0,5.0,1.0,5.0,2.0,499.0,3.0,UANL,Brasileiro,Samir Santos (UANL)
Diego Reyes,MEX,DF,31,9.5,569.0,65.0,294.0,260.0,16.0,5.0,569.0,2.0,1.0,50.0,1.0,50.0,336.0,1751.0,967.0,7.0,3.0,1.0,3.0,2.0,367.0,2.0,UANL,Brasileiro,Diego Reyes (UANL)
Diego Lainez,MEX,FW,23,8.0,384.0,2.0,48.0,162.0,183.0,19.0,384.0,33.0,12.0,36.4,17.0,51.5,257.0,1936.0,986.0,33.0,24.0,8.0,10.0,13.0,266.0,63.0,UANL,Brasileiro,Diego Lainez (UANL)
Juan Pablo Vigón,MEX,MF,32,8.4,491.0,7.0,61.0,311.0,125.0,25.0,491.0,18.0,14.0,77.8,4.0,22.2,308.0,1453.0,651.0,14.0,11.0,5.0,14.0,7.0,367.0,33.0,UANL,Brasileiro,Juan Pablo Vigón (UANL)
Nicolás Ibáñez,ARG,FW,29,7.0,210.0,4.0,4.0,85.0,121.0,45.0,210.0,16.0,5.0,31.3,11.0,68.8,91.0,464.0,172.0,5.0,3.0,5.0,10.0,3.0,131.0,39.0,UANL,Brasileiro,Nicolás Ibáñez (UANL)
Raymundo Fulgencio,MEX,FW,23,5.4,235.0,2.0,27.0,121.0,89.0,15.0,235.0,15.0,9.0,60.0,6.0,40.0,164.0,938.0,347.0,9.0,7.0,5.0,6.0,10.0,183.0,37.0,UANL,Brasileiro,Raymundo Fulgencio (UANL)
Ozziel Herrera,MEX,"MF,FW",22,3.2,169.0,1.0,21.0,73.0,76.0,13.0,169.0,10.0,2.0,20.0,7.0,70.0,115.0,548.0,205.0,4.0,6.0,0.0,8.0,5.0,135.0,32.0,UANL,Brasileiro,Ozziel Herrera (UANL)
Sebastián Fierro,MEX,MF,22,1.9,122.0,2.0,15.0,98.0,9.0,0.0,122.0,0.0,0.0,0.0,0.0,0.0,76.0,366.0,134.0,5.0,0.0,0.0,1.0,1.0,92.0,3.0,UANL,Brasileiro,Sebastián Fierro (UANL)
Marcelo Flores,MEX,"FW,MF",20,2.0,116.0,0.0,13.0,41.0,62.0,10.0,116.0,11.0,5.0,45.5,6.0,54.5,77.0,486.0,237.0,8.0,6.0,2.0,9.0,4.0,73.0,19.0,UANL,Brasileiro,Marcelo Flores (UANL)
Fernando Ordóñez,MEX,DF,22,1.7,114.0,6.0,33.0,59.0,22.0,1.0,114.0,0.0,0.0,0.0,0.0,0.0,62.0,251.0,91.0,3.0,3.0,0.0,3.0,0.0,73.0,5.0,UANL,Brasileiro,Fernando Ordóñez (UANL)
Jesús Garza,MEX,"DF,MF",23,1.5,94.0,4.0,26.0,34.0,34.0,1.0,94.0,1.0,1.0,100.0,0.0,0.0,48.0,232.0,84.0,2.0,1.0,0.0,3.0,0.0,49.0,12.0,UANL,Brasileiro,Jesús Garza (UANL)
Carlos Felipe Rodríguez,MEX,GK,34,1.0,35.0,29.0,35.0,0.0,0.0,0.0,35.0,0.0,0.0,0.0,0.0,0.0,21.0,51.0,36.0,0.0,0.0,0.0,0.0,0.0,21.0,0.0,UANL,Brasileiro,Carlos Felipe Rodríguez (UANL)
Vladimir Loroña,MEX,DF,25,1.1,83.0,2.0,20.0,29.0,34.0,4.0,83.0,4.0,3.0,75.0,1.0,25.0,43.0,232.0,125.0,2.0,4.0,0.0,2.0,1.0,55.0,10.0,UANL,Brasileiro,Vladimir Loroña (UANL)
Nicolás López,URU,FW,30,0.8,54.0,0.0,3.0,17.0,34.0,3.0,54.0,4.0,0.0,0.0,4.0,100.0,32.0,198.0,70.0,1.0,2.0,1.0,1.0,2.0,38.0,13.0,UANL,Brasileiro,Nicolás López (UANL)
Fernando González,MEX,"FW,MF",22,0.4,34.0,1.0,4.0,15.0,16.0,1.0,34.0,1.0,1.0,100.0,0.0,0.0,17.0,82.0,28.0,1.0,1.0,0.0,1.0,0.0,24.0,5.0,UANL,Brasileiro,Fernando González (UANL)
Eugenio Pizzuto,MEX,MF,21,0.3,30.0,0.0,5.0,18.0,7.0,0.0,30.0,1.0,0.0,0.0,0.0,0.0,13.0,95.0,67.0,1.0,0.0,0.0,0.0,0.0,25.0,1.0,UANL,Brasileiro,Eugenio Pizzuto (UANL)
Leonel Prieto,MEX,MF,22,0.2,14.0,0.0,1.0,9.0,4.0,1.0,14.0,0.0,0.0,0.0,0.0,0.0,5.0,25.0,13.0,0.0,0.0,0.0,1.0,1.0,8.0,1.0,UANL,Brasileiro,Leonel Prieto (UANL)
Julio José González,MEX,GK,32,17.0,572.0,483.0,570.0,2.0,0.0,0.0,572.0,0.0,0.0,0.0,0.0,0.0,237.0,1372.0,922.0,0.0,0.0,0.0,1.0,0.0,168.0,0.0,UNAM,Brasileiro,Julio José González (UNAM)
Nathan Silva,BRA,DF,26,15.6,893.0,87.0,402.0,473.0,24.0,15.0,893.0,7.0,5.0,71.4,1.0,14.3,478.0,2457.0,1697.0,19.0,3.0,0.0,6.0,3.0,550.0,7.0,UNAM,Brasileiro,Nathan Silva (UNAM)
Eduardo Salvio,ARG,"FW,MF",33,15.0,815.0,6.0,54.0,374.0,408.0,43.0,815.0,96.0,44.0,45.8,50.0,52.1,492.0,3797.0,1975.0,76.0,47.0,12.0,54.0,26.0,559.0,117.0,UNAM,Brasileiro,Eduardo Salvio (UNAM)
César Huerta,MEX,"MF,FW",23,14.0,647.0,6.0,71.0,268.0,331.0,80.0,644.0,117.0,43.0,36.8,60.0,51.3,415.0,3729.0,1940.0,78.0,51.0,24.0,51.0,31.0,429.0,119.0,UNAM,Brasileiro,César Huerta (UNAM)
Lisandro Magallán,ARG,DF,30,14.0,778.0,86.0,404.0,363.0,15.0,10.0,778.0,1.0,1.0,100.0,0.0,0.0,358.0,1940.0,977.0,0.0,1.0,0.0,5.0,0.0,431.0,0.0,UNAM,Brasileiro,Lisandro Magallán (UNAM)
Gabriel Fernández,URU,FW,29,12.7,477.0,22.0,32.0,223.0,227.0,58.0,477.0,36.0,12.0,33.3,22.0,61.1,242.0,1544.0,562.0,22.0,16.0,9.0,55.0,21.0,341.0,89.0,UNAM,Brasileiro,Gabriel Fernández (UNAM)
Adrián Aldrete,MEX,DF,35,12.7,753.0,45.0,258.0,365.0,138.0,3.0,753.0,2.0,2.0,100.0,0.0,0.0,291.0,1191.0,652.0,5.0,6.0,0.0,3.0,2.0,332.0,12.0,UNAM,Brasileiro,Adrián Aldrete (UNAM)
Ulises Rivas,MEX,MF,27,12.6,432.0,18.0,88.0,248.0,100.0,13.0,432.0,9.0,4.0,44.4,4.0,44.4,160.0,780.0,308.0,7.0,9.0,0.0,15.0,5.0,230.0,17.0,UNAM,Brasileiro,Ulises Rivas (UNAM)
José Caicedo,COL,MF,21,9.2,552.0,25.0,108.0,376.0,75.0,14.0,552.0,7.0,1.0,14.3,4.0,57.1,236.0,1189.0,556.0,5.0,7.0,0.0,10.0,3.0,318.0,8.0,UNAM,Brasileiro,José Caicedo (UNAM)
Gustavo Del Prete,ARG,"MF,FW",27,7.7,353.0,8.0,33.0,165.0,163.0,45.0,353.0,27.0,13.0,48.1,13.0,48.1,213.0,1169.0,518.0,23.0,19.0,13.0,27.0,17.0,261.0,47.0,UNAM,Brasileiro,Gustavo Del Prete (UNAM)
Pablo Bennevendo Peña,MEX,DF,23,9.0,543.0,25.0,152.0,284.0,113.0,7.0,543.0,13.0,5.0,38.5,7.0,53.8,212.0,843.0,424.0,8.0,5.0,1.0,14.0,8.0,262.0,34.0,UNAM,Brasileiro,Pablo Bennevendo Peña (UNAM)
Juan Ignacio Dinenno,ARG,"FW,MF",29,8.8,303.0,4.0,18.0,149.0,138.0,37.0,299.0,18.0,8.0,44.4,9.0,50.0,159.0,750.0,233.0,8.0,2.0,2.0,23.0,20.0,231.0,51.0,UNAM,Brasileiro,Juan Ignacio Dinenno (UNAM)
Pablo Monroy,MEX,DF,21,7.3,390.0,14.0,97.0,214.0,86.0,7.0,390.0,10.0,8.0,80.0,2.0,20.0,174.0,1120.0,635.0,11.0,10.0,1.0,12.0,4.0,213.0,29.0,UNAM,Brasileiro,Pablo Monroy (UNAM)
Arturo Ortiz,MEX,DF,31,5.4,374.0,36.0,179.0,187.0,11.0,3.0,374.0,2.0,1.0,50.0,1.0,50.0,188.0,876.0,512.0,3.0,3.0,0.0,2.0,0.0,222.0,2.0,UNAM,Brasileiro,Arturo Ortiz (UNAM)
Jesús Molina,MEX,MF,35,4.1,226.0,19.0,47.0,153.0,26.0,5.0,226.0,0.0,0.0,0.0,0.0,0.0,103.0,369.0,195.0,1.0,5.0,0.0,8.0,1.0,124.0,2.0,UNAM,Brasileiro,Jesús Molina (UNAM)
Jesús Rivas,MEX,DF,21,3.9,205.0,8.0,68.0,93.0,46.0,5.0,205.0,5.0,4.0,80.0,1.0,20.0,77.0,429.0,176.0,6.0,3.0,1.0,4.0,0.0,95.0,9.0,UNAM,Brasileiro,Jesús Rivas (UNAM)
Rodrigo López,MEX,MF,22,3.6,0.0,0.0,0.0,0.0,0.0,0.0,0.0,0.0,0.0,0.0,0.0,0.0,0.0,0.0,0.0,0.0,0.0,0.0,0.0,0.0,0.0,0.0,UNAM,Brasileiro,Rodrigo López (UNAM)
Santiago Trigos,MEX,MF,21,4.4,261.0,15.0,47.0,170.0,49.0,2.0,261.0,6.0,4.0,66.7,2.0,33.3,142.0,707.0,321.0,6.0,9.0,1.0,3.0,5.0,170.0,12.0,UNAM,Brasileiro,Santiago Trigos (UNAM)
Christian Tabó,URU,"MF,FW",30,2.8,124.0,1.0,17.0,50.0,60.0,10.0,124.0,15.0,7.0,46.7,6.0,40.0,70.0,446.0,226.0,7.0,4.0,3.0,6.0,1.0,74.0,24.0,UNAM,Brasileiro,Christian Tabó (UNAM)
Robert Ergas,URU,"FW,DF",25,3.5,225.0,9.0,51.0,88.0,90.0,5.0,225.0,14.0,8.0,57.1,6.0,42.9,111.0,739.0,446.0,11.0,8.0,1.0,7.0,8.0,115.0,24.0,UNAM,Brasileiro,Robert Ergas (UNAM)
Carlos Gutiérrez,MEX,"MF,FW",24,1.3,68.0,1.0,7.0,32.0,30.0,2.0,68.0,4.0,0.0,0.0,3.0,75.0,32.0,207.0,56.0,3.0,3.0,0.0,3.0,4.0,39.0,6.0,UNAM,Brasileiro,Carlos Gutiérrez (UNAM)
Jorge Ruvalcaba,MEX,"MF,FW",22,0.7,35.0,0.0,1.0,11.0,23.0,3.0,35.0,6.0,2.0,33.3,4.0,66.7,23.0,163.0,92.0,4.0,2.0,2.0,1.0,2.0,27.0,9.0,UNAM,Brasileiro,Jorge Ruvalcaba (UNAM)
Emanuel Montejano Arroyo,MEX,FW,22,0.6,13.0,0.0,1.0,4.0,8.0,4.0,13.0,0.0,0.0,0.0,0.0,0.0,4.0,9.0,0.0,0.0,0.0,0.0,2.0,1.0,11.0,5.0,UNAM,Brasileiro,Emanuel Montejano Arroyo (UNAM)
Marco Hernández,MEX,MF,18,0.3,20.0,0.0,5.0,11.0,4.0,0.0,20.0,0.0,0.0,0.0,0.0,0.0,13.0,48.0,23.0,0.0,0.0,0.0,0.0,0.0,15.0,1.0,UNAM,Brasileiro,Marco Hernández (UNAM)
José Galindo,MEX,DF,25,0.1,7.0,0.0,1.0,5.0,1.0,0.0,7.0,0.0,0.0,0.0,0.0,0.0,3.0,7.0,6.0,0.0,0.0,0.0,0.0,0.0,5.0,0.0,UNAM,Brasileiro,José Galindo (UNAM)
