Player,Nation,Pos,Age,90s,Tackles_Tkl,Tackles_TklW,Tackles_Def 3rd,Tackles_Mid 3rd,Tackles_Att 3rd,Challenges_Tkl,Challenges_Att,Challenges_Tkl%,Challenges_Lost,Blocks_Blocks,Blocks_Sh,Blocks_Pass,Int,Tkl+Int,Clr,Err,Team,Championship,Player_Team
Luis Ángel Malagón,MEX,GK,26,13.5,0.0,0,0.0,0.0,0.0,0.0,0.0,0.0,0.0,0.0,0.0,0.0,0,0.0,1.0,1.0,América,Brasileiro,Luis Ángel Malagón (América)
Kevin Álvarez,MEX,DF,24,13.2,26.0,14,15.0,5.0,6.0,14.0,25.0,56.0,11.0,11.0,2.0,9.0,10,36.0,24.0,1.0,América,Brasileiro,Kevin Álvarez (América)
Álvaro Fidalgo,ESP,MF,26,13.0,19.0,12,5.0,11.0,3.0,11.0,23.0,47.8,12.0,13.0,5.0,8.0,10,29.0,13.0,1.0,América,Brasileiro,Álvaro Fidalgo (América)
Jonathan dos Santos,MEX,MF,33,12.8,32.0,24,15.0,17.0,0.0,12.0,32.0,37.5,20.0,12.0,2.0,10.0,27,59.0,14.0,1.0,América,Brasileiro,Jonathan dos Santos (América)
Julián Quiñones,COL,"FW,MF",26,11.8,7.0,5,2.0,2.0,3.0,3.0,4.0,75.0,1.0,11.0,4.0,7.0,4,11.0,7.0,0.0,América,Brasileiro,Julián Quiñones (América)
Luis Fernando Fuentes,MEX,DF,37,11.1,20.0,12,11.0,9.0,0.0,14.0,21.0,66.7,7.0,15.0,2.0,13.0,5,25.0,23.0,0.0,América,Brasileiro,Luis Fernando Fuentes (América)
Brian Rodríguez,URU,FW,23,10.0,6.0,4,3.0,3.0,0.0,4.0,8.0,50.0,4.0,8.0,1.0,7.0,2,8.0,2.0,0.0,América,Brasileiro,Brian Rodríguez (América)
Diego Valdés,CHI,"MF,FW",29,8.8,4.0,1,0.0,3.0,1.0,0.0,6.0,0.0,6.0,3.0,1.0,2.0,8,12.0,6.0,1.0,América,Brasileiro,Diego Valdés (América)
Alejandro Zendejas,USA,"FW,MF",25,9.5,29.0,20,13.0,12.0,4.0,8.0,16.0,50.0,8.0,18.0,3.0,15.0,12,41.0,3.0,0.0,América,Brasileiro,Alejandro Zendejas (América)
Igor Lichnovsky,CHI,DF,29,8.8,7.0,6,5.0,2.0,0.0,3.0,4.0,75.0,1.0,13.0,7.0,6.0,17,24.0,44.0,1.0,América,Brasileiro,Igor Lichnovsky (América)
Richard Sánchez,PAR,MF,27,9.2,12.0,7,5.0,6.0,1.0,7.0,21.0,33.3,14.0,10.0,2.0,8.0,5,17.0,8.0,0.0,América,Brasileiro,Richard Sánchez (América)
Ramón Juárez,MEX,DF,22,8.2,13.0,6,7.0,5.0,1.0,3.0,6.0,50.0,3.0,10.0,8.0,2.0,10,23.0,36.0,0.0,América,Brasileiro,Ramón Juárez (América)
Sebastián Cáceres,URU,DF,24,7.9,8.0,5,4.0,3.0,1.0,1.0,6.0,16.7,5.0,7.0,4.0,3.0,8,16.0,28.0,0.0,América,Brasileiro,Sebastián Cáceres (América)
Leonardo Suárez,ARG,"FW,MF",27,7.2,14.0,9,5.0,4.0,5.0,7.0,13.0,53.8,6.0,5.0,2.0,3.0,5,19.0,4.0,0.0,América,Brasileiro,Leonardo Suárez (América)
Henry Martín,MEX,FW,31,7.0,9.0,5,1.0,7.0,1.0,1.0,5.0,20.0,4.0,2.0,0.0,2.0,3,12.0,4.0,0.0,América,Brasileiro,Henry Martín (América)
Jonathan Rodríguez,URU,"FW,MF",30,6.7,8.0,3,1.0,7.0,0.0,2.0,3.0,66.7,1.0,1.0,0.0,1.0,1,9.0,6.0,0.0,América,Brasileiro,Jonathan Rodríguez (América)
Miguel Layún,MEX,"DF,FW",35,5.8,8.0,5,7.0,1.0,0.0,8.0,17.0,47.1,9.0,2.0,1.0,1.0,5,13.0,4.0,0.0,América,Brasileiro,Miguel Layún (América)
Salvador Reyes Chávez,MEX,DF,25,5.9,13.0,10,4.0,8.0,1.0,8.0,13.0,61.5,5.0,7.0,0.0,7.0,8,21.0,13.0,0.0,América,Brasileiro,Salvador Reyes Chávez (América)
Israel Reyes,MEX,DF,23,5.0,4.0,2,4.0,0.0,0.0,3.0,3.0,100.0,0.0,0.0,0.0,0.0,11,15.0,11.0,0.0,América,Brasileiro,Israel Reyes (América)
Oscar Jiménez,MEX,GK,35,3.5,1.0,0,1.0,0.0,0.0,1.0,1.0,100.0,0.0,0.0,0.0,0.0,0,1.0,0.0,0.0,América,Brasileiro,Oscar Jiménez (América)
Emilio Lara,MEX,DF,21,2.5,4.0,3,3.0,1.0,0.0,1.0,3.0,33.3,2.0,2.0,1.0,1.0,7,11.0,9.0,0.0,América,Brasileiro,Emilio Lara (América)
Néstor Araujo,MEX,DF,32,2.0,4.0,1,2.0,2.0,0.0,3.0,3.0,100.0,0.0,1.0,1.0,0.0,4,8.0,11.0,0.0,América,Brasileiro,Néstor Araujo (América)
Santiago Naveda,MEX,MF,22,1.5,4.0,2,1.0,3.0,0.0,3.0,3.0,100.0,0.0,2.0,1.0,1.0,5,9.0,2.0,0.0,América,Brasileiro,Santiago Naveda (América)
Román Martínez,MEX,FW,21,0.7,0.0,0,0.0,0.0,0.0,0.0,0.0,0.0,0.0,1.0,0.0,1.0,0,0.0,0.0,0.0,América,Brasileiro,Román Martínez (América)
Patricio Salas,MEX,"FW,MF",19,0.3,0.0,0,0.0,0.0,0.0,0.0,0.0,0.0,0.0,0.0,0.0,0.0,0,0.0,0.0,0.0,América,Brasileiro,Patricio Salas (América)
Juan Cantú,MEX,FW,19,0.3,0.0,0,0.0,0.0,0.0,0.0,0.0,0.0,0.0,0.0,0.0,0.0,0,0.0,0.0,0.0,América,Brasileiro,Juan Cantú (América)
Mauro Laínez,MEX,FW,27,0.3,0.0,0,0.0,0.0,0.0,0.0,0.0,0.0,0.0,0.0,0.0,0.0,0,0.0,0.0,0.0,América,Brasileiro,Mauro Laínez (América)
Bruce El-Mesmari,MEX,"FW,DF",21,0.2,1.0,0,0.0,1.0,0.0,0.0,0.0,0.0,0.0,1.0,0.0,1.0,0,1.0,0.0,0.0,América,Brasileiro,Bruce El-Mesmari (América)
Sergio De los Ríos,MEX,FW,20,0.2,0.0,0,0.0,0.0,0.0,0.0,0.0,0.0,0.0,1.0,0.0,1.0,1,1.0,0.0,0.0,América,Brasileiro,Sergio De los Ríos (América)
Sebastián Martínez,MEX,MF,20,0.1,0.0,0,0.0,0.0,0.0,0.0,0.0,0.0,0.0,0.0,0.0,0.0,0,0.0,0.0,0.0,América,Brasileiro,Sebastián Martínez (América)
José Abella,MEX,DF,29,17.0,35.0,20,18.0,10.0,7.0,20.0,41.0,48.8,21.0,10.0,3.0,7.0,21,56.0,38.0,0.0,Atlas,Brasileiro,José Abella (Atlas)
Hugo Nervo,ARG,DF,32,17.0,22.0,16,18.0,3.0,1.0,14.0,18.0,77.8,4.0,20.0,15.0,5.0,24,46.0,64.0,0.0,Atlas,Brasileiro,Hugo Nervo (Atlas)
Camilo Vargas,COL,GK,34,17.0,1.0,0,1.0,0.0,0.0,0.0,0.0,0.0,0.0,0.0,0.0,0.0,1,2.0,5.0,1.0,Atlas,Brasileiro,Camilo Vargas (Atlas)
Luis Ricardo Reyes,MEX,DF,32,15.8,39.0,26,22.0,11.0,6.0,18.0,30.0,60.0,12.0,12.0,6.0,6.0,22,61.0,31.0,0.0,Atlas,Brasileiro,Luis Ricardo Reyes (Atlas)
Jordy Caicedo,ECU,FW,26,12.8,5.0,3,2.0,1.0,2.0,3.0,8.0,37.5,5.0,3.0,1.0,2.0,3,8.0,14.0,0.0,Atlas,Brasileiro,Jordy Caicedo (Atlas)
Aldo Rocha,MEX,MF,31,12.2,19.0,10,10.0,5.0,4.0,9.0,20.0,45.0,11.0,8.0,1.0,7.0,6,25.0,15.0,0.0,Atlas,Brasileiro,Aldo Rocha (Atlas)
Juan Zapata,COL,MF,23,11.2,24.0,15,7.0,13.0,4.0,10.0,18.0,55.6,8.0,14.0,1.0,13.0,7,31.0,6.0,0.0,Atlas,Brasileiro,Juan Zapata (Atlas)
Augusto Solari,ARG,"FW,MF",31,7.9,17.0,10,6.0,10.0,1.0,10.0,31.0,32.3,21.0,13.0,1.0,12.0,5,22.0,6.0,0.0,Atlas,Brasileiro,Augusto Solari (Atlas)
Ángel Márquez,MEX,MF,23,8.4,17.0,11,8.0,8.0,1.0,9.0,20.0,45.0,11.0,9.0,0.0,9.0,11,28.0,1.0,0.0,Atlas,Brasileiro,Ángel Márquez (Atlas)
Anderson Santamaría,PER,DF,31,8.0,23.0,14,15.0,8.0,0.0,10.0,14.0,71.4,4.0,12.0,6.0,6.0,16,39.0,33.0,0.0,Atlas,Brasileiro,Anderson Santamaría (Atlas)
Edgar Zaldívar,MEX,MF,27,5.6,7.0,5,2.0,4.0,1.0,3.0,15.0,20.0,12.0,3.0,0.0,3.0,6,13.0,8.0,0.0,Atlas,Brasileiro,Edgar Zaldívar (Atlas)
Eduardo Aguirre,MEX,"FW,MF",25,6.8,6.0,2,0.0,5.0,1.0,0.0,5.0,0.0,5.0,12.0,1.0,11.0,4,10.0,7.0,0.0,Atlas,Brasileiro,Eduardo Aguirre (Atlas)
Jorge Guzmán,MEX,FW,20,6.3,10.0,6,3.0,6.0,1.0,3.0,7.0,42.9,4.0,4.0,0.0,4.0,4,14.0,6.0,0.0,Atlas,Brasileiro,Jorge Guzmán (Atlas)
Jaziel Martínez,MEX,MF,23,6.1,10.0,5,2.0,8.0,0.0,5.0,16.0,31.3,11.0,11.0,4.0,7.0,7,17.0,11.0,0.0,Atlas,Brasileiro,Jaziel Martínez (Atlas)
José Lozano,MEX,"DF,FW",25,5.2,10.0,6,8.0,2.0,0.0,7.0,9.0,77.8,2.0,4.0,1.0,3.0,4,14.0,11.0,0.0,Atlas,Brasileiro,José Lozano (Atlas)
Brian Lozano,URU,FW,29,4.6,11.0,8,5.0,4.0,2.0,6.0,10.0,60.0,4.0,7.0,0.0,7.0,3,14.0,1.0,0.0,Atlas,Brasileiro,Brian Lozano (Atlas)
Gaddi Aguirre,MEX,DF,27,5.2,7.0,3,4.0,1.0,2.0,4.0,5.0,80.0,1.0,6.0,4.0,2.0,13,20.0,17.0,0.0,Atlas,Brasileiro,Gaddi Aguirre (Atlas)
Carlos Robles,MEX,DF,23,4.3,7.0,6,5.0,2.0,0.0,2.0,3.0,66.7,1.0,6.0,3.0,3.0,10,17.0,12.0,0.0,Atlas,Brasileiro,Carlos Robles (Atlas)
Mateo García,ARG,"MF,FW",27,5.4,14.0,10,7.0,5.0,2.0,6.0,14.0,42.9,8.0,12.0,0.0,12.0,2,16.0,3.0,0.0,Atlas,Brasileiro,Mateo García (Atlas)
Abraham Bass,MEX,MF,22,2.7,8.0,5,3.0,4.0,1.0,3.0,7.0,42.9,4.0,2.0,0.0,2.0,7,15.0,6.0,0.0,Atlas,Brasileiro,Abraham Bass (Atlas)
Julio Furch,ARG,FW,34,2.0,0.0,0,0.0,0.0,0.0,0.0,0.0,0.0,0.0,0.0,0.0,0.0,0,0.0,2.0,0.0,Atlas,Brasileiro,Julio Furch (Atlas)
Mauro Manotas,COL,"FW,MF",28,2.3,1.0,1,0.0,1.0,0.0,1.0,3.0,33.3,2.0,0.0,0.0,0.0,0,1.0,0.0,0.0,Atlas,Brasileiro,Mauro Manotas (Atlas)
Christopher Trejo,MEX,"FW,MF",24,2.5,0.0,0,0.0,0.0,0.0,0.0,2.0,0.0,2.0,1.0,0.0,1.0,2,2.0,1.0,0.0,Atlas,Brasileiro,Christopher Trejo (Atlas)
Israel Larios,MEX,MF,20,0.3,0.0,0,0.0,0.0,0.0,0.0,1.0,0.0,1.0,1.0,0.0,1.0,0,0.0,0.0,0.0,Atlas,Brasileiro,Israel Larios (Atlas)
Unai Bilbao,ESP,DF,29,16.3,12.0,9,8.0,4.0,0.0,6.0,10.0,60.0,4.0,26.0,20.0,6.0,10,22.0,107.0,0.0,Atlético,Brasileiro,Unai Bilbao (Atlético)
Dieter Villalpando,MEX,"MF,FW",32,15.7,29.0,17,15.0,7.0,7.0,9.0,29.0,31.0,20.0,5.0,0.0,5.0,6,35.0,2.0,0.0,Atlético,Brasileiro,Dieter Villalpando (Atlético)
Jhon Murillo,VEN,"FW,MF",28,14.6,14.0,9,4.0,10.0,0.0,5.0,17.0,29.4,12.0,10.0,0.0,10.0,6,20.0,7.0,0.0,Atlético,Brasileiro,Jhon Murillo (Atlético)
Javier Güemez,MEX,MF,32,15.3,39.0,25,19.0,17.0,3.0,19.0,39.0,48.7,20.0,20.0,8.0,12.0,10,49.0,26.0,0.0,Atlético,Brasileiro,Javier Güemez (Atlético)
Rodrigo Dourado,BRA,MF,29,15.2,47.0,30,18.0,25.0,4.0,24.0,42.0,57.1,18.0,25.0,11.0,14.0,20,67.0,26.0,0.0,Atlético,Brasileiro,Rodrigo Dourado (Atlético)
Ricardo Chávez Soto,MEX,DF,29,14.8,32.0,21,19.0,6.0,7.0,16.0,29.0,55.2,13.0,17.0,8.0,9.0,20,52.0,50.0,1.0,Atlético,Brasileiro,Ricardo Chávez Soto (Atlético)
Julio Domínguez,MEX,DF,36,14.7,15.0,8,7.0,6.0,2.0,6.0,9.0,66.7,3.0,18.0,15.0,3.0,10,25.0,54.0,1.0,Atlético,Brasileiro,Julio Domínguez (Atlético)
Juan Sanabria,URU,DF,23,15.5,37.0,26,28.0,8.0,1.0,23.0,40.0,57.5,17.0,19.0,6.0,13.0,21,58.0,45.0,2.0,Atlético,Brasileiro,Juan Sanabria (Atlético)
Léo Bonatini,BRA,FW,29,12.4,3.0,1,2.0,0.0,1.0,1.0,6.0,16.7,5.0,7.0,3.0,4.0,2,5.0,6.0,0.0,Atlético,Brasileiro,Léo Bonatini (Atlético)
Mateo Klimowicz,GER,"FW,MF",23,8.1,27.0,18,8.0,16.0,3.0,12.0,18.0,66.7,6.0,10.0,1.0,9.0,7,34.0,2.0,0.0,Atlético,Brasileiro,Mateo Klimowicz (Atlético)
Andrés Sánchez,MEX,GK,26,9.0,0.0,0,0.0,0.0,0.0,0.0,0.0,0.0,0.0,0.0,0.0,0.0,1,1.0,7.0,0.0,Atlético,Brasileiro,Andrés Sánchez (Atlético)
Diego Urtiaga,MEX,GK,25,8.0,0.0,0,0.0,0.0,0.0,0.0,0.0,0.0,0.0,0.0,0.0,0.0,0,0.0,2.0,0.0,Atlético,Brasileiro,Diego Urtiaga (Atlético)
Vitinho,BRA,"FW,MF",22,9.5,10.0,8,3.0,6.0,1.0,5.0,16.0,31.3,11.0,3.0,0.0,3.0,3,13.0,1.0,0.0,Atlético,Brasileiro,Vitinho (Atlético)
Ángel Zaldívar,MEX,FW,29,2.6,4.0,4,2.0,1.0,1.0,0.0,5.0,0.0,5.0,2.0,0.0,2.0,1,5.0,2.0,0.0,Atlético,Brasileiro,Ángel Zaldívar (Atlético)
Uziel García,MEX,"DF,FW",22,2.1,1.0,1,0.0,1.0,0.0,0.0,0.0,0.0,0.0,1.0,1.0,0.0,3,4.0,1.0,0.0,Atlético,Brasileiro,Uziel García (Atlético)
Sebastien Salles-Lamonge,FRA,"FW,MF",27,2.9,8.0,6,5.0,2.0,1.0,5.0,9.0,55.6,4.0,2.0,1.0,1.0,3,11.0,4.0,0.0,Atlético,Brasileiro,Sebastien Salles-Lamonge (Atlético)
Iker Moreno,MEX,DF,20,1.8,7.0,6,5.0,1.0,1.0,3.0,8.0,37.5,5.0,5.0,0.0,5.0,4,11.0,9.0,0.0,Atlético,Brasileiro,Iker Moreno (Atlético)
Jordan Silva,MEX,"DF,FW",29,1.7,1.0,0,0.0,1.0,0.0,0.0,2.0,0.0,2.0,2.0,2.0,0.0,1,2.0,9.0,0.0,Atlético,Brasileiro,Jordan Silva (Atlético)
Eduardo Águila,MEX,"DF,FW",21,1.1,5.0,3,5.0,0.0,0.0,3.0,4.0,75.0,1.0,0.0,0.0,0.0,3,8.0,5.0,0.0,Atlético,Brasileiro,Eduardo Águila (Atlético)
Jürgen Damm,MEX,FW,31,2.5,8.0,6,5.0,3.0,0.0,6.0,11.0,54.5,5.0,3.0,1.0,2.0,1,9.0,2.0,0.0,Atlético,Brasileiro,Jürgen Damm (Atlético)
Juan David Castro,MEX,"FW,MF",32,1.2,3.0,1,1.0,2.0,0.0,2.0,2.0,100.0,0.0,0.0,0.0,0.0,2,5.0,0.0,0.0,Atlético,Brasileiro,Juan David Castro (Atlético)
Andrés Iniestra,MEX,MF,27,0.3,0.0,0,0.0,0.0,0.0,0.0,0.0,0.0,0.0,0.0,0.0,0.0,1,1.0,0.0,0.0,Atlético,Brasileiro,Andrés Iniestra (Atlético)
Benjamín Galdames,MEX,FW,22,0.3,0.0,0,0.0,0.0,0.0,0.0,0.0,0.0,0.0,0.0,0.0,0.0,0,0.0,0.0,0.0,Atlético,Brasileiro,Benjamín Galdames (Atlético)
Diego Abitia,MEX,FW,20,0.0,0.0,0,0.0,0.0,0.0,0.0,0.0,0.0,0.0,0.0,0.0,0.0,0,0.0,0.0,0.0,Atlético,Brasileiro,Diego Abitia (Atlético)
Willer Ditta,COL,DF,26,15.0,24.0,17,17.0,7.0,0.0,10.0,22.0,45.5,12.0,23.0,10.0,13.0,16,40.0,33.0,0.0,Cruz Azul,Brasileiro,Willer Ditta (Cruz Azul)
Carlos Salcedo,MEX,DF,30,13.3,10.0,7,7.0,3.0,0.0,7.0,14.0,50.0,7.0,13.0,11.0,2.0,13,23.0,50.0,1.0,Cruz Azul,Brasileiro,Carlos Salcedo (Cruz Azul)
Uriel Antuna,MEX,"MF,FW",26,13.6,7.0,4,1.0,5.0,1.0,3.0,5.0,60.0,2.0,10.0,1.0,9.0,8,15.0,4.0,0.0,Cruz Azul,Brasileiro,Uriel Antuna (Cruz Azul)
Juan Escobar,PAR,DF,28,13.6,25.0,17,18.0,7.0,0.0,17.0,29.0,58.6,12.0,15.0,8.0,7.0,22,47.0,59.0,1.0,Cruz Azul,Brasileiro,Juan Escobar (Cruz Azul)
Carlos Rotondi,ARG,"DF,MF",26,13.5,46.0,34,21.0,22.0,3.0,22.0,43.0,51.2,21.0,28.0,0.0,28.0,12,58.0,37.0,0.0,Cruz Azul,Brasileiro,Carlos Rotondi (Cruz Azul)
Ignacio Rivero,URU,"DF,MF",31,13.6,33.0,16,21.0,11.0,1.0,23.0,56.0,41.1,33.0,29.0,6.0,23.0,9,42.0,28.0,0.0,Cruz Azul,Brasileiro,Ignacio Rivero (Cruz Azul)
Andrés Gudiño,MEX,GK,26,13.5,0.0,0,0.0,0.0,0.0,0.0,2.0,0.0,2.0,0.0,0.0,0.0,0,0.0,6.0,1.0,Cruz Azul,Brasileiro,Andrés Gudiño (Cruz Azul)
Erik Lira,MEX,MF,23,12.5,24.0,12,12.0,11.0,1.0,12.0,33.0,36.4,21.0,10.0,2.0,8.0,11,35.0,11.0,0.0,Cruz Azul,Brasileiro,Erik Lira (Cruz Azul)
Rodrigo Huescas,MEX,DF,20,11.9,17.0,9,11.0,4.0,2.0,11.0,19.0,57.9,8.0,12.0,3.0,9.0,10,27.0,11.0,1.0,Cruz Azul,Brasileiro,Rodrigo Huescas (Cruz Azul)
Charly Rodríguez,MEX,MF,26,11.6,15.0,8,4.0,10.0,1.0,4.0,20.0,20.0,16.0,5.0,0.0,5.0,13,28.0,3.0,0.0,Cruz Azul,Brasileiro,Charly Rodríguez (Cruz Azul)
Moises,BRA,"MF,FW",27,9.5,4.0,2,2.0,1.0,1.0,3.0,8.0,37.5,5.0,5.0,0.0,5.0,1,5.0,2.0,0.0,Cruz Azul,Brasileiro,Moises (Cruz Azul)
Diber Cambindo,COL,"FW,MF",27,9.2,4.0,1,1.0,1.0,2.0,2.0,5.0,40.0,3.0,9.0,2.0,7.0,1,5.0,9.0,0.0,Cruz Azul,Brasileiro,Diber Cambindo (Cruz Azul)
Kevin Castaño,COL,MF,23,8.5,15.0,10,8.0,5.0,2.0,7.0,20.0,35.0,13.0,7.0,1.0,6.0,5,20.0,6.0,1.0,Cruz Azul,Brasileiro,Kevin Castaño (Cruz Azul)
Ángel Sepúlveda,MEX,FW,32,7.2,3.0,3,0.0,3.0,0.0,1.0,3.0,33.3,2.0,1.0,0.0,1.0,0,3.0,4.0,0.0,Cruz Azul,Brasileiro,Ángel Sepúlveda (Cruz Azul)
Sebastián Jurado,MEX,GK,26,3.4,0.0,0,0.0,0.0,0.0,0.0,0.0,0.0,0.0,0.0,0.0,0.0,0,0.0,0.0,0.0,Cruz Azul,Brasileiro,Sebastián Jurado (Cruz Azul)
Rafael Guerrero,MEX,DF,20,5.2,12.0,9,10.0,2.0,0.0,8.0,11.0,72.7,3.0,6.0,4.0,2.0,16,28.0,7.0,0.0,Cruz Azul,Brasileiro,Rafael Guerrero (Cruz Azul)
Christian Tabó,URU,"FW,MF",30,2.4,5.0,4,2.0,1.0,2.0,1.0,3.0,33.3,2.0,3.0,1.0,2.0,2,7.0,1.0,0.0,Cruz Azul,Brasileiro,Christian Tabó (Cruz Azul)
Alexis Gutiérrez,MEX,"MF,FW",23,2.0,3.0,3,2.0,1.0,0.0,2.0,5.0,40.0,3.0,2.0,0.0,2.0,1,4.0,0.0,0.0,Cruz Azul,Brasileiro,Alexis Gutiérrez (Cruz Azul)
Augusto Lotti,ITA,FW,27,1.5,2.0,1,0.0,2.0,0.0,2.0,3.0,66.7,1.0,1.0,0.0,1.0,0,2.0,0.0,0.0,Cruz Azul,Brasileiro,Augusto Lotti (Cruz Azul)
Cristian Jiménez,MEX,"DF,MF",21,1.0,3.0,2,2.0,1.0,0.0,3.0,4.0,75.0,1.0,0.0,0.0,0.0,3,6.0,0.0,0.0,Cruz Azul,Brasileiro,Cristian Jiménez (Cruz Azul)
Alan Zubiri,MEX,DF,22,1.0,1.0,1,1.0,0.0,0.0,1.0,1.0,100.0,0.0,0.0,0.0,0.0,3,4.0,6.0,0.0,Cruz Azul,Brasileiro,Alan Zubiri (Cruz Azul)
Luis Iturbide,MEX,DF,21,0.5,0.0,0,0.0,0.0,0.0,0.0,0.0,0.0,0.0,0.0,0.0,0.0,3,3.0,2.0,0.0,Cruz Azul,Brasileiro,Luis Iturbide (Cruz Azul)
Jesús Dueñas,MEX,"MF,FW",34,0.9,2.0,2,0.0,2.0,0.0,0.0,1.0,0.0,1.0,2.0,1.0,1.0,0,2.0,0.0,0.0,Cruz Azul,Brasileiro,Jesús Dueñas (Cruz Azul)
Alonso Escoboza,MEX,DF,30,0.9,1.0,0,0.0,1.0,0.0,0.0,0.0,0.0,0.0,0.0,0.0,0.0,1,2.0,4.0,0.0,Cruz Azul,Brasileiro,Alonso Escoboza (Cruz Azul)
Josué Díaz,MEX,"DF,MF",19,0.5,0.0,0,0.0,0.0,0.0,0.0,0.0,0.0,0.0,1.0,0.0,1.0,1,1.0,0.0,0.0,Cruz Azul,Brasileiro,Josué Díaz (Cruz Azul)
Raymundo Rubio,MEX,"DF,FW",22,0.1,0.0,0,0.0,0.0,0.0,0.0,0.0,0.0,0.0,0.0,0.0,0.0,0,0.0,0.0,0.0,Cruz Azul,Brasileiro,Raymundo Rubio (Cruz Azul)
Amaury Morales,MEX,"MF,DF",18,0.1,0.0,0,0.0,0.0,0.0,0.0,0.0,0.0,0.0,0.0,0.0,0.0,0,0.0,0.0,0.0,Cruz Azul,Brasileiro,Amaury Morales (Cruz Azul)
Alfredo Talavera,MEX,GK,41,16.3,0.0,0,0.0,0.0,0.0,0.0,2.0,0.0,2.0,0.0,0.0,0.0,0,0.0,4.0,2.0,FC Juárez,Brasileiro,Alfredo Talavera (FC Juárez)
Luis Alfonso Rodríguez,MEX,DF,32,15.6,28.0,18,14.0,14.0,0.0,11.0,27.0,40.7,16.0,17.0,8.0,9.0,23,51.0,35.0,0.0,FC Juárez,Brasileiro,Luis Alfonso Rodríguez (FC Juárez)
Aitor García,ESP,"MF,FW",29,12.7,13.0,8,5.0,8.0,0.0,7.0,20.0,35.0,13.0,5.0,0.0,5.0,5,18.0,4.0,0.0,FC Juárez,Brasileiro,Aitor García (FC Juárez)
Javier Salas,MEX,MF,30,12.5,12.0,7,6.0,6.0,0.0,6.0,15.0,40.0,9.0,13.0,9.0,4.0,9,21.0,22.0,0.0,FC Juárez,Brasileiro,Javier Salas (FC Juárez)
José García,MEX,DF,27,13.7,19.0,8,16.0,3.0,0.0,13.0,19.0,68.4,6.0,6.0,3.0,3.0,19,38.0,67.0,0.0,FC Juárez,Brasileiro,José García (FC Juárez)
Moises Castillo,COL,DF,22,13.0,30.0,19,22.0,7.0,1.0,15.0,22.0,68.2,7.0,13.0,8.0,5.0,23,53.0,61.0,1.0,FC Juárez,Brasileiro,Moises Castillo (FC Juárez)
Avilés Hurtado,COL,"FW,MF",36,11.8,14.0,9,4.0,6.0,4.0,1.0,9.0,11.1,8.0,12.0,0.0,12.0,6,20.0,6.0,1.0,FC Juárez,Brasileiro,Avilés Hurtado (FC Juárez)
Diego Chávez Collins,MEX,"FW,MF",28,10.0,24.0,16,9.0,12.0,3.0,4.0,20.0,20.0,16.0,20.0,1.0,19.0,9,33.0,16.0,0.0,FC Juárez,Brasileiro,Diego Chávez Collins (FC Juárez)
Denzell García,MEX,MF,20,9.9,15.0,8,5.0,9.0,1.0,10.0,23.0,43.5,13.0,14.0,4.0,10.0,4,19.0,11.0,0.0,FC Juárez,Brasileiro,Denzell García (FC Juárez)
Aldo Cruz,MEX,DF,26,8.5,15.0,7,8.0,6.0,1.0,8.0,15.0,53.3,7.0,15.0,4.0,11.0,6,21.0,12.0,0.0,FC Juárez,Brasileiro,Aldo Cruz (FC Juárez)
Sebastián Saucedo,USA,"FW,MF",26,7.3,11.0,8,8.0,2.0,1.0,8.0,18.0,44.4,10.0,4.0,0.0,4.0,3,14.0,5.0,0.0,FC Juárez,Brasileiro,Sebastián Saucedo (FC Juárez)
Andrija Vukčević,MNE,DF,27,7.0,10.0,5,7.0,1.0,2.0,8.0,8.0,100.0,0.0,4.0,1.0,3.0,7,17.0,10.0,0.0,FC Juárez,Brasileiro,Andrija Vukčević (FC Juárez)
Christian Oliva,URU,MF,27,5.6,11.0,6,4.0,6.0,1.0,6.0,13.0,46.2,7.0,4.0,1.0,3.0,2,13.0,6.0,0.0,FC Juárez,Brasileiro,Christian Oliva (FC Juárez)
Michael Santos,URU,FW,30,5.3,1.0,0,1.0,0.0,0.0,1.0,3.0,33.3,2.0,3.0,1.0,2.0,0,1.0,4.0,0.0,FC Juárez,Brasileiro,Michael Santos (FC Juárez)
Gonzalo Pelúa,URU,DF,20,4.5,4.0,4,3.0,1.0,0.0,2.0,6.0,33.3,4.0,6.0,2.0,4.0,8,12.0,21.0,1.0,FC Juárez,Brasileiro,Gonzalo Pelúa (FC Juárez)
Diego Campillo,MEX,DF,22,3.7,8.0,4,5.0,3.0,0.0,4.0,11.0,36.4,7.0,3.0,0.0,3.0,3,11.0,25.0,0.0,FC Juárez,Brasileiro,Diego Campillo (FC Juárez)
Amaury Escoto,MEX,"FW,MF",31,4.6,1.0,0,0.0,0.0,1.0,1.0,2.0,50.0,1.0,5.0,0.0,5.0,0,1.0,4.0,0.0,FC Juárez,Brasileiro,Amaury Escoto (FC Juárez)
Sebastián Pérez Bouquet,MEX,"MF,FW",20,4.6,11.0,9,7.0,2.0,2.0,4.0,15.0,26.7,11.0,6.0,0.0,6.0,3,14.0,1.0,0.0,FC Juárez,Brasileiro,Sebastián Pérez Bouquet (FC Juárez)
Agustín Urzi,ARG,"MF,FW",23,3.8,12.0,5,6.0,3.0,3.0,6.0,12.0,50.0,6.0,5.0,0.0,5.0,8,20.0,0.0,0.0,FC Juárez,Brasileiro,Agustín Urzi (FC Juárez)
Haret Ortega,MEX,DF,23,3.0,4.0,4,4.0,0.0,0.0,3.0,3.0,100.0,0.0,2.0,1.0,1.0,8,12.0,24.0,1.0,FC Juárez,Brasileiro,Haret Ortega (FC Juárez)
Diego Valoyes,COL,MF,27,2.4,5.0,2,2.0,3.0,0.0,2.0,6.0,33.3,4.0,5.0,0.0,5.0,1,6.0,1.0,0.0,FC Juárez,Brasileiro,Diego Valoyes (FC Juárez)
Santiago Ormeño,PER,"FW,MF",29,1.9,2.0,0,1.0,1.0,0.0,0.0,1.0,0.0,1.0,0.0,0.0,0.0,1,3.0,0.0,0.0,FC Juárez,Brasileiro,Santiago Ormeño (FC Juárez)
César Sosa,MEX,MF,19,1.2,2.0,1,0.0,2.0,0.0,2.0,4.0,50.0,2.0,2.0,1.0,1.0,0,2.0,2.0,0.0,FC Juárez,Brasileiro,César Sosa (FC Juárez)
Mario Osuna,MEX,"MF,FW",35,3.1,5.0,4,1.0,4.0,0.0,1.0,8.0,12.5,7.0,3.0,0.0,3.0,5,10.0,8.0,0.0,FC Juárez,Brasileiro,Mario Osuna (FC Juárez)
Ángel Zapata,MEX,MF,22,2.9,6.0,2,2.0,3.0,1.0,3.0,4.0,75.0,1.0,3.0,0.0,3.0,1,7.0,4.0,0.0,FC Juárez,Brasileiro,Ángel Zapata (FC Juárez)
Francisco Nevarez,MEX,"DF,MF",23,0.7,0.0,0,0.0,0.0,0.0,0.0,4.0,0.0,4.0,1.0,1.0,0.0,0,0.0,3.0,0.0,FC Juárez,Brasileiro,Francisco Nevarez (FC Juárez)
Ramón Pasquel,MEX,GK,27,0.7,0.0,0,0.0,0.0,0.0,0.0,0.0,0.0,0.0,0.0,0.0,0.0,0,0.0,0.0,0.0,FC Juárez,Brasileiro,Ramón Pasquel (FC Juárez)
Jan Carmona,MEX,"FW,DF",19,0.5,0.0,0,0.0,0.0,0.0,0.0,0.0,0.0,0.0,1.0,0.0,1.0,1,1.0,0.0,0.0,FC Juárez,Brasileiro,Jan Carmona (FC Juárez)
Fernando Beltrán,MEX,MF,25,15.9,35.0,21,10.0,22.0,3.0,19.0,36.0,52.8,17.0,10.0,1.0,9.0,15,50.0,2.0,0.0,Guadalajara,Brasileiro,Fernando Beltrán (Guadalajara)
Miguel Jiménez Ponce,MEX,GK,33,15.8,1.0,0,1.0,0.0,0.0,1.0,1.0,100.0,0.0,0.0,0.0,0.0,0,1.0,5.0,0.0,Guadalajara,Brasileiro,Miguel Jiménez Ponce (Guadalajara)
Ricardo Marín,MEX,FW,25,12.7,9.0,4,0.0,5.0,4.0,3.0,12.0,25.0,9.0,8.0,0.0,8.0,5,14.0,3.0,0.0,Guadalajara,Brasileiro,Ricardo Marín (Guadalajara)
Gilberto Sepúlveda,MEX,DF,24,14.4,13.0,12,11.0,2.0,0.0,5.0,9.0,55.6,4.0,19.0,15.0,4.0,26,39.0,39.0,0.0,Guadalajara,Brasileiro,Gilberto Sepúlveda (Guadalajara)
Alan Mozo,MEX,DF,26,14.3,56.0,28,30.0,19.0,7.0,37.0,51.0,72.5,14.0,12.0,4.0,8.0,14,70.0,22.0,0.0,Guadalajara,Brasileiro,Alan Mozo (Guadalajara)
Roberto Alvarado,MEX,"FW,MF",25,12.6,13.0,7,6.0,5.0,2.0,4.0,14.0,28.6,10.0,9.0,3.0,6.0,8,21.0,7.0,0.0,Guadalajara,Brasileiro,Roberto Alvarado (Guadalajara)
Fernando Rubén González,MEX,MF,29,12.1,37.0,23,20.0,14.0,3.0,11.0,25.0,44.0,14.0,11.0,2.0,9.0,20,57.0,24.0,0.0,Guadalajara,Brasileiro,Fernando Rubén González (Guadalajara)
Jesús Orozco,MEX,DF,21,11.1,19.0,11,12.0,5.0,2.0,5.0,10.0,50.0,5.0,20.0,10.0,10.0,11,30.0,26.0,0.0,Guadalajara,Brasileiro,Jesús Orozco (Guadalajara)
Cristian Calderón,MEX,DF,26,11.2,26.0,18,16.0,8.0,2.0,21.0,30.0,70.0,9.0,8.0,3.0,5.0,7,33.0,18.0,0.0,Guadalajara,Brasileiro,Cristian Calderón (Guadalajara)
Antonio Briseño,MEX,DF,29,9.5,5.0,4,4.0,1.0,0.0,3.0,5.0,60.0,2.0,9.0,7.0,2.0,13,18.0,48.0,1.0,Guadalajara,Brasileiro,Antonio Briseño (Guadalajara)
Víctor Guzmán,MEX,MF,28,8.5,20.0,10,8.0,10.0,2.0,10.0,22.0,45.5,12.0,6.0,0.0,6.0,1,21.0,7.0,0.0,Guadalajara,Brasileiro,Víctor Guzmán (Guadalajara)
Isaác Brizuela,MEX,"FW,MF",33,7.5,7.0,3,3.0,2.0,2.0,2.0,6.0,33.3,4.0,7.0,1.0,6.0,4,11.0,4.0,0.0,Guadalajara,Brasileiro,Isaác Brizuela (Guadalajara)
Erick Gutiérrez,MEX,MF,28,7.0,31.0,20,10.0,19.0,2.0,14.0,20.0,70.0,6.0,7.0,1.0,6.0,3,34.0,8.0,0.0,Guadalajara,Brasileiro,Erick Gutiérrez (Guadalajara)
Jonathan Padilla,MEX,"MF,FW",18,6.3,21.0,10,8.0,11.0,2.0,12.0,27.0,44.4,15.0,16.0,2.0,14.0,3,24.0,2.0,0.0,Guadalajara,Brasileiro,Jonathan Padilla (Guadalajara)
Alejandro Mayorga,MEX,DF,26,4.4,7.0,6,5.0,2.0,0.0,6.0,12.0,50.0,6.0,4.0,3.0,1.0,4,11.0,11.0,0.0,Guadalajara,Brasileiro,Alejandro Mayorga (Guadalajara)
Alexis Vega,MEX,FW,26,4.3,2.0,1,2.0,0.0,0.0,2.0,2.0,100.0,0.0,3.0,0.0,3.0,1,3.0,0.0,0.0,Guadalajara,Brasileiro,Alexis Vega (Guadalajara)
Ronaldo Cisneros,MEX,"FW,MF",26,4.5,1.0,1,0.0,1.0,0.0,0.0,5.0,0.0,5.0,1.0,0.0,1.0,0,1.0,1.0,0.0,Guadalajara,Brasileiro,Ronaldo Cisneros (Guadalajara)
Raúl Martínez,MEX,DF,20,3.0,4.0,2,2.0,2.0,0.0,1.0,2.0,50.0,1.0,5.0,3.0,2.0,3,7.0,15.0,0.0,Guadalajara,Brasileiro,Raúl Martínez (Guadalajara)
Jesús Sánchez García,MEX,DF,34,2.6,17.0,9,6.0,9.0,2.0,8.0,18.0,44.4,10.0,3.0,0.0,3.0,2,19.0,5.0,0.0,Guadalajara,Brasileiro,Jesús Sánchez García (Guadalajara)
Juan Brigido,MEX,"FW,DF",22,3.0,5.0,2,2.0,1.0,2.0,2.0,3.0,66.7,1.0,5.0,0.0,5.0,0,5.0,0.0,0.0,Guadalajara,Brasileiro,Juan Brigido (Guadalajara)
Pavel Pérez,MEX,"FW,MF",25,2.1,6.0,3,1.0,4.0,1.0,1.0,6.0,16.7,5.0,3.0,1.0,2.0,0,6.0,1.0,0.0,Guadalajara,Brasileiro,Pavel Pérez (Guadalajara)
José Rangel Aguilar,MEX,GK,23,1.2,0.0,0,0.0,0.0,0.0,0.0,0.0,0.0,0.0,0.0,0.0,0.0,0,0.0,0.0,0.0,Guadalajara,Brasileiro,José Rangel Aguilar (Guadalajara)
Alan Torres,MEX,MF,23,1.8,2.0,1,1.0,1.0,0.0,1.0,3.0,33.3,2.0,6.0,3.0,3.0,3,5.0,2.0,0.0,Guadalajara,Brasileiro,Alan Torres (Guadalajara)
Daniel Armando Ríos,MEX,"FW,DF",28,0.8,0.0,0,0.0,0.0,0.0,0.0,1.0,0.0,1.0,0.0,0.0,0.0,1,1.0,0.0,0.0,Guadalajara,Brasileiro,Daniel Armando Ríos (Guadalajara)
Zahid Muñoz,MEX,MF,22,0.2,1.0,0,0.0,1.0,0.0,0.0,1.0,0.0,1.0,0.0,0.0,0.0,0,1.0,1.0,0.0,Guadalajara,Brasileiro,Zahid Muñoz (Guadalajara)
Hiram Mier,MEX,MF,34,0.1,0.0,0,0.0,0.0,0.0,0.0,0.0,0.0,0.0,1.0,1.0,0.0,0,0.0,0.0,0.0,Guadalajara,Brasileiro,Hiram Mier (Guadalajara)
Rodolfo Cota,MEX,GK,36,16.0,0.0,0,0.0,0.0,0.0,0.0,2.0,0.0,2.0,0.0,0.0,0.0,0,0.0,8.0,2.0,León,Brasileiro,Rodolfo Cota (León)
Adonis Frías,ARG,DF,25,16.0,27.0,19,17.0,9.0,1.0,14.0,25.0,56.0,11.0,18.0,12.0,6.0,18,45.0,44.0,1.0,León,Brasileiro,Adonis Frías (León)
Ángel Mena,ECU,"FW,MF",35,13.7,23.0,13,9.0,8.0,6.0,9.0,18.0,50.0,9.0,4.0,1.0,3.0,8,31.0,10.0,0.0,León,Brasileiro,Ángel Mena (León)
Iván Moreno,MEX,"DF,MF",25,12.0,15.0,9,7.0,8.0,0.0,9.0,25.0,36.0,16.0,6.0,3.0,3.0,11,26.0,12.0,0.0,León,Brasileiro,Iván Moreno (León)
Osvaldo Rodríguez del Portal,MEX,DF,27,11.5,26.0,14,16.0,8.0,2.0,15.0,21.0,71.4,6.0,14.0,6.0,8.0,18,44.0,23.0,1.0,León,Brasileiro,Osvaldo Rodríguez del Portal (León)
Lucas Romero,ARG,MF,29,10.8,23.0,18,4.0,16.0,3.0,10.0,26.0,38.5,16.0,10.0,2.0,8.0,7,30.0,9.0,0.0,León,Brasileiro,Lucas Romero (León)
José Iván Rodríguez,MEX,MF,27,11.2,36.0,25,14.0,22.0,0.0,20.0,35.0,57.1,15.0,18.0,7.0,11.0,16,52.0,14.0,1.0,León,Brasileiro,José Iván Rodríguez (León)
William Tesillo,COL,DF,33,10.8,20.0,11,13.0,5.0,2.0,9.0,19.0,47.4,10.0,8.0,3.0,5.0,12,32.0,28.0,0.0,León,Brasileiro,William Tesillo (León)
Alfonso Alvarado,MEX,"FW,MF",23,9.9,8.0,6,2.0,6.0,0.0,3.0,8.0,37.5,5.0,4.0,0.0,4.0,7,15.0,11.0,0.0,León,Brasileiro,Alfonso Alvarado (León)
Federico Viñas,URU,FW,25,8.8,14.0,11,1.0,8.0,5.0,4.0,5.0,80.0,1.0,7.0,0.0,7.0,0,14.0,10.0,0.0,León,Brasileiro,Federico Viñas (León)
Elías Hernández,MEX,"MF,DF",35,7.8,15.0,11,6.0,5.0,4.0,10.0,16.0,62.5,6.0,2.0,1.0,1.0,4,19.0,3.0,0.0,León,Brasileiro,Elías Hernández (León)
Nicolás López,URU,"FW,MF",30,7.7,9.0,6,3.0,4.0,2.0,3.0,5.0,60.0,2.0,5.0,0.0,5.0,4,13.0,3.0,0.0,León,Brasileiro,Nicolás López (León)
Fidel Ambríz,MEX,MF,20,7.8,17.0,10,6.0,8.0,3.0,7.0,18.0,38.9,11.0,6.0,1.0,5.0,2,19.0,4.0,0.0,León,Brasileiro,Fidel Ambríz (León)
Jaine Barreiro,COL,DF,29,7.0,16.0,12,11.0,5.0,0.0,8.0,10.0,80.0,2.0,9.0,7.0,2.0,8,24.0,24.0,0.0,León,Brasileiro,Jaine Barreiro (León)
Paul Bellón,MEX,DF,26,6.5,14.0,10,12.0,1.0,1.0,8.0,18.0,44.4,10.0,6.0,3.0,3.0,14,28.0,22.0,1.0,León,Brasileiro,Paul Bellón (León)
José David Ramírez,MEX,"DF,MF",28,6.4,7.0,5,3.0,3.0,1.0,5.0,12.0,41.7,7.0,3.0,1.0,2.0,2,9.0,7.0,0.0,León,Brasileiro,José David Ramírez (León)
Brian Rubio,MEX,FW,27,4.9,4.0,0,0.0,1.0,3.0,1.0,4.0,25.0,3.0,1.0,0.0,1.0,1,5.0,9.0,0.0,León,Brasileiro,Brian Rubio (León)
Borja Sánchez Laborde,ESP,"MF,DF",27,3.9,8.0,5,6.0,1.0,1.0,3.0,10.0,30.0,7.0,3.0,0.0,3.0,0,8.0,3.0,0.0,León,Brasileiro,Borja Sánchez Laborde (León)
Víctor Dávila,CHI,FW,26,2.8,1.0,1,0.0,1.0,0.0,1.0,3.0,33.3,2.0,4.0,0.0,4.0,0,1.0,1.0,0.0,León,Brasileiro,Víctor Dávila (León)
Omar Fernández Frasica,COL,"MF,FW",30,4.0,3.0,2,2.0,1.0,0.0,1.0,8.0,12.5,7.0,8.0,0.0,8.0,3,6.0,2.0,0.0,León,Brasileiro,Omar Fernández Frasica (León)
Jesús Angulo,MEX,MF,26,1.8,4.0,4,1.0,3.0,0.0,1.0,1.0,100.0,0.0,2.0,0.0,2.0,0,4.0,1.0,0.0,León,Brasileiro,Jesús Angulo (León)
Héctor Uribe,MEX,"MF,DF",19,1.5,1.0,0,0.0,1.0,0.0,1.0,2.0,50.0,1.0,0.0,0.0,0.0,0,1.0,0.0,0.0,León,Brasileiro,Héctor Uribe (León)
Sebastian Santos,MEX,"FW,MF",20,1.4,5.0,2,1.0,3.0,1.0,3.0,3.0,100.0,0.0,1.0,0.0,1.0,0,5.0,0.0,0.0,León,Brasileiro,Sebastian Santos (León)
Alfonso Blanco Antúnez,MEX,GK,36,1.0,0.0,0,0.0,0.0,0.0,0.0,0.0,0.0,0.0,0.0,0.0,0.0,0,0.0,0.0,0.0,León,Brasileiro,Alfonso Blanco Antúnez (León)
Luís Cervantes,MEX,DF,22,0.4,3.0,1,2.0,1.0,0.0,2.0,2.0,100.0,0.0,0.0,0.0,0.0,0,3.0,1.0,0.0,León,Brasileiro,Luís Cervantes (León)
Oscar Villa,MEX,DF,22,0.4,1.0,1,0.0,0.0,1.0,0.0,1.0,0.0,1.0,1.0,0.0,1.0,1,2.0,1.0,0.0,León,Brasileiro,Oscar Villa (León)
Facundo Almada,ARG,DF,25,17.0,18.0,14,13.0,5.0,0.0,8.0,13.0,61.5,5.0,20.0,15.0,5.0,16,34.0,61.0,0.0,Mazatlán,Brasileiro,Facundo Almada (Mazatlán)
Jefferson Intriago,ECU,MF,27,17.0,30.0,18,10.0,15.0,5.0,19.0,32.0,59.4,13.0,13.0,3.0,10.0,9,39.0,14.0,1.0,Mazatlán,Brasileiro,Jefferson Intriago (Mazatlán)
Hugo González Durán,MEX,GK,33,15.3,0.0,0,0.0,0.0,0.0,0.0,1.0,0.0,1.0,1.0,0.0,1.0,0,0.0,5.0,0.0,Mazatlán,Brasileiro,Hugo González Durán (Mazatlán)
Bryan Colula,MEX,DF,27,11.5,31.0,21,19.0,7.0,5.0,24.0,37.0,64.9,13.0,7.0,5.0,2.0,5,36.0,35.0,0.0,Mazatlán,Brasileiro,Bryan Colula (Mazatlán)
Josué Colmán,PAR,"MF,FW",25,10.9,12.0,4,5.0,7.0,0.0,6.0,17.0,35.3,11.0,3.0,0.0,3.0,6,18.0,8.0,1.0,Mazatlán,Brasileiro,Josué Colmán (Mazatlán)
Luis Amarilla,PAR,FW,28,9.5,13.0,8,9.0,3.0,1.0,5.0,14.0,35.7,9.0,8.0,0.0,8.0,1,14.0,15.0,0.0,Mazatlán,Brasileiro,Luis Amarilla (Mazatlán)
Jair Díaz,MEX,DF,25,9.0,26.0,16,16.0,9.0,1.0,16.0,31.0,51.6,15.0,5.0,4.0,1.0,8,34.0,21.0,0.0,Mazatlán,Brasileiro,Jair Díaz (Mazatlán)
Édgar Yoel Bárcenas,PAN,"FW,MF",30,8.9,11.0,8,4.0,5.0,2.0,4.0,16.0,25.0,12.0,2.0,1.0,1.0,6,17.0,3.0,0.0,Mazatlán,Brasileiro,Édgar Yoel Bárcenas (Mazatlán)
Sergio Adrián Flores,MEX,MF,28,10.3,31.0,17,17.0,12.0,2.0,18.0,31.0,58.1,13.0,15.0,4.0,11.0,9,40.0,22.0,1.0,Mazatlán,Brasileiro,Sergio Adrián Flores (Mazatlán)
Luis Olivas,MEX,DF,23,9.5,14.0,9,11.0,2.0,1.0,9.0,15.0,60.0,6.0,10.0,6.0,4.0,9,23.0,31.0,1.0,Mazatlán,Brasileiro,Luis Olivas (Mazatlán)
Alan Medina,MEX,"FW,MF",26,7.5,9.0,6,1.0,6.0,2.0,2.0,9.0,22.2,7.0,2.0,0.0,2.0,3,12.0,0.0,0.0,Mazatlán,Brasileiro,Alan Medina (Mazatlán)
Arnaud Ake,CIV,FW,25,5.9,4.0,1,0.0,2.0,2.0,2.0,5.0,40.0,3.0,3.0,0.0,3.0,0,4.0,6.0,0.0,Mazatlán,Brasileiro,Arnaud Ake (Mazatlán)
Nicolás Benedetti,COL,"MF,FW",26,5.9,8.0,5,4.0,3.0,1.0,4.0,10.0,40.0,6.0,3.0,0.0,3.0,1,9.0,0.0,0.0,Mazatlán,Brasileiro,Nicolás Benedetti (Mazatlán)
Andres Montaño,MEX,MF,21,4.7,5.0,3,2.0,3.0,0.0,2.0,4.0,50.0,2.0,6.0,2.0,4.0,3,8.0,5.0,0.0,Mazatlán,Brasileiro,Andres Montaño (Mazatlán)
Eduard Bello,VEN,"FW,MF",28,7.2,15.0,6,6.0,8.0,1.0,7.0,12.0,58.3,5.0,9.0,3.0,6.0,6,21.0,16.0,0.0,Mazatlán,Brasileiro,Eduard Bello (Mazatlán)
José Madueña,MEX,DF,33,5.5,9.0,8,4.0,2.0,3.0,3.0,6.0,50.0,3.0,2.0,0.0,2.0,4,13.0,10.0,0.0,Mazatlán,Brasileiro,José Madueña (Mazatlán)
José Joaquín Esquivel,MEX,MF,25,5.2,8.0,3,4.0,4.0,0.0,2.0,7.0,28.6,5.0,7.0,2.0,5.0,8,16.0,11.0,0.0,Mazatlán,Brasileiro,José Joaquín Esquivel (Mazatlán)
Ventura Alvarado,USA,DF,31,4.5,6.0,3,6.0,0.0,0.0,4.0,7.0,57.1,3.0,6.0,3.0,3.0,6,12.0,17.0,0.0,Mazatlán,Brasileiro,Ventura Alvarado (Mazatlán)
Francisco Eduardo Venegas,MEX,DF,25,4.5,15.0,8,7.0,5.0,3.0,7.0,9.0,77.8,2.0,3.0,0.0,3.0,6,21.0,8.0,0.0,Mazatlán,Brasileiro,Francisco Eduardo Venegas (Mazatlán)
Néstor Vidrio,MEX,DF,34,3.2,5.0,3,5.0,0.0,0.0,4.0,6.0,66.7,2.0,6.0,3.0,3.0,3,8.0,23.0,0.0,Mazatlán,Brasileiro,Néstor Vidrio (Mazatlán)
Lucas Merolla,ARG,DF,28,3.1,5.0,2,4.0,1.0,0.0,2.0,4.0,50.0,2.0,6.0,4.0,2.0,5,10.0,22.0,0.0,Mazatlán,Brasileiro,Lucas Merolla (Mazatlán)
Ramiro Árciga,MEX,"MF,FW",19,2.4,12.0,6,9.0,2.0,1.0,5.0,7.0,71.4,2.0,3.0,0.0,3.0,3,15.0,1.0,0.0,Mazatlán,Brasileiro,Ramiro Árciga (Mazatlán)
Raúl Camacho,MEX,FW,21,2.0,0.0,0,0.0,0.0,0.0,0.0,2.0,0.0,2.0,4.0,0.0,4.0,0,0.0,6.0,0.0,Mazatlán,Brasileiro,Raúl Camacho (Mazatlán)
Ricardo Gutiérrez,MEX,GK,26,1.7,0.0,0,0.0,0.0,0.0,0.0,0.0,0.0,0.0,0.0,0.0,0.0,0,0.0,0.0,0.0,Mazatlán,Brasileiro,Ricardo Gutiérrez (Mazatlán)
Roberto Meraz,MEX,MF,24,1.1,4.0,3,1.0,2.0,1.0,3.0,3.0,100.0,0.0,3.0,1.0,2.0,1,5.0,0.0,0.0,Mazatlán,Brasileiro,Roberto Meraz (Mazatlán)
Miguel Sansores,MEX,"FW,MF",32,0.8,2.0,0,1.0,1.0,0.0,0.0,2.0,0.0,2.0,1.0,0.0,1.0,0,2.0,2.0,0.0,Mazatlán,Brasileiro,Miguel Sansores (Mazatlán)
Omar Moreno,MEX,"FW,DF",18,0.6,0.0,0,0.0,0.0,0.0,0.0,0.0,0.0,0.0,0.0,0.0,0.0,0,0.0,0.0,0.0,Mazatlán,Brasileiro,Omar Moreno (Mazatlán)
Edson Mata,MEX,DF,20,0.3,2.0,1,2.0,0.0,0.0,1.0,1.0,100.0,0.0,0.0,0.0,0.0,0,2.0,2.0,0.0,Mazatlán,Brasileiro,Edson Mata (Mazatlán)
Esteban Andrada,ARG,GK,32,16.0,1.0,1,1.0,0.0,0.0,0.0,0.0,0.0,0.0,1.0,0.0,1.0,0,1.0,4.0,1.0,Monterrey,Brasileiro,Esteban Andrada (Monterrey)
Maximiliano Meza,ARG,"MF,FW",31,12.3,27.0,18,14.0,7.0,6.0,13.0,32.0,40.6,19.0,9.0,0.0,9.0,9,36.0,9.0,0.0,Monterrey,Brasileiro,Maximiliano Meza (Monterrey)
Stefan Medina,COL,DF,31,13.0,34.0,22,20.0,12.0,2.0,19.0,30.0,63.3,11.0,13.0,9.0,4.0,15,49.0,38.0,0.0,Monterrey,Brasileiro,Stefan Medina (Monterrey)
Luis Romo,MEX,MF,28,12.8,27.0,14,5.0,15.0,7.0,11.0,22.0,50.0,11.0,12.0,4.0,8.0,7,34.0,10.0,1.0,Monterrey,Brasileiro,Luis Romo (Monterrey)
Víctor Guzmán,MEX,DF,21,12.5,22.0,12,16.0,6.0,0.0,9.0,9.0,100.0,0.0,15.0,7.0,8.0,16,38.0,37.0,1.0,Monterrey,Brasileiro,Víctor Guzmán (Monterrey)
Rogelio Funes Mori,MEX,FW,32,11.4,4.0,1,0.0,2.0,2.0,1.0,5.0,20.0,4.0,4.0,0.0,4.0,1,5.0,8.0,0.0,Monterrey,Brasileiro,Rogelio Funes Mori (Monterrey)
Sebastián Vegas,CHI,DF,27,13.2,19.0,14,10.0,9.0,0.0,9.0,26.0,34.6,17.0,17.0,10.0,7.0,14,33.0,46.0,0.0,Monterrey,Brasileiro,Sebastián Vegas (Monterrey)
Jesús Gallardo,MEX,DF,29,12.1,29.0,14,12.0,13.0,4.0,13.0,24.0,54.2,11.0,15.0,3.0,12.0,10,39.0,23.0,0.0,Monterrey,Brasileiro,Jesús Gallardo (Monterrey)
Jordi Cortizo,MEX,"MF,FW",27,7.6,20.0,11,9.0,6.0,5.0,7.0,22.0,31.8,15.0,9.0,0.0,9.0,6,26.0,0.0,0.0,Monterrey,Brasileiro,Jordi Cortizo (Monterrey)
Omar Govea,MEX,MF,27,9.9,13.0,10,4.0,8.0,1.0,5.0,10.0,50.0,5.0,12.0,3.0,9.0,11,24.0,9.0,0.0,Monterrey,Brasileiro,Omar Govea (Monterrey)
Héctor Moreno,MEX,DF,35,7.7,4.0,1,3.0,0.0,1.0,3.0,6.0,50.0,3.0,8.0,4.0,4.0,10,14.0,19.0,0.0,Monterrey,Brasileiro,Héctor Moreno (Monterrey)
Jesús Corona,MEX,"MF,FW",30,6.6,8.0,5,2.0,3.0,3.0,3.0,8.0,37.5,5.0,8.0,0.0,8.0,3,11.0,3.0,0.0,Monterrey,Brasileiro,Jesús Corona (Monterrey)
Jonathan González,MEX,MF,24,6.6,10.0,6,5.0,5.0,0.0,5.0,10.0,50.0,5.0,5.0,2.0,3.0,13,23.0,10.0,0.0,Monterrey,Brasileiro,Jonathan González (Monterrey)
Alfonso González,MEX,"MF,FW",29,5.6,11.0,7,1.0,6.0,4.0,4.0,8.0,50.0,4.0,6.0,1.0,5.0,4,15.0,2.0,0.0,Monterrey,Brasileiro,Alfonso González (Monterrey)
Germán Berterame,ARG,"FW,MF",25,6.1,4.0,1,1.0,3.0,0.0,0.0,4.0,0.0,4.0,5.0,0.0,5.0,3,7.0,5.0,0.0,Monterrey,Brasileiro,Germán Berterame (Monterrey)
Érick Aguirre,MEX,DF,26,5.1,19.0,11,14.0,4.0,1.0,13.0,16.0,81.3,3.0,6.0,0.0,6.0,4,23.0,14.0,0.0,Monterrey,Brasileiro,Érick Aguirre (Monterrey)
Sergio Canales,ESP,"FW,MF",32,4.2,4.0,2,1.0,3.0,0.0,3.0,8.0,37.5,5.0,1.0,0.0,1.0,0,4.0,1.0,0.0,Monterrey,Brasileiro,Sergio Canales (Monterrey)
Joao Joshimar Rojas,ECU,"MF,FW",26,4.4,4.0,3,0.0,3.0,1.0,2.0,6.0,33.3,4.0,2.0,0.0,2.0,2,6.0,1.0,0.0,Monterrey,Brasileiro,Joao Joshimar Rojas (Monterrey)
César Bustos,MEX,DF,18,3.1,10.0,6,6.0,4.0,0.0,5.0,7.0,71.4,2.0,4.0,0.0,4.0,2,12.0,3.0,0.0,Monterrey,Brasileiro,César Bustos (Monterrey)
Ali Ávila,MEX,FW,20,3.0,3.0,0,1.0,0.0,2.0,3.0,4.0,75.0,1.0,1.0,0.0,1.0,0,3.0,2.0,0.0,Monterrey,Brasileiro,Ali Ávila (Monterrey)
Celso Ortiz,PAR,MF,34,2.1,3.0,0,2.0,1.0,0.0,2.0,5.0,40.0,3.0,1.0,1.0,0.0,8,11.0,1.0,0.0,Monterrey,Brasileiro,Celso Ortiz (Monterrey)
César Garza,MEX,"MF,FW",18,2.8,5.0,2,0.0,5.0,0.0,1.0,2.0,50.0,1.0,2.0,0.0,2.0,2,7.0,4.0,0.0,Monterrey,Brasileiro,César Garza (Monterrey)
Daniel Alexis Parra,MEX,DF,24,1.0,0.0,0,0.0,0.0,0.0,0.0,2.0,0.0,2.0,0.0,0.0,0.0,2,2.0,2.0,0.0,Monterrey,Brasileiro,Daniel Alexis Parra (Monterrey)
Luis Cárdenas,MEX,GK,30,1.0,0.0,0,0.0,0.0,0.0,0.0,0.0,0.0,0.0,1.0,0.0,1.0,0,0.0,3.0,0.0,Monterrey,Brasileiro,Luis Cárdenas (Monterrey)
Victor Lopez,MEX,"MF,FW",20,2.3,6.0,3,2.0,2.0,2.0,2.0,5.0,40.0,3.0,5.0,0.0,5.0,2,8.0,0.0,0.0,Monterrey,Brasileiro,Victor Lopez (Monterrey)
Rodrigo Aguirre,URU,"FW,MF",29,1.7,2.0,1,0.0,1.0,1.0,0.0,2.0,0.0,2.0,0.0,0.0,0.0,1,3.0,0.0,0.0,Monterrey,Brasileiro,Rodrigo Aguirre (Monterrey)
Ángel Jordán Acosta,MEX,"MF,FW",18,0.5,1.0,1,0.0,1.0,0.0,1.0,1.0,100.0,0.0,0.0,0.0,0.0,1,2.0,0.0,0.0,Monterrey,Brasileiro,Ángel Jordán Acosta (Monterrey)
Edson Gutiérrez,MEX,DF,27,0.4,0.0,0,0.0,0.0,0.0,0.0,0.0,0.0,0.0,0.0,0.0,0.0,1,1.0,3.0,0.0,Monterrey,Brasileiro,Edson Gutiérrez (Monterrey)
Isidro Suárez,MEX,FW,20,0.2,1.0,1,0.0,1.0,0.0,0.0,1.0,0.0,1.0,0.0,0.0,0.0,0,1.0,0.0,0.0,Monterrey,Brasileiro,Isidro Suárez (Monterrey)
Joaquín Moxica,MEX,FW,17,0.2,0.0,0,0.0,0.0,0.0,0.0,0.0,0.0,0.0,0.0,0.0,0.0,0,0.0,1.0,0.0,Monterrey,Brasileiro,Joaquín Moxica (Monterrey)
Kevin Ortega,MEX,"MF,FW",21,0.2,2.0,1,1.0,0.0,1.0,1.0,2.0,50.0,1.0,0.0,0.0,0.0,0,2.0,0.0,0.0,Monterrey,Brasileiro,Kevin Ortega (Monterrey)
Ricardo Rentería,MEX,FW,21,0.1,0.0,0,0.0,0.0,0.0,0.0,0.0,0.0,0.0,0.0,0.0,0.0,0,0.0,1.0,0.0,Monterrey,Brasileiro,Ricardo Rentería (Monterrey)
Alexis Francisco Peña,MEX,DF,27,17.0,17.0,12,9.0,6.0,2.0,8.0,16.0,50.0,8.0,17.0,10.0,7.0,20,37.0,68.0,0.0,Necaxa,Brasileiro,Alexis Francisco Peña (Necaxa)
Bryan Garnica,MEX,MF,27,14.9,13.0,7,6.0,3.0,4.0,4.0,16.0,25.0,12.0,19.0,3.0,16.0,8,21.0,10.0,0.0,Necaxa,Brasileiro,Bryan Garnica (Necaxa)
Alán Montes,MEX,DF,23,14.6,33.0,19,18.0,15.0,0.0,16.0,23.0,69.6,7.0,27.0,15.0,12.0,25,58.0,72.0,0.0,Necaxa,Brasileiro,Alán Montes (Necaxa)
Facundo Batista,URU,FW,24,12.3,5.0,1,2.0,1.0,2.0,1.0,9.0,11.1,8.0,19.0,5.0,14.0,0,5.0,22.0,0.0,Necaxa,Brasileiro,Facundo Batista (Necaxa)
Fernando Arce Jr.,USA,MF,27,10.9,35.0,21,20.0,13.0,2.0,17.0,34.0,50.0,17.0,22.0,5.0,17.0,22,57.0,17.0,0.0,Necaxa,Brasileiro,Fernando Arce Jr. (Necaxa)
Raúl Gudiño,MEX,GK,27,9.5,0.0,0,0.0,0.0,0.0,0.0,0.0,0.0,0.0,0.0,0.0,0.0,0,0.0,2.0,0.0,Necaxa,Brasileiro,Raúl Gudiño (Necaxa)
Jorge Rodríguez,MEX,DF,22,9.5,22.0,14,12.0,8.0,2.0,8.0,18.0,44.4,10.0,11.0,3.0,8.0,10,32.0,22.0,0.0,Necaxa,Brasileiro,Jorge Rodríguez (Necaxa)
Édgar Méndez,ESP,"FW,MF",33,8.5,13.0,7,2.0,10.0,1.0,6.0,12.0,50.0,6.0,4.0,1.0,3.0,4,17.0,4.0,0.0,Necaxa,Brasileiro,Édgar Méndez (Necaxa)
Heriberto Jurado,MEX,MF,18,6.6,18.0,11,8.0,8.0,2.0,8.0,17.0,47.1,9.0,6.0,0.0,6.0,3,21.0,3.0,0.0,Necaxa,Brasileiro,Heriberto Jurado (Necaxa)
Jair Cortés,MEX,"DF,MF",23,8.3,27.0,20,13.0,13.0,1.0,19.0,32.0,59.4,13.0,11.0,1.0,10.0,11,38.0,25.0,0.0,Necaxa,Brasileiro,Jair Cortés (Necaxa)
Emilio Martínez González,MEX,DF,20,7.5,18.0,9,13.0,2.0,3.0,14.0,29.0,48.3,15.0,9.0,2.0,7.0,9,27.0,19.0,0.0,Necaxa,Brasileiro,Emilio Martínez González (Necaxa)
Ezequiel Unsain,ARG,GK,28,7.5,0.0,0,0.0,0.0,0.0,0.0,0.0,0.0,0.0,0.0,0.0,0.0,0,0.0,0.0,1.0,Necaxa,Brasileiro,Ezequiel Unsain (Necaxa)
Ricardo Monreal,MEX,FW,22,6.3,5.0,4,1.0,1.0,3.0,1.0,6.0,16.7,5.0,8.0,2.0,6.0,1,6.0,2.0,0.0,Necaxa,Brasileiro,Ricardo Monreal (Necaxa)
Agustín Oliveros,URU,DF,25,6.0,5.0,2,3.0,1.0,1.0,2.0,3.0,66.7,1.0,5.0,2.0,3.0,3,8.0,12.0,0.0,Necaxa,Brasileiro,Agustín Oliveros (Necaxa)
Vicente Poggi,URU,MF,21,5.8,16.0,15,11.0,5.0,0.0,5.0,17.0,29.4,12.0,8.0,1.0,7.0,11,27.0,5.0,1.0,Necaxa,Brasileiro,Vicente Poggi (Necaxa)
Andrés Colorado,COL,MF,25,5.7,9.0,6,6.0,2.0,1.0,7.0,14.0,50.0,7.0,1.0,0.0,1.0,8,17.0,14.0,1.0,Necaxa,Brasileiro,Andrés Colorado (Necaxa)
Alejandro Andrade,MEX,MF,22,4.3,9.0,4,2.0,7.0,0.0,4.0,7.0,57.1,3.0,7.0,4.0,3.0,2,11.0,3.0,0.0,Necaxa,Brasileiro,Alejandro Andrade (Necaxa)
Cristian González Bautista,MEX,"DF,MF",25,4.4,5.0,3,4.0,1.0,0.0,5.0,10.0,50.0,5.0,6.0,1.0,5.0,1,6.0,4.0,0.0,Necaxa,Brasileiro,Cristian González Bautista (Necaxa)
Jhon Chancellor,VEN,DF,31,4.3,8.0,6,7.0,1.0,0.0,3.0,5.0,60.0,2.0,10.0,2.0,8.0,6,14.0,27.0,0.0,Necaxa,Brasileiro,Jhon Chancellor (Necaxa)
Diego Gómez,MEX,"MF,FW",20,3.4,6.0,4,3.0,3.0,0.0,1.0,8.0,12.5,7.0,6.0,1.0,5.0,2,8.0,3.0,0.0,Necaxa,Brasileiro,Diego Gómez (Necaxa)
José Joaquín Esquivel,MEX,MF,25,3.0,8.0,3,6.0,2.0,0.0,0.0,2.0,0.0,2.0,6.0,2.0,4.0,4,12.0,1.0,0.0,Necaxa,Brasileiro,José Joaquín Esquivel (Necaxa)
Fabricio Formiliano,URU,DF,30,2.8,0.0,0,0.0,0.0,0.0,0.0,3.0,0.0,3.0,2.0,2.0,0.0,7,7.0,17.0,0.0,Necaxa,Brasileiro,Fabricio Formiliano (Necaxa)
Braian Samudio,PAR,"MF,FW",28,3.8,5.0,3,1.0,4.0,0.0,2.0,7.0,28.6,5.0,2.0,0.0,2.0,1,6.0,2.0,0.0,Necaxa,Brasileiro,Braian Samudio (Necaxa)
Daniel Mantilla,COL,"MF,FW",27,3.0,1.0,0,1.0,0.0,0.0,1.0,6.0,16.7,5.0,3.0,1.0,2.0,1,2.0,3.0,0.0,Necaxa,Brasileiro,Daniel Mantilla (Necaxa)
Rogelio Cortéz Pineda,MEX,MF,19,2.1,7.0,3,3.0,4.0,0.0,4.0,10.0,40.0,6.0,6.0,3.0,3.0,0,7.0,2.0,0.0,Necaxa,Brasileiro,Rogelio Cortéz Pineda (Necaxa)
Maximiliano Silvera,URU,FW,26,1.2,1.0,1,0.0,1.0,0.0,1.0,1.0,100.0,0.0,1.0,0.0,1.0,2,3.0,0.0,0.0,Necaxa,Brasileiro,Maximiliano Silvera (Necaxa)
Alfredo Gutierrez,MEX,DF,20,0.9,4.0,3,2.0,2.0,0.0,1.0,1.0,100.0,0.0,0.0,0.0,0.0,3,7.0,1.0,0.0,Necaxa,Brasileiro,Alfredo Gutierrez (Necaxa)
Misael Domínguez,MEX,"MF,DF",24,1.2,1.0,0,0.0,0.0,1.0,0.0,0.0,0.0,0.0,3.0,0.0,3.0,0,1.0,0.0,0.0,Necaxa,Brasileiro,Misael Domínguez (Necaxa)
Waldo Madrid,MEX,"DF,FW",20,0.5,3.0,3,2.0,1.0,0.0,1.0,2.0,50.0,1.0,0.0,0.0,0.0,1,4.0,0.0,0.0,Necaxa,Brasileiro,Waldo Madrid (Necaxa)
Arath Moreno,MEX,MF,18,0.4,1.0,1,1.0,0.0,0.0,0.0,2.0,0.0,2.0,2.0,0.0,2.0,0,1.0,1.0,0.0,Necaxa,Brasileiro,Arath Moreno (Necaxa)
César López,MEX,FW,21,0.1,0.0,0,0.0,0.0,0.0,0.0,0.0,0.0,0.0,0.0,0.0,0.0,0,0.0,1.0,0.0,Necaxa,Brasileiro,César López (Necaxa)
Alek Álvarez,MEX,DF,20,0.1,1.0,1,1.0,0.0,0.0,0.0,0.0,0.0,0.0,0.0,0.0,0.0,0,1.0,1.0,0.0,Necaxa,Brasileiro,Alek Álvarez (Necaxa)
Miguel Rodríguez,MEX,DF,20,16.7,38.0,30,22.0,11.0,5.0,20.0,29.0,69.0,9.0,22.0,1.0,21.0,21,59.0,42.0,0.0,Pachuca,Brasileiro,Miguel Rodríguez (Pachuca)
Gustavo Cabral,ARG,DF,38,16.0,17.0,11,12.0,5.0,0.0,7.0,16.0,43.8,9.0,25.0,17.0,8.0,21,38.0,59.0,0.0,Pachuca,Brasileiro,Gustavo Cabral (Pachuca)
Sergio Barreto,ARG,DF,24,15.3,31.0,18,24.0,7.0,0.0,19.0,27.0,70.4,8.0,19.0,7.0,12.0,27,58.0,96.0,0.0,Pachuca,Brasileiro,Sergio Barreto (Pachuca)
Carlos Moreno,MEX,GK,25,14.0,1.0,1,1.0,0.0,0.0,1.0,2.0,50.0,1.0,0.0,0.0,0.0,1,2.0,3.0,3.0,Pachuca,Brasileiro,Carlos Moreno (Pachuca)
Erick Sánchez,MEX,"MF,FW",24,12.8,26.0,16,9.0,14.0,3.0,14.0,31.0,45.2,17.0,20.0,5.0,15.0,15,41.0,16.0,0.0,Pachuca,Brasileiro,Erick Sánchez (Pachuca)
Lucas Di Yorio,ARG,FW,27,11.3,16.0,9,0.0,11.0,5.0,5.0,13.0,38.5,8.0,11.0,2.0,9.0,3,19.0,9.0,0.0,Pachuca,Brasileiro,Lucas Di Yorio (Pachuca)
Elias Montiel,MEX,MF,18,10.0,17.0,12,4.0,10.0,3.0,3.0,20.0,15.0,17.0,5.0,3.0,2.0,8,25.0,6.0,0.0,Pachuca,Brasileiro,Elias Montiel (Pachuca)
Roberto de la Rosa,MEX,"FW,MF",23,8.7,1.0,1,1.0,0.0,0.0,1.0,4.0,25.0,3.0,5.0,0.0,5.0,1,2.0,16.0,0.0,Pachuca,Brasileiro,Roberto de la Rosa (Pachuca)
José Castillo Pérez,MEX,DF,22,8.3,21.0,14,11.0,9.0,1.0,16.0,18.0,88.9,2.0,15.0,5.0,10.0,8,29.0,22.0,0.0,Pachuca,Brasileiro,José Castillo Pérez (Pachuca)
Marino Hinestroza,COL,"MF,FW",21,7.7,9.0,6,2.0,6.0,1.0,4.0,12.0,33.3,8.0,10.0,0.0,10.0,3,12.0,3.0,0.0,Pachuca,Brasileiro,Marino Hinestroza (Pachuca)
David Terans,URU,"MF,FW",29,6.1,4.0,3,1.0,2.0,1.0,1.0,5.0,20.0,4.0,4.0,0.0,4.0,0,4.0,1.0,0.0,Pachuca,Brasileiro,David Terans (Pachuca)
Byron Castillo,ECU,DF,25,7.3,25.0,15,14.0,9.0,2.0,9.0,17.0,52.9,8.0,10.0,2.0,8.0,5,30.0,27.0,0.0,Pachuca,Brasileiro,Byron Castillo (Pachuca)
Jesús Hernández,MEX,"MF,FW",22,5.9,7.0,4,3.0,3.0,1.0,3.0,9.0,33.3,6.0,13.0,0.0,13.0,1,8.0,3.0,0.0,Pachuca,Brasileiro,Jesús Hernández (Pachuca)
Celso Ortiz,PAR,MF,34,5.6,23.0,12,8.0,13.0,2.0,10.0,22.0,45.5,12.0,5.0,2.0,3.0,10,33.0,7.0,0.0,Pachuca,Brasileiro,Celso Ortiz (Pachuca)
Jorge Berlanga,MEX,DF,20,5.3,6.0,5,2.0,4.0,0.0,3.0,7.0,42.9,4.0,8.0,1.0,7.0,8,14.0,21.0,0.0,Pachuca,Brasileiro,Jorge Berlanga (Pachuca)
Bryan González,MEX,"MF,FW",20,3.9,5.0,3,1.0,2.0,2.0,0.0,3.0,0.0,3.0,7.0,0.0,7.0,2,7.0,2.0,1.0,Pachuca,Brasileiro,Bryan González (Pachuca)
Pedro Pedraza,MEX,MF,23,5.2,22.0,13,11.0,11.0,0.0,13.0,26.0,50.0,13.0,11.0,1.0,10.0,11,33.0,1.0,0.0,Pachuca,Brasileiro,Pedro Pedraza (Pachuca)
Oussama Idrissi,MAR,"FW,MF",27,3.6,10.0,7,3.0,4.0,3.0,5.0,14.0,35.7,9.0,4.0,0.0,4.0,1,11.0,1.0,0.0,Pachuca,Brasileiro,Oussama Idrissi (Pachuca)
Óscar Ustari,ARG,GK,37,3.0,0.0,0,0.0,0.0,0.0,0.0,1.0,0.0,1.0,0.0,0.0,0.0,0,0.0,1.0,0.0,Pachuca,Brasileiro,Óscar Ustari (Pachuca)
Illian Hernandez,MEX,FW,23,4.5,3.0,2,0.0,2.0,1.0,1.0,5.0,20.0,4.0,5.0,0.0,5.0,0,3.0,11.0,0.0,Pachuca,Brasileiro,Illian Hernandez (Pachuca)
Francisco Antonio Figueroa,MEX,"MF,FW",24,2.2,2.0,2,1.0,1.0,0.0,1.0,9.0,11.1,8.0,6.0,0.0,6.0,2,4.0,0.0,0.0,Pachuca,Brasileiro,Francisco Antonio Figueroa (Pachuca)
Jahaziel Marchand,MEX,MF,22,2.2,5.0,5,1.0,3.0,1.0,3.0,5.0,60.0,2.0,6.0,1.0,5.0,3,8.0,2.0,0.0,Pachuca,Brasileiro,Jahaziel Marchand (Pachuca)
Alexei Dominguez,MEX,"MF,FW",18,2.0,6.0,6,2.0,4.0,0.0,2.0,3.0,66.7,1.0,4.0,0.0,4.0,1,7.0,1.0,0.0,Pachuca,Brasileiro,Alexei Dominguez (Pachuca)
Paulino,ESP,MF,26,1.4,3.0,0,1.0,1.0,1.0,1.0,3.0,33.3,2.0,1.0,0.0,1.0,1,4.0,0.0,0.0,Pachuca,Brasileiro,Paulino (Pachuca)
Israel Luna,MEX,MF,21,1.2,4.0,2,2.0,2.0,0.0,1.0,3.0,33.3,2.0,0.0,0.0,0.0,1,5.0,1.0,0.0,Pachuca,Brasileiro,Israel Luna (Pachuca)
Javier Eduardo López,MEX,"MF,FW",29,2.9,4.0,2,2.0,1.0,1.0,2.0,5.0,40.0,3.0,1.0,0.0,1.0,0,4.0,1.0,0.0,Pachuca,Brasileiro,Javier Eduardo López (Pachuca)
René López,MEX,DF,21,0.8,3.0,2,1.0,0.0,2.0,1.0,1.0,100.0,0.0,2.0,0.0,2.0,0,3.0,0.0,0.0,Pachuca,Brasileiro,René López (Pachuca)
Luis Sánchez,MEX,DF,23,0.7,1.0,1,0.0,0.0,1.0,1.0,1.0,100.0,0.0,1.0,1.0,0.0,2,3.0,2.0,0.0,Pachuca,Brasileiro,Luis Sánchez (Pachuca)
Owen González,MEX,"MF,FW",20,1.6,1.0,0,1.0,0.0,0.0,0.0,1.0,0.0,1.0,3.0,0.0,3.0,1,2.0,0.0,0.0,Pachuca,Brasileiro,Owen González (Pachuca)
Fernando Ovelar,PAR,"MF,FW",19,0.4,0.0,0,0.0,0.0,0.0,0.0,1.0,0.0,1.0,0.0,0.0,0.0,0,0.0,0.0,0.0,Pachuca,Brasileiro,Fernando Ovelar (Pachuca)
Diego De Buen,MEX,"MF,DF",32,17.0,29.0,17,12.0,14.0,3.0,12.0,32.0,37.5,20.0,17.0,9.0,8.0,23,52.0,42.0,0.0,Puebla,Brasileiro,Diego De Buen (Puebla)
Jesús Rodríguez,MEX,GK,30,17.0,0.0,0,0.0,0.0,0.0,0.0,4.0,0.0,4.0,0.0,0.0,0.0,0,0.0,6.0,3.0,Puebla,Brasileiro,Jesús Rodríguez (Puebla)
Gastón Silva,URU,DF,29,17.0,37.0,23,26.0,10.0,1.0,25.0,41.0,61.0,16.0,30.0,14.0,16.0,16,53.0,79.0,0.0,Puebla,Brasileiro,Gastón Silva (Puebla)
Brayan Angulo,COL,"DF,MF",34,16.8,30.0,20,17.0,12.0,1.0,17.0,33.0,51.5,16.0,10.0,2.0,8.0,18,48.0,24.0,0.0,Puebla,Brasileiro,Brayan Angulo (Puebla)
Guillermo Martínez Ayala,MEX,FW,28,15.0,6.0,1,1.0,3.0,2.0,2.0,7.0,28.6,5.0,9.0,3.0,6.0,1,7.0,17.0,0.0,Puebla,Brasileiro,Guillermo Martínez Ayala (Puebla)
Gustavo Ferrareis,BRA,DF,27,14.4,30.0,17,18.0,10.0,2.0,16.0,33.0,48.5,17.0,13.0,2.0,11.0,16,46.0,35.0,0.0,Puebla,Brasileiro,Gustavo Ferrareis (Puebla)
Pablo González Díaz,MEX,MF,31,14.3,28.0,21,20.0,8.0,0.0,14.0,22.0,63.6,8.0,18.0,13.0,5.0,26,54.0,39.0,0.0,Puebla,Brasileiro,Pablo González Díaz (Puebla)
Kevin Velasco,COL,MF,26,13.1,22.0,12,13.0,7.0,2.0,5.0,14.0,35.7,9.0,10.0,0.0,10.0,6,28.0,5.0,0.0,Puebla,Brasileiro,Kevin Velasco (Puebla)
Sebastián Olmedo,PAR,DF,22,14.0,30.0,19,22.0,8.0,0.0,15.0,28.0,53.6,13.0,23.0,14.0,9.0,24,54.0,65.0,5.0,Puebla,Brasileiro,Sebastián Olmedo (Puebla)
Daniel Álvarez López,MEX,"MF,FW",29,9.4,9.0,7,1.0,7.0,1.0,5.0,15.0,33.3,10.0,10.0,3.0,7.0,5,14.0,6.0,0.0,Puebla,Brasileiro,Daniel Álvarez López (Puebla)
Martín Barragán,MEX,FW,32,9.3,3.0,1,0.0,0.0,3.0,1.0,4.0,25.0,3.0,9.0,2.0,7.0,2,5.0,7.0,0.0,Puebla,Brasileiro,Martín Barragán (Puebla)
Carlos Baltazar,MEX,MF,26,6.1,11.0,8,1.0,9.0,1.0,4.0,6.0,66.7,2.0,5.0,1.0,4.0,3,14.0,6.0,0.0,Puebla,Brasileiro,Carlos Baltazar (Puebla)
Luis García,MEX,"DF,MF",30,4.0,4.0,2,3.0,1.0,0.0,3.0,8.0,37.5,5.0,1.0,0.0,1.0,4,8.0,4.0,0.0,Puebla,Brasileiro,Luis García (Puebla)
Ángel Robles,MEX,"FW,MF",22,3.2,5.0,3,1.0,3.0,1.0,2.0,7.0,28.6,5.0,5.0,0.0,5.0,0,5.0,0.0,0.0,Puebla,Brasileiro,Ángel Robles (Puebla)
Miguel Sansores,MEX,"FW,MF",32,3.5,9.0,6,3.0,5.0,1.0,4.0,9.0,44.4,5.0,3.0,1.0,2.0,2,11.0,4.0,0.0,Puebla,Brasileiro,Miguel Sansores (Puebla)
Federico Mancuello,ARG,MF,34,3.0,4.0,2,1.0,3.0,0.0,1.0,4.0,25.0,3.0,3.0,1.0,2.0,3,7.0,5.0,0.0,Puebla,Brasileiro,Federico Mancuello (Puebla)
Alberto Herrera,MEX,"DF,MF",22,1.5,1.0,1,0.0,1.0,0.0,0.0,0.0,0.0,0.0,5.0,0.0,5.0,1,2.0,5.0,0.0,Puebla,Brasileiro,Alberto Herrera (Puebla)
Efraín Orona,MEX,"DF,MF",24,1.2,3.0,3,2.0,1.0,0.0,3.0,3.0,100.0,0.0,4.0,3.0,1.0,4,7.0,8.0,0.0,Puebla,Brasileiro,Efraín Orona (Puebla)
Diego Zago,MEX,MF,21,1.0,3.0,3,1.0,2.0,0.0,2.0,6.0,33.3,4.0,0.0,0.0,0.0,1,4.0,5.0,0.0,Puebla,Brasileiro,Diego Zago (Puebla)
Gabriel Carabajal,ARG,"MF,FW",32,1.6,6.0,6,0.0,3.0,3.0,1.0,3.0,33.3,2.0,2.0,0.0,2.0,0,6.0,2.0,0.0,Puebla,Brasileiro,Gabriel Carabajal (Puebla)
Lucas de los Santos,URU,"MF,FW",22,1.5,5.0,2,3.0,1.0,1.0,1.0,2.0,50.0,1.0,4.0,0.0,4.0,0,5.0,10.0,0.0,Puebla,Brasileiro,Lucas de los Santos (Puebla)
Daniel Aguilar,MEX,"FW,MF",25,1.3,2.0,0,1.0,0.0,1.0,0.0,3.0,0.0,3.0,1.0,0.0,1.0,1,3.0,3.0,0.0,Puebla,Brasileiro,Daniel Aguilar (Puebla)
Facundo Waller,URU,MF,26,0.9,2.0,2,2.0,0.0,0.0,1.0,1.0,100.0,0.0,0.0,0.0,0.0,0,2.0,2.0,0.0,Puebla,Brasileiro,Facundo Waller (Puebla)
Fernando Arce Jr.,USA,"MF,DF",27,0.7,2.0,2,1.0,1.0,0.0,0.0,0.0,0.0,0.0,1.0,0.0,1.0,0,2.0,1.0,0.0,Puebla,Brasileiro,Fernando Arce Jr. (Puebla)
S. González,MEX,FW,20,0.1,0.0,0,0.0,0.0,0.0,0.0,0.0,0.0,0.0,0.0,0.0,0.0,0,0.0,0.0,0.0,Puebla,Brasileiro,S. González (Puebla)
Emanuel Gularte,URU,DF,26,17.0,28.0,19,21.0,6.0,1.0,8.0,13.0,61.5,5.0,13.0,10.0,3.0,16,44.0,77.0,0.0,Querétaro,Brasileiro,Emanuel Gularte (Querétaro)
Federico Lértora,ARG,MF,33,15.7,34.0,18,13.0,18.0,3.0,13.0,37.0,35.1,24.0,30.0,16.0,14.0,23,57.0,30.0,1.0,Querétaro,Brasileiro,Federico Lértora (Querétaro)
Pablo Barrera,MEX,"MF,FW",36,14.8,23.0,7,5.0,16.0,2.0,7.0,22.0,31.8,15.0,10.0,1.0,9.0,11,34.0,1.0,0.0,Querétaro,Brasileiro,Pablo Barrera (Querétaro)
Kevin Escamilla,MEX,MF,29,13.1,24.0,16,4.0,18.0,2.0,13.0,28.0,46.4,15.0,16.0,4.0,12.0,11,35.0,14.0,0.0,Querétaro,Brasileiro,Kevin Escamilla (Querétaro)
Óscar Manzanarez,MEX,DF,28,11.6,19.0,12,15.0,3.0,1.0,8.0,13.0,61.5,5.0,22.0,8.0,14.0,19,38.0,43.0,0.0,Querétaro,Brasileiro,Óscar Manzanarez (Querétaro)
Omar Israel Mendoza,MEX,DF,35,11.4,24.0,15,19.0,5.0,0.0,15.0,30.0,50.0,15.0,9.0,6.0,3.0,17,41.0,26.0,0.0,Querétaro,Brasileiro,Omar Israel Mendoza (Querétaro)
Raúl Sandoval,MEX,"DF,MF",23,12.0,16.0,6,10.0,6.0,0.0,9.0,18.0,50.0,9.0,11.0,2.0,9.0,10,26.0,21.0,0.0,Querétaro,Brasileiro,Raúl Sandoval (Querétaro)
Guillermo Allison,MEX,GK,33,12.0,0.0,0,0.0,0.0,0.0,0.0,1.0,0.0,1.0,1.0,0.0,1.0,0,0.0,4.0,2.0,Querétaro,Brasileiro,Guillermo Allison (Querétaro)
Jaime Gómez Valencia,MEX,"DF,MF",30,10.3,27.0,14,15.0,8.0,4.0,13.0,24.0,54.2,11.0,7.0,1.0,6.0,8,35.0,13.0,0.0,Querétaro,Brasileiro,Jaime Gómez Valencia (Querétaro)
José Zúñiga,COL,FW,29,9.5,5.0,1,1.0,1.0,3.0,2.0,6.0,33.3,4.0,2.0,0.0,2.0,2,7.0,3.0,0.0,Querétaro,Brasileiro,José Zúñiga (Querétaro)
Miguel Barbieri,ARG,DF,30,8.6,17.0,15,14.0,3.0,0.0,8.0,14.0,57.1,6.0,14.0,9.0,5.0,16,33.0,55.0,0.0,Querétaro,Brasileiro,Miguel Barbieri (Querétaro)
Jordan Sierra,ECU,"MF,FW",26,9.0,19.0,11,7.0,11.0,1.0,8.0,22.0,36.4,14.0,9.0,2.0,7.0,11,30.0,4.0,0.0,Querétaro,Brasileiro,Jordan Sierra (Querétaro)
Camilo Sanvezzo,BRA,"FW,MF",35,6.6,6.0,3,1.0,2.0,3.0,1.0,4.0,25.0,3.0,2.0,0.0,2.0,1,7.0,6.0,0.0,Querétaro,Brasileiro,Camilo Sanvezzo (Querétaro)
Ettson Ayon,MEX,"FW,MF",22,5.4,1.0,0,1.0,0.0,0.0,0.0,4.0,0.0,4.0,2.0,2.0,0.0,1,2.0,3.0,0.0,Querétaro,Brasileiro,Ettson Ayon (Querétaro)
Fernando Tapia Méndez,MEX,GK,22,5.0,0.0,0,0.0,0.0,0.0,0.0,3.0,0.0,3.0,0.0,0.0,0.0,0,0.0,2.0,0.0,Querétaro,Brasileiro,Fernando Tapia Méndez (Querétaro)
Ángel Sepúlveda,MEX,FW,32,3.6,5.0,4,2.0,3.0,0.0,3.0,5.0,60.0,2.0,2.0,1.0,1.0,0,5.0,0.0,0.0,Querétaro,Brasileiro,Ángel Sepúlveda (Querétaro)
Jonathan Perlaza,ECU,DF,26,3.1,13.0,10,7.0,5.0,1.0,4.0,6.0,66.7,2.0,3.0,0.0,3.0,6,19.0,8.0,0.0,Querétaro,Brasileiro,Jonathan Perlaza (Querétaro)
Marco García,MEX,MF,23,3.1,6.0,3,3.0,3.0,0.0,1.0,8.0,12.5,7.0,1.0,0.0,1.0,1,7.0,2.0,0.0,Querétaro,Brasileiro,Marco García (Querétaro)
Nicolás Cordero,ARG,FW,24,3.5,4.0,1,2.0,1.0,1.0,2.0,5.0,40.0,3.0,2.0,0.0,2.0,2,6.0,8.0,0.0,Querétaro,Brasileiro,Nicolás Cordero (Querétaro)
Joaquín Montecinos,CHI,"FW,MF",28,2.6,1.0,0,0.0,1.0,0.0,1.0,4.0,25.0,3.0,2.0,0.0,2.0,2,3.0,2.0,0.0,Querétaro,Brasileiro,Joaquín Montecinos (Querétaro)
Pablo Ortiz,MEX,DF,21,2.4,9.0,5,7.0,2.0,0.0,5.0,10.0,50.0,5.0,3.0,0.0,3.0,4,13.0,9.0,1.0,Querétaro,Brasileiro,Pablo Ortiz (Querétaro)
Rodrigo López,MEX,MF,36,1.6,4.0,3,1.0,2.0,1.0,1.0,4.0,25.0,3.0,3.0,0.0,3.0,1,5.0,0.0,0.0,Querétaro,Brasileiro,Rodrigo López (Querétaro)
Mauro Laínez,MEX,"MF,FW",27,2.2,3.0,0,2.0,1.0,0.0,2.0,3.0,66.7,1.0,1.0,1.0,0.0,0,3.0,2.0,0.0,Querétaro,Brasileiro,Mauro Laínez (Querétaro)
Alberto García Jr.,MEX,"MF,FW",30,0.2,0.0,0,0.0,0.0,0.0,0.0,1.0,0.0,1.0,1.0,0.0,1.0,0,0.0,0.0,0.0,Querétaro,Brasileiro,Alberto García Jr. (Querétaro)
Paolo Yrizar,MEX,MF,26,0.2,2.0,1,1.0,1.0,0.0,0.0,1.0,0.0,1.0,0.0,0.0,0.0,0,2.0,0.0,0.0,Querétaro,Brasileiro,Paolo Yrizar (Querétaro)
Jonathan Torres,ARG,MF,27,0.1,1.0,1,1.0,0.0,0.0,0.0,0.0,0.0,0.0,0.0,0.0,0.0,0,1.0,1.0,0.0,Querétaro,Brasileiro,Jonathan Torres (Querétaro)
Marco González,MEX,MF,21,0.0,1.0,0,1.0,0.0,0.0,0.0,1.0,0.0,1.0,0.0,0.0,0.0,0,1.0,0.0,0.0,Querétaro,Brasileiro,Marco González (Querétaro)
Omar Campos,MEX,DF,21,16.7,50.0,30,31.0,16.0,3.0,25.0,52.0,48.1,27.0,25.0,6.0,19.0,18,68.0,32.0,0.0,Santos,Brasileiro,Omar Campos (Santos)
Harold Preciado,COL,FW,29,15.7,7.0,3,0.0,4.0,3.0,2.0,6.0,33.3,4.0,10.0,2.0,8.0,1,8.0,17.0,0.0,Santos,Brasileiro,Harold Preciado (Santos)
Alan Cervantes,MEX,MF,25,15.4,21.0,13,7.0,13.0,1.0,8.0,24.0,33.3,16.0,15.0,6.0,9.0,10,31.0,19.0,2.0,Santos,Brasileiro,Alan Cervantes (Santos)
Emerson Rodríguez,COL,"FW,MF",23,13.6,23.0,15,8.0,10.0,5.0,9.0,24.0,37.5,15.0,19.0,2.0,17.0,3,26.0,7.0,0.0,Santos,Brasileiro,Emerson Rodríguez (Santos)
Juan Brunetta,ARG,"MF,FW",26,15.7,17.0,14,0.0,13.0,4.0,4.0,8.0,50.0,4.0,17.0,0.0,17.0,4,21.0,5.0,0.0,Santos,Brasileiro,Juan Brunetta (Santos)
Félix Torres Caicedo,ECU,DF,26,15.1,16.0,12,15.0,1.0,0.0,6.0,9.0,66.7,3.0,20.0,14.0,6.0,39,55.0,77.0,0.0,Santos,Brasileiro,Félix Torres Caicedo (Santos)
Duván Vergara,COL,"FW,MF",27,11.0,14.0,8,7.0,7.0,0.0,3.0,11.0,27.3,8.0,6.0,0.0,6.0,9,23.0,4.0,0.0,Santos,Brasileiro,Duván Vergara (Santos)
Pedro Aquino,PER,MF,28,9.8,34.0,23,13.0,20.0,1.0,15.0,27.0,55.6,12.0,10.0,6.0,4.0,13,47.0,28.0,0.0,Santos,Brasileiro,Pedro Aquino (Santos)
Gibran Lajud,MEX,GK,30,9.0,1.0,1,1.0,0.0,0.0,0.0,2.0,0.0,2.0,0.0,0.0,0.0,0,1.0,6.0,0.0,Santos,Brasileiro,Gibran Lajud (Santos)
Dória,BRA,DF,29,9.0,12.0,7,8.0,4.0,0.0,7.0,11.0,63.6,4.0,8.0,5.0,3.0,16,28.0,29.0,0.0,Santos,Brasileiro,Dória (Santos)
Ismael Govea,MEX,DF,26,7.8,19.0,14,10.0,7.0,2.0,10.0,14.0,71.4,4.0,12.0,7.0,5.0,5,24.0,26.0,0.0,Santos,Brasileiro,Ismael Govea (Santos)
Aldo López,MEX,MF,23,9.3,16.0,9,4.0,12.0,0.0,6.0,16.0,37.5,10.0,16.0,6.0,10.0,17,33.0,13.0,0.0,Santos,Brasileiro,Aldo López (Santos)
Raúl López Gómez,MEX,DF,30,9.1,18.0,13,9.0,7.0,2.0,9.0,18.0,50.0,9.0,11.0,7.0,4.0,6,24.0,23.0,0.0,Santos,Brasileiro,Raúl López Gómez (Santos)
Carlos Acevedo,MEX,GK,27,6.0,0.0,0,0.0,0.0,0.0,0.0,0.0,0.0,0.0,0.0,0.0,0.0,0,0.0,3.0,0.0,Santos,Brasileiro,Carlos Acevedo (Santos)
Hugo Isaác Rodríguez,MEX,DF,33,5.2,11.0,8,8.0,3.0,0.0,9.0,11.0,81.8,2.0,7.0,6.0,1.0,6,17.0,19.0,0.0,Santos,Brasileiro,Hugo Isaác Rodríguez (Santos)
Ronaldo Prieto,MEX,DF,26,4.9,7.0,5,5.0,2.0,0.0,2.0,3.0,66.7,1.0,9.0,6.0,3.0,12,19.0,37.0,0.0,Santos,Brasileiro,Ronaldo Prieto (Santos)
Diego Medina,MEX,"FW,MF",22,5.9,9.0,4,2.0,5.0,2.0,3.0,14.0,21.4,11.0,8.0,1.0,7.0,4,13.0,1.0,0.0,Santos,Brasileiro,Diego Medina (Santos)
Héctor Holguín,MEX,GK,22,2.0,0.0,0,0.0,0.0,0.0,0.0,0.0,0.0,0.0,0.0,0.0,0.0,0,0.0,0.0,0.0,Santos,Brasileiro,Héctor Holguín (Santos)
Javier Marcelo Correa,ARG,"FW,DF",31,1.8,3.0,2,0.0,1.0,2.0,3.0,3.0,100.0,0.0,0.0,0.0,0.0,0,3.0,1.0,0.0,Santos,Brasileiro,Javier Marcelo Correa (Santos)
Santiago Muñóz,MEX,"MF,FW",21,1.4,2.0,1,1.0,1.0,0.0,1.0,4.0,25.0,3.0,1.0,0.0,1.0,1,3.0,1.0,0.0,Santos,Brasileiro,Santiago Muñóz (Santos)
Jair González,MEX,"FW,MF",21,1.0,1.0,1,1.0,0.0,0.0,1.0,1.0,100.0,0.0,2.0,0.0,2.0,0,1.0,1.0,0.0,Santos,Brasileiro,Jair González (Santos)
Salvador Mariscal,MEX,MF,20,0.3,1.0,1,0.0,1.0,0.0,0.0,0.0,0.0,0.0,0.0,0.0,0.0,0,1.0,2.0,0.0,Santos,Brasileiro,Salvador Mariscal (Santos)
Emmanuel Echeverría,MEX,DF,20,0.2,0.0,0,0.0,0.0,0.0,0.0,0.0,0.0,0.0,0.0,0.0,0.0,0,0.0,0.0,0.0,Santos,Brasileiro,Emmanuel Echeverría (Santos)
Alberto Ocejo,MEX,"FW,DF",25,0.2,0.0,0,0.0,0.0,0.0,0.0,0.0,0.0,0.0,0.0,0.0,0.0,0,0.0,0.0,0.0,Santos,Brasileiro,Alberto Ocejo (Santos)
Diego Barbosa,MEX,DF,27,16.5,74.0,50,40.0,28.0,6.0,39.0,61.0,63.9,22.0,17.0,3.0,14.0,17,91.0,34.0,0.0,Tijuana,Brasileiro,Diego Barbosa (Tijuana)
Kevin Balanta,COL,DF,26,15.7,33.0,19,19.0,14.0,0.0,10.0,19.0,52.6,9.0,13.0,10.0,3.0,27,60.0,52.0,0.0,Tijuana,Brasileiro,Kevin Balanta (Tijuana)
Christian Rivera,COL,MF,27,15.3,78.0,50,31.0,43.0,4.0,22.0,49.0,44.9,27.0,17.0,7.0,10.0,24,102.0,14.0,0.0,Tijuana,Brasileiro,Christian Rivera (Tijuana)
Carlos González Espínola,PAR,FW,30,15.1,7.0,3,0.0,4.0,3.0,3.0,5.0,60.0,2.0,8.0,1.0,7.0,4,11.0,9.0,0.0,Tijuana,Brasileiro,Carlos González Espínola (Tijuana)
Nicolás Díaz Huincales,CHI,DF,24,14.9,36.0,19,20.0,16.0,0.0,12.0,15.0,80.0,3.0,23.0,15.0,8.0,26,62.0,67.0,2.0,Tijuana,Brasileiro,Nicolás Díaz Huincales (Tijuana)
Fernando Madrigal,MEX,MF,32,12.1,15.0,11,6.0,7.0,2.0,7.0,19.0,36.8,12.0,7.0,1.0,6.0,6,21.0,6.0,0.0,Tijuana,Brasileiro,Fernando Madrigal (Tijuana)
José Antonio Rodríguez,MEX,GK,31,14.0,0.0,0,0.0,0.0,0.0,0.0,0.0,0.0,0.0,0.0,0.0,0.0,0,0.0,6.0,1.0,Tijuana,Brasileiro,José Antonio Rodríguez (Tijuana)
Lucas Rodríguez,ARG,"MF,FW",26,11.8,31.0,17,9.0,15.0,7.0,16.0,27.0,59.3,11.0,8.0,0.0,8.0,9,40.0,2.0,0.0,Tijuana,Brasileiro,Lucas Rodríguez (Tijuana)
Alejandro Martínez,ARG,"MF,FW",26,10.7,15.0,7,4.0,5.0,6.0,5.0,16.0,31.3,11.0,13.0,1.0,12.0,6,21.0,4.0,0.0,Tijuana,Brasileiro,Alejandro Martínez (Tijuana)
Francisco Contreras,MEX,DF,24,9.7,17.0,14,7.0,9.0,1.0,10.0,16.0,62.5,6.0,7.0,3.0,4.0,18,35.0,19.0,0.0,Tijuana,Brasileiro,Francisco Contreras (Tijuana)
Kevin Castañeda,MEX,"MF,FW",24,8.0,12.0,8,3.0,7.0,2.0,5.0,13.0,38.5,8.0,8.0,1.0,7.0,3,15.0,2.0,0.0,Tijuana,Brasileiro,Kevin Castañeda (Tijuana)
Domingo Blanco,ARG,"MF,FW",28,7.8,27.0,12,7.0,11.0,9.0,5.0,8.0,62.5,3.0,8.0,1.0,7.0,7,34.0,1.0,0.0,Tijuana,Brasileiro,Domingo Blanco (Tijuana)
Eduardo Armenta,MEX,"MF,FW",22,4.9,16.0,9,5.0,9.0,2.0,7.0,12.0,58.3,5.0,8.0,0.0,8.0,1,17.0,3.0,0.0,Tijuana,Brasileiro,Eduardo Armenta (Tijuana)
Rafael Fernández,MEX,DF,23,4.5,11.0,4,4.0,4.0,3.0,5.0,12.0,41.7,7.0,5.0,3.0,2.0,2,13.0,10.0,0.0,Tijuana,Brasileiro,Rafael Fernández (Tijuana)
Jesús Vega,MEX,DF,23,4.2,11.0,8,3.0,6.0,2.0,4.0,9.0,44.4,5.0,1.0,0.0,1.0,7,18.0,5.0,0.0,Tijuana,Brasileiro,Jesús Vega (Tijuana)
José Corona,MEX,GK,42,3.0,0.0,0,0.0,0.0,0.0,0.0,0.0,0.0,0.0,0.0,0.0,0.0,0,0.0,0.0,1.0,Tijuana,Brasileiro,José Corona (Tijuana)
Alexis Canelo,ARG,FW,31,2.7,4.0,2,1.0,2.0,1.0,0.0,2.0,0.0,2.0,3.0,0.0,3.0,1,5.0,6.0,0.0,Tijuana,Brasileiro,Alexis Canelo (Tijuana)
Rodrigo Godínez,MEX,DF,31,2.4,3.0,3,2.0,1.0,0.0,2.0,4.0,50.0,2.0,6.0,3.0,3.0,5,8.0,7.0,0.0,Tijuana,Brasileiro,Rodrigo Godínez (Tijuana)
Lucas Cavallini,CAN,"FW,MF",31,4.2,5.0,3,3.0,1.0,1.0,2.0,3.0,66.7,1.0,2.0,0.0,2.0,0,5.0,2.0,0.0,Tijuana,Brasileiro,Lucas Cavallini (Tijuana)
Aaron Mejía Montoya,MEX,DF,22,2.0,6.0,5,3.0,3.0,0.0,0.0,3.0,0.0,3.0,3.0,1.0,2.0,3,9.0,4.0,0.0,Tijuana,Brasileiro,Aaron Mejía Montoya (Tijuana)
Iván Tona,MEX,MF,23,2.5,6.0,3,2.0,4.0,0.0,3.0,5.0,60.0,2.0,1.0,1.0,0.0,3,9.0,3.0,0.0,Tijuana,Brasileiro,Iván Tona (Tijuana)
Daniel Vázquez,MEX,FW,20,0.8,1.0,1,0.0,1.0,0.0,0.0,0.0,0.0,0.0,0.0,0.0,0.0,0,1.0,1.0,0.0,Tijuana,Brasileiro,Daniel Vázquez (Tijuana)
Efrain Alvarez,MEX,MF,21,1.4,5.0,5,3.0,1.0,1.0,1.0,2.0,50.0,1.0,1.0,0.0,1.0,0,5.0,0.0,0.0,Tijuana,Brasileiro,Efrain Alvarez (Tijuana)
Braian Romero,ARG,"FW,MF",32,0.6,1.0,1,0.0,1.0,0.0,1.0,2.0,50.0,1.0,0.0,0.0,0.0,1,2.0,0.0,0.0,Tijuana,Brasileiro,Braian Romero (Tijuana)
Rodrigo Parra,MEX,DF,20,0.3,0.0,0,0.0,0.0,0.0,0.0,0.0,0.0,0.0,1.0,0.0,1.0,0,0.0,1.0,0.0,Tijuana,Brasileiro,Rodrigo Parra (Tijuana)
Abraham Flores,MEX,DF,21,0.3,0.0,0,0.0,0.0,0.0,0.0,0.0,0.0,0.0,1.0,1.0,0.0,0,0.0,2.0,1.0,Tijuana,Brasileiro,Abraham Flores (Tijuana)
Carlos Galicia,MEX,MF,19,0.2,0.0,0,0.0,0.0,0.0,0.0,0.0,0.0,0.0,1.0,0.0,1.0,0,0.0,0.0,0.0,Tijuana,Brasileiro,Carlos Galicia (Tijuana)
Tiago Volpi,BRA,GK,33,17.0,0.0,0,0.0,0.0,0.0,0.0,0.0,0.0,0.0,0.0,0.0,0.0,0,0.0,12.0,2.0,Toluca,Brasileiro,Tiago Volpi (Toluca)
Andrés Mosquera Guardia,COL,DF,33,15.6,22.0,14,13.0,8.0,1.0,10.0,17.0,58.8,7.0,13.0,9.0,4.0,15,37.0,63.0,0.0,Toluca,Brasileiro,Andrés Mosquera Guardia (Toluca)
Valber Huerta,CHI,DF,30,15.3,24.0,14,13.0,9.0,2.0,12.0,20.0,60.0,8.0,12.0,8.0,4.0,15,39.0,55.0,1.0,Toluca,Brasileiro,Valber Huerta (Toluca)
Maximiliano Araújo,URU,"DF,FW",23,13.9,21.0,13,13.0,7.0,1.0,13.0,26.0,50.0,13.0,29.0,4.0,25.0,10,31.0,13.0,0.0,Toluca,Brasileiro,Maximiliano Araújo (Toluca)
Marcel Ruiz,MEX,MF,23,13.2,33.0,21,13.0,18.0,2.0,16.0,32.0,50.0,16.0,13.0,5.0,8.0,10,43.0,18.0,0.0,Toluca,Brasileiro,Marcel Ruiz (Toluca)
Brian García,MEX,DF,26,14.2,25.0,14,16.0,6.0,3.0,16.0,32.0,50.0,16.0,26.0,4.0,22.0,22,47.0,29.0,0.0,Toluca,Brasileiro,Brian García (Toluca)
Juan Domínguez,MEX,"FW,MF",25,10.9,11.0,9,0.0,9.0,2.0,3.0,12.0,25.0,9.0,6.0,2.0,4.0,4,15.0,3.0,0.0,Toluca,Brasileiro,Juan Domínguez (Toluca)
Claudio Baeza,CHI,MF,30,10.7,29.0,20,16.0,12.0,1.0,11.0,30.0,36.7,19.0,7.0,2.0,5.0,6,35.0,13.0,0.0,Toluca,Brasileiro,Claudio Baeza (Toluca)
Jean Meneses,CHI,"FW,MF",30,10.5,16.0,11,5.0,8.0,3.0,4.0,11.0,36.4,7.0,10.0,0.0,10.0,6,22.0,1.0,1.0,Toluca,Brasileiro,Jean Meneses (Toluca)
Edgar López,MEX,"FW,MF",24,9.7,7.0,4,0.0,5.0,2.0,1.0,3.0,33.3,2.0,6.0,0.0,6.0,3,10.0,4.0,0.0,Toluca,Brasileiro,Edgar López (Toluca)
Robert Morales,PAR,FW,24,8.4,6.0,4,2.0,3.0,1.0,1.0,11.0,9.1,10.0,7.0,0.0,7.0,2,8.0,2.0,0.0,Toluca,Brasileiro,Robert Morales (Toluca)
Jesús Angulo,MEX,"MF,FW",26,8.3,13.0,6,4.0,7.0,2.0,5.0,9.0,55.6,4.0,4.0,0.0,4.0,2,15.0,1.0,1.0,Toluca,Brasileiro,Jesús Angulo (Toluca)
Jesús Venegas,MEX,MF,28,6.7,15.0,10,8.0,7.0,0.0,5.0,17.0,29.4,12.0,9.0,3.0,6.0,13,28.0,16.0,0.0,Toluca,Brasileiro,Jesús Venegas (Toluca)
Pedro Raul,BRA,"FW,MF",27,5.9,1.0,1,0.0,0.0,1.0,1.0,6.0,16.7,5.0,5.0,2.0,3.0,0,1.0,6.0,0.0,Toluca,Brasileiro,Pedro Raul (Toluca)
Mauricio Isais,MEX,"DF,MF",22,5.5,7.0,7,4.0,3.0,0.0,4.0,10.0,40.0,6.0,11.0,3.0,8.0,5,12.0,18.0,0.0,Toluca,Brasileiro,Mauricio Isais (Toluca)
Tomás Belmonte,ARG,MF,25,5.5,19.0,14,12.0,5.0,2.0,11.0,20.0,55.0,9.0,10.0,2.0,8.0,10,29.0,11.0,0.0,Toluca,Brasileiro,Tomás Belmonte (Toluca)
Carlos Orrantía,MEX,"DF,MF",32,2.9,7.0,5,4.0,2.0,1.0,4.0,8.0,50.0,4.0,2.0,0.0,2.0,5,12.0,8.0,0.0,Toluca,Brasileiro,Carlos Orrantía (Toluca)
Abraham Villegas,,DF,21,2.8,16.0,10,12.0,4.0,0.0,7.0,13.0,53.8,6.0,5.0,2.0,3.0,1,17.0,5.0,0.0,Toluca,Brasileiro,Abraham Villegas (Toluca)
Juan Gamboa,MEX,"MF,FW",22,1.7,4.0,1,1.0,2.0,1.0,4.0,5.0,80.0,1.0,2.0,0.0,2.0,0,4.0,1.0,0.0,Toluca,Brasileiro,Juan Gamboa (Toluca)
Jesús Piñuelas,MEX,DF,25,1.7,3.0,1,2.0,0.0,1.0,1.0,2.0,50.0,1.0,2.0,0.0,2.0,1,4.0,7.0,0.0,Toluca,Brasileiro,Jesús Piñuelas (Toluca)
Adrián Mora,MEX,DF,26,1.7,0.0,0,0.0,0.0,0.0,0.0,1.0,0.0,1.0,2.0,2.0,0.0,3,3.0,7.0,0.0,Toluca,Brasileiro,Adrián Mora (Toluca)
Everardo Del Villar,MEX,DF,18,1.2,5.0,3,2.0,3.0,0.0,2.0,3.0,66.7,1.0,2.0,0.0,2.0,3,8.0,3.0,0.0,Toluca,Brasileiro,Everardo Del Villar (Toluca)
Fernando Navarro Morán,MEX,MF,34,1.0,4.0,3,0.0,3.0,1.0,2.0,4.0,50.0,2.0,3.0,1.0,2.0,1,5.0,2.0,0.0,Toluca,Brasileiro,Fernando Navarro Morán (Toluca)
Isaías Violante,MEX,"MF,FW",20,1.1,1.0,1,0.0,0.0,1.0,0.0,1.0,0.0,1.0,1.0,1.0,0.0,0,1.0,1.0,0.0,Toluca,Brasileiro,Isaías Violante (Toluca)
Sait Tlaxcalteco,MEX,"MF,FW",20,0.2,2.0,2,1.0,1.0,0.0,0.0,0.0,0.0,0.0,0.0,0.0,0.0,0,2.0,0.0,0.0,Toluca,Brasileiro,Sait Tlaxcalteco (Toluca)
Víctor Arteaga,MEX,MF,19,0.0,0.0,0,0.0,0.0,0.0,0.0,0.0,0.0,0.0,0.0,0.0,0.0,0,0.0,1.0,0.0,Toluca,Brasileiro,Víctor Arteaga (Toluca)
Nahuel Guzmán,ARG,GK,37,16.0,0.0,0,0.0,0.0,0.0,0.0,0.0,0.0,0.0,2.0,0.0,2.0,0,0.0,11.0,5.0,UANL,Brasileiro,Nahuel Guzmán (UANL)
Javier Aquino,MEX,DF,33,15.3,32.0,22,21.0,9.0,2.0,22.0,38.0,57.9,16.0,19.0,2.0,17.0,16,48.0,23.0,0.0,UANL,Brasileiro,Javier Aquino (UANL)
Jesús Alberto Angulo,MEX,DF,25,14.6,37.0,20,16.0,15.0,6.0,24.0,34.0,70.6,10.0,16.0,5.0,11.0,21,58.0,26.0,1.0,UANL,Brasileiro,Jesús Alberto Angulo (UANL)
Luis Enrique Quiñones,COL,"FW,MF",32,14.6,28.0,20,8.0,18.0,2.0,9.0,34.0,26.5,25.0,20.0,2.0,18.0,9,37.0,14.0,0.0,UANL,Brasileiro,Luis Enrique Quiñones (UANL)
Rafael Carioca,BRA,MF,34,14.9,36.0,20,13.0,21.0,2.0,20.0,36.0,55.6,16.0,11.0,2.0,9.0,14,50.0,7.0,1.0,UANL,Brasileiro,Rafael Carioca (UANL)
Guido Pizarro,ARG,DF,33,14.6,16.0,11,7.0,7.0,2.0,7.0,25.0,28.0,18.0,12.0,6.0,6.0,15,31.0,20.0,0.0,UANL,Brasileiro,Guido Pizarro (UANL)
Fernando Gorriarán,URU,"MF,FW",29,12.9,22.0,14,4.0,15.0,3.0,9.0,20.0,45.0,11.0,17.0,3.0,14.0,4,26.0,6.0,0.0,UANL,Brasileiro,Fernando Gorriarán (UANL)
André-Pierre Gignac,FRA,FW,38,11.2,0.0,0,0.0,0.0,0.0,0.0,4.0,0.0,4.0,1.0,0.0,1.0,2,2.0,9.0,0.0,UANL,Brasileiro,André-Pierre Gignac (UANL)
Francisco Sebastián Córdova,MEX,"MF,FW",26,8.7,13.0,9,4.0,5.0,4.0,4.0,9.0,44.4,5.0,7.0,2.0,5.0,4,17.0,3.0,0.0,UANL,Brasileiro,Francisco Sebastián Córdova (UANL)
Samir Santos,BRA,DF,29,11.6,19.0,11,14.0,5.0,0.0,10.0,17.0,58.8,7.0,8.0,5.0,3.0,18,37.0,31.0,0.0,UANL,Brasileiro,Samir Santos (UANL)
Diego Reyes,MEX,DF,31,9.5,11.0,8,5.0,6.0,0.0,4.0,9.0,44.4,5.0,14.0,11.0,3.0,21,32.0,30.0,0.0,UANL,Brasileiro,Diego Reyes (UANL)
Diego Lainez,MEX,FW,23,8.0,19.0,12,7.0,6.0,6.0,11.0,16.0,68.8,5.0,6.0,0.0,6.0,6,25.0,6.0,0.0,UANL,Brasileiro,Diego Lainez (UANL)
Juan Pablo Vigón,MEX,MF,32,8.4,12.0,10,6.0,6.0,0.0,5.0,22.0,22.7,17.0,7.0,0.0,7.0,5,17.0,4.0,0.0,UANL,Brasileiro,Juan Pablo Vigón (UANL)
Nicolás Ibáñez,ARG,FW,29,7.0,7.0,2,0.0,2.0,5.0,3.0,5.0,60.0,2.0,4.0,0.0,4.0,1,8.0,4.0,0.0,UANL,Brasileiro,Nicolás Ibáñez (UANL)
Raymundo Fulgencio,MEX,FW,23,5.4,3.0,3,3.0,0.0,0.0,1.0,6.0,16.7,5.0,3.0,0.0,3.0,1,4.0,2.0,0.0,UANL,Brasileiro,Raymundo Fulgencio (UANL)
Ozziel Herrera,MEX,"MF,FW",22,3.2,9.0,4,5.0,4.0,0.0,3.0,6.0,50.0,3.0,1.0,0.0,1.0,4,13.0,2.0,0.0,UANL,Brasileiro,Ozziel Herrera (UANL)
Sebastián Fierro,MEX,MF,22,1.9,0.0,0,0.0,0.0,0.0,0.0,3.0,0.0,3.0,0.0,0.0,0.0,2,2.0,1.0,0.0,UANL,Brasileiro,Sebastián Fierro (UANL)
Marcelo Flores,MEX,"FW,MF",20,2.0,3.0,3,0.0,2.0,1.0,3.0,4.0,75.0,1.0,5.0,0.0,5.0,1,4.0,1.0,0.0,UANL,Brasileiro,Marcelo Flores (UANL)
Fernando Ordóñez,MEX,DF,22,1.7,2.0,1,1.0,1.0,0.0,0.0,1.0,0.0,1.0,4.0,1.0,3.0,4,6.0,3.0,0.0,UANL,Brasileiro,Fernando Ordóñez (UANL)
Jesús Garza,MEX,"DF,MF",23,1.5,6.0,4,4.0,2.0,0.0,3.0,5.0,60.0,2.0,2.0,1.0,1.0,2,8.0,1.0,0.0,UANL,Brasileiro,Jesús Garza (UANL)
Carlos Felipe Rodríguez,MEX,GK,34,1.0,0.0,0,0.0,0.0,0.0,0.0,0.0,0.0,0.0,0.0,0.0,0.0,0,0.0,0.0,0.0,UANL,Brasileiro,Carlos Felipe Rodríguez (UANL)
Vladimir Loroña,MEX,DF,25,1.1,4.0,3,0.0,1.0,3.0,3.0,5.0,60.0,2.0,1.0,0.0,1.0,2,6.0,3.0,0.0,UANL,Brasileiro,Vladimir Loroña (UANL)
Nicolás López,URU,FW,30,0.8,3.0,2,2.0,0.0,1.0,1.0,1.0,100.0,0.0,1.0,0.0,1.0,0,3.0,0.0,0.0,UANL,Brasileiro,Nicolás López (UANL)
Fernando González,MEX,"FW,MF",22,0.4,0.0,0,0.0,0.0,0.0,0.0,1.0,0.0,1.0,2.0,0.0,2.0,0,0.0,0.0,0.0,UANL,Brasileiro,Fernando González (UANL)
Eugenio Pizzuto,MEX,MF,21,0.3,0.0,0,0.0,0.0,0.0,0.0,0.0,0.0,0.0,1.0,0.0,1.0,0,0.0,0.0,0.0,UANL,Brasileiro,Eugenio Pizzuto (UANL)
Leonel Prieto,MEX,MF,22,0.2,1.0,0,0.0,1.0,0.0,0.0,0.0,0.0,0.0,1.0,0.0,1.0,0,1.0,0.0,0.0,UANL,Brasileiro,Leonel Prieto (UANL)
Julio José González,MEX,GK,32,17.0,0.0,0,0.0,0.0,0.0,0.0,0.0,0.0,0.0,0.0,0.0,0.0,1,1.0,17.0,1.0,UNAM,Brasileiro,Julio José González (UNAM)
Nathan Silva,BRA,DF,26,15.6,21.0,13,14.0,7.0,0.0,16.0,26.0,61.5,10.0,15.0,10.0,5.0,15,36.0,57.0,0.0,UNAM,Brasileiro,Nathan Silva (UNAM)
Eduardo Salvio,ARG,"FW,MF",33,15.0,15.0,9,4.0,7.0,4.0,8.0,21.0,38.1,13.0,10.0,1.0,9.0,7,22.0,6.0,0.0,UNAM,Brasileiro,Eduardo Salvio (UNAM)
César Huerta,MEX,"MF,FW",23,14.0,44.0,30,10.0,29.0,5.0,23.0,45.0,51.1,22.0,21.0,0.0,21.0,7,51.0,2.0,0.0,UNAM,Brasileiro,César Huerta (UNAM)
Lisandro Magallán,ARG,DF,30,14.0,23.0,17,11.0,12.0,0.0,7.0,8.0,87.5,1.0,8.0,5.0,3.0,17,40.0,58.0,0.0,UNAM,Brasileiro,Lisandro Magallán (UNAM)
Gabriel Fernández,URU,FW,29,12.7,12.0,9,2.0,6.0,4.0,1.0,9.0,11.1,8.0,9.0,1.0,8.0,1,13.0,17.0,0.0,UNAM,Brasileiro,Gabriel Fernández (UNAM)
Adrián Aldrete,MEX,DF,35,12.7,16.0,14,11.0,4.0,1.0,8.0,16.0,50.0,8.0,16.0,0.0,16.0,18,34.0,49.0,0.0,UNAM,Brasileiro,Adrián Aldrete (UNAM)
Ulises Rivas,MEX,MF,27,12.6,25.0,13,6.0,18.0,1.0,9.0,22.0,40.9,13.0,17.0,5.0,12.0,9,34.0,14.0,0.0,UNAM,Brasileiro,Ulises Rivas (UNAM)
José Caicedo,COL,MF,21,9.2,25.0,17,8.0,16.0,1.0,11.0,29.0,37.9,18.0,10.0,4.0,6.0,20,45.0,14.0,0.0,UNAM,Brasileiro,José Caicedo (UNAM)
Gustavo Del Prete,ARG,"MF,FW",27,7.7,14.0,8,4.0,7.0,3.0,6.0,15.0,40.0,9.0,3.0,1.0,2.0,2,16.0,6.0,0.0,UNAM,Brasileiro,Gustavo Del Prete (UNAM)
Pablo Bennevendo Peña,MEX,DF,23,9.0,24.0,15,14.0,10.0,0.0,16.0,23.0,69.6,7.0,8.0,1.0,7.0,11,35.0,25.0,1.0,UNAM,Brasileiro,Pablo Bennevendo Peña (UNAM)
Juan Ignacio Dinenno,ARG,"FW,MF",29,8.8,2.0,2,0.0,1.0,1.0,2.0,10.0,20.0,8.0,3.0,2.0,1.0,1,3.0,2.0,0.0,UNAM,Brasileiro,Juan Ignacio Dinenno (UNAM)
Pablo Monroy,MEX,DF,21,7.3,15.0,11,8.0,7.0,0.0,3.0,15.0,20.0,12.0,5.0,0.0,5.0,6,21.0,10.0,0.0,UNAM,Brasileiro,Pablo Monroy (UNAM)
Arturo Ortiz,MEX,DF,31,5.4,11.0,8,6.0,5.0,0.0,3.0,9.0,33.3,6.0,7.0,4.0,3.0,8,19.0,25.0,0.0,UNAM,Brasileiro,Arturo Ortiz (UNAM)
Jesús Molina,MEX,MF,35,4.1,12.0,7,3.0,9.0,0.0,3.0,5.0,60.0,2.0,4.0,2.0,2.0,5,17.0,12.0,0.0,UNAM,Brasileiro,Jesús Molina (UNAM)
Jesús Rivas,MEX,DF,21,3.9,10.0,9,7.0,3.0,0.0,3.0,4.0,75.0,1.0,2.0,0.0,2.0,2,12.0,13.0,0.0,UNAM,Brasileiro,Jesús Rivas (UNAM)
Rodrigo López,MEX,MF,22,3.6,0.0,3,0.0,0.0,0.0,0.0,0.0,0.0,0.0,0.0,0.0,0.0,2,0.0,0.0,0.0,UNAM,Brasileiro,Rodrigo López (UNAM)
Santiago Trigos,MEX,MF,21,4.4,18.0,14,5.0,10.0,3.0,9.0,15.0,60.0,6.0,3.0,1.0,2.0,1,19.0,8.0,0.0,UNAM,Brasileiro,Santiago Trigos (UNAM)
Christian Tabó,URU,"MF,FW",30,2.8,3.0,2,1.0,1.0,1.0,1.0,3.0,33.3,2.0,2.0,0.0,2.0,0,3.0,3.0,0.0,UNAM,Brasileiro,Christian Tabó (UNAM)
Robert Ergas,URU,"FW,DF",25,3.5,14.0,11,7.0,7.0,0.0,5.0,9.0,55.6,4.0,4.0,1.0,3.0,5,19.0,7.0,0.0,UNAM,Brasileiro,Robert Ergas (UNAM)
Carlos Gutiérrez,MEX,"MF,FW",24,1.3,3.0,2,2.0,1.0,0.0,2.0,9.0,22.2,7.0,4.0,0.0,4.0,1,4.0,0.0,0.0,UNAM,Brasileiro,Carlos Gutiérrez (UNAM)
Jorge Ruvalcaba,MEX,"MF,FW",22,0.7,3.0,1,1.0,0.0,2.0,0.0,3.0,0.0,3.0,0.0,0.0,0.0,1,4.0,0.0,0.0,UNAM,Brasileiro,Jorge Ruvalcaba (UNAM)
Emanuel Montejano Arroyo,MEX,FW,22,0.6,1.0,0,0.0,0.0,1.0,0.0,0.0,0.0,0.0,0.0,0.0,0.0,0,1.0,0.0,0.0,UNAM,Brasileiro,Emanuel Montejano Arroyo (UNAM)
Marco Hernández,MEX,MF,18,0.3,1.0,0,0.0,1.0,0.0,0.0,0.0,0.0,0.0,0.0,0.0,0.0,1,2.0,0.0,0.0,UNAM,Brasileiro,Marco Hernández (UNAM)
José Galindo,MEX,DF,25,0.1,0.0,0,0.0,0.0,0.0,0.0,1.0,0.0,1.0,0.0,0.0,0.0,0,0.0,0.0,0.0,UNAM,Brasileiro,José Galindo (UNAM)
