Rk,Player,Nation,Pos,Squad,Age,Born,90s,Tackles_Tkl,Tackles_TklW,Tackles_Def 3rd,Tackles_Mid 3rd,Tackles_Att 3rd,Challenges_Tkl,Challenges_Att,Challenges_Tkl%,Challenges_Lost,Blocks_Blocks,Blocks_Sh,Blocks_Pass,Int,Tkl+Int,Clr,Err,Player Link_,Player ID_,Competition
1,Patrick van Aanholt,NED,DF,PSV Eindhoven,33-132,1990,10.2,1.76,1.37,1.18,0.49,0.10,1.08,1.76,61.1,0.69,0.39,0.10,0.29,1.18,2.94,0.78,0.00,https://fbref.com/en/players/5f09991f/Patrick-van-Aanholt,5f09991f,Eredivisie
2,Jayden Addai,GHA,FW,AZ Alkmaar,18-135,2005,0.7,7.14,5.71,5.71,0.00,1.43,2.86,5.71,50.0,2.86,0.00,0.00,0.00,0.00,7.14,1.43,0.00,https://fbref.com/en/players/662ffe3d/Jayden-Addai,662ffe3d,Eredivisie
3,Bobby Adekanye,NED,"FW,MF",Go Ahead Eag,24-328,1999,7.4,0.81,0.41,0.14,0.68,0.00,0.41,1.08,37.5,0.68,0.95,0.14,0.81,0.27,1.08,0.41,0.00,https://fbref.com/en/players/3ed84b2c/Bobby-Adekanye,3ed84b2c,Eredivisie
4,Shawn Adewoye,BEL,DF,RKC Waalwijk,23-193,2000,11.1,1.62,0.90,0.90,0.36,0.36,0.99,1.35,73.3,0.36,1.98,1.17,0.81,1.71,3.33,6.13,0.09,https://fbref.com/en/players/be98fc34/Shawn-Adewoye,be98fc34,Eredivisie
5,Nikolas Agrafiotis,NED,FW,Excelsior,23-258,2000,8.1,1.48,0.86,0.25,0.74,0.49,0.49,0.99,50.0,0.49,0.37,0.12,0.25,0.00,1.48,1.60,0.00,https://fbref.com/en/players/72a63c0b/Nikolas-Agrafiotis,72a63c0b,Eredivisie
6,Chuba Akpom,ENG,"FW,MF",Ajax,28-091,1995,4.4,1.59,0.91,0.23,0.91,0.45,0.45,0.91,50.0,0.45,0.68,0.00,0.68,0.45,2.05,0.68,0.00,https://fbref.com/en/players/e2b384d2/Chuba-Akpom,e2b384d2,Eredivisie
7,Hamdi Akujobi,NED,"DF,MF",Almere City,23-353,2000,6.9,2.32,1.74,1.30,0.72,0.29,0.87,1.45,60.0,0.58,1.59,0.43,1.16,0.72,3.04,1.59,0.00,https://fbref.com/en/players/0b524c25/Hamdi-Akujobi,0b524c25,Eredivisie
8,Hussein Ali,IRQ,DF,Heerenveen,21-313,2002,5.7,1.05,0.70,0.70,0.18,0.18,0.88,1.40,62.5,0.53,0.88,0.35,0.53,1.40,2.46,3.33,0.00,https://fbref.com/en/players/b8a919ad/Hussein-Ali,b8a919ad,Eredivisie
9,Jordi Altena,NED,MF,Vitesse,20-035,2003,0.1,0.00,0.00,0.00,0.00,0.00,0.00,0.00,,0.00,0.00,0.00,0.00,0.00,0.00,0.00,0.00,https://fbref.com/en/players/25cfb552/Jordi-Altena,25cfb552,Eredivisie
10,Jaydon Amauri Banel,NED,"MF,FW",Ajax,19-081,2004,0.3,6.67,6.67,3.33,3.33,0.00,0.00,3.33,0.0,3.33,0.00,0.00,0.00,0.00,6.67,3.33,0.00,https://fbref.com/en/players/98e0d76c/Jaydon-Amauri-Banel,98e0d76c,Eredivisie
11,Pelle van Amersfoort,NED,FW,Heerenveen,27-282,1996,9.1,0.11,0.00,0.00,0.11,0.00,0.00,0.66,0.0,0.66,0.44,0.00,0.44,0.11,0.22,0.77,0.00,https://fbref.com/en/players/8cef2308/Pelle-van-Amersfoort,8cef2308,Eredivisie
12,Jamal Amofa,NED,DF,Go Ahead Eag,25-044,1998,12.5,1.84,1.12,1.44,0.40,0.00,0.88,1.28,68.8,0.40,1.76,1.52,0.24,1.04,2.88,2.64,0.08,https://fbref.com/en/players/ec3e9827/Jamal-Amofa,ec3e9827,Eredivisie
13,Augustin Anello,BEL,"FW,MF",Sparta R'dam,21-261,2002,2.5,1.60,1.20,0.80,0.40,0.40,0.80,4.00,20.0,3.20,0.80,0.00,0.80,0.00,1.60,0.00,0.00,https://fbref.com/en/players/c16ab6bc/Augustin-Anello,c16ab6bc,Eredivisie
14,Joey Antonioli,NED,MF,Volendam,20-024,2003,1.1,0.91,0.91,0.91,0.00,0.00,0.91,2.73,33.3,1.82,1.82,0.00,1.82,0.00,0.91,0.00,0.00,https://fbref.com/en/players/cc423d7c/Joey-Antonioli,cc423d7c,Eredivisie
15,Carlens Arcus,HAI,DF,Vitesse,27-194,1996,11.2,2.50,1.43,2.05,0.36,0.09,1.43,2.77,51.6,1.34,0.45,0.00,0.45,1.96,4.46,2.23,0.00,https://fbref.com/en/players/5e837126/Carlens-Arcus,5e837126,Eredivisie
16,D'Leanu Arts,NED,DF,NEC Nijmegen,20-226,2003,0.2,0.00,0.00,0.00,0.00,0.00,0.00,10.0,0.0,10.0,0.00,0.00,0.00,0.00,0.00,5.00,0.00,https://fbref.com/en/players/9014a9c8/DLeanu-Arts,9014a9c8,Eredivisie
17,Gastón Ávila,ARG,DF,Ajax,22-100,2001,3.9,3.85,2.56,2.56,1.28,0.00,3.59,6.92,51.9,3.33,1.79,0.26,1.54,0.77,4.62,3.08,0.00,https://fbref.com/en/players/f648b2e1/Gaston-Avila,f648b2e1,Eredivisie
18,Marouan Azarkan,NED,FW,Utrecht,22-031,2001,6.7,1.94,1.34,1.04,0.45,0.45,1.34,3.13,42.9,1.79,1.94,0.00,1.94,0.60,2.54,1.19,0.00,https://fbref.com/en/players/9469388f/Marouan-Azarkan,9469388f,Eredivisie
19,Anouar El Azzouzi,NED,DF,Zwolle,22-224,2001,1.1,3.64,2.73,2.73,0.91,0.00,0.91,2.73,33.3,1.82,1.82,1.82,0.00,0.91,4.55,7.27,0.00,https://fbref.com/en/players/22a6a4d7/Anouar-El-Azzouzi,22a6a4d7,Eredivisie
20,Julian Baas,NED,MF,Excelsior,21-267,2002,15.5,2.00,1.42,0.90,0.71,0.39,0.77,1.81,42.9,1.03,1.35,0.45,0.90,1.74,3.74,1.16,0.00,https://fbref.com/en/players/7156acb5/Julian-Baas,7156acb5,Eredivisie
21,Youri Baas,NED,"DF,FW",NEC Nijmegen,20-297,2003,8.5,4.47,2.71,3.18,1.18,0.12,2.82,5.41,52.2,2.59,1.65,0.59,1.06,1.06,5.53,1.65,0.12,https://fbref.com/en/players/ca002b1a/Youri-Baas,ca002b1a,Eredivisie
22,Isaac Babadi,NED,"MF,FW",PSV Eindhoven,18-277,2005,1.3,2.31,0.00,0.77,0.77,0.77,0.77,1.54,50.0,0.77,0.77,0.00,0.77,0.77,3.08,0.77,0.00,https://fbref.com/en/players/52f7e3a7/Isaac-Babadi,52f7e3a7,Eredivisie
23,Mio Backhaus,GER,GK,Volendam,19-267,2004,16.0,0.06,0.06,0.06,0.00,0.00,0.06,0.13,50.0,0.06,0.06,0.00,0.06,0.06,0.13,0.38,0.06,https://fbref.com/en/players/0d41f821/Mio-Backhaus,0d41f821,Eredivisie
24,Thibo Baeten,BEL,FW,Go Ahead Eag,21-218,2002,1.7,3.53,0.59,1.18,0.59,1.76,2.35,4.71,50.0,2.35,2.35,0.00,2.35,1.18,4.71,0.59,0.00,https://fbref.com/en/players/f976899a/Thibo-Baeten,f976899a,Eredivisie
25,Saïd Bakari,COM,DF,Sparta R'dam,29-108,1994,15.4,3.38,2.47,2.08,1.10,0.19,1.95,3.38,57.7,1.43,1.23,0.52,0.71,1.10,4.48,2.27,0.06,https://fbref.com/en/players/3a0fbf82/Said-Bakari,3a0fbf82,Eredivisie
26,Johan Bakayoko,BEL,"FW,MF",PSV Eindhoven,20-263,2003,13.1,1.22,0.69,0.31,0.46,0.46,0.31,0.76,40.0,0.46,1.15,0.08,1.07,0.46,1.68,0.15,0.00,https://fbref.com/en/players/0caa2fd4/Johan-Bakayoko,0caa2fd4,Eredivisie
27,Navajo Bakboord,NED,DF,Heracles Almelo,24-344,1999,9.2,2.39,1.74,1.63,0.76,0.00,1.09,2.07,52.6,0.98,1.74,0.54,1.20,1.09,3.48,2.72,0.11,https://fbref.com/en/players/216d25a3/Navajo-Bakboord,216d25a3,Eredivisie
28,Zakaria Bakkali,BEL,"MF,FW",RKC Waalwijk,27-347,1996,7.5,1.87,1.20,1.33,0.13,0.40,0.67,1.47,45.5,0.80,0.80,0.00,0.80,0.27,2.13,0.27,0.00,https://fbref.com/en/players/ec3efd7f/Zakaria-Bakkali,ec3efd7f,Eredivisie
29,Nordin Bakker,NED,GK,Almere City,26-069,1997,16.0,0.13,0.13,0.13,0.00,0.00,0.13,0.31,40.0,0.19,0.00,0.00,0.00,0.00,0.13,0.56,0.06,https://fbref.com/en/players/12f664ca/Nordin-Bakker,12f664ca,Eredivisie
30,Jesse Bal,NED,MF,Sparta R'dam,17-099,2006,0.1,0.00,0.00,0.00,0.00,0.00,0.00,0.00,,0.00,0.00,0.00,0.00,0.00,0.00,0.00,0.00,https://fbref.com/en/players/f60ea55c/Jesse-Bal,f60ea55c,Eredivisie
31,Théo Barbet,FRA,DF,Almere City,22-308,2001,9.3,1.08,0.43,0.54,0.43,0.11,0.75,1.51,50.0,0.75,1.08,0.43,0.65,1.29,2.37,3.76,0.00,https://fbref.com/en/players/06d51feb/Theo-Barbet,06d51feb,Eredivisie
32,Vasilios Barkas,GRE,GK,Utrecht,29-223,1994,15.0,0.13,0.13,0.13,0.00,0.00,0.13,0.20,66.7,0.07,0.00,0.00,0.00,0.00,0.13,0.40,0.07,https://fbref.com/en/players/c2e41cfb/Vasilios-Barkas,c2e41cfb,Eredivisie
33,Riechedly Bazoer,NED,DF,AZ Alkmaar,27-088,1996,12.0,0.83,0.67,0.50,0.25,0.08,0.42,0.67,62.5,0.25,0.75,0.42,0.33,0.83,1.67,1.92,0.00,https://fbref.com/en/players/da59a197/Riechedly-Bazoer,da59a197,Eredivisie
34,Sven van Beek,NED,DF,Heerenveen,29-164,1994,11.1,1.71,0.99,1.17,0.36,0.18,1.08,1.35,80.0,0.27,1.62,0.63,0.99,1.53,3.24,5.23,0.09,https://fbref.com/en/players/49312f11/Sven-van-Beek,49312f11,Eredivisie
35,Thomas Beelen,NED,DF,Feyenoord,22-211,2001,2.3,2.61,0.43,2.17,0.43,0.00,0.43,0.87,50.0,0.43,1.30,0.43,0.87,0.87,3.48,1.74,0.00,https://fbref.com/en/players/530e7d85/Thomas-Beelen,530e7d85,Eredivisie
36,Mouhamed Belkheir,FRA,"FW,MF",Fortuna Sittard,25-006,1999,3.9,1.03,0.51,0.26,0.51,0.26,0.77,1.54,50.0,0.77,0.51,0.00,0.51,0.00,1.03,0.51,0.00,https://fbref.com/en/players/14340768/Mouhamed-Belkheir,14340768,Eredivisie
37,Armel Bella Kotchap,GER,DF,PSV Eindhoven,22-028,2001,1.8,0.56,0.00,0.00,0.00,0.56,0.00,0.56,0.0,0.56,0.56,0.00,0.56,1.11,1.67,2.78,0.00,https://fbref.com/en/players/a39d11bc/Armel-Bella-Kotchap,a39d11bc,Eredivisie
38,Benaissa Benamar,MAR,DF,Volendam,26-275,1997,10.8,1.11,0.83,0.65,0.46,0.00,0.65,1.39,46.7,0.74,1.48,1.02,0.46,1.30,2.41,3.80,0.00,https://fbref.com/en/players/01ca961e/Benaissa-Benamar,01ca961e,Eredivisie
39,Mimeirhel Benita,NED,"DF,FW",Excelsior,20-052,2003,1.5,4.67,2.00,4.67,0.00,0.00,4.00,4.67,85.7,0.67,2.00,0.00,2.00,2.00,6.67,5.33,0.00,https://fbref.com/en/players/35ccba69/Mimeirhel-Benita,35ccba69,Eredivisie
40,Walter Benítez,ARG,GK,PSV Eindhoven,30-354,1993,16.0,0.00,0.00,0.00,0.00,0.00,0.00,0.00,,0.00,0.00,0.00,0.00,0.00,0.00,0.13,0.13,https://fbref.com/en/players/8a2248b4/Walter-Benitez,8a2248b4,Eredivisie
41,Mitchell van Bergen,NED,"FW,MF",Twente,24-134,1999,3.2,1.25,0.94,0.63,0.00,0.63,0.63,0.94,66.7,0.31,1.88,0.31,1.56,1.25,2.50,1.56,0.00,https://fbref.com/en/players/0b2c9aec/Mitchell-van-Bergen,0b2c9aec,Eredivisie
42,Steven Berghuis,NED,"FW,MF",Ajax,32-020,1991,10.2,1.37,0.59,0.78,0.39,0.20,0.78,1.67,47.1,0.88,1.27,0.00,1.27,0.29,1.67,0.78,0.00,https://fbref.com/en/players/713c144a/Steven-Berghuis,713c144a,Eredivisie
43,Steven Bergwijn,NED,"FW,MF",Ajax,26-092,1997,12.4,0.97,0.56,0.32,0.48,0.16,0.65,1.21,53.3,0.56,0.65,0.08,0.56,0.08,1.05,0.48,0.00,https://fbref.com/en/players/a29b1131/Steven-Bergwijn,a29b1131,Eredivisie
44,Gijs Besselink,NED,"FW,MF",Twente,19-206,2004,0.3,6.67,0.00,0.00,3.33,3.33,3.33,3.33,100.0,0.00,0.00,0.00,0.00,3.33,10.0,0.00,0.00,https://fbref.com/en/players/689b9ef0/Gijs-Besselink,689b9ef0,Eredivisie
45,Justin Bijlow,NED,GK,Feyenoord,25-351,1998,9.0,0.00,0.00,0.00,0.00,0.00,0.00,0.11,0.0,0.11,0.00,0.00,0.00,0.00,0.00,0.56,0.22,https://fbref.com/en/players/53d93280/Justin-Bijlow,53d93280,Eredivisie
46,Xander Blomme,BEL,MF,Go Ahead Eag,21-201,2002,0.5,2.00,0.00,0.00,2.00,0.00,0.00,2.00,0.0,2.00,0.00,0.00,0.00,2.00,4.00,2.00,0.00,https://fbref.com/en/players/a712e3f5/Xander-Blomme,a712e3f5,Eredivisie
47,Paweł Bochniewicz,POL,DF,Heerenveen,27-343,1996,10.2,1.18,0.59,0.88,0.29,0.00,0.59,1.18,50.0,0.59,1.57,1.37,0.20,0.69,1.86,4.61,0.00,https://fbref.com/en/players/9bf068be/Pawel-Bochniewicz,9bf068be,Eredivisie
48,Ruben van Bommel,NED,FW,AZ Alkmaar,19-158,2004,6.0,2.50,1.50,0.83,1.17,0.50,1.17,2.67,43.8,1.50,0.83,0.00,0.83,0.67,3.17,0.67,0.00,https://fbref.com/en/players/c9314f57/Ruben-van-Bommel,c9314f57,Eredivisie
49,Taylor Booth,USA,FW,Utrecht,22-222,2001,3.9,0.51,0.00,0.00,0.00,0.51,0.26,0.77,33.3,0.51,1.03,0.51,0.51,0.51,1.03,1.28,0.00,https://fbref.com/en/players/1eb05a70/Taylor-Booth,1eb05a70,Eredivisie
50,Zach Booth,USA,"MF,FW",Volendam,19-325,2004,3.7,1.62,1.35,0.54,0.81,0.27,0.54,1.62,33.3,1.08,0.81,0.27,0.54,1.62,3.24,2.43,0.00,https://fbref.com/en/players/7e47a132/Zach-Booth,7e47a132,Eredivisie
51,Olivier Boscagli,FRA,DF,PSV Eindhoven,26-051,1997,14.1,1.42,0.92,0.92,0.43,0.07,0.78,1.35,57.9,0.57,1.06,0.43,0.64,2.06,3.48,3.83,0.14,https://fbref.com/en/players/403f5d20/Olivier-Boscagli,403f5d20,Eredivisie
52,Othman Boussaid,BEL,FW,Utrecht,23-307,2000,8.0,1.63,0.88,0.75,0.63,0.25,1.00,2.75,36.4,1.75,1.13,0.00,1.13,0.75,2.38,0.75,0.00,https://fbref.com/en/players/c8b55104/Othman-Boussaid,c8b55104,Eredivisie
53,Amine Boutrah,FRA,FW,Vitesse,23-074,2000,7.6,0.53,0.53,0.13,0.13,0.26,0.26,1.18,22.2,0.92,0.92,0.00,0.92,0.92,1.45,0.39,0.13,https://fbref.com/en/players/07a13958/Amine-Boutrah,07a13958,Eredivisie
54,Can Bozdogan,GER,MF,Utrecht,22-278,2001,13.9,2.59,1.58,0.72,1.58,0.29,1.29,2.81,46.2,1.51,1.44,0.43,1.01,1.37,3.96,1.44,0.00,https://fbref.com/en/players/b797f558/Can-Bozdogan,b797f558,Eredivisie
55,Mattijs Branderhorst,NED,GK,Utrecht,30-008,1993,1.0,0.00,0.00,0.00,0.00,0.00,0.00,0.00,,0.00,0.00,0.00,0.00,0.00,0.00,0.00,0.00,https://fbref.com/en/players/b74a2c78/Mattijs-Branderhorst,b74a2c78,Eredivisie
56,Oliver Braude,NOR,DF,Heerenveen,19-321,2004,6.9,4.20,2.75,2.03,1.74,0.43,2.90,3.48,83.3,0.58,2.32,0.72,1.59,0.72,4.93,2.32,0.14,https://fbref.com/en/players/409ccdb7/Oliver-Braude,409ccdb7,Eredivisie
57,Myron van Brederode,NED,FW,AZ Alkmaar,20-186,2003,8.6,1.98,1.28,0.47,1.05,0.47,0.93,2.56,36.4,1.63,0.81,0.00,0.81,0.47,2.44,0.12,0.00,https://fbref.com/en/players/485fbd1a/Myron-van-Brederode,485fbd1a,Eredivisie
58,Joshua Brenet,NED,DF,Twente,29-294,1994,2.8,1.79,0.71,1.07,0.36,0.36,1.79,3.93,45.5,2.14,1.07,0.00,1.07,0.71,2.50,1.07,0.00,https://fbref.com/en/players/2b5527c4/Joshua-Brenet,2b5527c4,Eredivisie
59,Jakob Breum,DEN,FW,Go Ahead Eag,20-052,2003,7.6,1.97,1.45,0.79,0.39,0.79,1.18,3.03,39.1,1.84,1.97,0.13,1.84,0.66,2.63,0.79,0.00,https://fbref.com/en/players/31c61ac7/Jakob-Breum,31c61ac7,Eredivisie
60,Brian Brobbey,NED,FW,Ajax,21-341,2002,13.7,0.29,0.15,0.00,0.15,0.15,0.00,0.15,0.0,0.15,0.51,0.07,0.44,0.00,0.29,1.31,0.00,https://fbref.com/en/players/4c184730/Brian-Brobbey,4c184730,Eredivisie
61,Michael Brouwer,NED,GK,Heracles Almelo,30-352,1993,16.0,0.00,0.00,0.00,0.00,0.00,0.00,0.06,0.0,0.06,0.00,0.00,0.00,0.06,0.06,0.50,0.13,https://fbref.com/en/players/4f521fcf/Michael-Brouwer,4f521fcf,Eredivisie
62,Luuk Brouwers,NED,MF,Heerenveen,25-250,1998,12.1,1.57,0.74,0.58,0.58,0.41,0.91,1.65,55.0,0.74,0.74,0.17,0.58,0.91,2.48,0.58,0.00,https://fbref.com/en/players/82306565/Luuk-Brouwers,82306565,Eredivisie
63,Damian van Bruggen,NED,DF,Almere City,27-296,1996,12.0,1.08,0.50,0.50,0.58,0.00,0.50,0.92,54.5,0.42,1.00,0.83,0.17,2.17,3.25,4.00,0.00,https://fbref.com/en/players/988ddfcf/Damian-van-Bruggen,988ddfcf,Eredivisie
64,Jeffrey Bruma,NED,DF,RKC Waalwijk,32-056,1991,3.0,1.00,1.00,0.67,0.33,0.00,0.33,0.67,50.0,0.33,3.00,1.67,1.33,1.00,2.00,5.33,0.33,https://fbref.com/en/players/fbffc4b1/Jeffrey-Bruma,fbffc4b1,Eredivisie
65,Max Bruns,NED,DF,Twente,21-063,2002,1.3,3.08,2.31,1.54,0.77,0.77,0.77,2.31,33.3,1.54,0.77,0.77,0.00,2.31,5.38,3.85,0.00,https://fbref.com/en/players/ff9eae4d/Max-Bruns,ff9eae4d,Eredivisie
66,Thomas Bruns,NED,"MF,FW",Heracles Almelo,32-001,1992,7.8,1.92,1.28,1.15,0.77,0.00,1.03,1.92,53.3,0.90,0.90,0.26,0.64,0.64,2.56,0.90,0.00,https://fbref.com/en/players/16952f65/Thomas-Bruns,16952f65,Eredivisie
67,Charles-Andréas Brym,CAN,"FW,MF",Sparta R'dam,25-153,1998,7.3,1.10,0.82,0.55,0.14,0.41,0.27,0.68,40.0,0.41,0.68,0.00,0.68,0.14,1.23,0.96,0.14,https://fbref.com/en/players/be76f15c/Charles-Andreas-Brym,be76f15c,Eredivisie
68,Stijn Bultman,NED,DF,Heracles Almelo,18-344,2005,8.6,2.21,1.63,1.63,0.47,0.12,1.05,1.28,81.8,0.23,1.63,0.70,0.93,1.51,3.72,4.77,0.00,https://fbref.com/en/players/faa8d9c2/Stijn-Bultman,faa8d9c2,Eredivisie
69,Oskar Buur,DEN,DF,Volendam,25-283,1998,6.1,1.64,0.82,0.82,0.66,0.16,0.82,1.48,55.6,0.66,0.66,0.33,0.33,0.82,2.46,2.46,0.00,https://fbref.com/en/players/aa6f2f2c/Oskar-Buur,aa6f2f2c,Eredivisie
70,Zico Buurmeester,NED,MF,Zwolle,21-215,2002,15.1,1.52,0.99,0.86,0.60,0.07,0.73,1.66,44.0,0.93,0.99,0.40,0.60,1.66,3.18,1.85,0.00,https://fbref.com/en/players/62766c3f/Zico-Buurmeester,62766c3f,Eredivisie
71,Yoann Cathline,FRA,"DF,FW",Almere City,21-170,2002,3.3,1.82,1.52,0.61,0.61,0.61,0.91,2.73,33.3,1.82,1.52,0.00,1.52,0.61,2.42,0.61,0.00,https://fbref.com/en/players/4db5915d/Yoann-Cathline,4db5915d,Eredivisie
72,Sava Cestic,SRB,DF,Heracles Almelo,22-323,2001,1.3,1.54,0.77,1.54,0.00,0.00,1.54,1.54,100.0,0.00,3.08,2.31,0.77,2.31,3.85,5.38,0.00,https://fbref.com/en/players/0b7dae21/Sava-Cestic,0b7dae21,Eredivisie
73,Jasper Cillessen,NED,GK,NEC Nijmegen,34-261,1989,12.3,0.00,0.00,0.00,0.00,0.00,0.00,0.16,0.0,0.16,0.08,0.00,0.08,0.00,0.00,0.33,0.08,https://fbref.com/en/players/04ac8285/Jasper-Cillessen,04ac8285,Eredivisie
74,Jordy Clasie,NED,MF,AZ Alkmaar,32-195,1991,14.6,2.19,1.10,0.82,1.16,0.21,1.10,2.12,51.6,1.03,0.48,0.00,0.48,1.58,3.77,1.30,0.00,https://fbref.com/en/players/31c01b85/Jordy-Clasie,31c01b85,Eredivisie
75,Pelle Clement,NED,FW,Sparta R'dam,27-234,1996,7.6,1.32,0.79,0.53,0.53,0.26,0.53,0.79,66.7,0.26,0.66,0.13,0.53,0.26,1.58,1.71,0.00,https://fbref.com/en/players/f7226e46/Pelle-Clement,f7226e46,Eredivisie
76,Denilho Cleonise,NED,"FW,MF",RKC Waalwijk,22-031,2001,11.4,0.70,0.26,0.18,0.00,0.53,0.44,0.70,62.5,0.26,0.70,0.00,0.70,0.61,1.32,0.35,0.00,https://fbref.com/en/players/91c9de34/Denilho-Cleonise,91c9de34,Eredivisie
77,Iñigo Córdoba,ESP,FW,Fortuna Sittard,26-301,1997,12.8,2.73,2.11,1.48,0.78,0.47,0.86,1.80,47.8,0.94,1.80,0.23,1.56,1.33,4.06,1.17,0.00,https://fbref.com/en/players/49ea92be/Inigo-Cordoba,49ea92be,Eredivisie
78,Enzo Cornelisse,NED,"DF,MF",Vitesse,21-007,2003,9.7,1.86,0.93,1.03,0.72,0.10,1.13,2.47,45.8,1.34,1.03,0.10,0.93,1.24,3.09,2.37,0.00,https://fbref.com/en/players/441f7f4c/Enzo-Cornelisse,441f7f4c,Eredivisie
79,Milan Corryn,BEL,FW,Almere City,24-279,1999,0.1,0.00,0.00,0.00,0.00,0.00,0.00,0.00,,0.00,0.00,0.00,0.00,0.00,0.00,0.00,0.00,https://fbref.com/en/players/88b73396/Milan-Corryn,88b73396,Eredivisie
80,George Cox,ENG,DF,Volendam,25-359,1998,7.8,1.79,1.28,1.03,0.38,0.38,1.28,2.95,43.5,1.67,1.79,0.64,1.15,1.67,3.46,2.44,0.00,https://fbref.com/en/players/8c25d35a/George-Cox,8c25d35a,Eredivisie
81,Vito van Crooy,NED,FW,Sparta R'dam,27-344,1996,2.9,1.03,0.34,1.03,0.00,0.00,1.03,1.38,75.0,0.34,1.03,0.34,0.69,0.69,1.72,1.72,0.00,https://fbref.com/en/players/4b8b9e6c/Vito-van-Crooy,4b8b9e6c,Eredivisie
82,Lennart-Marten Czyborra,GER,DF,Zwolle,24-250,1999,1.6,0.63,0.00,0.63,0.00,0.00,0.00,1.88,0.0,1.88,0.00,0.00,0.00,0.63,1.25,1.25,0.00,https://fbref.com/en/players/7ba1f1ef/Lennart-Marten-Czyborra,7ba1f1ef,Eredivisie
83,Tiago Dantas,POR,MF,AZ Alkmaar,23-015,2000,3.8,2.11,0.79,0.79,1.05,0.26,1.05,2.37,44.4,1.32,0.79,0.79,0.00,0.00,2.11,0.79,0.00,https://fbref.com/en/players/234204f4/Tiago-Dantas,234204f4,Eredivisie
84,Brian De Keersmaecker,BEL,MF,Heracles Almelo,23-247,2000,15.9,2.33,1.45,1.64,0.57,0.13,1.32,2.89,45.7,1.57,2.26,0.82,1.45,1.38,3.71,2.26,0.00,https://fbref.com/en/players/40d2f0cb/Brian-De-Keersmaecker,40d2f0cb,Eredivisie
85,Jeffrey De Lange,NED,GK,Go Ahead Eag,25-282,1998,16.0,0.00,0.00,0.00,0.00,0.00,0.00,0.00,,0.00,0.00,0.00,0.00,0.00,0.00,0.19,0.06,https://fbref.com/en/players/c31cf14b/Jeffrey-De-Lange,c31cf14b,Eredivisie
86,Mats Deijl,NED,DF,Go Ahead Eag,26-177,1997,16.0,1.63,1.19,0.63,0.75,0.25,0.88,1.69,51.9,0.81,0.75,0.19,0.56,0.63,2.25,3.44,0.00,https://fbref.com/en/players/709e48d4/Mats-Deijl,709e48d4,Eredivisie
87,Thomas van den Belt,NED,MF,Feyenoord,22-204,2001,0.4,5.00,5.00,2.50,0.00,2.50,0.00,0.00,,0.00,7.50,0.00,7.50,2.50,7.50,2.50,0.00,https://fbref.com/en/players/a686ef30/Thomas-van-den-Belt,a686ef30,Eredivisie
88,Branco van den Boomen,NED,MF,Ajax,28-171,1995,6.9,1.16,0.87,0.43,0.58,0.14,0.58,1.88,30.8,1.30,1.74,0.43,1.30,0.43,1.59,1.16,0.14,https://fbref.com/en/players/99d660b2/Branco-van-den-Boomen,99d660b2,Eredivisie
89,Damian van der Haar,,DF,Zwolle,,,0.3,6.67,0.00,6.67,0.00,0.00,6.67,6.67,100.0,0.00,6.67,0.00,6.67,6.67,13.3,10.0,0.00,https://fbref.com/en/players/fb0346ad/Damian-van-der-Haar,fb0346ad,Eredivisie
90,Mike van der Hoorn,NED,DF,Utrecht,31-085,1992,7.3,1.37,0.68,0.96,0.41,0.00,1.10,1.51,72.7,0.41,0.96,0.14,0.82,0.82,2.19,3.42,0.00,https://fbref.com/en/players/25f50295/Mike-van-der-Hoorn,25f50295,Eredivisie
91,Djevencio van der Kust,SUR,DF,Sparta R'dam,22-253,2001,11.5,1.83,1.39,1.13,0.52,0.17,0.78,2.09,37.5,1.30,2.52,1.30,1.22,1.57,3.39,3.30,0.00,https://fbref.com/en/players/e276e3e6/Djevencio-van-der-Kust,e276e3e6,Eredivisie
92,Mark van der Maarel,NED,DF,Utrecht,34-149,1989,3.3,1.21,0.91,0.61,0.61,0.00,0.30,1.52,20.0,1.21,1.82,0.30,1.52,0.61,1.82,4.24,0.00,https://fbref.com/en/players/a31f9e95/Mark-van-der-Maarel,a31f9e95,Eredivisie
93,Anthony Descotte,BEL,FW,Utrecht,20-158,2003,2.1,1.43,1.43,0.00,0.48,0.95,0.48,1.43,33.3,0.95,1.43,0.00,1.43,0.48,1.90,0.00,0.00,https://fbref.com/en/players/0e67374f/Anthony-Descotte,0e67374f,Eredivisie
94,Sergiño Dest,USA,DF,PSV Eindhoven,23-066,2000,10.1,1.19,0.89,0.69,0.50,0.00,0.79,1.49,53.3,0.69,1.09,0.20,0.89,0.69,1.88,0.69,0.10,https://fbref.com/en/players/5976f83e/Sergino-Dest,5976f83e,Eredivisie
95,Mitchell Dijks,NED,DF,Fortuna Sittard,30-333,1993,9.4,2.23,1.28,1.60,0.43,0.21,1.70,2.45,69.6,0.74,0.85,0.11,0.74,0.64,2.87,1.81,0.00,https://fbref.com/en/players/0a3065c8/Mitchell-Dijks,0a3065c8,Eredivisie
96,Javairô Dilrosun,NED,"FW,MF",Feyenoord,25-200,1998,1.3,3.08,2.31,1.54,0.77,0.77,3.08,3.08,100.0,0.00,1.54,0.77,0.77,0.77,3.85,0.00,0.00,https://fbref.com/en/players/34a0f5ff/Javairo-Dilrosun,34a0f5ff,Eredivisie
97,Toni Domgjoni,KVX,MF,Vitesse,25-126,1998,3.4,2.06,1.18,0.59,0.59,0.88,0.88,2.06,42.9,1.18,1.18,0.00,1.18,0.88,2.94,2.65,0.00,https://fbref.com/en/players/ead51916/Toni-Domgjoni,ead51916,Eredivisie
98,Bas Dost,NED,FW,NEC Nijmegen,34-222,1989,5.1,0.39,0.00,0.20,0.00,0.20,0.00,0.39,0.0,0.39,0.00,0.00,0.00,0.20,0.59,1.37,0.00,https://fbref.com/en/players/dc90cfbe/Bas-Dost,dc90cfbe,Eredivisie
99,Achraf Douiri,NED,DF,Volendam,24-042,1999,1.4,3.57,2.14,2.86,0.71,0.00,2.86,4.29,66.7,1.43,0.00,0.00,0.00,1.43,5.00,2.14,0.00,https://fbref.com/en/players/e10e4a3e/Achraf-Douiri,e10e4a3e,Eredivisie
100,Anastasios Douvikas,GRE,FW,Utrecht,24-159,1999,2.0,0.50,0.50,0.00,0.50,0.00,0.50,2.00,25.0,1.50,0.50,0.00,0.50,0.00,0.50,0.00,0.00,https://fbref.com/en/players/853ca71c/Anastasios-Douvikas,853ca71c,Eredivisie
101,Bram van Driel,NED,"MF,DF",Volendam,18-225,2005,0.9,1.11,1.11,1.11,0.00,0.00,1.11,2.22,50.0,1.11,2.22,1.11,1.11,1.11,2.22,2.22,0.00,https://fbref.com/en/players/5c0a9af3/Bram-van-Driel,5c0a9af3,Eredivisie
102,Couhaib Driouech,MAR,"FW,MF",Excelsior,21-266,2002,12.5,1.52,1.28,0.72,0.72,0.08,0.56,2.56,21.9,2.00,2.08,0.24,1.84,0.80,2.32,1.20,0.00,https://fbref.com/en/players/66a2a495/Couhaib-Driouech,66a2a495,Eredivisie
103,Ferdy Druijf,NED,"FW,MF",Zwolle,25-330,1998,10.0,0.40,0.30,0.10,0.00,0.30,0.30,0.80,37.5,0.50,0.60,0.30,0.30,0.00,0.40,1.10,0.00,https://fbref.com/en/players/9ef884b1/Ferdy-Druijf,9ef884b1,Eredivisie
104,Deroy Duarte,CPV,MF,Fortuna Sittard,24-188,1999,15.4,2.60,1.43,1.04,1.36,0.19,1.23,2.40,51.4,1.17,0.91,0.13,0.78,0.84,3.44,1.62,0.00,https://fbref.com/en/players/6af8fc5b/Deroy-Duarte,6af8fc5b,Eredivisie
105,Lance Duijvestijn,NED,"MF,FW",Almere City,24-358,1999,5.0,1.00,0.60,0.40,0.20,0.40,0.60,3.20,18.8,2.60,1.00,0.20,0.80,0.60,1.60,0.40,0.00,https://fbref.com/en/players/a2a56c85/Lance-Duijvestijn,a2a56c85,Eredivisie
106,Oliver Edvardsen,NOR,"FW,MF",Go Ahead Eag,24-295,1999,13.5,1.33,0.52,0.44,0.59,0.30,0.52,2.15,24.1,1.63,1.04,0.15,0.89,0.74,2.07,1.19,0.00,https://fbref.com/en/players/b54b05e2/Oliver-Edvardsen,b54b05e2,Eredivisie
107,Victor Edvardsen,SWE,FW,Go Ahead Eag,27-359,1996,10.7,0.19,0.19,0.09,0.00,0.09,0.00,0.28,0.0,0.28,0.47,0.09,0.37,0.09,0.28,0.65,0.00,https://fbref.com/en/players/817f3a14/Victor-Edvardsen,817f3a14,Eredivisie
108,Espen van Ee,NED,"MF,FW",Heerenveen,20-187,2003,0.7,4.29,1.43,1.43,2.86,0.00,1.43,2.86,50.0,1.43,2.86,1.43,1.43,1.43,5.71,2.86,0.00,https://fbref.com/en/players/ad1a8248/Espen-van-Ee,ad1a8248,Eredivisie
109,Mike Eerdhuijzen,NED,"FW,MF",Sparta R'dam,23-179,2000,0.1,0.00,0.00,0.00,0.00,0.00,0.00,0.00,,0.00,10.0,10.0,0.00,0.00,0.00,0.00,0.00,https://fbref.com/en/players/7c0ade01/Mike-Eerdhuijzen,7c0ade01,Eredivisie
110,Mats Egbring,NED,DF,Vitesse,17-113,2006,0.5,2.00,2.00,2.00,0.00,0.00,2.00,6.00,33.3,4.00,4.00,0.00,4.00,8.00,10.0,4.00,0.00,https://fbref.com/en/players/a1cce7ea/Mats-Egbring,a1cce7ea,Eredivisie
111,Carel Eiting,NED,MF,Twente,25-331,1998,3.1,2.58,0.65,0.97,1.61,0.00,1.29,2.26,57.1,0.97,0.65,0.00,0.65,0.97,3.55,2.58,0.00,https://fbref.com/en/players/a1c5b23e/Carel-Eiting,a1c5b23e,Eredivisie
112,Hamza el Dahri,NED,MF,Sparta R'dam,18-309,2005,0.1,10.0,10.0,0.00,10.0,0.00,10.0,10.0,100.0,0.00,10.0,0.00,10.0,0.00,10.0,0.00,0.00,https://fbref.com/en/players/72b08acc/Hamza-el-Dahri,72b08acc,Eredivisie
113,Mario Engels,GER,"FW,MF",Heracles Almelo,30-078,1993,10.8,0.56,0.37,0.37,0.09,0.09,0.09,0.46,20.0,0.37,0.28,0.00,0.28,0.00,0.56,0.74,0.00,https://fbref.com/en/players/123de70e/Mario-Engels,123de70e,Eredivisie
114,Marcelencio Esajas,NED,"MF,FW",Almere City,21-212,2002,0.4,2.50,2.50,2.50,0.00,0.00,0.00,0.00,,0.00,0.00,0.00,0.00,0.00,2.50,0.00,0.00,https://fbref.com/en/players/a50c97e3/Marcelencio-Esajas,a50c97e3,Eredivisie
115,Kevin Felida,CUW,MF,RKC Waalwijk,24-058,1999,4.7,2.98,2.55,1.70,1.06,0.21,0.64,1.49,42.9,0.85,1.28,0.43,0.85,1.28,4.26,1.06,0.00,https://fbref.com/en/players/20f6dec7/Kevin-Felida,20f6dec7,Eredivisie
116,Arianit Ferati,KVX,MF,Fortuna Sittard,26-123,1997,3.1,1.29,0.65,0.32,0.97,0.00,0.97,2.58,37.5,1.61,1.29,0.00,1.29,1.29,2.58,1.61,0.00,https://fbref.com/en/players/b98b99e8/Arianit-Ferati,b98b99e8,Eredivisie
117,Derensili Fernandes,NED,FW,Excelsior,22-225,2001,6.5,0.92,0.46,0.62,0.15,0.15,0.46,1.38,33.3,0.92,1.08,0.00,1.08,0.92,1.85,0.31,0.00,https://fbref.com/en/players/6a80ca26/Derensili-Fernandes,6a80ca26,Eredivisie
118,Rashaan Fernandes,NED,"FW,MF",Go Ahead Eag,25-132,1998,0.4,0.00,0.00,0.00,0.00,0.00,0.00,2.50,0.0,2.50,0.00,0.00,0.00,0.00,0.00,0.00,0.00,https://fbref.com/en/players/1673ce40/Rashaan-Fernandes,1673ce40,Eredivisie
119,Nick Fichtinger,,MF,Zwolle,,,0.3,3.33,3.33,0.00,3.33,0.00,0.00,0.00,,0.00,0.00,0.00,0.00,3.33,6.67,0.00,0.00,https://fbref.com/en/players/7a09122b/Nick-Fichtinger,7a09122b,Eredivisie
120,Ezechiel Fiemawhle,,"MF,FW",Volendam,,,0.4,2.50,0.00,2.50,0.00,0.00,2.50,2.50,100.0,0.00,2.50,0.00,2.50,0.00,2.50,2.50,0.00,https://fbref.com/en/players/35e25ac0/Ezechiel-Fiemawhle,35e25ac0,Eredivisie
121,Kian Fitz-Jim,NED,MF,Excelsior,20-187,2003,4.4,2.73,2.05,0.45,1.59,0.68,0.68,2.95,23.1,2.27,0.68,0.00,0.68,1.14,3.86,1.36,0.00,https://fbref.com/en/players/d4c6ba22/Kian-Fitz-Jim,d4c6ba22,Eredivisie
122,Ryan Flamingo,NED,"DF,MF",Utrecht,21-008,2002,13.3,1.65,1.28,1.28,0.23,0.15,1.28,2.03,63.0,0.75,1.13,0.23,0.90,0.75,2.41,4.21,0.00,https://fbref.com/en/players/1787acb3/Ryan-Flamingo,1787acb3,Eredivisie
123,Josh Flint,ENG,DF,Volendam,23-087,2000,11.3,2.04,1.24,1.42,0.53,0.09,1.42,1.95,72.7,0.53,1.50,0.88,0.62,1.50,3.54,5.75,0.09,https://fbref.com/en/players/e26a9a17/Josh-Flint,e26a9a17,Eredivisie
124,Sherel Floranus,CUW,DF,Almere City,25-138,1998,11.5,1.74,1.13,1.13,0.43,0.17,1.22,2.43,50.0,1.22,1.22,0.35,0.87,1.30,3.04,1.65,0.09,https://fbref.com/en/players/5ad49fbb/Sherel-Floranus,5ad49fbb,Eredivisie
125,Fodé Fofana,NED,FW,Vitesse,21-074,2002,1.1,0.00,0.00,0.00,0.00,0.00,0.00,0.00,,0.00,0.00,0.00,0.00,0.00,0.00,0.00,0.00,https://fbref.com/en/players/a5e96355/Fode-Fofana,a5e96355,Eredivisie
126,Sadik Fofana,TOG,DF,Fortuna Sittard,20-237,2003,3.0,2.00,1.00,1.67,0.33,0.00,0.67,1.33,50.0,0.67,1.33,1.33,0.00,0.33,2.33,3.00,0.00,https://fbref.com/en/players/9ed58e6b/Sadik-Fofana,9ed58e6b,Eredivisie
127,Anthony Fontana,USA,MF,Zwolle,24-086,1999,0.2,0.00,0.00,0.00,0.00,0.00,0.00,0.00,,0.00,0.00,0.00,0.00,5.00,5.00,0.00,0.00,https://fbref.com/en/players/1f34358e/Anthony-Fontana,1f34358e,Eredivisie
128,Carlos Forbs,POR,FW,Ajax,19-295,2004,6.4,2.03,1.41,0.78,0.94,0.31,1.09,2.19,50.0,1.09,1.25,0.00,1.25,0.16,2.19,0.31,0.00,https://fbref.com/en/players/8a310070/Carlos-Forbs,8a310070,Eredivisie
129,Oscar Fraulo,DEN,MF,Utrecht,20-033,2003,10.1,1.78,0.99,0.40,1.19,0.20,0.69,1.68,41.2,0.99,0.69,0.50,0.20,0.59,2.38,2.08,0.10,https://fbref.com/en/players/458e3479/Oscar-Fraulo,458e3479,Eredivisie
130,Anton Gaaei,DEN,DF,Ajax,21-050,2002,7.6,2.37,1.71,1.58,0.53,0.26,1.05,1.45,72.7,0.39,1.32,0.26,1.05,1.71,4.08,2.37,0.13,https://fbref.com/en/players/6f7d7bc2/Anton-Gaaei,6f7d7bc2,Eredivisie
131,Juriën Gaari,CUW,DF,RKC Waalwijk,30-016,1993,8.3,1.93,1.33,1.20,0.72,0.00,1.45,2.17,66.7,0.72,0.72,0.36,0.36,0.84,2.77,2.41,0.24,https://fbref.com/en/players/bf7a9d1a/Jurien-Gaari,bf7a9d1a,Eredivisie
132,Anselmo García MacNulty,IRL,DF,Zwolle,20-323,2003,11.8,3.64,2.37,2.63,0.76,0.25,2.54,4.24,60.0,1.69,1.10,0.42,0.68,1.10,4.75,3.22,0.00,https://fbref.com/en/players/d65be685/Anselmo-Garcia-MacNulty,d65be685,Eredivisie
133,Stijn van Gassel,NED,GK,Excelsior,27-082,1996,16.0,0.00,0.00,0.00,0.00,0.00,0.00,0.06,0.0,0.06,0.06,0.00,0.06,0.00,0.00,0.19,0.06,https://fbref.com/en/players/af72ff2d/Stijn-van-Gassel,af72ff2d,Eredivisie
134,Lutsharel Geertruida,NED,DF,Feyenoord,23-174,2000,15.9,1.45,0.88,0.82,0.50,0.13,0.63,0.88,71.4,0.25,0.75,0.13,0.63,1.07,2.52,0.94,0.06,https://fbref.com/en/players/242e1043/Lutsharel-Geertruida,242e1043,Eredivisie
135,Anwar El Ghazi,NED,FW,PSV Eindhoven,28-250,1995,0.0,0,0,0,0,0,0,0,,0,0,0,0,0,0,0,0,https://fbref.com/en/players/ffa90327/Anwar-El-Ghazi,ffa90327,Eredivisie
136,Santiago Giménez,MEX,FW,Feyenoord,22-265,2001,14.3,0.35,0.07,0.07,0.14,0.14,0.07,0.35,20.0,0.28,0.42,0.00,0.42,0.00,0.35,0.35,0.00,https://fbref.com/en/players/37337aea/Santiago-Gimenez,37337aea,Eredivisie
137,Marco van Ginkel,NED,"MF,FW",Vitesse,31-038,1992,13.4,0.60,0.30,0.30,0.15,0.15,0.15,0.52,28.6,0.37,0.97,0.30,0.67,0.15,0.75,1.49,0.00,https://fbref.com/en/players/47681787/Marco-van-Ginkel,47681787,Eredivisie
138,Paul Gladon,NED,FW,Fortuna Sittard,31-296,1992,1.9,0.53,0.53,0.00,0.53,0.00,0.00,0.53,0.0,0.53,0.53,0.00,0.53,0.00,0.53,1.58,0.00,https://fbref.com/en/players/326e96ff/Paul-Gladon,326e96ff,Eredivisie
139,Mika Godts,BEL,"FW,MF",Ajax,18-215,2005,0.9,2.22,1.11,1.11,1.11,0.00,2.22,3.33,66.7,1.11,2.22,0.00,2.22,0.00,2.22,0.00,0.00,https://fbref.com/en/players/da84230f/Mika-Godts,da84230f,Eredivisie
140,Wouter Goes,NED,DF,AZ Alkmaar,19-212,2004,2.1,0.95,0.95,0.95,0.00,0.00,0.95,1.90,50.0,0.95,0.95,0.95,0.00,0.95,1.90,4.29,0.00,https://fbref.com/en/players/a65fd9ac/Wouter-Goes,a65fd9ac,Eredivisie
141,Roberto González,ESP,"FW,MF",NEC Nijmegen,23-002,2001,5.7,1.58,0.70,0.88,0.53,0.18,0.35,1.75,20.0,1.40,1.05,0.18,0.88,0.35,1.93,0.88,0.00,https://fbref.com/en/players/56545648/Roberto-Gonzalez,56545648,Eredivisie
142,Jay Gorter,NED,GK,Ajax,23-223,2000,7.4,0.00,0.00,0.00,0.00,0.00,0.00,0.27,0.0,0.27,0.14,0.00,0.14,0.00,0.00,0.54,0.14,https://fbref.com/en/players/e0ee850b/Jay-Gorter,e0ee850b,Eredivisie
143,Kenzo Goudmijn,NED,MF,AZ Alkmaar,22-021,2001,2.7,2.96,0.74,0.74,2.22,0.00,1.48,4.07,36.4,2.59,0.37,0.00,0.37,0.37,3.33,0.74,0.00,https://fbref.com/en/players/94eafdc4/Kenzo-Goudmijn,94eafdc4,Eredivisie
144,Iman Griffith,NED,FW,Fortuna Sittard,22-037,2001,2.1,1.90,1.43,0.00,0.95,0.95,0.48,3.33,14.3,2.86,0.95,0.48,0.48,0.95,2.86,0.48,0.00,https://fbref.com/en/players/b27beec7/Iman-Griffith,b27beec7,Eredivisie
145,Rodrigo Guth,BRA,DF,Fortuna Sittard,23-059,2000,14.9,1.41,0.74,0.94,0.40,0.07,0.87,1.28,68.4,0.40,1.54,1.01,0.54,0.94,2.35,3.89,0.07,https://fbref.com/en/players/cb1916e0/Rodrigo-Guth,cb1916e0,Eredivisie
146,Jonathan de Guzmán,NED,MF,Sparta R'dam,36-117,1987,13.8,1.16,0.43,0.43,0.72,0.00,0.65,1.81,36.0,1.16,1.52,0.65,0.87,1.01,2.17,2.03,0.00,https://fbref.com/en/players/1bcca8b8/Jonathan-de-Guzman,1bcca8b8,Eredivisie
147,Milan de Haan,NED,MF,Volendam,20-049,2003,13.1,2.29,1.45,1.07,0.84,0.38,0.92,2.60,35.3,1.68,1.30,0.31,0.99,0.46,2.75,1.91,0.00,https://fbref.com/en/players/79013b3d/Milan-de-Haan,79013b3d,Eredivisie
148,Alen Halilović,CRO,MF,Fortuna Sittard,27-204,1996,14.7,0.82,0.48,0.34,0.34,0.14,0.61,1.02,60.0,0.41,0.82,0.14,0.68,0.27,1.09,0.20,0.00,https://fbref.com/en/players/a6b9bd00/Alen-Halilovic,a6b9bd00,Eredivisie
149,Denzel Hall,NED,DF,Heerenveen,22-231,2001,3.5,2.86,1.43,2.57,0.00,0.29,0.86,0.86,100.0,0.00,0.00,0.00,0.00,1.43,4.29,2.86,0.00,https://fbref.com/en/players/99cad471/Denzel-Hall,99cad471,Eredivisie
150,Saïd Hamulic,BIH,FW,Vitesse,23-057,2000,7.9,0.63,0.51,0.13,0.13,0.38,0.25,0.63,40.0,0.38,0.25,0.00,0.25,0.25,0.89,0.38,0.00,https://fbref.com/en/players/52cd0e88/Said-Hamulic,52cd0e88,Eredivisie
151,Dávid Hancko,SVK,DF,Feyenoord,26-026,1997,16.0,1.06,0.75,0.69,0.31,0.06,0.69,1.19,57.9,0.50,0.81,0.69,0.13,0.69,1.75,2.94,0.00,https://fbref.com/en/players/4fac8f81/David-Hancko,4fac8f81,Eredivisie
152,Kornelius Hansen,NOR,FW,Almere City,22-247,2001,7.0,0.29,0.14,0.14,0.14,0.00,0.14,1.14,12.5,1.00,0.71,0.00,0.71,0.00,0.29,0.43,0.00,https://fbref.com/en/players/a7273643/Kornelius-Hansen,a7273643,Eredivisie
153,Sontje Hansen,NED,FW,NEC Nijmegen,21-241,2002,11.5,1.39,0.61,0.43,0.52,0.43,0.61,1.48,41.2,0.87,1.04,0.00,1.04,0.35,1.74,0.70,0.00,https://fbref.com/en/players/70bad10b/Sontje-Hansen,70bad10b,Eredivisie
154,Emil Hansson,SWE,"FW,MF",Heracles Almelo,25-207,1998,14.9,0.67,0.27,0.34,0.07,0.27,0.40,1.61,25.0,1.21,0.27,0.00,0.27,0.07,0.74,0.81,0.00,https://fbref.com/en/players/0b1e3c10/Emil-Hansson,0b1e3c10,Eredivisie
155,Lennard Hartjes,NED,MF,Excelsior,20-276,2003,1.0,3.00,2.00,1.00,2.00,0.00,1.00,3.00,33.3,2.00,3.00,0.00,3.00,1.00,4.00,0.00,0.00,https://fbref.com/en/players/6f8a0bc9/Lennard-Hartjes,6f8a0bc9,Eredivisie
156,Quilindschy Hartman,NED,DF,Feyenoord,22-055,2001,13.4,1.57,0.82,0.67,0.82,0.07,0.52,1.49,35.0,0.97,0.90,0.07,0.82,1.27,2.84,1.04,0.00,https://fbref.com/en/players/39e1138f/Quilindschy-Hartman,39e1138f,Eredivisie
157,Jorrel Hato,NED,DF,Ajax,17-307,2006,16.0,2.13,1.31,1.06,0.75,0.31,0.81,1.44,56.5,0.63,2.31,1.13,1.19,1.44,3.56,3.00,0.00,https://fbref.com/en/players/bde35051/Jorrel-Hato,bde35051,Eredivisie
158,Pantelis Hatzidiakos,GRE,DF,AZ Alkmaar,26-355,1997,2.0,1.00,0.50,1.00,0.00,0.00,0.50,0.50,100.0,0.00,0.50,0.00,0.50,0.50,1.50,3.00,0.00,https://fbref.com/en/players/78a3c38e/Pantelis-Hatzidiakos,78a3c38e,Eredivisie
159,Thom Haye,NED,MF,Heerenveen,28-333,1995,13.9,1.58,1.08,0.43,0.94,0.22,0.86,1.73,50.0,0.86,1.08,0.14,0.94,1.01,2.59,1.65,0.00,https://fbref.com/en/players/1d110865/Thom-Haye,1d110865,Eredivisie
160,Ramon Hendriks,NED,DF,Vitesse,22-174,2001,12.4,1.61,0.81,0.97,0.56,0.08,0.81,1.21,66.7,0.40,1.29,0.97,0.32,0.89,2.50,2.98,0.00,https://fbref.com/en/players/5a28ad23/Ramon-Hendriks,5a28ad23,Eredivisie
161,Mees Hilgers,NED,DF,Twente,22-240,2001,12.1,1.82,1.07,1.16,0.66,0.00,1.07,1.98,54.2,0.91,0.91,0.33,0.58,0.91,2.73,2.23,0.00,https://fbref.com/en/players/4eb00fda/Mees-Hilgers,4eb00fda,Eredivisie
162,Bart van Hintum,NED,DF,Zwolle,36-357,1987,2.0,3.00,1.50,1.50,1.00,0.50,2.00,3.00,66.7,1.00,0.50,0.00,0.50,3.00,6.00,4.00,0.00,https://fbref.com/en/players/918e20ed/Bart-van-Hintum,918e20ed,Eredivisie
163,Mees Hoedemakers,NED,"MF,FW",NEC Nijmegen,25-324,1998,6.0,3.00,2.50,1.17,1.33,0.50,2.50,4.50,55.6,2.00,2.00,0.33,1.67,1.17,4.17,1.83,0.00,https://fbref.com/en/players/0914806a/Mees-Hoedemakers,0914806a,Eredivisie
164,Quincy Hoeve,BOE,"FW,MF",Volendam,20-280,2003,1.1,0.00,0.00,0.00,0.00,0.00,0.00,0.91,0.0,0.91,0.00,0.00,0.00,0.00,0.00,0.91,0.00,https://fbref.com/en/players/0a50f0da/Quincy-Hoeve,0a50f0da,Eredivisie
165,Justin Hoogma,NED,DF,Heracles Almelo,25-211,1998,13.2,1.44,0.98,0.98,0.23,0.23,1.06,1.44,73.7,0.38,1.29,0.91,0.38,0.68,2.12,3.03,0.00,https://fbref.com/en/players/816192f0/Justin-Hoogma,816192f0,Eredivisie
166,Siebe Horemans,BEL,DF,Excelsior,25-220,1998,15.8,3.42,2.15,2.09,1.20,0.13,2.41,3.61,66.7,1.20,1.65,0.32,1.33,1.71,5.13,3.99,0.00,https://fbref.com/en/players/025190a5/Siebe-Horemans,025190a5,Eredivisie
167,Jizz Hornkamp,NED,FW,Heracles Almelo,25-307,1998,0.5,0.00,0.00,0.00,0.00,0.00,0.00,2.00,0.0,2.00,0.00,0.00,0.00,0.00,0.00,0.00,0.00,https://fbref.com/en/players/862a72ea/Jizz-Hornkamp,862a72ea,Eredivisie
168,Jeroen Houwen,NED,GK,RKC Waalwijk,27-324,1996,3.0,0.00,0.00,0.00,0.00,0.00,0.00,0.00,,0.00,0.00,0.00,0.00,0.00,0.00,1.00,0.00,https://fbref.com/en/players/6d8ec266/Jeroen-Houwen,6d8ec266,Eredivisie
169,Dean Huiberts,NED,"MF,DF",Zwolle,23-237,2000,0.9,2.22,2.22,0.00,1.11,1.11,1.11,6.67,16.7,5.56,2.22,0.00,2.22,3.33,5.56,1.11,0.00,https://fbref.com/en/players/f5649337/Dean-Huiberts,f5649337,Eredivisie
170,Younes Taha El Idrissi,MAR,"FW,MF",Twente,,,2.4,3.33,2.50,0.83,1.67,0.83,2.50,4.58,54.5,2.08,0.83,0.00,0.83,0.00,3.33,1.25,0.00,https://fbref.com/en/players/2b10cb1d/Younes-Taha-El-Idrissi,2b10cb1d,Eredivisie
171,Zidane Iqbal,IRQ,MF,Utrecht,20-256,2003,0.5,6.00,4.00,4.00,2.00,0.00,4.00,6.00,66.7,2.00,0.00,0.00,0.00,0.00,6.00,2.00,0.00,https://fbref.com/en/players/6fa3c28e/Zidane-Iqbal,6fa3c28e,Eredivisie
172,Nicolas Isimat-Mirin,FRA,DF,Vitesse,32-054,1991,12.7,1.50,1.10,1.10,0.39,0.00,0.47,1.26,37.5,0.79,1.73,1.10,0.63,1.26,2.76,5.43,0.00,https://fbref.com/en/players/14e8e9d7/Nicolas-Isimat-Mirin,14e8e9d7,Eredivisie
173,Luka Ivanušec,CRO,FW,Feyenoord,25-043,1998,5.9,1.69,1.36,0.51,0.68,0.51,0.68,1.69,40.0,1.02,1.02,0.00,1.02,0.34,2.03,0.34,0.00,https://fbref.com/en/players/29fbdc88/Luka-Ivanusec,29fbdc88,Eredivisie
174,Joey Jacobs,NED,DF,Almere City,23-273,2000,8.5,2.35,1.53,1.53,0.82,0.00,1.53,2.47,61.9,0.94,0.47,0.12,0.35,1.65,4.00,2.94,0.00,https://fbref.com/en/players/9c5d3a7a/Joey-Jacobs,9c5d3a7a,Eredivisie
175,Alireza Jahanbakhsh,IRN,"FW,MF",Feyenoord,30-150,1993,3.0,4.00,2.67,2.00,1.33,0.67,1.67,2.67,62.5,1.00,1.67,0.00,1.67,1.00,5.00,0.67,0.00,https://fbref.com/en/players/08452314/Alireza-Jahanbakhsh,08452314,Eredivisie
176,Dean James,NED,DF,Go Ahead Eag,23-253,2000,0.0,1,0,1,0,0,1,1,100.0,0,0,0,0,0,1,0,0,https://fbref.com/en/players/7005fd4c/Dean-James,7005fd4c,Eredivisie
177,Victor Jensen,DEN,MF,Utrecht,23-334,2000,8.3,2.17,1.20,1.08,0.96,0.12,0.60,1.08,55.6,0.48,0.60,0.24,0.36,0.48,2.65,0.96,0.00,https://fbref.com/en/players/97b2279d/Victor-Jensen,97b2279d,Eredivisie
178,Divaio Jhaïr-Bobson,NED,"DF,FW",Zwolle,19-336,2004,0.6,0.00,0.00,0.00,0.00,0.00,0.00,0.00,,0.00,1.67,0.00,1.67,0.00,0.00,0.00,0.00,https://fbref.com/en/players/fa607a8d/Divaio-Jhair-Bobson,fa607a8d,Eredivisie
179,Darius Johnson,GRN,"FW,MF",Volendam,23-299,2000,5.3,1.32,1.13,0.38,0.75,0.19,0.57,1.89,30.0,1.32,1.13,0.00,1.13,0.57,1.89,1.13,0.00,https://fbref.com/en/players/9f7f84be/Darius-Johnson,9f7f84be,Eredivisie
180,Miliano Jonathans,NED,"MF,FW",Vitesse,19-278,2004,1.0,1.00,1.00,1.00,0.00,0.00,1.00,3.00,33.3,2.00,2.00,0.00,2.00,1.00,2.00,0.00,0.00,https://fbref.com/en/players/32dd5ce9/Miliano-Jonathans,32dd5ce9,Eredivisie
181,Luuk de Jong,NED,FW,PSV Eindhoven,33-134,1990,13.7,1.17,0.66,0.29,0.51,0.36,0.29,0.73,40.0,0.44,1.02,0.22,0.80,0.07,1.24,0.88,0.00,https://fbref.com/en/players/abb3bb95/Luuk-de-Jong,abb3bb95,Eredivisie
182,Mauro Júnior,BRA,MF,PSV Eindhoven,24-247,1999,0.0,0,0,0,0,0,0,0,,0,0,0,0,0,0,0,0,https://fbref.com/en/players/a29e5244/Mauro-Junior,a29e5244,Eredivisie
183,Ibrahim El Kadiri,NED,FW,Volendam,21-350,2002,0.9,2.22,2.22,1.11,0.00,1.11,2.22,4.44,50.0,2.22,2.22,0.00,2.22,0.00,2.22,1.11,0.00,https://fbref.com/en/players/1ec32b33/Ibrahim-El-Kadiri,1ec32b33,Eredivisie
184,Jochem van de Kamp,NED,"DF,MF",Almere City,20-067,2003,9.1,2.42,1.65,1.10,0.88,0.44,1.43,2.86,50.0,1.43,1.21,0.33,0.88,1.32,3.74,1.76,0.00,https://fbref.com/en/players/9d00bcd3/Jochem-van-de-Kamp,9d00bcd3,Eredivisie
185,Daniel Karlsbakk,NOR,"FW,MF",Heerenveen,20-276,2003,2.2,1.82,1.36,0.91,0.45,0.45,0.91,1.82,50.0,0.91,1.36,0.00,1.36,0.45,2.27,0.45,0.00,https://fbref.com/en/players/3cedae52/Daniel-Karlsbakk,3cedae52,Eredivisie
186,Souffian El Karouani,MAR,DF,Utrecht,23-081,2000,9.7,2.78,2.06,1.75,0.93,0.10,1.34,2.06,65.0,0.72,0.72,0.21,0.52,0.52,3.30,3.09,0.00,https://fbref.com/en/players/2e5a31cb/Souffian-El-Karouani,2e5a31cb,Eredivisie
187,Denso Kasius,NED,DF,AZ Alkmaar,21-094,2002,2.3,3.04,2.61,1.74,0.87,0.43,2.17,4.35,50.0,2.17,2.61,0.43,2.17,1.74,4.78,2.17,0.00,https://fbref.com/en/players/7ae36711/Denso-Kasius,7ae36711,Eredivisie
188,Sam Kersten,NED,DF,Zwolle,25-343,1998,16.0,2.00,1.38,1.56,0.38,0.06,0.94,1.63,57.7,0.69,1.44,0.81,0.63,1.75,3.75,4.44,0.00,https://fbref.com/en/players/16ca1157/Sam-Kersten,16ca1157,Eredivisie
189,Yann Kitala,,FW,Almere City,25-274,1998,4.5,0.67,0.44,0.00,0.44,0.22,0.22,0.44,50.0,0.22,0.67,0.00,0.67,0.00,0.67,0.44,0.00,https://fbref.com/en/players/690f7a7b/Yann-Kitala,690f7a7b,Eredivisie
190,Joshua Kitolano,NOR,MF,Sparta R'dam,22-158,2001,15.5,1.23,0.84,0.45,0.65,0.13,0.58,1.42,40.9,0.84,1.16,0.58,0.58,0.32,1.55,1.42,0.13,https://fbref.com/en/players/5186dfbf/Joshua-Kitolano,5186dfbf,Eredivisie
191,Mathias Kjølø,NOR,MF,Twente,22-195,2001,12.4,1.05,0.56,0.24,0.65,0.16,0.81,1.05,76.9,0.24,0.81,0.16,0.65,0.97,2.02,1.29,0.00,https://fbref.com/en/players/4066ff66/Mathias-Kjolo,4066ff66,Eredivisie
192,Davy Klaassen,NED,MF,Ajax,30-321,1993,0.7,0.00,0.00,0.00,0.00,0.00,0.00,1.43,0.0,1.43,0.00,0.00,0.00,1.43,1.43,0.00,0.00,https://fbref.com/en/players/15fd5593/Davy-Klaassen,15fd5593,Eredivisie
193,Sean Klaiber,SUR,DF,Utrecht,29-161,1994,1.1,6.36,6.36,3.64,1.82,0.91,4.55,5.45,83.3,0.91,0.00,0.00,0.00,0.00,6.36,2.73,0.00,https://fbref.com/en/players/f4ceb85b/Sean-Klaiber,f4ceb85b,Eredivisie
194,Flip Klomp,NED,MF,Volendam,22-082,2001,0.4,7.50,7.50,5.00,2.50,0.00,5.00,7.50,66.7,2.50,0.00,0.00,0.00,0.00,7.50,2.50,0.00,https://fbref.com/en/players/26d759de/Flip-Klomp,26d759de,Eredivisie
195,Mats Köhlert,GER,DF,Heerenveen,25-251,1998,16.0,1.31,0.88,0.88,0.38,0.06,0.63,1.69,37.0,1.06,0.88,0.38,0.50,1.31,2.63,1.75,0.00,https://fbref.com/en/players/3015d86e/Mats-Kohlert,3015d86e,Eredivisie
196,Peer Koopmeiners,NED,MF,Almere City,23-249,2000,15.8,3.23,2.28,1.27,1.77,0.19,1.33,2.72,48.8,1.39,2.09,0.63,1.46,1.52,4.75,3.04,0.00,https://fbref.com/en/players/83454d60/Peer-Koopmeiners,83454d60,Eredivisie
197,Kacper Kozłowski,POL,"MF,FW",Vitesse,20-084,2003,9.4,1.60,0.96,0.64,0.64,0.32,0.21,1.17,18.2,0.96,1.38,0.11,1.28,0.74,2.34,0.74,0.00,https://fbref.com/en/players/3ece036c/Kacper-Kozlowski,3ece036c,Eredivisie
198,Joris Kramer,NED,DF,Go Ahead Eag,27-159,1996,12.0,1.00,0.58,0.58,0.42,0.00,0.50,0.83,60.0,0.33,1.67,1.17,0.50,1.17,2.17,6.67,0.00,https://fbref.com/en/players/04e82fa0/Joris-Kramer,04e82fa0,Eredivisie
199,Michiel Kramer,NED,FW,RKC Waalwijk,35-036,1988,15.4,0.19,0.13,0.00,0.19,0.00,0.00,0.26,0.0,0.26,0.19,0.06,0.13,0.00,0.19,1.30,0.00,https://fbref.com/en/players/f175ca0a/Michiel-Kramer,f175ca0a,Eredivisie
200,Bas Kuipers,NED,DF,Go Ahead Eag,29-144,1994,16.0,1.75,0.88,0.88,0.69,0.19,1.25,2.19,57.1,0.94,1.06,0.50,0.56,1.00,2.75,2.50,0.00,https://fbref.com/en/players/149b617e/Bas-Kuipers,149b617e,Eredivisie
201,Garang Kuol,AUS,"FW,MF",Volendam,19-115,2004,7.2,1.67,0.69,0.97,0.28,0.42,1.11,2.22,50.0,1.11,1.39,0.00,1.39,0.14,1.81,0.14,0.14,https://fbref.com/en/players/a8a80be7/Garang-Kuol,a8a80be7,Eredivisie
202,Dave Kwakman,NED,MF,AZ Alkmaar,19-154,2004,0.1,0.00,0.00,0.00,0.00,0.00,0.00,0.00,,0.00,0.00,0.00,0.00,0.00,0.00,0.00,0.00,https://fbref.com/en/players/2cc959a8/Dave-Kwakman,2cc959a8,Eredivisie
203,Rajiv van La Parra,NED,FW,Almere City,32-218,1991,12.2,0.90,0.66,0.33,0.25,0.33,0.08,0.66,12.5,0.57,0.82,0.16,0.66,0.00,0.90,0.33,0.00,https://fbref.com/en/players/1931bde9/Rajiv-van-La-Parra,1931bde9,Eredivisie
204,Zakaria Labyad,MAR,"MF,FW",Utrecht,30-305,1993,3.1,1.29,0.65,0.65,0.65,0.00,0.00,0.97,0.0,0.97,0.65,0.00,0.65,0.65,1.94,0.65,0.00,https://fbref.com/en/players/ebc56869/Zakaria-Labyad,ebc56869,Eredivisie
205,Mayckel Lahdo,SWE,FW,AZ Alkmaar,21-009,2002,5.9,1.86,1.02,0.68,1.19,0.00,1.36,1.86,72.7,0.51,1.19,0.00,1.19,0.17,2.03,0.34,0.00,https://fbref.com/en/players/6b390f32/Mayckel-Lahdo,6b390f32,Eredivisie
206,Thomas Lam,FIN,"DF,MF",Zwolle,30-021,1993,12.7,1.02,0.47,0.94,0.08,0.00,0.94,1.50,63.2,0.55,0.87,0.71,0.16,0.79,1.81,5.12,0.00,https://fbref.com/en/players/e7fea51e/Thomas-Lam,e7fea51e,Eredivisie
207,Lazaros Lamprou,GRE,"FW,MF",Excelsior,26-020,1997,9.5,0.95,0.84,0.53,0.42,0.00,0.21,0.84,25.0,0.63,1.05,0.00,1.05,0.53,1.47,0.95,0.00,https://fbref.com/en/players/42e1ea60/Lazaros-Lamprou,42e1ea60,Eredivisie
208,Tygo Land,NED,MF,PSV Eindhoven,17-362,2006,0.0,0,0,0,0,0,0,0,,0,0,0,0,0,0,0,0,https://fbref.com/en/players/bd448460/Tygo-Land,bd448460,Eredivisie
209,Noa Lang,NED,"FW,MF",PSV Eindhoven,24-205,1999,5.4,0.19,0.19,0.00,0.00,0.19,0.00,0.56,0.0,0.56,0.74,0.00,0.74,0.19,0.37,0.37,0.00,https://fbref.com/en/players/8e034340/Noa-Lang,8e034340,Eredivisie
210,Tobias Lauritsen,NOR,FW,Sparta R'dam,26-131,1997,14.5,0.48,0.21,0.21,0.07,0.21,0.21,0.62,33.3,0.41,0.69,0.07,0.62,0.00,0.48,1.10,0.00,https://fbref.com/en/players/d266f8c9/Tobias-Lauritsen,d266f8c9,Eredivisie
211,Marko Lazetić,SRB,"FW,DF",Fortuna Sittard,19-351,2004,2.0,1.00,0.50,0.50,0.00,0.50,0.50,2.50,20.0,2.00,0.50,0.00,0.50,0.00,1.00,1.00,0.00,https://fbref.com/en/players/93088fbb/Marko-Lazetic,93088fbb,Eredivisie
212,Luke Le Roux,RSA,MF,Volendam,23-304,2000,0.3,0.00,0.00,0.00,0.00,0.00,0.00,0.00,,0.00,10.0,3.33,6.67,0.00,0.00,0.00,0.00,https://fbref.com/en/players/e30117aa/Luke-Le-Roux,e30117aa,Eredivisie
213,Yannick Leliendal,NED,DF,Utrecht,21-260,2002,5.5,2.55,1.27,1.45,0.91,0.18,1.82,3.27,55.6,1.45,0.73,0.18,0.55,1.27,3.82,4.00,0.00,https://fbref.com/en/players/c8ecc3d9/Yannick-Leliendal,c8ecc3d9,Eredivisie
214,Julian Lelieveld,NED,DF,RKC Waalwijk,26-045,1997,14.7,2.99,2.11,2.11,0.68,0.20,1.84,3.61,50.9,1.77,1.22,0.07,1.16,0.68,3.67,2.24,0.14,https://fbref.com/en/players/fa7e8a83/Julian-Lelieveld,fa7e8a83,Eredivisie
215,Isac Lidberg,SWE,FW,Utrecht,25-122,1998,6.3,0.48,0.16,0.00,0.32,0.16,0.00,0.16,0.0,0.16,0.79,0.00,0.79,0.00,0.48,0.79,0.00,https://fbref.com/en/players/2eeae3a7/Isac-Lidberg,2eeae3a7,Eredivisie
216,Anthony Limbombe,BEL,FW,Almere City,29-177,1994,2.0,0.50,0.00,0.00,0.50,0.00,0.50,1.00,50.0,0.50,0.00,0.00,0.00,0.50,1.00,0.00,0.00,https://fbref.com/en/players/ccee698e/Anthony-Limbombe,ccee698e,Eredivisie
217,Bryan Limbombe,BEL,"FW,MF",Heracles Almelo,22-239,2001,8.4,0.48,0.36,0.12,0.12,0.24,0.24,0.95,25.0,0.71,0.83,0.00,0.83,0.24,0.71,0.36,0.00,https://fbref.com/en/players/1b6c663e/Bryan-Limbombe,1b6c663e,Eredivisie
218,Ondřej Lingr,CZE,"FW,MF",Feyenoord,25-093,1998,1.0,1.00,0.00,0.00,1.00,0.00,1.00,1.00,100.0,0.00,1.00,0.00,1.00,0.00,1.00,0.00,0.00,https://fbref.com/en/players/66a7effe/Ondrej-Lingr,66a7effe,Eredivisie
219,Evert Linthorst,NED,MF,Go Ahead Eag,23-311,2000,11.4,1.93,0.96,0.70,0.96,0.26,1.23,2.28,53.8,1.05,1.14,0.61,0.53,1.58,3.51,3.77,0.00,https://fbref.com/en/players/baa31f3d/Evert-Linthorst,baa31f3d,Eredivisie
220,Enric Llansana,NED,"MF,DF",Go Ahead Eag,22-271,2001,5.1,3.53,1.76,1.76,0.98,0.78,1.96,2.75,71.4,0.78,1.96,0.59,1.37,0.78,4.31,1.76,0.00,https://fbref.com/en/players/6f095aa4/Enric-Llansana,6f095aa4,Eredivisie
221,Chris Lokesa,BEL,"MF,FW",RKC Waalwijk,19-062,2004,8.1,1.85,0.86,0.49,0.49,0.86,0.25,1.23,20.0,0.99,0.62,0.00,0.62,0.49,2.35,0.74,0.00,https://fbref.com/en/players/f80083c8/Chris-Lokesa,f80083c8,Eredivisie
222,Marcos López,PER,DF,Feyenoord,24-049,1999,1.6,0.63,0.63,0.00,0.63,0.00,0.00,0.00,,0.00,0.00,0.00,0.00,0.00,0.63,0.00,0.00,https://fbref.com/en/players/9b3ab988/Marcos-Lopez,9b3ab988,Eredivisie
223,Hirving Lozano,MEX,"FW,MF",PSV Eindhoven,28-162,1995,6.8,1.76,1.18,0.59,1.03,0.15,0.29,1.18,25.0,0.88,1.03,0.15,0.88,0.88,2.65,0.29,0.00,https://fbref.com/en/players/a69e4806/Hirving-Lozano,a69e4806,Eredivisie
224,Thierry Lutonda,BEL,DF,RKC Waalwijk,23-073,2000,2.5,2.40,1.60,2.00,0.00,0.40,0.80,2.00,40.0,1.20,0.40,0.00,0.40,1.60,4.00,4.40,0.00,https://fbref.com/en/players/22367f92/Thierry-Lutonda,22367f92,Eredivisie
225,Christopher Mamengi,NED,"DF,FW",Almere City,22-280,2001,0.8,5.00,2.50,5.00,0.00,0.00,1.25,2.50,50.0,1.25,5.00,2.50,2.50,5.00,10.0,7.50,0.00,https://fbref.com/en/players/64921e21/Christopher-Mamengi,64921e21,Eredivisie
226,Million Manhoef,NED,FW,Vitesse,22-005,2002,13.4,1.87,0.82,1.12,0.60,0.15,0.52,1.12,46.7,0.60,0.45,0.00,0.45,0.15,2.01,0.30,0.00,https://fbref.com/en/players/3fa733bc/Million-Manhoef,3fa733bc,Eredivisie
227,Sivert Mannsverk,NOR,MF,Ajax,21-245,2002,0.5,0.00,0.00,0.00,0.00,0.00,0.00,0.00,,0.00,0.00,0.00,0.00,2.00,2.00,0.00,0.00,https://fbref.com/en/players/773e16b9/Sivert-Mannsverk,773e16b9,Eredivisie
228,Richonell Margaret,NED,"FW,MF",RKC Waalwijk,23-123,2000,3.5,2.00,0.86,0.86,0.29,0.86,0.86,2.29,37.5,1.43,1.43,0.00,1.43,0.86,2.86,0.29,0.00,https://fbref.com/en/players/7044f85d/Richonell-Margaret,7044f85d,Eredivisie
229,Pedro David Rosendo Marques,POR,FW,NEC Nijmegen,25-258,1998,0.5,0.00,0.00,0.00,0.00,0.00,0.00,2.00,0.0,2.00,0.00,0.00,0.00,0.00,0.00,0.00,0.00,https://fbref.com/en/players/717f39e8/Pedro-David-Rosendo-Marques,717f39e8,Eredivisie
230,Ar'jany Martha,NED,DF,Ajax,20-126,2003,5.5,3.45,1.64,2.18,0.91,0.36,1.82,3.64,50.0,1.82,1.09,0.18,0.91,1.27,4.73,2.00,0.00,https://fbref.com/en/players/364f602a/Arjany-Martha,364f602a,Eredivisie
231,Bruno Martins Indi,NED,DF,AZ Alkmaar,31-334,1992,5.9,0.85,0.34,0.51,0.34,0.00,0.17,0.17,100.0,0.00,1.19,1.02,0.17,1.02,1.86,2.03,0.00,https://fbref.com/en/players/7bc34048/Bruno-Martins-Indi,7bc34048,Eredivisie
232,Magnus Mattsson,DEN,MF,NEC Nijmegen,24-317,1999,16.0,1.88,1.00,0.69,0.56,0.63,0.44,1.75,25.0,1.31,1.38,0.13,1.25,0.69,2.56,0.88,0.00,https://fbref.com/en/players/3a089320/Magnus-Mattsson,3a089320,Eredivisie
233,Robin Maulun,FRA,"MF,FW",Volendam,27-046,1996,0.5,0.00,0.00,0.00,0.00,0.00,0.00,0.00,,0.00,0.00,0.00,0.00,2.00,2.00,0.00,0.00,https://fbref.com/en/players/b1940817/Robin-Maulun,b1940817,Eredivisie
234,Loïc Mbe Soh,FRA,DF,Almere City,22-209,2001,10.0,0.90,0.50,0.50,0.40,0.00,0.70,1.00,70.0,0.30,1.00,0.80,0.20,0.90,1.80,3.50,0.10,https://fbref.com/en/players/8f534f8e/Loic-Mbe-Soh,8f534f8e,Eredivisie
235,Xavier Mbuyamba,NED,DF,Volendam,22-008,2001,4.5,2.22,0.67,1.11,0.89,0.22,1.33,1.56,85.7,0.22,1.56,0.22,1.33,1.78,4.00,5.78,0.00,https://fbref.com/en/players/8fc43595/Xavier-Mbuyamba,8fc43595,Eredivisie
236,Jakov Medić,CRO,DF,Ajax,25-123,1998,3.2,0.94,0.63,0.63,0.31,0.00,0.31,0.94,33.3,0.63,0.94,0.63,0.31,0.63,1.56,1.88,0.31,https://fbref.com/en/players/5f5ebdae/Jakov-Medic,5f5ebdae,Eredivisie
237,Mexx Meerdink,NED,FW,AZ Alkmaar,20-168,2003,0.0,0,0,0,0,0,0,0,,0,0,0,0,0,0,0,0,https://fbref.com/en/players/4d5f6b4a/Mexx-Meerdink,4d5f6b4a,Eredivisie
238,Aaron Meijers,NED,DF,RKC Waalwijk,36-072,1987,13.2,2.27,0.91,1.36,0.76,0.15,1.14,3.03,37.5,1.89,1.36,0.45,0.91,1.14,3.41,2.58,0.00,https://fbref.com/en/players/3cd63173/Aaron-Meijers,3cd63173,Eredivisie
239,Rick Meijssen,NED,"DF,FW",Sparta R'dam,21-318,2002,2.3,1.30,0.43,0.87,0.43,0.00,1.30,1.74,75.0,0.43,3.04,2.17,0.87,0.43,1.74,5.65,0.00,https://fbref.com/en/players/86a3a76d/Rick-Meijssen,86a3a76d,Eredivisie
240,Raz Meir,ISR,DF,RKC Waalwijk,27-039,1996,0.5,2.00,2.00,2.00,0.00,0.00,2.00,2.00,100.0,0.00,2.00,0.00,2.00,2.00,4.00,0.00,0.00,https://fbref.com/en/players/38f8ce7f/Raz-Meir,38f8ce7f,Eredivisie
241,Julien Mesbahi,NED,DF,Twente,17-342,2006,0.1,0.00,0.00,0.00,0.00,0.00,0.00,0.00,,0.00,10.0,0.00,10.0,0.00,0.00,10.0,0.00,https://fbref.com/en/players/ada82896/Julien-Mesbahi,ada82896,Eredivisie
242,Metinho,BRA,MF,Sparta R'dam,20-260,2003,2.4,2.50,1.67,1.25,1.25,0.00,1.25,3.33,37.5,2.08,0.83,0.42,0.42,0.83,3.33,1.25,0.00,https://fbref.com/en/players/c2f5b9e6/Metinho,c2f5b9e6,Eredivisie
243,Melle Meulensteen,NED,MF,Vitesse,24-188,1999,13.3,1.95,0.90,0.90,0.53,0.53,0.83,1.80,45.8,0.98,1.65,0.53,1.13,1.65,3.61,1.73,0.08,https://fbref.com/en/players/dbd869a1/Melle-Meulensteen,dbd869a1,Eredivisie
244,Daryl van Mieghem,NED,MF,Volendam,34-034,1989,1.7,1.18,0.00,0.00,1.18,0.00,0.00,0.59,0.0,0.59,0.00,0.00,0.00,0.00,1.18,0.00,0.00,https://fbref.com/en/players/b92e54dc/Daryl-van-Mieghem,b92e54dc,Eredivisie
245,Djordje Mihailovic,USA,MF,AZ Alkmaar,25-059,1998,3.1,2.90,1.94,0.97,1.61,0.32,1.29,2.26,57.1,0.97,0.65,0.00,0.65,0.97,3.87,0.32,0.00,https://fbref.com/en/players/83cf9719/Djordje-Mihailovic,83cf9719,Eredivisie
246,Sven Mijnans,NED,MF,AZ Alkmaar,23-305,2000,10.9,2.39,1.47,0.83,1.10,0.46,1.19,2.57,46.4,1.38,2.11,0.09,2.02,1.01,3.39,1.65,0.00,https://fbref.com/en/players/3e02d0f9/Sven-Mijnans,3e02d0f9,Eredivisie
247,Georges Mikautadze,GEO,"MF,FW",Ajax,23-069,2000,2.6,0.38,0.00,0.38,0.00,0.00,0.00,1.15,0.0,1.15,0.38,0.00,0.38,0.00,0.38,0.77,0.00,https://fbref.com/en/players/4788cb6b/Georges-Mikautadze,4788cb6b,Eredivisie
248,Antoni Milambo,NED,"MF,FW",Feyenoord,18-280,2005,0.9,0.00,0.00,0.00,0.00,0.00,0.00,0.00,,0.00,1.11,0.00,1.11,0.00,0.00,1.11,0.00,https://fbref.com/en/players/b05f4787/Antoni-Milambo,b05f4787,Eredivisie
249,David Min,NED,"FW,MF",RKC Waalwijk,24-199,1999,5.4,0.37,0.00,0.00,0.19,0.19,0.00,1.11,0.0,1.11,0.37,0.19,0.19,0.56,0.93,0.74,0.00,https://fbref.com/en/players/f6f3699e/David-Min,f6f3699e,Eredivisie
250,Yankuba Minteh,GAM,FW,Feyenoord,19-170,2004,6.3,3.49,1.90,1.75,0.79,0.95,0.95,2.06,46.2,1.11,1.43,0.00,1.43,0.48,3.97,0.63,0.00,https://fbref.com/en/players/c3cf087d/Yankuba-Minteh,c3cf087d,Eredivisie
251,Damon Mirani,NED,"MF,DF",Volendam,27-240,1996,15.5,1.68,0.90,1.10,0.52,0.06,0.84,1.81,46.4,0.97,1.87,1.03,0.84,1.29,2.97,5.35,0.06,https://fbref.com/en/players/788a5c8d/Damon-Mirani,788a5c8d,Eredivisie
252,Kudus Mohammed,GHA,"FW,MF",Ajax,23-159,2000,2.0,1.00,1.00,0.50,0.00,0.50,0.00,1.50,0.0,1.50,2.00,0.00,2.00,0.50,1.50,1.50,0.00,https://fbref.com/en/players/b62878a5/Kudus-Mohammed,b62878a5,Eredivisie
253,Robert Mühren,NED,FW,Volendam,34-235,1989,10.6,0.57,0.28,0.38,0.00,0.19,0.28,0.38,75.0,0.09,0.28,0.00,0.28,0.47,1.04,0.57,0.00,https://fbref.com/en/players/6d5628c2/Robert-Muhren,6d5628c2,Eredivisie
254,Jeremy van Mullem,NED,MF,Sparta R'dam,24-296,1999,0.8,2.50,0.00,2.50,0.00,0.00,0.00,1.25,0.0,1.25,1.25,0.00,1.25,0.00,2.50,2.50,0.00,https://fbref.com/en/players/34903660/Jeremy-van-Mullem,34903660,Eredivisie
255,Derry Murkin,ENG,DF,Volendam,24-165,1999,2.0,2.50,1.00,1.50,1.00,0.00,1.00,3.00,33.3,2.00,1.00,0.00,1.00,2.00,4.50,3.50,0.00,https://fbref.com/en/players/8f009fda/Derry-Murkin,8f009fda,Eredivisie
256,David Møller Wolfe,NOR,DF,AZ Alkmaar,21-260,2002,14.4,1.67,0.97,0.97,0.28,0.42,0.69,1.46,47.6,0.76,0.83,0.21,0.63,1.53,3.19,1.46,0.00,https://fbref.com/en/players/9affc5f2/David-Moller-Wolfe,9affc5f2,Eredivisie
257,Younes Namli,DEN,"FW,MF",Zwolle,29-202,1994,15.2,1.51,0.72,0.66,0.39,0.46,0.99,1.84,53.6,0.86,1.25,0.07,1.18,0.46,1.97,0.72,0.00,https://fbref.com/en/players/1a672e2d/Younes-Namli,1a672e2d,Eredivisie
258,Abdenego Nankishi,GER,FW,Heracles Almelo,21-186,2002,3.9,3.33,2.05,1.79,0.77,0.77,1.79,2.82,63.6,1.03,1.03,0.00,1.03,0.26,3.59,0.26,0.00,https://fbref.com/en/players/da19001d/Abdenego-Nankishi,da19001d,Eredivisie
259,Gerrit Nauber,GER,DF,Go Ahead Eag,31-270,1992,6.8,0.74,0.15,0.15,0.44,0.15,0.44,1.18,37.5,0.74,2.50,2.06,0.44,1.03,1.76,5.74,0.00,https://fbref.com/en/players/a72ead5e/Gerrit-Nauber,a72ead5e,Eredivisie
260,Noah Naujoks,NED,MF,Excelsior,21-251,2002,3.6,2.22,1.39,1.11,1.11,0.00,0.83,1.94,42.9,1.11,1.39,0.28,1.11,0.83,3.06,1.94,0.00,https://fbref.com/en/players/7ed4b1dc/Noah-Naujoks,7ed4b1dc,Eredivisie
261,Imran Nazih,MAR,MF,Volendam,17-348,2006,0.7,2.86,0.00,1.43,1.43,0.00,2.86,4.29,66.7,1.43,1.43,0.00,1.43,0.00,2.86,0.00,0.00,https://fbref.com/en/players/450abe8a/Imran-Nazih,450abe8a,Eredivisie
262,Camiel Neghli,NED,FW,Sparta R'dam,22-063,2001,10.1,1.19,0.69,0.50,0.59,0.10,0.79,1.58,50.0,0.79,0.79,0.10,0.69,0.40,1.58,0.79,0.00,https://fbref.com/en/players/ad0d3536/Camiel-Neghli,ad0d3536,Eredivisie
263,Luc Netten,NED,DF,NEC Nijmegen,19-271,2004,0.3,3.33,0.00,0.00,3.33,0.00,3.33,6.67,50.0,3.33,0.00,0.00,0.00,0.00,3.33,16.7,0.00,https://fbref.com/en/players/6ce15d39/Luc-Netten,6ce15d39,Eredivisie
264,Ion Nicolaescu,MDA,FW,Heerenveen,25-123,1998,5.7,0.18,0.18,0.00,0.00,0.18,0.18,0.35,50.0,0.18,0.18,0.00,0.18,0.18,0.35,0.18,0.00,https://fbref.com/en/players/f44485db/Ion-Nicolaescu,f44485db,Eredivisie
265,Reuven Niemeijer,NED,"MF,FW",RKC Waalwijk,28-287,1995,5.0,0.00,0.00,0.00,0.00,0.00,0.00,0.80,0.0,0.80,0.80,0.00,0.80,0.60,0.60,0.00,0.00,https://fbref.com/en/players/6d0f2c56/Reuven-Niemeijer,6d0f2c56,Eredivisie
266,Bart Nieuwkoop,NED,DF,Feyenoord,27-307,1996,4.3,1.86,0.70,1.16,0.70,0.00,0.70,2.09,33.3,1.40,0.93,0.23,0.70,1.86,3.72,2.33,0.00,https://fbref.com/en/players/f40dd3c7/Bart-Nieuwkoop,f40dd3c7,Eredivisie
267,Sven Nieuwpoort,NED,DF,Excelsior,30-270,1993,10.9,1.01,0.55,0.37,0.64,0.00,0.55,0.73,75.0,0.18,0.92,0.46,0.46,0.55,1.56,3.03,0.00,https://fbref.com/en/players/080bb6bc/Sven-Nieuwpoort,080bb6bc,Eredivisie
268,Kristian Nökkvi Hlynsson,ISL,"MF,FW",Ajax,19-350,2004,8.6,1.51,0.93,0.47,0.58,0.47,0.58,1.86,31.3,1.28,0.70,0.00,0.70,0.23,1.74,0.93,0.00,https://fbref.com/en/players/eccf6574/Kristian-Nokkvi-Hlynsson,eccf6574,Eredivisie
269,Andries Noppert,NED,GK,Heerenveen,29-276,1994,16.0,0.00,0.00,0.00,0.00,0.00,0.00,0.00,,0.00,0.00,0.00,0.00,0.00,0.00,0.50,0.19,https://fbref.com/en/players/2dc9d6fb/Andries-Noppert,2dc9d6fb,Eredivisie
270,Tijjani Noslin,NED,FW,Fortuna Sittard,24-185,1999,11.3,1.42,0.80,0.35,0.88,0.18,0.80,1.50,52.9,0.71,1.68,0.18,1.50,0.71,2.12,0.44,0.00,https://fbref.com/en/players/2f067cf2/Tijjani-Noslin,2f067cf2,Eredivisie
271,Hugo Novoa,ESP,"DF,FW",Utrecht,21-007,2003,2.3,2.61,1.30,0.87,1.30,0.43,1.30,3.04,42.9,1.74,3.04,0.43,2.61,1.30,3.91,1.74,0.00,https://fbref.com/en/players/5458f670/Hugo-Novoa,5458f670,Eredivisie
272,Ché Nunnely,NED,"FW,MF",Heerenveen,24-338,1999,10.0,0.80,0.60,0.30,0.30,0.20,0.50,0.90,55.6,0.40,1.30,0.00,1.30,0.40,1.20,0.30,0.00,https://fbref.com/en/players/e3f206be/Che-Nunnely,e3f206be,Eredivisie
273,Djenahro Nunumete,NED,DF,Heerenveen,21-345,2002,0.5,2.00,0.00,2.00,0.00,0.00,2.00,2.00,100.0,0.00,2.00,0.00,2.00,2.00,4.00,2.00,0.00,https://fbref.com/en/players/54d060be/Djenahro-Nunumete,54d060be,Eredivisie
274,Bram Nuytinck,NED,DF,NEC Nijmegen,33-249,1990,13.4,1.49,0.90,0.60,0.52,0.37,0.82,1.34,61.1,0.52,2.31,1.79,0.52,0.52,2.01,5.00,0.00,https://fbref.com/en/players/e33f36d5/Bram-Nuytinck,e33f36d5,Eredivisie
275,Jens Odgaard,DEN,"FW,MF",AZ Alkmaar,24-283,1999,3.9,2.31,0.77,0.51,1.03,0.77,0.77,1.79,42.9,1.03,1.03,0.00,1.03,0.26,2.56,0.77,0.00,https://fbref.com/en/players/75374ee7/Jens-Odgaard,75374ee7,Eredivisie
276,Koki Ogawa,JPN,FW,NEC Nijmegen,26-153,1997,10.6,0.66,0.47,0.19,0.38,0.09,0.19,0.85,22.2,0.66,0.57,0.19,0.38,0.28,0.94,0.85,0.00,https://fbref.com/en/players/3d2e8955/Koki-Ogawa,3d2e8955,Eredivisie
277,Lars Olden Larsen,NOR,FW,NEC Nijmegen,25-113,1998,5.7,2.98,2.11,1.40,1.40,0.18,1.93,4.74,40.7,2.81,1.58,0.00,1.58,0.70,3.68,1.23,0.00,https://fbref.com/en/players/9e4df3ba/Lars-Olden-Larsen,9e4df3ba,Eredivisie
278,Nick Olij,NED,GK,Sparta R'dam,28-160,1995,16.0,0.00,0.00,0.00,0.00,0.00,0.00,0.00,,0.00,0.06,0.00,0.06,0.00,0.00,0.25,0.13,https://fbref.com/en/players/fdc67d9a/Nick-Olij,fdc67d9a,Eredivisie
279,Simon Olsson,SWE,"MF,FW",Heerenveen,26-116,1997,15.4,2.14,1.23,1.04,0.97,0.13,1.17,2.27,51.4,1.10,0.97,0.13,0.84,0.78,2.92,0.39,0.00,https://fbref.com/en/players/0a4a1821/Simon-Olsson,0a4a1821,Eredivisie
280,Richie Omorowa,SWE,FW,Excelsior,19-284,2004,2.5,2.00,1.20,0.40,1.20,0.40,0.00,0.40,0.0,0.40,1.20,0.00,1.20,0.00,2.00,1.20,0.00,https://fbref.com/en/players/5e398b32/Richie-Omorowa,5e398b32,Eredivisie
281,Diego van Oorschot,,"MF,FW",Heracles Almelo,,,0.2,5.00,5.00,5.00,0.00,0.00,0.00,0.00,,0.00,5.00,0.00,5.00,0.00,5.00,5.00,0.00,https://fbref.com/en/players/e2515be0/Diego-van-Oorschot,e2515be0,Eredivisie
282,Ragnar Oratmangoen,NED,"FW,MF",Fortuna Sittard,25-352,1998,1.9,1.05,1.05,1.05,0.00,0.00,1.05,3.16,33.3,2.11,1.05,0.00,1.05,1.05,2.11,1.58,0.00,https://fbref.com/en/players/b6ca8924/Ragnar-Oratmangoen,b6ca8924,Eredivisie
283,Alois Oroz,CRO,DF,Vitesse,23-071,2000,12.0,1.83,1.00,1.33,0.33,0.17,0.75,2.08,36.0,1.33,1.50,0.50,1.00,1.58,3.42,3.83,0.00,https://fbref.com/en/players/5333d7de/Alois-Oroz,5333d7de,Eredivisie
284,Anas Ouahim,GER,MF,Heracles Almelo,26-107,1997,13.1,2.75,1.53,1.15,1.22,0.38,1.22,3.44,35.6,2.21,0.76,0.23,0.53,0.76,3.51,0.61,0.00,https://fbref.com/en/players/f04f45a2/Anas-Ouahim,f04f45a2,Eredivisie
285,Yassin Oukili,NED,MF,RKC Waalwijk,23-005,2001,14.6,3.49,2.12,1.51,1.64,0.34,1.58,2.33,67.6,0.75,1.37,0.27,1.10,1.03,4.52,1.44,0.00,https://fbref.com/en/players/c960bc58/Yassin-Oukili,c960bc58,Eredivisie
286,Bilal Ould-Chikh,MAR,"FW,MF",Volendam,26-164,1997,15.2,0.92,0.46,0.59,0.20,0.13,0.46,1.05,43.8,0.59,0.53,0.00,0.53,0.20,1.12,0.39,0.00,https://fbref.com/en/players/a7dd36cf/Bilal-Ould-Chikh,a7dd36cf,Eredivisie
287,Oğuzhan Özyakup,TUR,"MF,FW",Fortuna Sittard,31-107,1992,3.9,1.79,1.03,0.26,1.54,0.00,1.28,3.08,41.7,1.79,2.31,0.26,2.05,1.79,3.59,0.26,0.00,https://fbref.com/en/players/d8c679be/Oguzhan-Ozyakup,d8c679be,Eredivisie
288,Igor Paixão,BRA,"FW,MF",Feyenoord,23-194,2000,10.7,0.93,0.75,0.19,0.37,0.37,0.47,1.31,35.7,0.84,0.84,0.00,0.84,0.28,1.21,0.56,0.09,https://fbref.com/en/players/089c7323/Igor-Paixao,089c7323,Eredivisie
289,Ivor Pandur,CRO,GK,Fortuna Sittard,23-289,2000,16.0,0.00,0.00,0.00,0.00,0.00,0.00,0.13,0.0,0.13,0.00,0.00,0.00,0.00,0.00,0.19,0.00,https://fbref.com/en/players/457cb02f/Ivor-Pandur,457cb02f,Eredivisie
290,Troy Parrott,IRL,FW,Excelsior,21-338,2002,6.5,0.62,0.62,0.31,0.15,0.15,0.46,0.62,75.0,0.15,0.92,0.15,0.77,0.00,0.62,0.62,0.00,https://fbref.com/en/players/4357f557/Troy-Parrott,4357f557,Eredivisie
291,Vangelis Pavlidis,GRE,FW,AZ Alkmaar,25-048,1998,15.4,0.84,0.52,0.06,0.45,0.32,0.52,1.10,47.1,0.58,0.52,0.19,0.32,0.13,0.97,0.58,0.00,https://fbref.com/en/players/d578db11/Vangelis-Pavlidis,d578db11,Eredivisie
292,Deron Payne,NED,DF,Volendam,21-105,2002,6.9,3.33,1.88,2.32,0.87,0.14,2.03,3.19,63.6,1.16,1.88,0.43,1.45,1.59,4.93,3.48,0.00,https://fbref.com/en/players/1118e3e3/Deron-Payne,1118e3e3,Eredivisie
293,Álvaro Peña,ESP,"MF,DF",Almere City,32-076,1991,4.3,2.56,1.40,0.93,1.40,0.23,1.40,3.72,37.5,2.33,1.16,0.23,0.93,1.63,4.19,0.00,0.00,https://fbref.com/en/players/c5456acc/Alvaro-Pena,c5456acc,Eredivisie
294,Alexandre Penetra,POR,DF,AZ Alkmaar,22-121,2001,10.4,0.48,0.38,0.29,0.19,0.00,0.29,0.58,50.0,0.29,1.15,0.87,0.29,0.96,1.44,2.98,0.00,https://fbref.com/en/players/df4b73f0/Alexandre-Penetra,df4b73f0,Eredivisie
295,Ricardo Pepi,USA,"FW,MF",PSV Eindhoven,20-364,2003,2.3,1.30,0.43,0.00,0.87,0.43,0.00,0.00,,0.00,0.00,0.00,0.00,0.00,1.30,0.43,0.00,https://fbref.com/en/players/a2b1ed42/Ricardo-Pepi,a2b1ed42,Eredivisie
296,Brayann Pereira,FRA,DF,NEC Nijmegen,20-232,2003,2.2,3.18,1.82,3.18,0.00,0.00,1.36,2.73,50.0,1.36,0.45,0.00,0.45,1.36,4.55,2.73,0.00,https://fbref.com/en/players/5c42e7ce/Brayann-Pereira,5c42e7ce,Eredivisie
297,Ivo Pinto,POR,DF,Fortuna Sittard,34-001,1990,15.7,2.36,1.72,1.59,0.57,0.19,1.53,2.42,63.2,0.89,0.83,0.32,0.51,1.02,3.38,2.87,0.00,https://fbref.com/en/players/8d82551b/Ivo-Pinto,8d82551b,Eredivisie
298,Michael Pinto,LUX,DF,Vitesse,30-218,1993,8.0,1.75,1.38,0.75,1.00,0.00,1.13,1.63,69.2,0.50,0.38,0.13,0.25,0.75,2.50,1.63,0.00,https://fbref.com/en/players/6e2c53cb/Michael-Pinto,6e2c53cb,Eredivisie
299,Brian Plat,NED,DF,Volendam,23-278,2000,8.6,3.60,2.56,2.79,0.70,0.12,2.33,4.07,57.1,1.74,1.63,0.23,1.40,1.86,5.47,3.72,0.00,https://fbref.com/en/players/959eff56/Brian-Plat,959eff56,Eredivisie
300,Ernest Poku,NED,FW,AZ Alkmaar,19-345,2004,5.2,1.35,0.77,0.19,0.77,0.38,0.38,2.12,18.2,1.73,0.77,0.19,0.58,0.58,1.92,0.96,0.00,https://fbref.com/en/players/ddc31375/Ernest-Poku,ddc31375,Eredivisie
301,Bram van Polen,NED,DF,Zwolle,38-089,1985,13.5,1.41,0.96,0.89,0.44,0.07,0.81,1.78,45.8,0.96,1.48,0.59,0.89,1.33,2.74,3.56,0.07,https://fbref.com/en/players/894cfe3d/Bram-van-Polen,894cfe3d,Eredivisie
302,Danny Post,NED,"DF,MF",Almere City,34-276,1989,0.3,0.00,0.00,0.00,0.00,0.00,0.00,0.00,,0.00,0.00,0.00,0.00,3.33,3.33,3.33,0.00,https://fbref.com/en/players/748aabfe/Danny-Post,748aabfe,Eredivisie
303,Dirk Proper,NED,MF,NEC Nijmegen,21-318,2002,14.9,2.15,1.07,1.14,1.01,0.00,0.94,1.81,51.9,0.87,1.48,0.74,0.74,1.01,3.15,1.81,0.00,https://fbref.com/en/players/77b49e13/Dirk-Proper,77b49e13,Eredivisie
304,Robin Pröpper,NED,DF,Twente,30-107,1993,14.1,1.28,0.71,0.64,0.50,0.14,0.64,1.91,33.3,1.28,0.92,0.35,0.57,0.99,2.27,2.62,0.00,https://fbref.com/en/players/996fc502/Robin-Propper,996fc502,Eredivisie
305,Jeffrey Puriel,NED,FW,Almere City,21-053,2002,0.3,0.00,0.00,0.00,0.00,0.00,0.00,0.00,,0.00,0.00,0.00,0.00,0.00,0.00,0.00,0.00,https://fbref.com/en/players/83c7688b/Jeffrey-Puriel,83c7688b,Eredivisie
306,Diant Ramaj,GER,GK,Ajax,22-111,2001,8.3,0.00,0.00,0.00,0.00,0.00,0.00,0.24,0.0,0.24,0.00,0.00,0.00,0.00,0.00,0.12,0.24,https://fbref.com/en/players/b90c4a43/Diant-Ramaj,b90c4a43,Eredivisie
307,André Ramalho,BRA,DF,PSV Eindhoven,31-326,1992,12.4,1.53,0.89,0.65,0.89,0.00,0.73,1.21,60.0,0.48,1.85,1.29,0.56,1.37,2.90,4.52,0.16,https://fbref.com/en/players/7483d9f9/Andre-Ramalho,7483d9f9,Eredivisie
308,Bart Ramselaar,NED,"FW,MF",Utrecht,27-193,1996,3.7,0.27,0.27,0.00,0.27,0.00,0.00,0.81,0.0,0.81,1.08,0.54,0.54,0.81,1.08,0.81,0.00,https://fbref.com/en/players/74596f1a/Bart-Ramselaar,74596f1a,Eredivisie
309,Youri Regeer,NED,"DF,FW",Twente,20-143,2003,10.9,1.93,0.92,0.83,0.83,0.28,1.10,1.74,63.2,0.64,0.83,0.09,0.73,0.64,2.57,1.93,0.00,https://fbref.com/en/players/e0782abd/Youri-Regeer,e0782abd,Eredivisie
310,Gyan de Regt,NED,FW,Vitesse,21-147,2002,5.6,1.61,1.25,0.54,0.71,0.36,1.07,2.50,42.9,1.43,0.54,0.18,0.36,0.36,1.96,0.54,0.18,https://fbref.com/en/players/bae360fd/Gyan-de-Regt,bae360fd,Eredivisie
311,Eliano Reijnders,NED,"DF,FW",Zwolle,23-077,2000,12.4,1.21,0.97,0.73,0.48,0.00,0.81,2.26,35.7,1.45,1.13,0.08,1.05,1.21,2.42,1.85,0.00,https://fbref.com/en/players/d32ef527/Eliano-Reijnders,d32ef527,Eredivisie
312,Devyne Rensch,NED,DF,Ajax,20-355,2003,10.5,2.00,1.43,1.14,0.76,0.10,1.14,1.62,70.6,0.48,0.76,0.29,0.48,1.33,3.33,2.48,0.00,https://fbref.com/en/players/c5cbbcff/Devyne-Rensch,c5cbbcff,Eredivisie
313,Stije Resink,NED,MF,Almere City,20-225,2003,12.8,3.05,1.80,1.56,0.94,0.55,1.41,2.66,52.9,1.25,1.64,0.16,1.48,1.41,4.45,2.03,0.08,https://fbref.com/en/players/df90b7ad/Stije-Resink,df90b7ad,Eredivisie
314,Francisco Reyes,DOM,DF,Volendam,17-286,2006,0.2,5.00,0.00,5.00,0.00,0.00,5.00,15.0,33.3,10.0,0.00,0.00,0.00,0.00,5.00,5.00,0.00,https://fbref.com/en/players/f3bc054b/Francisco-Reyes,f3bc054b,Eredivisie
315,Milan Robberechts,BEL,"FW,MF",Fortuna Sittard,19-310,2004,2.3,3.04,1.30,0.87,0.87,1.30,0.87,1.74,50.0,0.87,0.87,0.00,0.87,0.43,3.48,0.87,0.00,https://fbref.com/en/players/81e4f7ff/Milan-Robberechts,81e4f7ff,Eredivisie
316,Thomas Robinet,FRA,"MF,FW",Almere City,27-143,1996,15.4,1.04,0.39,0.26,0.45,0.32,0.52,1.23,42.1,0.71,1.23,0.00,1.23,0.32,1.36,1.10,0.00,https://fbref.com/en/players/ec1e1d42/Thomas-Robinet,ec1e1d42,Eredivisie
317,Robin Roefs,NED,GK,NEC Nijmegen,20-356,2003,3.7,0.00,0.00,0.00,0.00,0.00,0.00,0.00,,0.00,0.00,0.00,0.00,0.00,0.00,0.54,0.00,https://fbref.com/en/players/349fa918/Robin-Roefs,349fa918,Eredivisie
318,Godfried Roemeratoe,CUW,MF,RKC Waalwijk,24-142,1999,11.7,1.97,1.11,0.68,1.20,0.09,0.85,1.37,62.5,0.51,1.03,0.43,0.60,1.11,3.08,2.05,0.09,https://fbref.com/en/players/a646b710/Godfried-Roemeratoe,a646b710,Eredivisie
319,Ole Romeny,NED,"FW,MF",Utrecht,23-202,2000,4.4,0.91,0.45,0.91,0.00,0.00,0.68,0.68,100.0,0.00,0.68,0.00,0.68,0.68,1.59,0.45,0.00,https://fbref.com/en/players/3e17193f/Ole-Romeny,3e17193f,Eredivisie
320,Philippe Rommens,BEL,MF,Go Ahead Eag,26-141,1997,15.0,1.67,0.87,0.53,0.93,0.20,0.47,1.47,31.8,1.00,0.67,0.33,0.33,1.53,3.20,0.87,0.00,https://fbref.com/en/players/318db7b4/Philippe-Rommens,318db7b4,Eredivisie
321,Bart van Rooij,NED,DF,NEC Nijmegen,22-227,2001,12.1,2.73,1.32,2.07,0.66,0.00,1.65,2.81,58.8,1.16,1.24,0.17,1.07,0.58,3.31,2.73,0.08,https://fbref.com/en/players/30fb2f9c/Bart-van-Rooij,30fb2f9c,Eredivisie
322,Eloy Room,CUW,GK,Vitesse,34-336,1989,16.0,0.00,0.00,0.00,0.00,0.00,0.00,0.00,,0.00,0.00,0.00,0.00,0.06,0.06,0.25,0.13,https://fbref.com/en/players/6b33d86b/Eloy-Room,6b33d86b,Eredivisie
323,Ruben Roosken,NED,DF,Heracles Almelo,23-312,2000,9.0,3.33,2.11,1.78,1.56,0.00,1.78,2.89,61.5,1.11,1.56,0.56,1.00,2.89,6.22,3.11,0.00,https://fbref.com/en/players/e9dc604a/Ruben-Roosken,e9dc604a,Eredivisie
324,Loreintz Rosier,FRA,MF,Fortuna Sittard,25-147,1998,10.7,3.08,1.59,1.87,0.93,0.28,0.93,1.96,47.6,1.03,2.34,0.37,1.96,2.06,5.14,1.96,0.00,https://fbref.com/en/players/19b28f22/Loreintz-Rosier,19b28f22,Eredivisie
325,Mathias Ross,DEN,DF,NEC Nijmegen,22-358,2001,7.4,0.81,0.54,0.41,0.41,0.00,0.27,0.68,40.0,0.41,1.22,0.54,0.68,0.81,1.62,8.78,0.27,https://fbref.com/en/players/549d4e3e/Mathias-Ross,549d4e3e,Eredivisie
326,Nils Rossen,NED,FW,NEC Nijmegen,18-160,2005,0.2,0.00,0.00,0.00,0.00,0.00,0.00,0.00,,0.00,0.00,0.00,0.00,0.00,0.00,0.00,0.00,https://fbref.com/en/players/408ba138/Nils-Rossen,408ba138,Eredivisie
327,Daan Rots,NED,FW,Twente,22-167,2001,13.4,1.79,1.12,0.52,0.82,0.45,1.04,2.99,35.0,1.94,0.82,0.00,0.82,0.82,2.61,0.67,0.00,https://fbref.com/en/players/d40b01f6/Daan-Rots,d40b01f6,Eredivisie
328,Mats Rots,NED,DF,Twente,17-303,2006,0.8,0.00,0.00,0.00,0.00,0.00,0.00,1.25,0.0,1.25,1.25,0.00,1.25,2.50,2.50,2.50,0.00,https://fbref.com/en/players/de4b685b/Mats-Rots,de4b685b,Eredivisie
329,Manu Royo,ESP,DF,Almere City,29-314,1994,7.4,2.16,1.22,0.95,0.81,0.41,1.08,1.76,61.5,0.68,1.08,0.00,1.08,0.54,2.70,1.89,0.00,https://fbref.com/en/players/4d24f3e4/Manu-Royo,4d24f3e4,Eredivisie
330,Gerónimo Rulli,ARG,GK,Ajax,31-233,1992,0.3,0.00,0.00,0.00,0.00,0.00,0.00,0.00,,0.00,0.00,0.00,0.00,0.00,0.00,0.00,0.00,https://fbref.com/en/players/625c144a/Geronimo-Rulli,625c144a,Eredivisie
331,Mathew Ryan,AUS,GK,AZ Alkmaar,31-275,1992,15.0,0.00,0.00,0.00,0.00,0.00,0.00,0.00,,0.00,0.00,0.00,0.00,0.00,0.00,0.20,0.00,https://fbref.com/en/players/4535e4bb/Mathew-Ryan,4535e4bb,Eredivisie
332,Pim Saathof,NED,DF,Go Ahead Eag,20-011,2003,0.1,10.0,10.0,10.0,0.00,0.00,0.00,0.00,,0.00,10.0,10.0,0.00,0.00,10.0,0.00,0.00,https://fbref.com/en/players/1b979bc2/Pim-Saathof,1b979bc2,Eredivisie
333,Michal Sadílek,CZE,MF,Twente,24-222,1999,14.6,1.44,0.82,0.41,0.82,0.21,0.55,1.78,30.8,1.23,1.37,0.07,1.30,0.68,2.12,1.03,0.00,https://fbref.com/en/players/7c9fa389/Michal-Sadilek,7c9fa389,Eredivisie
334,Ibrahim Sadiq,GHA,FW,AZ Alkmaar,23-246,2000,2.6,2.31,1.92,0.77,1.15,0.38,0.38,0.38,100.0,0.00,1.92,0.00,1.92,0.77,3.08,1.54,0.00,https://fbref.com/en/players/9200d432/Ibrahim-Sadiq,9200d432,Eredivisie
335,Modibo Sagnan,FRA,DF,Utrecht,24-269,1999,9.5,2.00,1.16,1.05,0.84,0.11,1.16,1.37,84.6,0.21,1.16,0.74,0.42,0.84,2.84,6.53,0.11,https://fbref.com/en/players/76d679c7/Modibo-Sagnan,76d679c7,Eredivisie
336,Osame Sahraoui,NOR,FW,Heerenveen,22-211,2001,13.3,0.75,0.45,0.15,0.15,0.45,0.15,0.68,22.2,0.53,0.60,0.00,0.60,0.38,1.13,0.30,0.08,https://fbref.com/en/players/6f9fa232/Osame-Sahraoui,6f9fa232,Eredivisie
337,Ismael Saibari,MAR,MF,PSV Eindhoven,22-345,2001,8.3,2.53,1.57,1.20,0.72,0.60,1.08,2.53,42.9,1.45,1.45,0.24,1.20,1.20,3.73,0.96,0.00,https://fbref.com/en/players/3ec9f005/Ismael-Saibari,3ec9f005,Eredivisie
338,Koki Saito,JPN,FW,Sparta R'dam,22-151,2001,4.1,0.49,0.49,0.49,0.00,0.00,0.49,1.46,33.3,0.98,0.00,0.00,0.00,0.24,0.73,0.49,0.00,https://fbref.com/en/players/5408dd51/Koki-Saito,5408dd51,Eredivisie
339,Anass Salah-Eddine,NED,DF,Ajax,21-355,2002,2.1,1.90,1.43,0.95,0.95,0.00,1.90,5.24,36.4,3.33,1.90,0.48,1.43,0.48,2.38,2.38,0.48,https://fbref.com/en/players/0d274394/Anass-Salah-Eddine,0d274394,Eredivisie
340,Shurandy Sambo,NED,DF,PSV Eindhoven,22-142,2001,1.1,0.91,0.91,0.00,0.00,0.91,0.91,1.82,50.0,0.91,2.73,0.91,1.82,1.82,2.73,2.73,0.00,https://fbref.com/en/players/4b1d5a70/Shurandy-Sambo,4b1d5a70,Eredivisie
341,Alfons Sampsted,ISL,DF,Twente,25-277,1998,13.6,2.35,1.25,1.62,0.44,0.29,1.91,3.46,55.3,1.54,1.25,0.37,0.88,1.62,3.97,2.65,0.00,https://fbref.com/en/players/5d873dfb/Alfons-Sampsted,5d873dfb,Eredivisie
342,Philippe Sandler,NED,DF,NEC Nijmegen,26-332,1997,6.7,1.19,0.90,0.75,0.45,0.00,0.30,0.30,100.0,0.00,1.64,1.19,0.45,0.60,1.79,4.03,0.00,https://fbref.com/en/players/60740e70/Philippe-Sandler,60740e70,Eredivisie
343,Cisse Sandra,BEL,MF,Excelsior,20-023,2003,10.4,1.73,1.06,1.25,0.29,0.19,0.48,1.06,45.5,0.58,0.87,0.38,0.48,1.06,2.79,1.06,0.00,https://fbref.com/en/players/2f33776f/Cisse-Sandra,2f33776f,Eredivisie
344,Ibrahim Sangaré,CIV,MF,PSV Eindhoven,26-037,1997,2.0,1.00,0.00,0.50,0.50,0.00,1.00,1.00,100.0,0.00,1.00,0.00,1.00,1.00,2.00,1.00,0.00,https://fbref.com/en/players/bced0375/Ibrahim-Sangare,bced0375,Eredivisie
345,Mohamed Sankoh,NED,FW,Heracles Almelo,20-084,2003,8.3,0.12,0.00,0.00,0.12,0.00,0.00,0.24,0.0,0.24,0.72,0.00,0.72,0.12,0.24,0.48,0.00,https://fbref.com/en/players/be625686/Mohamed-Sankoh,be625686,Eredivisie
346,Kodai Sano,JPN,FW,NEC Nijmegen,20-105,2003,0.9,3.33,2.22,1.11,1.11,1.11,2.22,5.56,40.0,3.33,4.44,0.00,4.44,0.00,3.33,3.33,0.00,https://fbref.com/en/players/f2b91fdf/Kodai-Sano,f2b91fdf,Eredivisie
347,Antonio Satriano,ITA,FW,Heracles Almelo,20-070,2003,1.8,1.11,0.56,0.00,1.11,0.00,0.00,0.00,,0.00,0.00,0.00,0.00,0.00,1.11,0.00,0.00,https://fbref.com/en/players/06cc6ad5/Antonio-Satriano,06cc6ad5,Eredivisie
348,Leo Sauer,SVK,FW,Feyenoord,18-023,2005,2.1,0.48,0.00,0.48,0.00,0.00,0.00,1.43,0.0,1.43,1.43,0.00,1.43,0.48,0.95,0.00,0.00,https://fbref.com/en/players/4c53a688/Leo-Sauer,4c53a688,Eredivisie
349,Jasper Schendelaar,NED,GK,Zwolle,23-128,2000,16.0,0.00,0.00,0.00,0.00,0.00,0.00,0.06,0.0,0.06,0.00,0.00,0.00,0.19,0.19,0.44,0.06,https://fbref.com/en/players/0c43c76c/Jasper-Schendelaar,0c43c76c,Eredivisie
350,Sem Scheperman,NED,"MF,DF",Heracles Almelo,21-198,2002,3.5,3.43,2.29,1.14,2.29,0.00,0.86,2.57,33.3,1.71,2.00,1.14,0.86,0.86,4.29,1.71,0.29,https://fbref.com/en/players/60faf301/Sem-Scheperman,60faf301,Eredivisie
351,Lasse Schöne,DEN,MF,NEC Nijmegen,37-226,1986,10.2,1.18,0.49,0.69,0.20,0.29,0.88,1.57,56.3,0.69,0.49,0.29,0.20,0.98,2.16,2.65,0.00,https://fbref.com/en/players/c3a8bcd8/Lasse-Schone,c3a8bcd8,Eredivisie
352,Jerdy Schouten,NED,"MF,DF",PSV Eindhoven,26-361,1997,10.5,1.90,1.24,0.76,1.14,0.00,0.76,1.24,61.5,0.48,0.86,0.10,0.76,1.90,3.81,0.95,0.00,https://fbref.com/en/players/2cfae697/Jerdy-Schouten,2cfae697,Eredivisie
353,Nicolás Serrano,ESP,"FW,MF",Zwolle,20-309,2003,1.6,3.13,3.13,1.88,1.25,0.00,2.50,3.13,80.0,0.63,1.25,0.00,1.25,0.00,3.13,0.63,0.00,https://fbref.com/en/players/2ad0e5e5/Nicolas-Serrano,2ad0e5e5,Eredivisie
354,Mats Seuntjens,NED,"FW,MF",Utrecht,31-266,1992,10.6,0.85,0.47,0.38,0.38,0.09,0.47,1.42,33.3,0.94,0.47,0.09,0.38,0.47,1.32,1.04,0.00,https://fbref.com/en/players/db159803/Mats-Seuntjens,db159803,Eredivisie
355,José Pascual Alba Seva,ESP,"FW,DF",Almere City,23-281,2000,0.7,2.86,1.43,2.86,0.00,0.00,2.86,4.29,66.7,1.43,1.43,0.00,1.43,1.43,4.29,2.86,0.00,https://fbref.com/en/players/b7c4ae4c/Jose-Pascual-Alba-Seva,b7c4ae4c,Eredivisie
356,Serano Seymor,NED,DF,Excelsior,22-004,2002,3.6,0.56,0.56,0.56,0.00,0.00,0.28,0.83,33.3,0.56,1.39,0.00,1.39,1.39,1.94,5.00,0.28,https://fbref.com/en/players/19388cbc/Serano-Seymor,19388cbc,Eredivisie
357,Kaj Sierhuis,NED,FW,Fortuna Sittard,25-256,1998,9.4,0.43,0.32,0.11,0.21,0.11,0.21,0.96,22.2,0.74,0.53,0.11,0.43,0.00,0.43,0.43,0.00,https://fbref.com/en/players/9c2b1f11/Kaj-Sierhuis,9c2b1f11,Eredivisie
358,Dimitris Siovas,GRE,DF,Fortuna Sittard,35-114,1988,12.9,1.40,0.47,0.93,0.39,0.08,0.70,1.09,64.3,0.39,1.01,0.78,0.23,1.55,2.95,3.95,0.00,https://fbref.com/en/players/92d38e6c/Dimitris-Siovas,92d38e6c,Eredivisie
359,Gijs Smal,NED,DF,Twente,26-130,1997,6.6,1.06,0.91,0.45,0.30,0.30,0.91,2.58,35.3,1.67,0.61,0.15,0.45,0.61,1.67,1.36,0.00,https://fbref.com/en/players/0eb4a4f3/Gijs-Smal,0eb4a4f3,Eredivisie
360,Ian Smeulers,NED,"DF,MF",Excelsior,23-361,2000,1.8,2.78,2.78,2.22,0.56,0.00,2.22,2.78,80.0,0.56,2.22,0.56,1.67,3.33,6.11,3.33,0.00,https://fbref.com/en/players/732e0da3/Ian-Smeulers,732e0da3,Eredivisie
361,Sven Sonnenberg,GER,DF,Heracles Almelo,24-354,1999,9.1,1.21,0.66,1.10,0.11,0.00,0.55,0.88,62.5,0.33,1.32,1.10,0.22,1.87,3.08,6.04,0.22,https://fbref.com/en/players/5a7c3705/Sven-Sonnenberg,5a7c3705,Eredivisie
362,Borna Sosa,CRO,DF,Ajax,25-352,1998,3.7,2.97,1.89,1.62,1.08,0.27,2.70,4.32,62.5,1.62,1.08,0.27,0.81,2.16,5.14,2.16,0.00,https://fbref.com/en/players/af0d79a9/Borna-Sosa,af0d79a9,Eredivisie
363,Sylla Sow,NED,FW,Go Ahead Eag,27-153,1996,6.7,1.49,0.90,0.45,0.30,0.75,0.45,0.45,100.0,0.00,0.00,0.00,0.00,0.15,1.64,0.30,0.00,https://fbref.com/en/players/0032d3ad/Sylla-Sow,0032d3ad,Eredivisie
364,Mark Spenkelink,NED,GK,RKC Waalwijk,26-346,1997,1.0,0.00,0.00,0.00,0.00,0.00,0.00,0.00,,0.00,0.00,0.00,0.00,0.00,0.00,0.00,1.00,https://fbref.com/en/players/e69c30bb/Mark-Spenkelink,e69c30bb,Eredivisie
365,Sem Steijn,NED,MF,Twente,22-052,2001,12.6,1.35,0.63,0.56,0.71,0.08,0.87,2.14,40.7,1.27,0.63,0.08,0.56,0.56,1.90,0.24,0.00,https://fbref.com/en/players/ef58c4bc/Sem-Steijn,ef58c4bc,Eredivisie
366,Calvin Stengs,NED,"MF,FW",Feyenoord,25-021,1998,13.0,1.85,0.92,0.31,1.00,0.54,0.62,1.23,50.0,0.62,0.85,0.00,0.85,0.15,2.00,0.38,0.00,https://fbref.com/en/players/8f7e6783/Calvin-Stengs,8f7e6783,Eredivisie
367,Filip Stevanovic,SRB,"FW,MF",RKC Waalwijk,21-105,2002,6.0,1.50,1.17,0.50,0.50,0.50,0.83,1.83,45.5,1.00,0.50,0.00,0.50,0.33,1.83,0.50,0.00,https://fbref.com/en/players/50f823d3/Filip-Stevanovic,50f823d3,Eredivisie
368,Yukinari Sugawara,JPN,DF,AZ Alkmaar,23-194,2000,15.0,1.20,1.00,0.53,0.60,0.07,1.00,1.67,60.0,0.67,1.13,0.47,0.67,0.93,2.13,1.73,0.07,https://fbref.com/en/players/580bcd18/Yukinari-Sugawara,580bcd18,Eredivisie
369,Josip Šutalo,CRO,DF,Ajax,23-314,2000,11.5,0.87,0.52,0.43,0.43,0.00,0.35,0.87,40.0,0.52,1.30,0.87,0.43,1.57,2.43,4.43,0.00,https://fbref.com/en/players/33a6a650/Josip-Sutalo,33a6a650,Eredivisie
370,Anas Tahiri,BEL,MF,Heerenveen,28-238,1995,7.1,0.56,0.56,0.28,0.28,0.00,0.14,0.99,14.3,0.85,0.85,0.14,0.70,0.28,0.85,1.69,0.00,https://fbref.com/en/players/e43e11a0/Anas-Tahiri,e43e11a0,Eredivisie
371,Benjamin Tahirovic,BIH,MF,Ajax,20-311,2003,9.0,1.67,1.22,0.33,1.00,0.33,1.00,2.00,50.0,1.00,1.22,0.56,0.67,1.67,3.33,1.44,0.00,https://fbref.com/en/players/eb3022c3/Benjamin-Tahirovic,eb3022c3,Eredivisie
372,Elayis Tavsan,NED,FW,NEC Nijmegen,22-253,2001,3.8,1.05,0.79,0.26,0.53,0.26,0.53,1.05,50.0,0.53,0.79,0.26,0.53,0.00,1.05,1.32,0.00,https://fbref.com/en/players/928143e7/Elayis-Tavsan,928143e7,Eredivisie
373,Kenneth Taylor,NED,MF,Ajax,21-237,2002,13.0,1.23,0.69,0.38,0.62,0.23,0.38,1.15,33.3,0.77,1.15,0.23,0.92,0.85,2.08,1.46,0.00,https://fbref.com/en/players/ad9b2747/Kenneth-Taylor,ad9b2747,Eredivisie
374,Hidde ter Avest,NED,DF,Utrecht,26-233,1997,11.2,1.79,1.25,0.98,0.45,0.36,0.80,1.16,69.2,0.36,1.88,0.63,1.25,1.16,2.95,4.38,0.09,https://fbref.com/en/players/18f9dbd0/Hidde-ter-Avest,18f9dbd0,Eredivisie
375,Jordan Teze,NED,DF,PSV Eindhoven,24-100,1999,11.4,2.19,1.32,0.88,0.96,0.35,1.40,1.93,72.7,0.53,1.14,0.18,0.96,0.88,3.07,1.05,0.00,https://fbref.com/en/players/82e9b1bb/Jordan-Teze,82e9b1bb,Eredivisie
376,Ryan Thomas,NZL,MF,Zwolle,29-019,1994,3.7,2.97,2.43,1.08,1.35,0.54,1.89,2.97,63.6,1.08,1.89,0.54,1.35,1.62,4.59,4.32,0.00,https://fbref.com/en/players/95efdac2/Ryan-Thomas,95efdac2,Eredivisie
377,Lennart Thy,GER,"MF,FW",Zwolle,31-317,1992,11.7,1.20,0.43,0.51,0.60,0.09,0.34,0.68,50.0,0.34,0.77,0.09,0.68,0.43,1.62,0.68,0.00,https://fbref.com/en/players/af31925d/Lennart-Thy,af31925d,Eredivisie
378,Mathijs Tielemans,NED,MF,Vitesse,21-257,2002,9.9,1.62,1.31,0.91,0.71,0.00,0.40,1.01,40.0,0.61,1.01,0.20,0.81,1.21,2.83,0.71,0.00,https://fbref.com/en/players/72befc76/Mathijs-Tielemans,72befc76,Eredivisie
379,Guus Til,NED,MF,PSV Eindhoven,26-017,1997,11.1,0.54,0.27,0.18,0.18,0.18,0.27,0.63,42.9,0.36,0.54,0.27,0.27,0.54,1.08,0.72,0.00,https://fbref.com/en/players/6e44569a/Guus-Til,6e44569a,Eredivisie
380,Malik Tillman,USA,"MF,FW",PSV Eindhoven,21-225,2002,5.9,3.39,1.53,1.69,1.02,0.68,1.19,2.37,50.0,1.19,1.36,0.17,1.19,0.34,3.73,0.51,0.00,https://fbref.com/en/players/a5420709/Malik-Tillman,a5420709,Eredivisie
381,Quinten Timber,NED,MF,Feyenoord,22-205,2001,15.1,1.92,1.46,0.53,0.86,0.53,0.86,1.19,72.2,0.33,1.06,0.20,0.86,0.40,2.32,0.40,0.00,https://fbref.com/en/players/803e7aca/Quinten-Timber,803e7aca,Eredivisie
382,Jens Toornstra,NED,MF,Utrecht,34-279,1989,6.0,1.67,1.00,0.67,0.83,0.17,0.33,1.83,18.2,1.50,1.33,0.17,1.17,1.17,2.83,1.50,0.00,https://fbref.com/en/players/ade993b9/Jens-Toornstra,ade993b9,Eredivisie
383,Gernot Trauner,AUT,DF,Feyenoord,31-289,1992,8.6,1.51,1.05,1.05,0.47,0.00,0.93,1.16,80.0,0.23,0.58,0.23,0.35,1.16,2.67,2.09,0.00,https://fbref.com/en/players/9d21da85/Gernot-Trauner,9d21da85,Eredivisie
384,Calvin Twigt,NED,MF,Volendam,20-343,2003,14.9,1.88,0.94,0.87,0.67,0.34,0.74,1.88,39.3,1.14,1.28,0.40,0.87,0.87,2.75,2.62,0.00,https://fbref.com/en/players/e8e125b0/Calvin-Twigt,e8e125b0,Eredivisie
385,Oscar Uddenäs,SWE,"FW,MF",Excelsior,21-144,2002,1.6,1.25,1.25,0.00,1.25,0.00,0.63,1.88,33.3,1.25,0.63,0.00,0.63,0.63,1.88,3.13,0.00,https://fbref.com/en/players/b343386d/Oscar-Uddenas,b343386d,Eredivisie
386,Ayase Ueda,JPN,"FW,MF",Feyenoord,25-120,1998,3.0,1.00,0.67,0.00,0.67,0.33,0.00,1.00,0.0,1.00,0.67,0.00,0.67,0.00,1.00,1.00,0.00,https://fbref.com/en/players/c0295327/Ayase-Ueda,c0295327,Eredivisie
387,Manfred Ugalde,CRC,FW,Twente,21-228,2002,13.3,0.90,0.60,0.15,0.38,0.38,0.15,0.83,18.2,0.68,0.98,0.08,0.90,0.08,0.98,0.30,0.00,https://fbref.com/en/players/30c4aa75/Manfred-Ugalde,30c4aa75,Eredivisie
388,Lars Unnerstall,GER,GK,Twente,33-172,1990,16.0,0.00,0.00,0.00,0.00,0.00,0.00,0.00,,0.00,0.00,0.00,0.00,0.00,0.00,0.56,0.06,https://fbref.com/en/players/4b1793b0/Lars-Unnerstall,4b1793b0,Eredivisie
389,Naci Ünüvar,NED,"FW,MF",Twente,20-209,2003,1.5,0.67,0.67,0.00,0.67,0.00,0.00,1.33,0.0,1.33,0.67,0.67,0.00,0.00,0.67,0.67,0.00,https://fbref.com/en/players/bf25cb29/Naci-Unuvar,bf25cb29,Eredivisie
390,Etienne Vaessen,NED,GK,RKC Waalwijk,28-166,1995,12.0,0.08,0.08,0.08,0.00,0.00,0.08,0.08,100.0,0.00,0.17,0.00,0.17,0.00,0.08,0.58,0.08,https://fbref.com/en/players/5622d68b/Etienne-Vaessen,5622d68b,Eredivisie
391,Amourrichio Van Axel Dongen,NED,FW,Ajax,19-101,2004,0.6,1.67,0.00,0.00,0.00,1.67,0.00,1.67,0.0,1.67,3.33,0.00,3.33,1.67,3.33,0.00,0.00,https://fbref.com/en/players/478f023e/Amourrichio-Van-Axel-Dongen,478f023e,Eredivisie
392,Dave Van Den Berg,NED,MF,Zwolle,23-338,2000,15.4,2.21,1.23,1.10,0.91,0.19,0.97,1.95,50.0,0.97,1.56,0.13,1.43,0.84,3.05,0.84,0.00,https://fbref.com/en/players/d3ea4a10/Dave-Van-Den-Berg,d3ea4a10,Eredivisie
393,Dario Van den Buijs,BEL,DF,RKC Waalwijk,28-118,1995,12.7,1.97,0.47,1.26,0.63,0.08,1.02,1.26,81.3,0.24,1.42,0.94,0.47,0.71,2.68,4.02,0.00,https://fbref.com/en/players/0a236449/Dario-Van-den-Buijs,0a236449,Eredivisie
394,Alec Van Hoorenbeeck,BEL,DF,Twente,25-009,1998,3.8,1.32,0.79,1.32,0.00,0.00,0.79,1.05,75.0,0.26,1.32,0.53,0.79,0.79,2.11,6.05,0.26,https://fbref.com/en/players/f367997a/Alec-Van-Hoorenbeeck,f367997a,Eredivisie
395,Syb Van Ottele,NED,DF,Heerenveen,21-340,2002,10.1,1.78,1.29,1.58,0.20,0.00,1.09,2.38,45.8,1.29,1.49,0.50,0.99,1.49,3.27,4.16,0.20,https://fbref.com/en/players/341dc28c/Syb-Van-Ottele,341dc28c,Eredivisie
396,Joey Veerman,NED,MF,PSV Eindhoven,25-050,1998,14.9,2.68,1.48,1.28,1.14,0.27,1.41,3.02,46.7,1.61,1.34,0.20,1.14,0.74,3.42,1.68,0.07,https://fbref.com/en/players/18fae4ac/Joey-Veerman,18fae4ac,Eredivisie
397,Marko Vejinović,NED,MF,Heracles Almelo,33-339,1990,3.8,3.68,2.63,1.84,1.84,0.00,1.32,2.37,55.6,1.05,2.11,0.26,1.84,1.58,5.26,3.42,0.00,https://fbref.com/en/players/68365860/Marko-Vejinovic,68365860,Eredivisie
398,Odysseus Velanas,NED,"FW,MF",Zwolle,25-217,1998,8.0,1.88,1.38,1.13,0.25,0.50,1.13,2.63,42.9,1.50,0.88,0.13,0.75,0.63,2.50,1.13,0.00,https://fbref.com/en/players/8185305c/Odysseus-Velanas,8185305c,Eredivisie
399,Apostolos Vellios,GRE,FW,Zwolle,32-000,1992,5.6,0.36,0.36,0.00,0.18,0.18,0.18,0.71,25.0,0.54,0.18,0.00,0.18,0.00,0.36,2.32,0.00,https://fbref.com/en/players/44918bf5/Apostolos-Vellios,44918bf5,Eredivisie
400,Tijs Velthuis,NED,DF,Sparta R'dam,21-361,2002,16.0,1.25,0.88,0.81,0.38,0.06,0.75,1.00,75.0,0.25,0.88,0.38,0.50,0.38,1.63,5.38,0.00,https://fbref.com/en/players/3925ee80/Tijs-Velthuis,3925ee80,Eredivisie
401,Calvin Verdonk,NED,DF,NEC Nijmegen,26-257,1997,15.8,4.43,2.85,2.72,1.33,0.38,2.22,3.61,61.4,1.39,2.15,0.89,1.27,1.39,5.82,3.48,0.06,https://fbref.com/en/players/bf2b4026/Calvin-Verdonk,bf2b4026,Eredivisie
402,Hobie Verhulst,NED,GK,AZ Alkmaar,30-281,1993,1.0,0.00,0.00,0.00,0.00,0.00,0.00,0.00,,0.00,0.00,0.00,0.00,0.00,0.00,1.00,0.00,https://fbref.com/en/players/9f82f7c2/Hobie-Verhulst,9f82f7c2,Eredivisie
403,Arno Verschueren,BEL,MF,Sparta R'dam,26-275,1997,12.3,1.79,1.14,0.89,0.73,0.16,0.49,1.30,37.5,0.81,0.81,0.16,0.65,0.98,2.76,0.49,0.08,https://fbref.com/en/players/0ae2b36f/Arno-Verschueren,0ae2b36f,Eredivisie
404,Yorbe Vertessen,BEL,FW,PSV Eindhoven,23-000,2001,3.8,1.05,0.79,0.53,0.00,0.53,1.05,2.37,44.4,1.32,0.26,0.26,0.00,0.00,1.05,0.26,0.00,https://fbref.com/en/players/e8ef59da/Yorbe-Vertessen,e8ef59da,Eredivisie
405,Nick Viergever,NED,DF,Utrecht,34-158,1989,5.9,1.53,0.34,1.53,0.00,0.00,1.19,1.36,87.5,0.17,1.53,1.36,0.17,0.17,1.69,5.25,0.00,https://fbref.com/en/players/e38f1636/Nick-Viergever,e38f1636,Eredivisie
406,Rémy Vita,MAD,DF,Fortuna Sittard,22-282,2001,5.4,3.33,2.22,1.67,1.48,0.19,1.48,3.33,44.4,1.85,1.67,0.56,1.11,1.85,5.19,2.41,0.00,https://fbref.com/en/players/438c6082/Remy-Vita,438c6082,Eredivisie
407,Michel Vlap,NED,FW,Twente,26-220,1997,10.1,0.40,0.40,0.00,0.30,0.10,0.20,0.79,25.0,0.59,0.69,0.00,0.69,0.79,1.19,0.89,0.00,https://fbref.com/en/players/02760e49/Michel-Vlap,02760e49,Eredivisie
408,Joel Voelkerling Persson,SWE,FW,Vitesse,20-358,2003,3.3,0.30,0.30,0.00,0.30,0.00,0.00,0.30,0.0,0.30,0.00,0.00,0.00,0.00,0.30,0.61,0.00,https://fbref.com/en/players/b3ef6517/Joel-Voelkerling-Persson,b3ef6517,Eredivisie
409,Siemen Voet,BEL,DF,Fortuna Sittard,23-339,2000,2.5,2.00,1.60,1.20,0.80,0.00,0.80,2.00,40.0,1.20,1.20,1.20,0.00,0.80,2.80,6.00,0.00,https://fbref.com/en/players/917e933f/Siemen-Voet,917e933f,Eredivisie
410,Silvano Vos,NED,MF,Ajax,18-298,2005,3.2,,1.56,,,,,,,,,,,3.13,,,,https://fbref.com/en/players/72603d10/Silvano-Vos,72603d10,Eredivisie
411,Bart Vriends,NED,DF,Sparta R'dam,32-244,1991,14.0,1.36,1.00,1.00,0.29,0.07,0.93,1.21,76.5,0.29,1.79,1.07,0.71,1.43,2.79,5.50,0.14,https://fbref.com/en/players/2e4bc188/Bart-Vriends,2e4bc188,Eredivisie
412,Patrick Vroegh,NED,MF,RKC Waalwijk,24-040,1999,0.1,0.00,0.00,0.00,0.00,0.00,0.00,0.00,,0.00,0.00,0.00,0.00,0.00,0.00,0.00,0.00,https://fbref.com/en/players/7d5fa902/Patrick-Vroegh,7d5fa902,Eredivisie
413,Patrik Wålemark,SWE,FW,Heerenveen,22-086,2001,4.2,2.38,1.67,1.19,0.95,0.24,1.19,3.10,38.5,1.90,1.43,0.24,1.19,0.24,2.62,0.48,0.00,https://fbref.com/en/players/7d7660da/Patrik-Walemark,7d7660da,Eredivisie
414,Django Warmerdam,NED,"DF,FW",Sparta R'dam,28-128,1995,5.8,1.55,1.03,1.03,0.52,0.00,1.03,1.38,75.0,0.34,1.38,0.17,1.21,1.03,2.59,3.28,0.00,https://fbref.com/en/players/421370f5/Django-Warmerdam,421370f5,Eredivisie
415,Charlie Webster,ENG,"FW,MF",Heerenveen,19-342,2004,1.2,1.67,1.67,0.00,1.67,0.00,0.83,3.33,25.0,2.50,0.83,0.00,0.83,1.67,3.33,0.00,0.00,https://fbref.com/en/players/2beff53f/Charlie-Webster,2beff53f,Eredivisie
416,Lasse Wehmeyer,GER,FW,Heracles Almelo,21-112,2002,1.7,0.00,0.00,0.00,0.00,0.00,0.00,1.76,0.0,1.76,0.59,0.59,0.00,0.00,0.00,0.59,0.00,https://fbref.com/en/players/e851067d/Lasse-Wehmeyer,e851067d,Eredivisie
417,Daouda Weidmann,CIV,"MF,DF",RKC Waalwijk,20-249,2003,0.3,0.00,0.00,0.00,0.00,0.00,0.00,0.00,,0.00,0.00,0.00,0.00,3.33,3.33,3.33,0.00,https://fbref.com/en/players/535a991e/Daouda-Weidmann,535a991e,Eredivisie
418,Timon Wellenreuther,GER,GK,Feyenoord,28-036,1995,7.0,0.14,0.14,0.14,0.00,0.00,0.14,0.14,100.0,0.00,0.00,0.00,0.00,0.00,0.14,0.29,0.00,https://fbref.com/en/players/2f18d0b8/Timon-Wellenreuther,2f18d0b8,Eredivisie
419,Sai van Wermeskerken,JPN,DF,NEC Nijmegen,29-194,1994,1.1,2.73,2.73,1.82,0.91,0.00,2.73,3.64,75.0,0.91,2.73,1.82,0.91,1.82,4.55,4.55,0.00,https://fbref.com/en/players/3942a90b/Sai-van-Wermeskerken,3942a90b,Eredivisie
420,Casper Widell,SWE,DF,Excelsior,20-248,2003,15.8,0.70,0.38,0.51,0.13,0.06,0.44,0.63,70.0,0.19,1.33,0.89,0.44,1.46,2.15,5.00,0.00,https://fbref.com/en/players/3d7f0ce3/Casper-Widell,3d7f0ce3,Eredivisie
421,Jannes Wieckhoff,GER,DF,Heracles Almelo,23-159,2000,6.4,2.34,1.41,1.72,0.47,0.16,1.88,3.75,50.0,1.88,1.72,0.63,1.09,1.09,3.44,1.72,0.16,https://fbref.com/en/players/8665db67/Jannes-Wieckhoff,8665db67,Eredivisie
422,Mats Wieffer,NED,MF,Feyenoord,24-053,1999,14.8,2.97,1.35,0.95,1.69,0.34,1.89,3.18,59.6,1.28,2.70,0.61,2.09,1.35,4.32,1.08,0.00,https://fbref.com/en/players/4876c9ab/Mats-Wieffer,4876c9ab,Eredivisie
423,Owen Wijndal,NED,DF,Ajax,24-041,1999,0.5,4.00,2.00,4.00,0.00,0.00,2.00,4.00,50.0,2.00,0.00,0.00,0.00,2.00,6.00,0.00,0.00,https://fbref.com/en/players/83300259/Owen-Wijndal,83300259,Eredivisie
424,Jetro Willems,NED,DF,Heracles Almelo,29-284,1994,7.8,1.67,1.15,1.15,0.38,0.13,1.15,1.67,69.2,0.51,0.51,0.26,0.26,0.90,2.56,2.05,0.00,https://fbref.com/en/players/9050ddc4/Jetro-Willems,9050ddc4,Eredivisie
425,Dani de Wit,NED,MF,AZ Alkmaar,25-345,1998,12.4,1.69,0.97,0.24,1.13,0.32,0.48,1.53,31.6,1.05,1.13,0.08,1.05,0.81,2.50,1.21,0.00,https://fbref.com/en/players/48a2b92a/Dani-de-Wit,48a2b92a,Eredivisie
426,Maximilian Wittek,GER,DF,Vitesse,28-140,1995,1.0,2.00,1.00,1.00,1.00,0.00,2.00,4.00,50.0,2.00,0.00,0.00,0.00,1.00,3.00,2.00,0.00,https://fbref.com/en/players/edb2712b/Maximilian-Wittek,edb2712b,Eredivisie
427,Melle Witteveen,NED,FW,Heerenveen,20-198,2003,0.8,1.25,0.00,1.25,0.00,0.00,1.25,3.75,33.3,2.50,1.25,0.00,1.25,1.25,2.50,1.25,0.00,https://fbref.com/en/players/de716a60/Melle-Witteveen,de716a60,Eredivisie
428,Ricky van Wolfswinkel,NED,"FW,MF",Twente,34-346,1989,6.3,1.59,1.11,0.48,0.79,0.32,0.00,0.79,0.0,0.79,1.59,0.16,1.43,0.16,1.75,1.11,0.00,https://fbref.com/en/players/dbe16ade/Ricky-van-Wolfswinkel,dbe16ade,Eredivisie
429,Redouan El Yaakoubi,NED,"MF,DF",Excelsior,27-348,1996,13.2,2.12,0.98,1.21,0.68,0.23,0.91,2.12,42.9,1.21,0.91,0.45,0.45,1.44,3.56,3.56,0.00,https://fbref.com/en/players/cf5e4525/Redouan-El-Yaakoubi,cf5e4525,Eredivisie
430,Mehmet Yuksel,NED,"DF,FW",Sparta R'dam,22-023,2001,0.1,10.0,10.0,0.00,10.0,0.00,0.00,0.00,,0.00,0.00,0.00,0.00,0.00,10.0,0.00,0.00,https://fbref.com/en/players/a0e66343/Mehmet-Yuksel,a0e66343,Eredivisie
431,Arthur Zagre,FRA,DF,Excelsior,22-096,2001,14.0,3.57,2.29,2.79,0.64,0.14,1.43,2.14,66.7,0.71,1.36,0.21,1.14,1.79,5.36,2.07,0.21,https://fbref.com/en/players/3225654e/Arthur-Zagre,3225654e,Eredivisie
432,Gjivai Zechiël,NED,"DF,MF",Feyenoord,19-221,2004,0.3,10.0,0.00,3.33,6.67,0.00,10.0,13.3,75.0,3.33,3.33,0.00,3.33,0.00,10.0,3.33,0.00,https://fbref.com/en/players/dd0fd043/Gjivai-Zechiel,dd0fd043,Eredivisie
433,Lequincio Zeefuik,NED,"FW,MF",Volendam,19-043,2004,6.3,0.32,0.16,0.00,0.32,0.00,0.16,0.32,50.0,0.16,1.27,0.00,1.27,0.16,0.48,0.95,0.00,https://fbref.com/en/players/e38b5f28/Lequincio-Zeefuik,e38b5f28,Eredivisie
434,Ramiz Zerrouki,ALG,MF,Feyenoord,25-227,1998,5.2,2.31,1.73,1.15,0.96,0.19,0.77,1.54,50.0,0.77,2.12,0.58,1.54,0.96,3.27,0.77,0.00,https://fbref.com/en/players/c762b1a6/Ramiz-Zerrouki,c762b1a6,Eredivisie
435,Giovanni van Zwam,NED,DF,Vitesse,20-006,2004,2.1,5.24,3.81,3.33,1.43,0.48,4.29,7.14,60.0,2.86,1.90,0.95,0.95,1.43,6.67,1.90,0.00,https://fbref.com/en/players/cd407f1c/Giovanni-van-Zwam,cd407f1c,Eredivisie
436,Willum Þór Willumsson,ISL,MF,Go Ahead Eag,25-077,1998,15.6,0.83,0.38,0.00,0.58,0.26,0.13,0.38,33.3,0.26,0.64,0.13,0.51,0.32,1.15,1.28,0.00,https://fbref.com/en/players/f3f80000/Willum-Thor-Willumsson,f3f80000,Eredivisie
