Rk,Player,Nation,Pos,Squad,Age,Born,90s,Att,Pass Types_Live,Pass Types_Dead,Pass Types_FK,Pass Types_TB,Pass Types_Sw,Pass Types_Crs,Pass Types_TI,Pass Types_CK,Corner Kicks_In,Corner Kicks_Out,Corner Kicks_Str,Outcomes_Cmp,Outcomes_Off,Outcomes_Blocks,Player Link_,Player ID_,Competition
1,Patrick van Aanholt,NED,DF,PSV Eindhoven,33-132,1990,10.2,62.9,55.0,7.65,0.20,0.29,0.29,2.25,7.45,0.00,0.00,0.00,0.00,53.3,0.29,0.39,https://fbref.com/en/players/5f09991f/Patrick-van-Aanholt,5f09991f,Eredivisie
2,Jayden Addai,GHA,FW,AZ Alkmaar,18-135,2005,0.7,25.7,25.7,0.00,0.00,0.00,0.00,2.86,0.00,0.00,0.00,0.00,0.00,17.1,0.00,2.86,https://fbref.com/en/players/662ffe3d/Jayden-Addai,662ffe3d,Eredivisie
3,Bobby Adekanye,NED,"FW,MF",Go Ahead Eag,24-328,1999,7.4,21.5,21.4,0.00,0.00,0.00,0.14,2.03,0.00,0.00,0.00,0.00,0.00,15.4,0.14,0.81,https://fbref.com/en/players/3ed84b2c/Bobby-Adekanye,3ed84b2c,Eredivisie
4,Shawn Adewoye,BEL,DF,RKC Waalwijk,23-193,2000,11.1,47.8,46.1,1.71,0.90,0.00,0.18,0.09,0.27,0.00,0.00,0.00,0.00,42.2,0.00,0.72,https://fbref.com/en/players/be98fc34/Shawn-Adewoye,be98fc34,Eredivisie
5,Nikolas Agrafiotis,NED,FW,Excelsior,23-258,2000,8.1,21.9,21.0,0.86,0.00,0.00,0.00,0.25,0.12,0.00,0.00,0.00,0.00,13.3,0.00,1.11,https://fbref.com/en/players/72a63c0b/Nikolas-Agrafiotis,72a63c0b,Eredivisie
6,Chuba Akpom,ENG,"FW,MF",Ajax,28-091,1995,4.4,23.0,21.8,0.68,0.00,0.23,0.45,0.23,0.00,0.23,0.00,0.00,0.00,17.3,0.45,1.14,https://fbref.com/en/players/e2b384d2/Chuba-Akpom,e2b384d2,Eredivisie
7,Hamdi Akujobi,NED,"DF,MF",Almere City,23-353,2000,6.9,42.3,31.3,11.0,0.58,0.14,0.43,2.46,10.4,0.00,0.00,0.00,0.00,28.7,0.00,0.72,https://fbref.com/en/players/0b524c25/Hamdi-Akujobi,0b524c25,Eredivisie
8,Hussein Ali,IRQ,DF,Heerenveen,21-313,2002,5.7,34.4,26.5,7.89,0.53,0.18,0.00,2.63,7.37,0.00,0.00,0.00,0.00,26.8,0.00,1.05,https://fbref.com/en/players/b8a919ad/Hussein-Ali,b8a919ad,Eredivisie
9,Jordi Altena,NED,MF,Vitesse,20-035,2003,0.1,40.0,40.0,0.00,0.00,0.00,0.00,0.00,0.00,0.00,0.00,0.00,0.00,20.0,0.00,0.00,https://fbref.com/en/players/25cfb552/Jordi-Altena,25cfb552,Eredivisie
10,Jaydon Amauri Banel,NED,"MF,FW",Ajax,19-081,2004,0.3,46.7,43.3,3.33,3.33,0.00,0.00,3.33,0.00,0.00,0.00,0.00,0.00,36.7,0.00,3.33,https://fbref.com/en/players/98e0d76c/Jaydon-Amauri-Banel,98e0d76c,Eredivisie
11,Pelle van Amersfoort,NED,FW,Heerenveen,27-282,1996,9.1,20.4,19.1,1.32,0.00,0.00,0.00,0.44,0.44,0.00,0.00,0.00,0.00,11.6,0.00,0.77,https://fbref.com/en/players/8cef2308/Pelle-van-Amersfoort,8cef2308,Eredivisie
12,Jamal Amofa,NED,DF,Go Ahead Eag,25-044,1998,12.5,41.2,40.0,1.12,1.04,0.00,0.40,0.08,0.00,0.00,0.00,0.00,0.00,33.9,0.08,0.08,https://fbref.com/en/players/ec3e9827/Jamal-Amofa,ec3e9827,Eredivisie
13,Augustin Anello,BEL,"FW,MF",Sparta R'dam,21-261,2002,2.5,40.0,32.8,6.80,3.20,0.00,0.00,6.40,1.20,2.40,1.20,0.80,0.00,24.8,0.40,0.80,https://fbref.com/en/players/c16ab6bc/Augustin-Anello,c16ab6bc,Eredivisie
14,Joey Antonioli,NED,MF,Volendam,20-024,2003,1.1,18.2,17.3,0.00,0.00,0.00,0.00,0.00,0.00,0.00,0.00,0.00,0.00,11.8,0.91,0.91,https://fbref.com/en/players/cc423d7c/Joey-Antonioli,cc423d7c,Eredivisie
15,Carlens Arcus,HAI,DF,Vitesse,27-194,1996,11.2,57.9,46.3,11.5,0.63,0.00,0.54,2.41,10.9,0.00,0.00,0.00,0.00,46.1,0.09,1.88,https://fbref.com/en/players/5e837126/Carlens-Arcus,5e837126,Eredivisie
16,D'Leanu Arts,NED,DF,NEC Nijmegen,20-226,2003,0.2,65.0,45.0,20.0,0.00,0.00,0.00,0.00,20.0,0.00,0.00,0.00,0.00,40.0,0.00,0.00,https://fbref.com/en/players/9014a9c8/DLeanu-Arts,9014a9c8,Eredivisie
17,Gastón Ávila,ARG,DF,Ajax,22-100,2001,3.9,75.9,67.7,8.21,2.05,0.51,0.77,1.28,4.62,0.00,0.00,0.00,0.00,64.6,0.00,0.77,https://fbref.com/en/players/f648b2e1/Gaston-Avila,f648b2e1,Eredivisie
18,Marouan Azarkan,NED,FW,Utrecht,22-031,2001,6.7,41.2,37.2,4.03,1.34,0.15,0.00,6.87,1.19,1.34,1.04,0.30,0.00,27.8,0.00,1.19,https://fbref.com/en/players/9469388f/Marouan-Azarkan,9469388f,Eredivisie
19,Anouar El Azzouzi,NED,DF,Zwolle,22-224,2001,1.1,75.5,72.7,2.73,0.91,0.00,0.00,0.91,0.91,0.00,0.00,0.00,0.00,62.7,0.00,0.91,https://fbref.com/en/players/22a6a4d7/Anouar-El-Azzouzi,22a6a4d7,Eredivisie
20,Julian Baas,NED,MF,Excelsior,21-267,2002,15.5,42.8,37.9,4.90,1.94,0.19,0.52,3.48,0.39,2.13,1.29,0.45,0.00,32.6,0.06,0.97,https://fbref.com/en/players/7156acb5/Julian-Baas,7156acb5,Eredivisie
21,Youri Baas,NED,"DF,FW",NEC Nijmegen,20-297,2003,8.5,36.2,30.4,5.88,0.24,0.00,0.24,1.53,5.65,0.00,0.00,0.00,0.00,24.8,0.00,1.76,https://fbref.com/en/players/ca002b1a/Youri-Baas,ca002b1a,Eredivisie
22,Isaac Babadi,NED,"MF,FW",PSV Eindhoven,18-277,2005,1.3,63.8,62.3,0.77,0.77,0.00,2.31,2.31,0.00,0.00,0.00,0.00,0.00,50.0,0.77,0.00,https://fbref.com/en/players/52f7e3a7/Isaac-Babadi,52f7e3a7,Eredivisie
23,Mio Backhaus,GER,GK,Volendam,19-267,2004,16.0,41.8,30.8,10.9,3.19,0.00,0.31,0.00,0.06,0.00,0.00,0.00,0.00,26.5,0.13,0.06,https://fbref.com/en/players/0d41f821/Mio-Backhaus,0d41f821,Eredivisie
24,Thibo Baeten,BEL,FW,Go Ahead Eag,21-218,2002,1.7,29.4,29.4,0.00,0.00,0.00,0.59,0.00,0.00,0.00,0.00,0.00,0.00,24.1,0.00,0.59,https://fbref.com/en/players/f976899a/Thibo-Baeten,f976899a,Eredivisie
25,Saïd Bakari,COM,DF,Sparta R'dam,29-108,1994,15.4,45.7,38.2,7.53,0.19,0.00,0.13,2.40,7.34,0.00,0.00,0.00,0.00,36.9,0.00,1.04,https://fbref.com/en/players/3a0fbf82/Said-Bakari,3a0fbf82,Eredivisie
26,Johan Bakayoko,BEL,"FW,MF",PSV Eindhoven,20-263,2003,13.1,50.7,46.6,3.89,0.31,0.31,0.31,4.89,1.60,1.83,0.92,0.15,0.00,40.3,0.15,1.98,https://fbref.com/en/players/0caa2fd4/Johan-Bakayoko,0caa2fd4,Eredivisie
27,Navajo Bakboord,NED,DF,Heracles Almelo,24-344,1999,9.2,49.6,39.3,10.1,1.09,0.11,0.11,1.85,9.02,0.00,0.00,0.00,0.00,38.9,0.11,1.09,https://fbref.com/en/players/216d25a3/Navajo-Bakboord,216d25a3,Eredivisie
28,Zakaria Bakkali,BEL,"MF,FW",RKC Waalwijk,27-347,1996,7.5,33.2,30.4,2.80,0.67,0.00,0.27,5.33,0.27,1.87,0.53,0.80,0.00,22.7,0.00,1.47,https://fbref.com/en/players/ec3efd7f/Zakaria-Bakkali,ec3efd7f,Eredivisie
29,Nordin Bakker,NED,GK,Almere City,26-069,1997,16.0,36.2,25.2,10.9,2.13,0.00,0.06,0.00,0.00,0.00,0.00,0.00,0.00,16.7,0.06,0.00,https://fbref.com/en/players/12f664ca/Nordin-Bakker,12f664ca,Eredivisie
30,Jesse Bal,NED,MF,Sparta R'dam,17-099,2006,0.1,10.0,10.0,0.00,0.00,0.00,0.00,0.00,0.00,0.00,0.00,0.00,0.00,10.0,0.00,0.00,https://fbref.com/en/players/f60ea55c/Jesse-Bal,f60ea55c,Eredivisie
31,Théo Barbet,FRA,DF,Almere City,22-308,2001,9.3,37.4,36.6,0.86,0.75,0.11,0.54,0.00,0.11,0.00,0.00,0.00,0.00,28.3,0.00,0.32,https://fbref.com/en/players/06d51feb/Theo-Barbet,06d51feb,Eredivisie
32,Vasilios Barkas,GRE,GK,Utrecht,29-223,1994,15.0,38.1,26.1,11.9,2.40,0.00,0.00,0.00,0.07,0.00,0.00,0.00,0.00,25.7,0.13,0.00,https://fbref.com/en/players/c2e41cfb/Vasilios-Barkas,c2e41cfb,Eredivisie
33,Riechedly Bazoer,NED,DF,AZ Alkmaar,27-088,1996,12.0,65.4,63.8,1.50,1.00,0.08,0.83,0.25,0.25,0.00,0.00,0.00,0.00,59.1,0.08,0.58,https://fbref.com/en/players/da59a197/Riechedly-Bazoer,da59a197,Eredivisie
34,Sven van Beek,NED,DF,Heerenveen,29-164,1994,11.1,57.9,56.2,1.53,0.45,0.00,0.63,0.36,0.36,0.00,0.00,0.00,0.00,49.3,0.18,0.27,https://fbref.com/en/players/49312f11/Sven-van-Beek,49312f11,Eredivisie
35,Thomas Beelen,NED,DF,Feyenoord,22-211,2001,2.3,81.3,80.0,1.30,1.30,0.00,0.00,0.00,0.00,0.00,0.00,0.00,0.00,76.1,0.00,0.87,https://fbref.com/en/players/530e7d85/Thomas-Beelen,530e7d85,Eredivisie
36,Mouhamed Belkheir,FRA,"FW,MF",Fortuna Sittard,25-006,1999,3.9,14.4,13.1,1.28,0.00,0.00,0.26,1.03,0.00,0.00,0.00,0.00,0.00,9.23,0.00,0.77,https://fbref.com/en/players/14340768/Mouhamed-Belkheir,14340768,Eredivisie
37,Armel Bella Kotchap,GER,DF,PSV Eindhoven,22-028,2001,1.8,83.3,83.3,0.00,0.00,0.56,0.00,0.56,0.00,0.00,0.00,0.00,0.00,75.0,0.00,0.00,https://fbref.com/en/players/a39d11bc/Armel-Bella-Kotchap,a39d11bc,Eredivisie
38,Benaissa Benamar,MAR,DF,Volendam,26-275,1997,10.8,55.0,50.7,4.07,2.50,0.00,0.83,0.19,0.56,0.00,0.00,0.00,0.00,48.4,0.19,0.19,https://fbref.com/en/players/01ca961e/Benaissa-Benamar,01ca961e,Eredivisie
39,Mimeirhel Benita,NED,"DF,FW",Excelsior,20-052,2003,1.5,38.0,29.3,8.67,1.33,0.00,0.00,2.67,7.33,0.00,0.00,0.00,0.00,24.0,0.00,0.00,https://fbref.com/en/players/35ccba69/Mimeirhel-Benita,35ccba69,Eredivisie
40,Walter Benítez,ARG,GK,PSV Eindhoven,30-354,1993,16.0,28.6,22.7,5.81,1.25,0.00,0.06,0.00,0.00,0.00,0.00,0.00,0.00,24.5,0.06,0.00,https://fbref.com/en/players/8a2248b4/Walter-Benitez,8a2248b4,Eredivisie
41,Mitchell van Bergen,NED,"FW,MF",Twente,24-134,1999,3.2,41.3,38.4,2.81,0.00,0.00,0.31,10.9,0.31,2.19,1.25,0.94,0.00,27.5,0.00,1.25,https://fbref.com/en/players/0b2c9aec/Mitchell-van-Bergen,0b2c9aec,Eredivisie
42,Steven Berghuis,NED,"FW,MF",Ajax,32-020,1991,10.2,65.5,57.7,7.55,1.37,0.98,1.08,7.45,1.57,4.61,2.16,1.08,0.10,48.5,0.20,1.86,https://fbref.com/en/players/713c144a/Steven-Berghuis,713c144a,Eredivisie
43,Steven Bergwijn,NED,"FW,MF",Ajax,26-092,1997,12.4,43.0,40.1,2.58,0.56,0.48,0.24,1.13,1.37,0.65,0.16,0.08,0.00,36.4,0.32,0.73,https://fbref.com/en/players/a29b1131/Steven-Bergwijn,a29b1131,Eredivisie
44,Gijs Besselink,NED,"FW,MF",Twente,19-206,2004,0.3,53.3,50.0,3.33,0.00,0.00,0.00,0.00,3.33,0.00,0.00,0.00,0.00,40.0,0.00,3.33,https://fbref.com/en/players/689b9ef0/Gijs-Besselink,689b9ef0,Eredivisie
45,Justin Bijlow,NED,GK,Feyenoord,25-351,1998,9.0,42.6,38.1,4.44,1.33,0.00,0.22,0.00,0.00,0.00,0.00,0.00,0.00,38.2,0.00,0.00,https://fbref.com/en/players/53d93280/Justin-Bijlow,53d93280,Eredivisie
46,Xander Blomme,BEL,MF,Go Ahead Eag,21-201,2002,0.5,16.0,16.0,0.00,0.00,0.00,0.00,0.00,0.00,0.00,0.00,0.00,0.00,12.0,0.00,0.00,https://fbref.com/en/players/a712e3f5/Xander-Blomme,a712e3f5,Eredivisie
47,Paweł Bochniewicz,POL,DF,Heerenveen,27-343,1996,10.2,58.4,56.5,1.96,0.69,0.10,0.69,0.00,0.10,0.00,0.00,0.00,0.00,49.4,0.00,0.59,https://fbref.com/en/players/9bf068be/Pawel-Bochniewicz,9bf068be,Eredivisie
48,Ruben van Bommel,NED,FW,AZ Alkmaar,19-158,2004,6.0,32.0,31.2,0.33,0.00,0.17,0.83,1.67,0.33,0.00,0.00,0.00,0.00,21.8,0.50,1.50,https://fbref.com/en/players/c9314f57/Ruben-van-Bommel,c9314f57,Eredivisie
49,Taylor Booth,USA,FW,Utrecht,22-222,2001,3.9,22.8,21.5,1.28,0.26,0.00,0.00,4.10,0.51,0.26,0.26,0.00,0.00,14.9,0.00,1.28,https://fbref.com/en/players/1eb05a70/Taylor-Booth,1eb05a70,Eredivisie
50,Zach Booth,USA,"MF,FW",Volendam,19-325,2004,3.7,20.8,20.8,0.00,0.00,0.00,0.27,0.81,0.00,0.00,0.00,0.00,0.00,14.3,0.00,1.35,https://fbref.com/en/players/7e47a132/Zach-Booth,7e47a132,Eredivisie
51,Olivier Boscagli,FRA,DF,PSV Eindhoven,26-051,1997,14.1,86.5,83.5,2.77,1.84,0.14,1.77,0.50,0.35,0.00,0.00,0.00,0.00,74.3,0.14,0.28,https://fbref.com/en/players/403f5d20/Olivier-Boscagli,403f5d20,Eredivisie
52,Othman Boussaid,BEL,FW,Utrecht,23-307,2000,8.0,44.1,42.9,1.13,0.13,0.25,0.88,4.38,0.75,0.00,0.00,0.00,0.00,32.0,0.13,1.75,https://fbref.com/en/players/c8b55104/Othman-Boussaid,c8b55104,Eredivisie
53,Amine Boutrah,FRA,FW,Vitesse,23-074,2000,7.6,34.5,33.4,0.92,0.13,0.13,0.39,1.18,0.66,0.00,0.00,0.00,0.00,27.6,0.13,1.18,https://fbref.com/en/players/07a13958/Amine-Boutrah,07a13958,Eredivisie
54,Can Bozdogan,GER,MF,Utrecht,22-278,2001,13.9,45.7,41.7,3.88,1.87,0.22,0.07,2.37,0.58,1.44,0.43,0.86,0.00,36.5,0.14,0.72,https://fbref.com/en/players/b797f558/Can-Bozdogan,b797f558,Eredivisie
55,Mattijs Branderhorst,NED,GK,Utrecht,30-008,1993,1.0,27.0,22.0,5.00,1.00,0.00,0.00,0.00,0.00,0.00,0.00,0.00,0.00,21.0,0.00,0.00,https://fbref.com/en/players/b74a2c78/Mattijs-Branderhorst,b74a2c78,Eredivisie
56,Oliver Braude,NOR,DF,Heerenveen,19-321,2004,6.9,54.5,45.7,8.55,0.29,0.00,0.14,2.03,8.26,0.00,0.00,0.00,0.00,42.8,0.29,1.59,https://fbref.com/en/players/409ccdb7/Oliver-Braude,409ccdb7,Eredivisie
57,Myron van Brederode,NED,FW,AZ Alkmaar,20-186,2003,8.6,33.6,32.2,1.40,0.93,0.35,0.00,1.51,0.23,0.23,0.23,0.00,0.00,27.7,0.00,0.81,https://fbref.com/en/players/485fbd1a/Myron-van-Brederode,485fbd1a,Eredivisie
58,Joshua Brenet,NED,DF,Twente,29-294,1994,2.8,60.0,51.4,7.86,0.71,0.36,0.36,2.14,7.14,0.00,0.00,0.00,0.00,47.5,0.71,1.07,https://fbref.com/en/players/2b5527c4/Joshua-Brenet,2b5527c4,Eredivisie
59,Jakob Breum,DEN,FW,Go Ahead Eag,20-052,2003,7.6,31.7,30.7,0.92,0.26,0.00,0.13,2.11,0.53,0.13,0.13,0.00,0.00,23.7,0.13,2.24,https://fbref.com/en/players/31c61ac7/Jakob-Breum,31c61ac7,Eredivisie
60,Brian Brobbey,NED,FW,Ajax,21-341,2002,13.7,18.7,16.4,2.26,0.15,0.00,0.07,0.15,0.00,0.00,0.00,0.00,0.00,14.5,0.00,0.66,https://fbref.com/en/players/4c184730/Brian-Brobbey,4c184730,Eredivisie
61,Michael Brouwer,NED,GK,Heracles Almelo,30-352,1993,16.0,42.5,32.4,9.81,1.69,0.00,0.31,0.00,0.00,0.00,0.00,0.00,0.00,26.1,0.31,0.00,https://fbref.com/en/players/4f521fcf/Michael-Brouwer,4f521fcf,Eredivisie
62,Luuk Brouwers,NED,MF,Heerenveen,25-250,1998,12.1,36.3,34.5,1.65,0.41,0.17,0.00,0.58,0.17,0.00,0.00,0.00,0.00,30.5,0.08,0.50,https://fbref.com/en/players/82306565/Luuk-Brouwers,82306565,Eredivisie
63,Damian van Bruggen,NED,DF,Almere City,27-296,1996,12.0,29.6,27.7,1.83,1.75,0.00,0.00,0.00,0.08,0.00,0.00,0.00,0.00,20.3,0.08,0.08,https://fbref.com/en/players/988ddfcf/Damian-van-Bruggen,988ddfcf,Eredivisie
64,Jeffrey Bruma,NED,DF,RKC Waalwijk,32-056,1991,3.0,62.7,60.7,2.00,2.00,0.00,0.33,0.00,0.00,0.00,0.00,0.00,0.00,50.7,0.00,1.00,https://fbref.com/en/players/fbffc4b1/Jeffrey-Bruma,fbffc4b1,Eredivisie
65,Max Bruns,NED,DF,Twente,21-063,2002,1.3,76.2,73.8,2.31,1.54,0.00,0.00,0.00,0.00,0.00,0.00,0.00,0.00,66.9,0.00,1.54,https://fbref.com/en/players/ff9eae4d/Max-Bruns,ff9eae4d,Eredivisie
66,Thomas Bruns,NED,"MF,FW",Heracles Almelo,32-001,1992,7.8,44.5,37.3,6.79,1.92,0.26,0.51,5.00,1.15,2.18,0.64,1.15,0.00,29.7,0.38,1.15,https://fbref.com/en/players/16952f65/Thomas-Bruns,16952f65,Eredivisie
67,Charles-Andréas Brym,CAN,"FW,MF",Sparta R'dam,25-153,1998,7.3,25.5,24.9,0.41,0.14,0.00,0.14,3.01,0.14,0.00,0.00,0.00,0.00,18.4,0.14,0.68,https://fbref.com/en/players/be76f15c/Charles-Andreas-Brym,be76f15c,Eredivisie
68,Stijn Bultman,NED,DF,Heracles Almelo,18-344,2005,8.6,54.4,52.8,1.63,0.70,0.00,0.93,0.00,0.35,0.00,0.00,0.00,0.00,43.6,0.00,0.35,https://fbref.com/en/players/faa8d9c2/Stijn-Bultman,faa8d9c2,Eredivisie
69,Oskar Buur,DEN,DF,Volendam,25-283,1998,6.1,38.5,31.3,7.05,0.82,0.16,0.00,2.13,6.23,0.00,0.00,0.00,0.00,28.7,0.16,0.98,https://fbref.com/en/players/aa6f2f2c/Oskar-Buur,aa6f2f2c,Eredivisie
70,Zico Buurmeester,NED,MF,Zwolle,21-215,2002,15.1,38.6,36.7,1.72,0.53,0.00,0.13,1.06,0.26,0.79,0.33,0.33,0.00,31.3,0.20,0.66,https://fbref.com/en/players/62766c3f/Zico-Buurmeester,62766c3f,Eredivisie
71,Yoann Cathline,FRA,"DF,FW",Almere City,21-170,2002,3.3,39.1,34.5,4.55,0.91,0.00,0.00,9.09,1.52,2.12,0.00,1.82,0.00,23.0,0.00,1.52,https://fbref.com/en/players/4db5915d/Yoann-Cathline,4db5915d,Eredivisie
72,Sava Cestic,SRB,DF,Heracles Almelo,22-323,2001,1.3,60.8,59.2,1.54,1.54,0.00,0.77,0.00,0.00,0.00,0.00,0.00,0.00,45.4,0.00,0.77,https://fbref.com/en/players/0b7dae21/Sava-Cestic,0b7dae21,Eredivisie
73,Jasper Cillessen,NED,GK,NEC Nijmegen,34-261,1989,12.3,37.3,25.8,11.5,1.87,0.00,0.00,0.00,0.00,0.00,0.00,0.00,0.00,23.8,0.08,0.00,https://fbref.com/en/players/04ac8285/Jasper-Cillessen,04ac8285,Eredivisie
74,Jordy Clasie,NED,MF,AZ Alkmaar,32-195,1991,14.6,64.1,62.4,1.51,1.37,0.14,0.27,0.34,0.14,0.00,0.00,0.00,0.00,57.3,0.21,0.34,https://fbref.com/en/players/31c01b85/Jordy-Clasie,31c01b85,Eredivisie
75,Pelle Clement,NED,FW,Sparta R'dam,27-234,1996,7.6,36.2,33.7,2.37,0.26,0.00,0.13,2.37,0.79,1.18,0.53,0.13,0.00,27.1,0.13,1.05,https://fbref.com/en/players/f7226e46/Pelle-Clement,f7226e46,Eredivisie
76,Denilho Cleonise,NED,"FW,MF",RKC Waalwijk,22-031,2001,11.4,23.2,21.9,1.23,0.35,0.09,0.09,3.68,0.09,0.79,0.35,0.09,0.00,16.9,0.00,1.32,https://fbref.com/en/players/91c9de34/Denilho-Cleonise,91c9de34,Eredivisie
77,Iñigo Córdoba,ESP,FW,Fortuna Sittard,26-301,1997,12.8,34.4,33.6,0.70,0.23,0.00,0.08,2.73,0.47,0.00,0.00,0.00,0.00,22.2,0.08,1.72,https://fbref.com/en/players/49ea92be/Inigo-Cordoba,49ea92be,Eredivisie
78,Enzo Cornelisse,NED,"DF,MF",Vitesse,21-007,2003,9.7,35.5,26.5,8.76,1.75,0.00,0.31,3.92,4.74,2.27,1.24,1.03,0.00,24.5,0.21,1.03,https://fbref.com/en/players/441f7f4c/Enzo-Cornelisse,441f7f4c,Eredivisie
79,Milan Corryn,BEL,FW,Almere City,24-279,1999,0.1,30.0,20.0,10.0,10.0,0.00,0.00,0.00,0.00,0.00,0.00,0.00,0.00,30.0,0.00,0.00,https://fbref.com/en/players/88b73396/Milan-Corryn,88b73396,Eredivisie
80,George Cox,ENG,DF,Volendam,25-359,1998,7.8,53.1,46.0,6.92,0.38,0.13,0.51,2.95,6.54,0.00,0.00,0.00,0.00,40.1,0.13,1.28,https://fbref.com/en/players/8c25d35a/George-Cox,8c25d35a,Eredivisie
81,Vito van Crooy,NED,FW,Sparta R'dam,27-344,1996,2.9,38.3,30.0,7.93,1.03,0.00,0.69,5.52,3.45,3.10,1.38,1.38,0.00,21.0,0.34,0.69,https://fbref.com/en/players/4b8b9e6c/Vito-van-Crooy,4b8b9e6c,Eredivisie
82,Lennart-Marten Czyborra,GER,DF,Zwolle,24-250,1999,1.6,48.1,41.3,6.88,1.25,0.00,0.00,4.38,5.63,0.00,0.00,0.00,0.00,31.9,0.00,1.88,https://fbref.com/en/players/7ba1f1ef/Lennart-Marten-Czyborra,7ba1f1ef,Eredivisie
83,Tiago Dantas,POR,MF,AZ Alkmaar,23-015,2000,3.8,63.4,61.1,2.11,1.32,0.00,0.26,0.79,0.79,0.00,0.00,0.00,0.00,54.7,0.26,1.05,https://fbref.com/en/players/234204f4/Tiago-Dantas,234204f4,Eredivisie
84,Brian De Keersmaecker,BEL,MF,Heracles Almelo,23-247,2000,15.9,39.7,37.7,1.82,1.38,0.13,0.75,0.19,0.38,0.00,0.00,0.00,0.00,33.9,0.19,0.57,https://fbref.com/en/players/40d2f0cb/Brian-De-Keersmaecker,40d2f0cb,Eredivisie
85,Jeffrey De Lange,NED,GK,Go Ahead Eag,25-282,1998,16.0,39.3,30.4,8.81,2.69,0.00,0.19,0.00,0.00,0.00,0.00,0.00,0.00,25.9,0.13,0.00,https://fbref.com/en/players/c31cf14b/Jeffrey-De-Lange,c31cf14b,Eredivisie
86,Mats Deijl,NED,DF,Go Ahead Eag,26-177,1997,16.0,45.8,35.4,10.3,1.19,0.06,0.38,1.81,9.06,0.06,0.00,0.06,0.00,33.1,0.06,0.81,https://fbref.com/en/players/709e48d4/Mats-Deijl,709e48d4,Eredivisie
87,Thomas van den Belt,NED,MF,Feyenoord,22-204,2001,0.4,55.0,52.5,0.00,0.00,0.00,0.00,0.00,0.00,0.00,0.00,0.00,0.00,47.5,2.50,0.00,https://fbref.com/en/players/a686ef30/Thomas-van-den-Belt,a686ef30,Eredivisie
88,Branco van den Boomen,NED,MF,Ajax,28-171,1995,6.9,81.9,73.0,8.41,2.32,0.00,1.30,9.13,0.43,5.65,2.75,2.46,0.00,63.2,0.43,2.46,https://fbref.com/en/players/99d660b2/Branco-van-den-Boomen,99d660b2,Eredivisie
89,Damian van der Haar,,DF,Zwolle,,,0.3,80.0,73.3,6.67,0.00,0.00,0.00,0.00,6.67,0.00,0.00,0.00,0.00,53.3,0.00,0.00,https://fbref.com/en/players/fb0346ad/Damian-van-der-Haar,fb0346ad,Eredivisie
90,Mike van der Hoorn,NED,DF,Utrecht,31-085,1992,7.3,59.7,55.9,3.84,3.42,0.00,1.51,0.14,0.00,0.00,0.00,0.00,0.00,48.1,0.00,0.14,https://fbref.com/en/players/25f50295/Mike-van-der-Hoorn,25f50295,Eredivisie
91,Djevencio van der Kust,SUR,DF,Sparta R'dam,22-253,2001,11.5,53.4,41.6,11.8,1.13,0.00,0.26,2.96,10.7,0.00,0.00,0.00,0.00,41.0,0.00,1.74,https://fbref.com/en/players/e276e3e6/Djevencio-van-der-Kust,e276e3e6,Eredivisie
92,Mark van der Maarel,NED,DF,Utrecht,34-149,1989,3.3,49.7,41.5,8.18,1.52,0.00,0.61,0.61,6.67,0.00,0.00,0.00,0.00,40.0,0.00,1.21,https://fbref.com/en/players/a31f9e95/Mark-van-der-Maarel,a31f9e95,Eredivisie
93,Anthony Descotte,BEL,FW,Utrecht,20-158,2003,2.1,17.6,16.2,1.43,0.00,0.00,0.95,0.48,0.00,0.00,0.00,0.00,0.00,11.9,0.00,0.48,https://fbref.com/en/players/0e67374f/Anthony-Descotte,0e67374f,Eredivisie
94,Sergiño Dest,USA,DF,PSV Eindhoven,23-066,2000,10.1,58.6,50.1,8.32,0.59,0.30,0.00,2.77,7.72,0.00,0.00,0.00,0.00,50.1,0.20,1.49,https://fbref.com/en/players/5976f83e/Sergino-Dest,5976f83e,Eredivisie
95,Mitchell Dijks,NED,DF,Fortuna Sittard,30-333,1993,9.4,42.9,32.2,10.4,0.85,0.00,0.11,1.81,9.57,0.00,0.00,0.00,0.00,31.2,0.21,1.38,https://fbref.com/en/players/0a3065c8/Mitchell-Dijks,0a3065c8,Eredivisie
96,Javairô Dilrosun,NED,"FW,MF",Feyenoord,25-200,1998,1.3,70.8,66.9,3.85,0.00,0.77,0.00,10.0,3.85,0.00,0.00,0.00,0.00,55.4,0.00,1.54,https://fbref.com/en/players/34a0f5ff/Javairo-Dilrosun,34a0f5ff,Eredivisie
97,Toni Domgjoni,KVX,MF,Vitesse,25-126,1998,3.4,37.1,34.1,2.65,1.47,0.00,0.00,0.88,0.59,0.00,0.00,0.00,0.00,29.4,0.29,1.18,https://fbref.com/en/players/ead51916/Toni-Domgjoni,ead51916,Eredivisie
98,Bas Dost,NED,FW,NEC Nijmegen,34-222,1989,5.1,32.2,31.6,0.59,0.00,0.20,0.00,0.39,0.00,0.00,0.00,0.00,0.00,17.5,0.00,0.59,https://fbref.com/en/players/dc90cfbe/Bas-Dost,dc90cfbe,Eredivisie
99,Achraf Douiri,NED,DF,Volendam,24-042,1999,1.4,47.1,37.1,10.0,0.71,0.00,0.00,0.71,9.29,0.00,0.00,0.00,0.00,34.3,0.00,0.71,https://fbref.com/en/players/e10e4a3e/Achraf-Douiri,e10e4a3e,Eredivisie
100,Anastasios Douvikas,GRE,FW,Utrecht,24-159,1999,2.0,22.5,20.5,2.00,0.00,0.00,0.00,1.00,0.00,0.00,0.00,0.00,0.00,14.0,0.00,0.50,https://fbref.com/en/players/853ca71c/Anastasios-Douvikas,853ca71c,Eredivisie
101,Bram van Driel,NED,"MF,DF",Volendam,18-225,2005,0.9,22.2,22.2,0.00,0.00,0.00,0.00,0.00,0.00,0.00,0.00,0.00,0.00,14.4,0.00,1.11,https://fbref.com/en/players/5c0a9af3/Bram-van-Driel,5c0a9af3,Eredivisie
102,Couhaib Driouech,MAR,"FW,MF",Excelsior,21-266,2002,12.5,30.4,28.5,1.92,0.16,0.24,0.48,3.68,1.60,0.08,0.08,0.00,0.00,21.0,0.00,1.28,https://fbref.com/en/players/66a2a495/Couhaib-Driouech,66a2a495,Eredivisie
103,Ferdy Druijf,NED,"FW,MF",Zwolle,25-330,1998,10.0,23.8,23.4,0.40,0.00,0.20,0.40,0.60,0.00,0.00,0.00,0.00,0.00,15.3,0.00,1.10,https://fbref.com/en/players/9ef884b1/Ferdy-Druijf,9ef884b1,Eredivisie
104,Deroy Duarte,CPV,MF,Fortuna Sittard,24-188,1999,15.4,33.8,32.9,0.97,0.71,0.06,0.32,0.00,0.26,0.00,0.00,0.00,0.00,27.8,0.00,0.39,https://fbref.com/en/players/6af8fc5b/Deroy-Duarte,6af8fc5b,Eredivisie
105,Lance Duijvestijn,NED,"MF,FW",Almere City,24-358,1999,5.0,40.6,39.2,1.20,0.00,0.00,0.80,1.60,0.60,0.20,0.20,0.00,0.00,30.2,0.20,2.00,https://fbref.com/en/players/a2a56c85/Lance-Duijvestijn,a2a56c85,Eredivisie
106,Oliver Edvardsen,NOR,"FW,MF",Go Ahead Eag,24-295,1999,13.5,26.9,26.2,0.52,0.00,0.07,0.07,2.07,0.52,0.00,0.00,0.00,0.00,18.8,0.15,1.70,https://fbref.com/en/players/b54b05e2/Oliver-Edvardsen,b54b05e2,Eredivisie
107,Victor Edvardsen,SWE,FW,Go Ahead Eag,27-359,1996,10.7,19.4,18.1,1.31,0.09,0.09,0.19,0.93,0.75,0.00,0.00,0.00,0.00,11.7,0.00,1.68,https://fbref.com/en/players/817f3a14/Victor-Edvardsen,817f3a14,Eredivisie
108,Espen van Ee,NED,"MF,FW",Heerenveen,20-187,2003,0.7,62.9,60.0,2.86,0.00,0.00,0.00,0.00,1.43,0.00,0.00,0.00,0.00,55.7,0.00,0.00,https://fbref.com/en/players/ad1a8248/Espen-van-Ee,ad1a8248,Eredivisie
109,Mike Eerdhuijzen,NED,"FW,MF",Sparta R'dam,23-179,2000,0.1,10.0,10.0,0.00,0.00,0.00,0.00,0.00,0.00,0.00,0.00,0.00,0.00,10.0,0.00,0.00,https://fbref.com/en/players/7c0ade01/Mike-Eerdhuijzen,7c0ade01,Eredivisie
110,Mats Egbring,NED,DF,Vitesse,17-113,2006,0.5,50.0,40.0,10.0,0.00,0.00,0.00,2.00,10.0,0.00,0.00,0.00,0.00,36.0,0.00,2.00,https://fbref.com/en/players/a1cce7ea/Mats-Egbring,a1cce7ea,Eredivisie
111,Carel Eiting,NED,MF,Twente,25-331,1998,3.1,53.9,43.9,10.0,4.52,0.32,0.00,9.68,0.00,5.16,1.94,2.26,0.00,32.6,0.00,0.65,https://fbref.com/en/players/a1c5b23e/Carel-Eiting,a1c5b23e,Eredivisie
112,Hamza el Dahri,NED,MF,Sparta R'dam,18-309,2005,0.1,50.0,50.0,0.00,0.00,0.00,0.00,0.00,0.00,0.00,0.00,0.00,0.00,30.0,0.00,0.00,https://fbref.com/en/players/72b08acc/Hamza-el-Dahri,72b08acc,Eredivisie
113,Mario Engels,GER,"FW,MF",Heracles Almelo,30-078,1993,10.8,20.6,13.7,6.85,1.02,0.00,0.37,4.44,0.65,3.15,0.65,1.11,0.09,14.3,0.09,0.74,https://fbref.com/en/players/123de70e/Mario-Engels,123de70e,Eredivisie
114,Marcelencio Esajas,NED,"MF,FW",Almere City,21-212,2002,0.4,30.0,27.5,2.50,0.00,0.00,0.00,0.00,0.00,0.00,0.00,0.00,0.00,20.0,0.00,0.00,https://fbref.com/en/players/a50c97e3/Marcelencio-Esajas,a50c97e3,Eredivisie
115,Kevin Felida,CUW,MF,RKC Waalwijk,24-058,1999,4.7,35.7,34.5,1.28,0.43,0.21,0.21,0.64,0.00,0.00,0.00,0.00,0.00,29.8,0.00,0.43,https://fbref.com/en/players/20f6dec7/Kevin-Felida,20f6dec7,Eredivisie
116,Arianit Ferati,KVX,MF,Fortuna Sittard,26-123,1997,3.1,42.9,41.3,1.29,0.32,0.32,0.32,1.61,0.65,0.32,0.00,0.00,0.00,32.6,0.32,1.29,https://fbref.com/en/players/b98b99e8/Arianit-Ferati,b98b99e8,Eredivisie
117,Derensili Fernandes,NED,FW,Excelsior,22-225,2001,6.5,33.2,32.3,0.92,0.15,0.00,0.46,2.31,0.31,0.46,0.31,0.00,0.00,25.2,0.00,0.62,https://fbref.com/en/players/6a80ca26/Derensili-Fernandes,6a80ca26,Eredivisie
118,Rashaan Fernandes,NED,"FW,MF",Go Ahead Eag,25-132,1998,0.4,62.5,55.0,7.50,0.00,0.00,0.00,12.5,5.00,2.50,2.50,0.00,0.00,40.0,0.00,0.00,https://fbref.com/en/players/1673ce40/Rashaan-Fernandes,1673ce40,Eredivisie
119,Nick Fichtinger,,MF,Zwolle,,,0.3,33.3,30.0,3.33,0.00,0.00,0.00,3.33,0.00,3.33,3.33,0.00,0.00,20.0,0.00,3.33,https://fbref.com/en/players/7a09122b/Nick-Fichtinger,7a09122b,Eredivisie
120,Ezechiel Fiemawhle,,"MF,FW",Volendam,,,0.4,17.5,15.0,0.00,0.00,0.00,0.00,2.50,0.00,0.00,0.00,0.00,0.00,5.00,2.50,0.00,https://fbref.com/en/players/35e25ac0/Ezechiel-Fiemawhle,35e25ac0,Eredivisie
121,Kian Fitz-Jim,NED,MF,Excelsior,20-187,2003,4.4,40.0,38.2,1.59,0.68,0.00,0.00,0.45,0.00,0.68,0.00,0.23,0.00,33.9,0.23,0.91,https://fbref.com/en/players/d4c6ba22/Kian-Fitz-Jim,d4c6ba22,Eredivisie
122,Ryan Flamingo,NED,"DF,MF",Utrecht,21-008,2002,13.3,45.9,43.6,2.03,1.95,0.00,0.53,0.15,0.00,0.00,0.00,0.00,0.00,35.8,0.23,0.30,https://fbref.com/en/players/1787acb3/Ryan-Flamingo,1787acb3,Eredivisie
123,Josh Flint,ENG,DF,Volendam,23-087,2000,11.3,54.8,48.5,6.11,0.44,0.00,0.09,0.53,4.78,0.00,0.00,0.00,0.00,43.6,0.18,0.09,https://fbref.com/en/players/e26a9a17/Josh-Flint,e26a9a17,Eredivisie
124,Sherel Floranus,CUW,DF,Almere City,25-138,1998,11.5,46.3,37.2,8.96,0.96,0.00,0.26,1.65,8.00,0.00,0.00,0.00,0.00,35.1,0.09,0.78,https://fbref.com/en/players/5ad49fbb/Sherel-Floranus,5ad49fbb,Eredivisie
125,Fodé Fofana,NED,FW,Vitesse,21-074,2002,1.1,11.8,10.9,0.91,0.00,0.00,0.00,0.00,0.00,0.00,0.00,0.00,0.00,10.9,0.00,0.00,https://fbref.com/en/players/a5e96355/Fode-Fofana,a5e96355,Eredivisie
126,Sadik Fofana,TOG,DF,Fortuna Sittard,20-237,2003,3.0,36.3,35.7,0.67,0.33,0.00,1.00,0.00,0.33,0.00,0.00,0.00,0.00,26.0,0.00,0.33,https://fbref.com/en/players/9ed58e6b/Sadik-Fofana,9ed58e6b,Eredivisie
127,Anthony Fontana,USA,MF,Zwolle,24-086,1999,0.2,30.0,30.0,0.00,0.00,0.00,0.00,0.00,0.00,0.00,0.00,0.00,0.00,10.0,0.00,10.0,https://fbref.com/en/players/1f34358e/Anthony-Fontana,1f34358e,Eredivisie
128,Carlos Forbs,POR,FW,Ajax,19-295,2004,6.4,31.3,30.0,1.25,0.00,0.31,0.00,3.44,0.94,0.31,0.00,0.00,0.16,22.5,0.00,2.34,https://fbref.com/en/players/8a310070/Carlos-Forbs,8a310070,Eredivisie
129,Oscar Fraulo,DEN,MF,Utrecht,20-033,2003,10.1,39.8,39.0,0.79,0.50,0.20,0.00,0.30,0.00,0.00,0.00,0.00,0.00,31.7,0.00,1.39,https://fbref.com/en/players/458e3479/Oscar-Fraulo,458e3479,Eredivisie
130,Anton Gaaei,DEN,DF,Ajax,21-050,2002,7.6,63.4,55.0,8.29,0.53,0.00,0.00,4.21,7.76,0.00,0.00,0.00,0.00,47.8,0.13,1.84,https://fbref.com/en/players/6f7d7bc2/Anton-Gaaei,6f7d7bc2,Eredivisie
131,Juriën Gaari,CUW,DF,RKC Waalwijk,30-016,1993,8.3,57.6,53.9,3.73,1.57,0.00,0.72,0.48,1.81,0.00,0.00,0.00,0.00,48.7,0.00,0.24,https://fbref.com/en/players/bf7a9d1a/Jurien-Gaari,bf7a9d1a,Eredivisie
132,Anselmo García MacNulty,IRL,DF,Zwolle,20-323,2003,11.8,51.4,43.5,7.80,0.76,0.00,0.17,3.05,7.03,0.00,0.00,0.00,0.00,37.6,0.17,1.53,https://fbref.com/en/players/d65be685/Anselmo-Garcia-MacNulty,d65be685,Eredivisie
133,Stijn van Gassel,NED,GK,Excelsior,27-082,1996,16.0,49.8,38.1,11.4,3.06,0.00,0.13,0.00,0.00,0.00,0.00,0.00,0.00,28.1,0.19,0.00,https://fbref.com/en/players/af72ff2d/Stijn-van-Gassel,af72ff2d,Eredivisie
134,Lutsharel Geertruida,NED,DF,Feyenoord,23-174,2000,15.9,71.4,65.0,6.23,1.19,0.19,0.06,0.82,5.03,0.00,0.00,0.00,0.00,64.2,0.13,0.57,https://fbref.com/en/players/242e1043/Lutsharel-Geertruida,242e1043,Eredivisie
135,Anwar El Ghazi,NED,FW,PSV Eindhoven,28-250,1995,0.0,4,4,0,0,0,0,0,0,0,0,0,0,3,0,0,https://fbref.com/en/players/ffa90327/Anwar-El-Ghazi,ffa90327,Eredivisie
136,Santiago Giménez,MEX,FW,Feyenoord,22-265,2001,14.3,15.2,13.8,1.19,0.21,0.14,0.00,0.21,0.28,0.00,0.00,0.00,0.00,10.5,0.21,0.35,https://fbref.com/en/players/37337aea/Santiago-Gimenez,37337aea,Eredivisie
137,Marco van Ginkel,NED,"MF,FW",Vitesse,31-038,1992,13.4,31.3,30.7,0.52,0.07,0.07,0.15,0.30,0.45,0.00,0.00,0.00,0.00,21.5,0.07,0.52,https://fbref.com/en/players/47681787/Marco-van-Ginkel,47681787,Eredivisie
138,Paul Gladon,NED,FW,Fortuna Sittard,31-296,1992,1.9,18.9,18.4,0.53,0.00,0.00,0.00,0.00,0.00,0.00,0.00,0.00,0.00,9.47,0.00,0.00,https://fbref.com/en/players/326e96ff/Paul-Gladon,326e96ff,Eredivisie
139,Mika Godts,BEL,"FW,MF",Ajax,18-215,2005,0.9,46.7,44.4,2.22,1.11,0.00,1.11,2.22,1.11,0.00,0.00,0.00,0.00,37.8,0.00,0.00,https://fbref.com/en/players/da84230f/Mika-Godts,da84230f,Eredivisie
140,Wouter Goes,NED,DF,AZ Alkmaar,19-212,2004,2.1,71.9,71.4,0.48,0.48,0.00,1.43,0.00,0.00,0.00,0.00,0.00,0.00,62.9,0.00,0.00,https://fbref.com/en/players/a65fd9ac/Wouter-Goes,a65fd9ac,Eredivisie
141,Roberto González,ESP,"FW,MF",NEC Nijmegen,23-002,2001,5.7,24.4,23.7,0.70,0.35,0.18,0.00,1.75,0.00,0.00,0.00,0.00,0.00,17.0,0.00,1.58,https://fbref.com/en/players/56545648/Roberto-Gonzalez,56545648,Eredivisie
142,Jay Gorter,NED,GK,Ajax,23-223,2000,7.4,41.2,33.6,7.43,1.35,0.00,0.14,0.00,0.00,0.00,0.00,0.00,0.00,32.7,0.14,0.00,https://fbref.com/en/players/e0ee850b/Jay-Gorter,e0ee850b,Eredivisie
143,Kenzo Goudmijn,NED,MF,AZ Alkmaar,22-021,2001,2.7,66.7,64.1,2.59,1.11,0.00,0.00,1.48,0.74,0.74,0.37,0.37,0.00,55.2,0.00,0.74,https://fbref.com/en/players/94eafdc4/Kenzo-Goudmijn,94eafdc4,Eredivisie
144,Iman Griffith,NED,FW,Fortuna Sittard,22-037,2001,2.1,26.7,25.7,0.95,0.00,0.00,0.00,2.86,0.00,0.95,0.00,0.00,0.00,18.1,0.00,2.38,https://fbref.com/en/players/b27beec7/Iman-Griffith,b27beec7,Eredivisie
145,Rodrigo Guth,BRA,DF,Fortuna Sittard,23-059,2000,14.9,46.0,45.4,0.54,0.47,0.00,0.47,0.13,0.07,0.00,0.00,0.00,0.00,36.6,0.07,0.81,https://fbref.com/en/players/cb1916e0/Rodrigo-Guth,cb1916e0,Eredivisie
146,Jonathan de Guzmán,NED,MF,Sparta R'dam,36-117,1987,13.8,52.5,49.2,3.19,2.17,0.00,0.72,2.61,0.29,0.72,0.36,0.22,0.00,38.4,0.07,1.16,https://fbref.com/en/players/1bcca8b8/Jonathan-de-Guzman,1bcca8b8,Eredivisie
147,Milan de Haan,NED,MF,Volendam,20-049,2003,13.1,25.2,24.3,0.76,0.08,0.00,0.31,0.76,0.15,0.08,0.08,0.00,0.00,18.3,0.15,0.61,https://fbref.com/en/players/79013b3d/Milan-de-Haan,79013b3d,Eredivisie
148,Alen Halilović,CRO,MF,Fortuna Sittard,27-204,1996,14.7,43.7,36.9,6.87,2.18,0.07,1.56,5.03,0.41,3.13,0.88,0.41,0.14,34.5,0.00,0.68,https://fbref.com/en/players/a6b9bd00/Alen-Halilovic,a6b9bd00,Eredivisie
149,Denzel Hall,NED,DF,Heerenveen,22-231,2001,3.5,42.3,34.3,8.00,0.29,0.00,0.00,1.43,7.71,0.00,0.00,0.00,0.00,33.4,0.00,0.57,https://fbref.com/en/players/99cad471/Denzel-Hall,99cad471,Eredivisie
150,Saïd Hamulic,BIH,FW,Vitesse,23-057,2000,7.9,13.3,11.5,1.77,0.00,0.00,0.00,1.01,0.13,0.00,0.00,0.00,0.00,8.99,0.00,0.38,https://fbref.com/en/players/52cd0e88/Said-Hamulic,52cd0e88,Eredivisie
151,Dávid Hancko,SVK,DF,Feyenoord,26-026,1997,16.0,94.0,89.5,4.25,1.63,0.13,0.25,1.00,0.81,0.00,0.00,0.00,0.00,83.8,0.25,0.44,https://fbref.com/en/players/4fac8f81/David-Hancko,4fac8f81,Eredivisie
152,Kornelius Hansen,NOR,FW,Almere City,22-247,2001,7.0,21.3,19.9,1.00,0.00,0.00,0.00,1.00,0.29,0.57,0.00,0.00,0.00,13.3,0.43,1.00,https://fbref.com/en/players/a7273643/Kornelius-Hansen,a7273643,Eredivisie
153,Sontje Hansen,NED,FW,NEC Nijmegen,21-241,2002,11.5,24.8,24.5,0.26,0.09,0.17,0.09,2.00,0.09,0.00,0.00,0.00,0.00,16.8,0.00,1.13,https://fbref.com/en/players/70bad10b/Sontje-Hansen,70bad10b,Eredivisie
154,Emil Hansson,SWE,"FW,MF",Heracles Almelo,25-207,1998,14.9,31.7,30.1,1.41,0.13,0.07,0.00,3.83,0.94,0.34,0.13,0.07,0.00,23.0,0.20,1.68,https://fbref.com/en/players/0b1e3c10/Emil-Hansson,0b1e3c10,Eredivisie
155,Lennard Hartjes,NED,MF,Excelsior,20-276,2003,1.0,42.0,42.0,0.00,0.00,1.00,0.00,0.00,0.00,0.00,0.00,0.00,0.00,38.0,0.00,0.00,https://fbref.com/en/players/6f8a0bc9/Lennard-Hartjes,6f8a0bc9,Eredivisie
156,Quilindschy Hartman,NED,DF,Feyenoord,22-055,2001,13.4,72.8,65.0,7.46,1.19,0.75,0.60,2.24,6.19,0.07,0.00,0.00,0.00,59.3,0.30,1.04,https://fbref.com/en/players/39e1138f/Quilindschy-Hartman,39e1138f,Eredivisie
157,Jorrel Hato,NED,DF,Ajax,17-307,2006,16.0,83.9,79.1,4.63,1.75,0.13,0.44,0.31,1.88,0.00,0.00,0.00,0.00,75.9,0.13,0.38,https://fbref.com/en/players/bde35051/Jorrel-Hato,bde35051,Eredivisie
158,Pantelis Hatzidiakos,GRE,DF,AZ Alkmaar,26-355,1997,2.0,74.5,72.0,2.50,2.50,0.00,0.00,2.00,0.00,0.00,0.00,0.00,0.00,65.0,0.00,0.50,https://fbref.com/en/players/78a3c38e/Pantelis-Hatzidiakos,78a3c38e,Eredivisie
159,Thom Haye,NED,MF,Heerenveen,28-333,1995,13.9,74.1,65.8,8.06,3.88,0.22,0.94,5.47,0.58,3.45,1.37,1.44,0.00,59.9,0.22,1.15,https://fbref.com/en/players/1d110865/Thom-Haye,1d110865,Eredivisie
160,Ramon Hendriks,NED,DF,Vitesse,22-174,2001,12.4,53.1,48.7,4.19,1.53,0.08,0.81,0.32,2.02,0.00,0.00,0.00,0.00,42.0,0.16,1.21,https://fbref.com/en/players/5a28ad23/Ramon-Hendriks,5a28ad23,Eredivisie
161,Mees Hilgers,NED,DF,Twente,22-240,2001,12.1,61.7,58.5,3.14,2.98,0.00,0.41,0.17,0.17,0.00,0.00,0.00,0.00,55.4,0.00,0.25,https://fbref.com/en/players/4eb00fda/Mees-Hilgers,4eb00fda,Eredivisie
162,Bart van Hintum,NED,DF,Zwolle,36-357,1987,2.0,64.5,49.0,15.5,2.50,0.00,0.00,6.50,8.00,4.50,2.50,1.50,0.00,45.5,0.00,0.50,https://fbref.com/en/players/918e20ed/Bart-van-Hintum,918e20ed,Eredivisie
163,Mees Hoedemakers,NED,"MF,FW",NEC Nijmegen,25-324,1998,6.0,45.8,40.7,5.00,2.00,0.17,0.67,4.50,0.17,2.83,1.33,1.17,0.00,33.5,0.17,0.50,https://fbref.com/en/players/0914806a/Mees-Hoedemakers,0914806a,Eredivisie
164,Quincy Hoeve,BOE,"FW,MF",Volendam,20-280,2003,1.1,32.7,28.2,4.55,0.00,0.00,0.00,0.91,0.00,0.00,0.00,0.00,0.00,18.2,0.00,0.00,https://fbref.com/en/players/0a50f0da/Quincy-Hoeve,0a50f0da,Eredivisie
165,Justin Hoogma,NED,DF,Heracles Almelo,25-211,1998,13.2,60.5,59.3,1.06,0.83,0.15,0.76,0.30,0.08,0.00,0.00,0.00,0.00,50.7,0.08,0.45,https://fbref.com/en/players/816192f0/Justin-Hoogma,816192f0,Eredivisie
166,Siebe Horemans,BEL,DF,Excelsior,25-220,1998,15.8,51.7,41.9,9.75,0.63,0.06,0.38,2.72,9.11,0.00,0.00,0.00,0.00,37.7,0.06,0.82,https://fbref.com/en/players/025190a5/Siebe-Horemans,025190a5,Eredivisie
167,Jizz Hornkamp,NED,FW,Heracles Almelo,25-307,1998,0.5,14.0,14.0,0.00,0.00,0.00,0.00,0.00,0.00,0.00,0.00,0.00,0.00,4.00,0.00,0.00,https://fbref.com/en/players/862a72ea/Jizz-Hornkamp,862a72ea,Eredivisie
168,Jeroen Houwen,NED,GK,RKC Waalwijk,27-324,1996,3.0,43.0,32.7,10.3,2.00,0.00,0.33,0.00,0.00,0.00,0.00,0.00,0.00,26.7,0.00,0.00,https://fbref.com/en/players/6d8ec266/Jeroen-Houwen,6d8ec266,Eredivisie
169,Dean Huiberts,NED,"MF,DF",Zwolle,23-237,2000,0.9,14.4,14.4,0.00,0.00,0.00,0.00,1.11,0.00,0.00,0.00,0.00,0.00,10.0,0.00,0.00,https://fbref.com/en/players/f5649337/Dean-Huiberts,f5649337,Eredivisie
170,Younes Taha El Idrissi,MAR,"FW,MF",Twente,,,2.4,60.8,57.9,2.50,0.42,0.00,0.42,16.3,0.83,1.25,0.00,0.42,0.00,39.6,0.42,2.92,https://fbref.com/en/players/2b10cb1d/Younes-Taha-El-Idrissi,2b10cb1d,Eredivisie
171,Zidane Iqbal,IRQ,MF,Utrecht,20-256,2003,0.5,82.0,80.0,2.00,0.00,0.00,0.00,0.00,2.00,0.00,0.00,0.00,0.00,70.0,0.00,2.00,https://fbref.com/en/players/6fa3c28e/Zidane-Iqbal,6fa3c28e,Eredivisie
172,Nicolas Isimat-Mirin,FRA,DF,Vitesse,32-054,1991,12.7,56.5,54.7,1.65,1.02,0.24,0.39,0.00,0.08,0.00,0.00,0.00,0.00,48.1,0.16,0.31,https://fbref.com/en/players/14e8e9d7/Nicolas-Isimat-Mirin,14e8e9d7,Eredivisie
173,Luka Ivanušec,CRO,FW,Feyenoord,25-043,1998,5.9,50.8,46.1,4.41,0.68,0.51,0.00,4.41,0.51,3.22,1.86,0.68,0.17,40.0,0.34,1.36,https://fbref.com/en/players/29fbdc88/Luka-Ivanusec,29fbdc88,Eredivisie
174,Joey Jacobs,NED,DF,Almere City,23-273,2000,8.5,37.5,31.5,5.88,0.82,0.00,0.47,0.59,5.06,0.00,0.00,0.00,0.00,23.5,0.12,0.24,https://fbref.com/en/players/9c5d3a7a/Joey-Jacobs,9c5d3a7a,Eredivisie
175,Alireza Jahanbakhsh,IRN,"FW,MF",Feyenoord,30-150,1993,3.0,62.0,56.0,5.67,0.67,0.00,0.67,7.33,4.67,0.33,0.00,0.33,0.00,44.3,0.33,1.67,https://fbref.com/en/players/08452314/Alireza-Jahanbakhsh,08452314,Eredivisie
176,Dean James,NED,DF,Go Ahead Eag,23-253,2000,0.0,1,0,1,0,0,0,0,1,0,0,0,0,0,0,0,https://fbref.com/en/players/7005fd4c/Dean-James,7005fd4c,Eredivisie
177,Victor Jensen,DEN,MF,Utrecht,23-334,2000,8.3,29.6,28.0,1.69,0.12,0.00,0.36,0.72,0.36,0.00,0.00,0.00,0.00,23.9,0.00,0.24,https://fbref.com/en/players/97b2279d/Victor-Jensen,97b2279d,Eredivisie
178,Divaio Jhaïr-Bobson,NED,"DF,FW",Zwolle,19-336,2004,0.6,31.7,30.0,0.00,0.00,0.00,0.00,0.00,0.00,0.00,0.00,0.00,0.00,25.0,1.67,0.00,https://fbref.com/en/players/fa607a8d/Divaio-Jhair-Bobson,fa607a8d,Eredivisie
179,Darius Johnson,GRN,"FW,MF",Volendam,23-299,2000,5.3,29.1,28.3,0.75,0.00,0.00,0.19,2.45,0.57,0.00,0.00,0.00,0.00,22.3,0.00,0.94,https://fbref.com/en/players/9f7f84be/Darius-Johnson,9f7f84be,Eredivisie
180,Miliano Jonathans,NED,"MF,FW",Vitesse,19-278,2004,1.0,42.0,40.0,1.00,0.00,0.00,1.00,1.00,1.00,0.00,0.00,0.00,0.00,31.0,1.00,0.00,https://fbref.com/en/players/32dd5ce9/Miliano-Jonathans,32dd5ce9,Eredivisie
181,Luuk de Jong,NED,FW,PSV Eindhoven,33-134,1990,13.7,27.9,26.9,1.02,0.00,0.15,0.00,0.15,0.15,0.00,0.00,0.00,0.00,20.2,0.00,0.66,https://fbref.com/en/players/abb3bb95/Luuk-de-Jong,abb3bb95,Eredivisie
182,Mauro Júnior,BRA,MF,PSV Eindhoven,24-247,1999,0.0,4,3,1,0,0,0,0,1,0,0,0,0,3,0,0,https://fbref.com/en/players/a29e5244/Mauro-Junior,a29e5244,Eredivisie
183,Ibrahim El Kadiri,NED,FW,Volendam,21-350,2002,0.9,32.2,30.0,2.22,0.00,0.00,1.11,3.33,2.22,0.00,0.00,0.00,0.00,25.6,0.00,0.00,https://fbref.com/en/players/1ec32b33/Ibrahim-El-Kadiri,1ec32b33,Eredivisie
184,Jochem van de Kamp,NED,"DF,MF",Almere City,20-067,2003,9.1,35.9,31.0,4.62,0.11,0.11,0.11,0.77,4.40,0.00,0.00,0.00,0.00,24.4,0.33,1.32,https://fbref.com/en/players/9d00bcd3/Jochem-van-de-Kamp,9d00bcd3,Eredivisie
185,Daniel Karlsbakk,NOR,"FW,MF",Heerenveen,20-276,2003,2.2,15.9,13.2,2.73,0.00,0.00,0.00,0.00,0.00,0.00,0.00,0.00,0.00,12.7,0.00,0.00,https://fbref.com/en/players/3cedae52/Daniel-Karlsbakk,3cedae52,Eredivisie
186,Souffian El Karouani,MAR,DF,Utrecht,23-081,2000,9.7,42.4,35.9,6.39,0.31,0.00,0.00,3.81,5.98,0.10,0.00,0.10,0.00,30.3,0.10,1.24,https://fbref.com/en/players/2e5a31cb/Souffian-El-Karouani,2e5a31cb,Eredivisie
187,Denso Kasius,NED,DF,AZ Alkmaar,21-094,2002,2.3,57.0,48.3,8.70,0.00,0.00,2.17,3.48,8.70,0.00,0.00,0.00,0.00,46.5,0.00,1.74,https://fbref.com/en/players/7ae36711/Denso-Kasius,7ae36711,Eredivisie
188,Sam Kersten,NED,DF,Zwolle,25-343,1998,16.0,47.7,45.9,1.75,1.38,0.00,0.19,0.06,0.31,0.00,0.00,0.00,0.00,40.5,0.00,0.38,https://fbref.com/en/players/16ca1157/Sam-Kersten,16ca1157,Eredivisie
189,Yann Kitala,,FW,Almere City,25-274,1998,4.5,19.3,19.1,0.22,0.00,0.00,0.00,1.33,0.00,0.00,0.00,0.00,0.00,9.33,0.00,0.67,https://fbref.com/en/players/690f7a7b/Yann-Kitala,690f7a7b,Eredivisie
190,Joshua Kitolano,NOR,MF,Sparta R'dam,22-158,2001,15.5,27.9,27.5,0.39,0.26,0.13,0.00,0.58,0.13,0.00,0.00,0.00,0.00,23.0,0.06,0.45,https://fbref.com/en/players/5186dfbf/Joshua-Kitolano,5186dfbf,Eredivisie
191,Mathias Kjølø,NOR,MF,Twente,22-195,2001,12.4,49.8,49.0,0.73,0.48,0.32,0.24,0.48,0.08,0.00,0.00,0.00,0.00,42.3,0.08,0.89,https://fbref.com/en/players/4066ff66/Mathias-Kjolo,4066ff66,Eredivisie
192,Davy Klaassen,NED,MF,Ajax,30-321,1993,0.7,24.3,24.3,0.00,0.00,0.00,0.00,0.00,0.00,0.00,0.00,0.00,0.00,17.1,0.00,2.86,https://fbref.com/en/players/15fd5593/Davy-Klaassen,15fd5593,Eredivisie
193,Sean Klaiber,SUR,DF,Utrecht,29-161,1994,1.1,83.6,67.3,15.5,2.73,0.00,1.82,3.64,12.7,0.00,0.00,0.00,0.00,63.6,0.91,3.64,https://fbref.com/en/players/f4ceb85b/Sean-Klaiber,f4ceb85b,Eredivisie
194,Flip Klomp,NED,MF,Volendam,22-082,2001,0.4,22.5,20.0,2.50,2.50,0.00,0.00,0.00,0.00,0.00,0.00,0.00,0.00,20.0,0.00,0.00,https://fbref.com/en/players/26d759de/Flip-Klomp,26d759de,Eredivisie
195,Mats Köhlert,GER,DF,Heerenveen,25-251,1998,16.0,60.0,48.6,11.2,0.44,0.00,0.06,6.25,8.63,2.13,0.81,1.00,0.00,45.8,0.19,1.13,https://fbref.com/en/players/3015d86e/Mats-Kohlert,3015d86e,Eredivisie
196,Peer Koopmeiners,NED,MF,Almere City,23-249,2000,15.8,48.0,41.9,5.89,2.91,0.13,0.13,4.87,0.25,2.59,0.89,1.08,0.00,31.7,0.19,0.89,https://fbref.com/en/players/83454d60/Peer-Koopmeiners,83454d60,Eredivisie
197,Kacper Kozłowski,POL,"MF,FW",Vitesse,20-084,2003,9.4,27.0,24.1,2.77,0.21,0.21,0.53,4.15,0.43,1.28,0.21,0.96,0.00,17.8,0.11,1.17,https://fbref.com/en/players/3ece036c/Kacper-Kozlowski,3ece036c,Eredivisie
198,Joris Kramer,NED,DF,Go Ahead Eag,27-159,1996,12.0,51.6,46.8,4.67,1.25,0.00,0.42,0.25,0.17,0.00,0.00,0.00,0.00,42.8,0.08,0.58,https://fbref.com/en/players/04e82fa0/Joris-Kramer,04e82fa0,Eredivisie
199,Michiel Kramer,NED,FW,RKC Waalwijk,35-036,1988,15.4,18.2,16.7,1.56,0.00,0.00,0.06,0.13,0.13,0.00,0.00,0.00,0.00,12.2,0.00,0.39,https://fbref.com/en/players/f175ca0a/Michiel-Kramer,f175ca0a,Eredivisie
200,Bas Kuipers,NED,DF,Go Ahead Eag,29-144,1994,16.0,45.2,34.3,10.8,1.56,0.19,0.31,3.50,7.94,1.19,0.31,0.13,0.00,31.8,0.19,0.94,https://fbref.com/en/players/149b617e/Bas-Kuipers,149b617e,Eredivisie
201,Garang Kuol,AUS,"FW,MF",Volendam,19-115,2004,7.2,16.5,16.0,0.42,0.00,0.00,0.42,1.39,0.28,0.00,0.00,0.00,0.00,9.86,0.14,0.42,https://fbref.com/en/players/a8a80be7/Garang-Kuol,a8a80be7,Eredivisie
202,Dave Kwakman,NED,MF,AZ Alkmaar,19-154,2004,0.1,30.0,30.0,0.00,0.00,0.00,0.00,0.00,0.00,0.00,0.00,0.00,0.00,30.0,0.00,0.00,https://fbref.com/en/players/2cc959a8/Dave-Kwakman,2cc959a8,Eredivisie
203,Rajiv van La Parra,NED,FW,Almere City,32-218,1991,12.2,24.1,21.1,2.95,0.74,0.00,0.00,3.03,0.98,0.74,0.41,0.25,0.00,15.2,0.08,1.48,https://fbref.com/en/players/1931bde9/Rajiv-van-La-Parra,1931bde9,Eredivisie
204,Zakaria Labyad,MAR,"MF,FW",Utrecht,30-305,1993,3.1,31.6,27.1,4.52,1.29,0.32,0.00,5.16,0.00,3.23,1.61,1.61,0.00,19.7,0.00,0.97,https://fbref.com/en/players/ebc56869/Zakaria-Labyad,ebc56869,Eredivisie
205,Mayckel Lahdo,SWE,FW,AZ Alkmaar,21-009,2002,5.9,37.1,36.9,0.17,0.00,0.34,0.17,1.86,0.17,0.00,0.00,0.00,0.00,28.6,0.00,2.03,https://fbref.com/en/players/6b390f32/Mayckel-Lahdo,6b390f32,Eredivisie
206,Thomas Lam,FIN,"DF,MF",Zwolle,30-021,1993,12.7,60.7,57.1,3.46,2.20,0.00,0.00,0.00,0.08,0.00,0.00,0.00,0.00,52.0,0.16,0.47,https://fbref.com/en/players/e7fea51e/Thomas-Lam,e7fea51e,Eredivisie
207,Lazaros Lamprou,GRE,"FW,MF",Excelsior,26-020,1997,9.5,25.8,25.1,0.74,0.42,0.11,0.11,2.63,0.32,0.00,0.00,0.00,0.00,17.3,0.00,0.84,https://fbref.com/en/players/42e1ea60/Lazaros-Lamprou,42e1ea60,Eredivisie
208,Tygo Land,NED,MF,PSV Eindhoven,17-362,2006,0.0,5,5,0,0,0,0,0,0,0,0,0,0,5,0,0,https://fbref.com/en/players/bd448460/Tygo-Land,bd448460,Eredivisie
209,Noa Lang,NED,"FW,MF",PSV Eindhoven,24-205,1999,5.4,46.3,43.1,2.78,0.37,0.74,0.19,3.15,2.04,0.37,0.00,0.00,0.00,35.9,0.37,1.48,https://fbref.com/en/players/8e034340/Noa-Lang,8e034340,Eredivisie
210,Tobias Lauritsen,NOR,FW,Sparta R'dam,26-131,1997,14.5,24.8,23.8,1.03,0.00,0.14,0.14,0.07,0.00,0.00,0.00,0.00,0.00,14.0,0.00,0.83,https://fbref.com/en/players/d266f8c9/Tobias-Lauritsen,d266f8c9,Eredivisie
211,Marko Lazetić,SRB,"FW,DF",Fortuna Sittard,19-351,2004,2.0,16.0,14.0,2.00,0.00,0.50,0.50,0.50,0.00,0.00,0.00,0.00,0.00,10.5,0.00,0.00,https://fbref.com/en/players/93088fbb/Marko-Lazetic,93088fbb,Eredivisie
212,Luke Le Roux,RSA,MF,Volendam,23-304,2000,0.3,23.3,23.3,0.00,0.00,0.00,0.00,0.00,0.00,0.00,0.00,0.00,0.00,16.7,0.00,0.00,https://fbref.com/en/players/e30117aa/Luke-Le-Roux,e30117aa,Eredivisie
213,Yannick Leliendal,NED,DF,Utrecht,21-260,2002,5.5,45.3,36.4,8.73,0.73,0.18,0.18,1.45,8.00,0.00,0.00,0.00,0.00,35.1,0.18,0.55,https://fbref.com/en/players/c8ecc3d9/Yannick-Leliendal,c8ecc3d9,Eredivisie
214,Julian Lelieveld,NED,DF,RKC Waalwijk,26-045,1997,14.7,54.8,45.5,8.91,0.54,0.20,0.75,2.65,8.37,0.00,0.00,0.00,0.00,42.7,0.34,1.50,https://fbref.com/en/players/fa7e8a83/Julian-Lelieveld,fa7e8a83,Eredivisie
215,Isac Lidberg,SWE,FW,Utrecht,25-122,1998,6.3,15.9,14.6,1.27,0.00,0.00,0.00,0.48,0.00,0.00,0.00,0.00,0.00,9.84,0.00,0.95,https://fbref.com/en/players/2eeae3a7/Isac-Lidberg,2eeae3a7,Eredivisie
216,Anthony Limbombe,BEL,FW,Almere City,29-177,1994,2.0,31.5,25.5,6.00,1.50,0.00,0.50,5.50,1.00,3.50,1.00,0.50,1.00,23.5,0.00,1.50,https://fbref.com/en/players/ccee698e/Anthony-Limbombe,ccee698e,Eredivisie
217,Bryan Limbombe,BEL,"FW,MF",Heracles Almelo,22-239,2001,8.4,19.5,19.0,0.48,0.00,0.00,0.00,1.90,0.36,0.00,0.00,0.00,0.00,13.6,0.00,0.71,https://fbref.com/en/players/1b6c663e/Bryan-Limbombe,1b6c663e,Eredivisie
218,Ondřej Lingr,CZE,"FW,MF",Feyenoord,25-093,1998,1.0,28.0,28.0,0.00,0.00,0.00,0.00,0.00,0.00,0.00,0.00,0.00,0.00,23.0,0.00,2.00,https://fbref.com/en/players/66a7effe/Ondrej-Lingr,66a7effe,Eredivisie
219,Evert Linthorst,NED,MF,Go Ahead Eag,23-311,2000,11.4,44.0,43.5,0.53,0.35,0.00,0.70,0.70,0.00,0.18,0.09,0.09,0.00,36.3,0.00,0.26,https://fbref.com/en/players/baa31f3d/Evert-Linthorst,baa31f3d,Eredivisie
220,Enric Llansana,NED,"MF,DF",Go Ahead Eag,22-271,2001,5.1,64.7,63.1,1.18,0.20,0.00,0.20,0.20,0.78,0.00,0.00,0.00,0.00,54.9,0.39,0.78,https://fbref.com/en/players/6f095aa4/Enric-Llansana,6f095aa4,Eredivisie
221,Chris Lokesa,BEL,"MF,FW",RKC Waalwijk,19-062,2004,8.1,25.9,24.1,1.73,0.00,0.49,0.25,2.47,0.25,0.62,0.12,0.49,0.00,19.8,0.12,0.86,https://fbref.com/en/players/f80083c8/Chris-Lokesa,f80083c8,Eredivisie
222,Marcos López,PER,DF,Feyenoord,24-049,1999,1.6,99.4,86.9,12.5,1.88,0.63,0.63,1.25,10.6,0.00,0.00,0.00,0.00,85.6,0.00,1.25,https://fbref.com/en/players/9b3ab988/Marcos-Lopez,9b3ab988,Eredivisie
223,Hirving Lozano,MEX,"FW,MF",PSV Eindhoven,28-162,1995,6.8,37.8,36.8,0.88,0.15,0.00,0.29,2.50,0.29,0.29,0.15,0.00,0.00,29.9,0.15,1.18,https://fbref.com/en/players/a69e4806/Hirving-Lozano,a69e4806,Eredivisie
224,Thierry Lutonda,BEL,DF,RKC Waalwijk,23-073,2000,2.5,56.0,46.4,9.20,0.40,0.00,0.00,1.20,8.80,0.00,0.00,0.00,0.00,47.6,0.40,1.20,https://fbref.com/en/players/22367f92/Thierry-Lutonda,22367f92,Eredivisie
225,Christopher Mamengi,NED,"DF,FW",Almere City,22-280,2001,0.8,35.0,32.5,2.50,1.25,0.00,0.00,0.00,0.00,0.00,0.00,0.00,0.00,27.5,0.00,0.00,https://fbref.com/en/players/64921e21/Christopher-Mamengi,64921e21,Eredivisie
226,Million Manhoef,NED,FW,Vitesse,22-005,2002,13.4,28.7,24.9,3.58,0.52,0.22,0.07,3.43,0.52,1.49,0.45,0.60,0.07,20.5,0.22,1.42,https://fbref.com/en/players/3fa733bc/Million-Manhoef,3fa733bc,Eredivisie
227,Sivert Mannsverk,NOR,MF,Ajax,21-245,2002,0.5,68.0,64.0,4.00,4.00,0.00,0.00,0.00,0.00,0.00,0.00,0.00,0.00,56.0,0.00,4.00,https://fbref.com/en/players/773e16b9/Sivert-Mannsverk,773e16b9,Eredivisie
228,Richonell Margaret,NED,"FW,MF",RKC Waalwijk,23-123,2000,3.5,28.0,26.6,1.43,0.00,0.00,0.00,2.29,0.86,0.57,0.00,0.00,0.00,21.4,0.00,1.43,https://fbref.com/en/players/7044f85d/Richonell-Margaret,7044f85d,Eredivisie
229,Pedro David Rosendo Marques,POR,FW,NEC Nijmegen,25-258,1998,0.5,58.0,52.0,4.00,0.00,0.00,0.00,4.00,0.00,0.00,0.00,0.00,0.00,38.0,2.00,6.00,https://fbref.com/en/players/717f39e8/Pedro-David-Rosendo-Marques,717f39e8,Eredivisie
230,Ar'jany Martha,NED,DF,Ajax,20-126,2003,5.5,60.9,52.9,8.00,0.55,0.00,0.55,3.45,7.45,0.00,0.00,0.00,0.00,50.7,0.00,0.55,https://fbref.com/en/players/364f602a/Arjany-Martha,364f602a,Eredivisie
231,Bruno Martins Indi,NED,DF,AZ Alkmaar,31-334,1992,5.9,71.9,67.6,3.90,2.37,0.00,0.34,0.68,1.02,0.00,0.00,0.00,0.00,63.2,0.34,0.34,https://fbref.com/en/players/7bc34048/Bruno-Martins-Indi,7bc34048,Eredivisie
232,Magnus Mattsson,DEN,MF,NEC Nijmegen,24-317,1999,16.0,33.3,31.1,2.00,0.25,0.44,0.06,0.88,0.13,0.19,0.06,0.06,0.00,25.7,0.25,0.94,https://fbref.com/en/players/3a089320/Magnus-Mattsson,3a089320,Eredivisie
233,Robin Maulun,FRA,"MF,FW",Volendam,27-046,1996,0.5,36.0,28.0,8.00,0.00,0.00,0.00,0.00,0.00,0.00,0.00,0.00,0.00,34.0,0.00,2.00,https://fbref.com/en/players/b1940817/Robin-Maulun,b1940817,Eredivisie
234,Loïc Mbe Soh,FRA,DF,Almere City,22-209,2001,10.0,39.9,38.5,1.20,0.80,0.10,0.50,0.10,0.40,0.00,0.00,0.00,0.00,29.0,0.20,0.30,https://fbref.com/en/players/8f534f8e/Loic-Mbe-Soh,8f534f8e,Eredivisie
235,Xavier Mbuyamba,NED,DF,Volendam,22-008,2001,4.5,37.8,36.7,0.89,0.67,0.00,0.44,0.00,0.22,0.00,0.00,0.00,0.00,28.7,0.22,0.44,https://fbref.com/en/players/8fc43595/Xavier-Mbuyamba,8fc43595,Eredivisie
236,Jakov Medić,CRO,DF,Ajax,25-123,1998,3.2,83.8,81.9,1.88,1.88,0.00,0.31,0.00,0.00,0.00,0.00,0.00,0.00,78.1,0.00,0.63,https://fbref.com/en/players/5f5ebdae/Jakov-Medic,5f5ebdae,Eredivisie
237,Mexx Meerdink,NED,FW,AZ Alkmaar,20-168,2003,0.0,1,1,0,0,0,0,0,0,0,0,0,0,1,0,0,https://fbref.com/en/players/4d5f6b4a/Mexx-Meerdink,4d5f6b4a,Eredivisie
238,Aaron Meijers,NED,DF,RKC Waalwijk,36-072,1987,13.2,62.6,50.8,11.7,2.35,0.15,0.15,5.30,8.71,0.68,0.08,0.61,0.00,44.2,0.08,1.52,https://fbref.com/en/players/3cd63173/Aaron-Meijers,3cd63173,Eredivisie
239,Rick Meijssen,NED,"DF,FW",Sparta R'dam,21-318,2002,2.3,29.1,28.7,0.43,0.00,0.00,0.87,0.00,0.43,0.00,0.00,0.00,0.00,24.8,0.00,0.00,https://fbref.com/en/players/86a3a76d/Rick-Meijssen,86a3a76d,Eredivisie
240,Raz Meir,ISR,DF,RKC Waalwijk,27-039,1996,0.5,64.0,56.0,8.00,2.00,0.00,0.00,2.00,6.00,0.00,0.00,0.00,0.00,52.0,0.00,4.00,https://fbref.com/en/players/38f8ce7f/Raz-Meir,38f8ce7f,Eredivisie
241,Julien Mesbahi,NED,DF,Twente,17-342,2006,0.1,60.0,60.0,0.00,0.00,0.00,0.00,0.00,0.00,0.00,0.00,0.00,0.00,50.0,0.00,0.00,https://fbref.com/en/players/ada82896/Julien-Mesbahi,ada82896,Eredivisie
242,Metinho,BRA,MF,Sparta R'dam,20-260,2003,2.4,44.6,42.5,2.08,0.83,0.00,0.00,0.00,0.00,0.00,0.00,0.00,0.00,36.7,0.00,1.25,https://fbref.com/en/players/c2f5b9e6/Metinho,c2f5b9e6,Eredivisie
243,Melle Meulensteen,NED,MF,Vitesse,24-188,1999,13.3,50.4,48.7,1.50,0.83,0.00,0.45,0.53,0.45,0.08,0.00,0.00,0.00,40.0,0.15,0.75,https://fbref.com/en/players/dbd869a1/Melle-Meulensteen,dbd869a1,Eredivisie
244,Daryl van Mieghem,NED,MF,Volendam,34-034,1989,1.7,29.4,22.4,7.06,0.59,0.00,0.00,4.12,0.59,2.94,2.94,0.00,0.00,17.1,0.00,0.00,https://fbref.com/en/players/b92e54dc/Daryl-van-Mieghem,b92e54dc,Eredivisie
245,Djordje Mihailovic,USA,MF,AZ Alkmaar,25-059,1998,3.1,37.1,35.8,0.97,0.32,0.00,0.00,1.61,0.00,0.65,0.32,0.00,0.00,30.6,0.32,0.97,https://fbref.com/en/players/83cf9719/Djordje-Mihailovic,83cf9719,Eredivisie
246,Sven Mijnans,NED,MF,AZ Alkmaar,23-305,2000,10.9,52.0,49.7,2.11,0.83,0.09,0.37,1.47,0.18,1.10,0.64,0.00,0.00,44.0,0.18,0.92,https://fbref.com/en/players/3e02d0f9/Sven-Mijnans,3e02d0f9,Eredivisie
247,Georges Mikautadze,GEO,"MF,FW",Ajax,23-069,2000,2.6,28.5,28.1,0.38,0.00,0.00,0.00,0.38,0.38,0.00,0.00,0.00,0.00,19.2,0.00,1.54,https://fbref.com/en/players/4788cb6b/Georges-Mikautadze,4788cb6b,Eredivisie
248,Antoni Milambo,NED,"MF,FW",Feyenoord,18-280,2005,0.9,37.8,35.6,2.22,0.00,0.00,0.00,2.22,1.11,0.00,0.00,0.00,0.00,28.9,0.00,4.44,https://fbref.com/en/players/b05f4787/Antoni-Milambo,b05f4787,Eredivisie
249,David Min,NED,"FW,MF",RKC Waalwijk,24-199,1999,5.4,17.0,16.1,0.93,0.00,0.00,0.00,0.37,0.00,0.00,0.00,0.00,0.00,11.9,0.00,0.93,https://fbref.com/en/players/f6f3699e/David-Min,f6f3699e,Eredivisie
250,Yankuba Minteh,GAM,FW,Feyenoord,19-170,2004,6.3,37.3,34.6,2.38,0.16,0.16,0.16,3.33,1.43,0.79,0.48,0.00,0.00,23.8,0.32,2.54,https://fbref.com/en/players/c3cf087d/Yankuba-Minteh,c3cf087d,Eredivisie
251,Damon Mirani,NED,"MF,DF",Volendam,27-240,1996,15.5,41.5,40.4,0.90,0.58,0.06,0.13,0.13,0.32,0.00,0.00,0.00,0.00,30.6,0.26,0.65,https://fbref.com/en/players/788a5c8d/Damon-Mirani,788a5c8d,Eredivisie
252,Kudus Mohammed,GHA,"FW,MF",Ajax,23-159,2000,2.0,35.0,35.0,0.00,0.00,0.50,0.00,4.00,0.00,0.00,0.00,0.00,0.00,26.5,0.00,2.50,https://fbref.com/en/players/b62878a5/Kudus-Mohammed,b62878a5,Eredivisie
253,Robert Mühren,NED,FW,Volendam,34-235,1989,10.6,11.4,9.62,1.79,0.00,0.09,0.00,0.19,0.00,0.00,0.00,0.00,0.00,7.45,0.00,0.38,https://fbref.com/en/players/6d5628c2/Robert-Muhren,6d5628c2,Eredivisie
254,Jeremy van Mullem,NED,MF,Sparta R'dam,24-296,1999,0.8,23.8,23.8,0.00,0.00,0.00,0.00,0.00,0.00,0.00,0.00,0.00,0.00,13.8,0.00,2.50,https://fbref.com/en/players/34903660/Jeremy-van-Mullem,34903660,Eredivisie
255,Derry Murkin,ENG,DF,Volendam,24-165,1999,2.0,66.0,53.5,12.5,0.50,0.50,1.00,7.50,12.0,0.00,0.00,0.00,0.00,40.5,0.00,3.00,https://fbref.com/en/players/8f009fda/Derry-Murkin,8f009fda,Eredivisie
256,David Møller Wolfe,NOR,DF,AZ Alkmaar,21-260,2002,14.4,50.1,40.8,9.17,0.83,0.00,0.07,2.15,8.33,0.00,0.00,0.00,0.00,39.9,0.07,1.39,https://fbref.com/en/players/9affc5f2/David-Moller-Wolfe,9affc5f2,Eredivisie
257,Younes Namli,DEN,"FW,MF",Zwolle,29-202,1994,15.2,41.8,37.9,3.55,0.92,0.53,0.46,3.95,0.72,1.58,0.92,0.66,0.00,31.4,0.33,0.72,https://fbref.com/en/players/1a672e2d/Younes-Namli,1a672e2d,Eredivisie
258,Abdenego Nankishi,GER,FW,Heracles Almelo,21-186,2002,3.9,20.0,19.5,0.51,0.00,0.00,0.00,1.03,0.51,0.00,0.00,0.00,0.00,14.6,0.00,1.03,https://fbref.com/en/players/da19001d/Abdenego-Nankishi,da19001d,Eredivisie
259,Gerrit Nauber,GER,DF,Go Ahead Eag,31-270,1992,6.8,42.8,38.7,4.12,1.91,0.00,0.00,0.00,0.15,0.00,0.00,0.00,0.00,35.4,0.00,0.29,https://fbref.com/en/players/a72ead5e/Gerrit-Nauber,a72ead5e,Eredivisie
260,Noah Naujoks,NED,MF,Excelsior,21-251,2002,3.6,18.9,18.1,0.83,0.00,0.00,0.00,1.11,0.00,0.28,0.00,0.28,0.00,8.89,0.00,0.56,https://fbref.com/en/players/7ed4b1dc/Noah-Naujoks,7ed4b1dc,Eredivisie
261,Imran Nazih,MAR,MF,Volendam,17-348,2006,0.7,24.3,24.3,0.00,0.00,0.00,0.00,0.00,0.00,0.00,0.00,0.00,0.00,15.7,0.00,0.00,https://fbref.com/en/players/450abe8a/Imran-Nazih,450abe8a,Eredivisie
262,Camiel Neghli,NED,FW,Sparta R'dam,22-063,2001,10.1,37.9,30.9,6.83,1.19,0.30,0.30,7.72,1.09,4.46,2.08,2.08,0.00,23.9,0.20,1.09,https://fbref.com/en/players/ad0d3536/Camiel-Neghli,ad0d3536,Eredivisie
263,Luc Netten,NED,DF,NEC Nijmegen,19-271,2004,0.3,23.3,20.0,3.33,0.00,0.00,0.00,0.00,3.33,0.00,0.00,0.00,0.00,23.3,0.00,0.00,https://fbref.com/en/players/6ce15d39/Luc-Netten,6ce15d39,Eredivisie
264,Ion Nicolaescu,MDA,FW,Heerenveen,25-123,1998,5.7,10.5,7.72,2.81,0.18,0.00,0.00,0.00,0.00,0.00,0.00,0.00,0.00,8.25,0.00,0.70,https://fbref.com/en/players/f44485db/Ion-Nicolaescu,f44485db,Eredivisie
265,Reuven Niemeijer,NED,"MF,FW",RKC Waalwijk,28-287,1995,5.0,20.0,18.6,1.40,0.20,0.20,0.00,1.00,0.20,0.20,0.00,0.00,0.00,11.2,0.00,1.80,https://fbref.com/en/players/6d0f2c56/Reuven-Niemeijer,6d0f2c56,Eredivisie
266,Bart Nieuwkoop,NED,DF,Feyenoord,27-307,1996,4.3,59.1,47.4,11.4,0.70,0.00,0.00,2.09,10.7,0.00,0.00,0.00,0.00,48.1,0.23,0.47,https://fbref.com/en/players/f40dd3c7/Bart-Nieuwkoop,f40dd3c7,Eredivisie
267,Sven Nieuwpoort,NED,DF,Excelsior,30-270,1993,10.9,41.4,40.6,0.83,0.64,0.00,0.09,0.00,0.09,0.00,0.00,0.00,0.00,37.5,0.00,0.18,https://fbref.com/en/players/080bb6bc/Sven-Nieuwpoort,080bb6bc,Eredivisie
268,Kristian Nökkvi Hlynsson,ISL,"MF,FW",Ajax,19-350,2004,8.6,32.9,30.6,2.21,0.35,0.00,0.00,1.16,0.58,0.12,0.00,0.00,0.00,26.3,0.12,0.58,https://fbref.com/en/players/eccf6574/Kristian-Nokkvi-Hlynsson,eccf6574,Eredivisie
269,Andries Noppert,NED,GK,Heerenveen,29-276,1994,16.0,32.2,23.3,8.75,1.81,0.00,0.00,0.00,0.00,0.00,0.00,0.00,0.00,23.3,0.13,0.06,https://fbref.com/en/players/2dc9d6fb/Andries-Noppert,2dc9d6fb,Eredivisie
270,Tijjani Noslin,NED,FW,Fortuna Sittard,24-185,1999,11.3,26.5,24.2,2.30,0.09,0.09,0.18,2.74,0.62,1.33,0.35,0.09,0.00,17.5,0.00,1.06,https://fbref.com/en/players/2f067cf2/Tijjani-Noslin,2f067cf2,Eredivisie
271,Hugo Novoa,ESP,"DF,FW",Utrecht,21-007,2003,2.3,40.4,33.9,6.52,0.87,0.00,0.43,3.91,5.65,0.00,0.00,0.00,0.00,28.7,0.00,1.30,https://fbref.com/en/players/5458f670/Hugo-Novoa,5458f670,Eredivisie
272,Ché Nunnely,NED,"FW,MF",Heerenveen,24-338,1999,10.0,21.4,21.0,0.40,0.10,0.00,0.00,3.20,0.20,0.00,0.00,0.00,0.00,15.8,0.00,0.70,https://fbref.com/en/players/e3f206be/Che-Nunnely,e3f206be,Eredivisie
273,Djenahro Nunumete,NED,DF,Heerenveen,21-345,2002,0.5,66.0,64.0,2.00,0.00,0.00,0.00,0.00,0.00,0.00,0.00,0.00,0.00,58.0,0.00,0.00,https://fbref.com/en/players/54d060be/Djenahro-Nunumete,54d060be,Eredivisie
274,Bram Nuytinck,NED,DF,NEC Nijmegen,33-249,1990,13.4,58.9,56.8,1.79,1.12,0.07,0.15,0.00,0.00,0.00,0.00,0.00,0.00,51.4,0.30,0.07,https://fbref.com/en/players/e33f36d5/Bram-Nuytinck,e33f36d5,Eredivisie
275,Jens Odgaard,DEN,"FW,MF",AZ Alkmaar,24-283,1999,3.9,34.4,31.5,2.82,1.03,0.00,0.00,4.87,0.00,1.79,1.79,0.00,0.00,24.6,0.00,1.03,https://fbref.com/en/players/75374ee7/Jens-Odgaard,75374ee7,Eredivisie
276,Koki Ogawa,JPN,FW,NEC Nijmegen,26-153,1997,10.6,14.5,13.5,1.04,0.00,0.00,0.00,0.00,0.00,0.00,0.00,0.00,0.00,11.2,0.00,0.38,https://fbref.com/en/players/3d2e8955/Koki-Ogawa,3d2e8955,Eredivisie
277,Lars Olden Larsen,NOR,FW,NEC Nijmegen,25-113,1998,5.7,26.1,25.6,0.35,0.00,0.18,0.00,1.40,0.18,0.00,0.00,0.00,0.00,17.2,0.18,0.53,https://fbref.com/en/players/9e4df3ba/Lars-Olden-Larsen,9e4df3ba,Eredivisie
278,Nick Olij,NED,GK,Sparta R'dam,28-160,1995,16.0,45.7,35.2,10.3,2.50,0.00,0.31,0.00,0.00,0.00,0.00,0.00,0.00,30.4,0.25,0.00,https://fbref.com/en/players/fdc67d9a/Nick-Olij,fdc67d9a,Eredivisie
279,Simon Olsson,SWE,"MF,FW",Heerenveen,26-116,1997,15.4,36.9,36.3,0.39,0.26,0.52,0.19,0.19,0.06,0.00,0.00,0.00,0.00,29.8,0.19,0.97,https://fbref.com/en/players/0a4a1821/Simon-Olsson,0a4a1821,Eredivisie
280,Richie Omorowa,SWE,FW,Excelsior,19-284,2004,2.5,27.6,24.4,3.20,0.00,0.00,0.00,0.80,0.00,0.00,0.00,0.00,0.00,19.2,0.00,0.80,https://fbref.com/en/players/5e398b32/Richie-Omorowa,5e398b32,Eredivisie
281,Diego van Oorschot,,"MF,FW",Heracles Almelo,,,0.2,40.0,40.0,0.00,0.00,0.00,0.00,5.00,0.00,0.00,0.00,0.00,0.00,30.0,0.00,0.00,https://fbref.com/en/players/e2515be0/Diego-van-Oorschot,e2515be0,Eredivisie
282,Ragnar Oratmangoen,NED,"FW,MF",Fortuna Sittard,25-352,1998,1.9,53.7,51.1,2.11,0.53,0.00,0.00,2.63,0.53,1.05,0.53,0.00,0.00,40.0,0.53,2.63,https://fbref.com/en/players/b6ca8924/Ragnar-Oratmangoen,b6ca8924,Eredivisie
283,Alois Oroz,CRO,DF,Vitesse,23-071,2000,12.0,50.0,46.4,3.50,1.33,0.00,0.50,0.50,2.17,0.00,0.00,0.00,0.00,38.7,0.08,0.25,https://fbref.com/en/players/5333d7de/Alois-Oroz,5333d7de,Eredivisie
284,Anas Ouahim,GER,MF,Heracles Almelo,26-107,1997,13.1,27.7,26.6,1.07,0.46,0.38,0.00,0.31,0.38,0.08,0.00,0.00,0.00,21.9,0.00,0.53,https://fbref.com/en/players/f04f45a2/Anas-Ouahim,f04f45a2,Eredivisie
285,Yassin Oukili,NED,MF,RKC Waalwijk,23-005,2001,14.6,34.1,33.4,0.62,0.48,0.07,0.75,1.03,0.07,0.00,0.00,0.00,0.00,26.7,0.14,1.03,https://fbref.com/en/players/c960bc58/Yassin-Oukili,c960bc58,Eredivisie
286,Bilal Ould-Chikh,MAR,"FW,MF",Volendam,26-164,1997,15.2,26.4,21.7,4.61,0.66,0.00,0.20,6.64,1.51,2.24,1.64,0.26,0.00,18.3,0.13,1.05,https://fbref.com/en/players/a7dd36cf/Bilal-Ould-Chikh,a7dd36cf,Eredivisie
287,Oğuzhan Özyakup,TUR,"MF,FW",Fortuna Sittard,31-107,1992,3.9,52.3,44.9,7.18,3.33,0.26,0.26,5.90,0.00,3.85,1.28,1.28,0.00,38.7,0.26,0.77,https://fbref.com/en/players/d8c679be/Oguzhan-Ozyakup,d8c679be,Eredivisie
288,Igor Paixão,BRA,"FW,MF",Feyenoord,23-194,2000,10.7,34.9,29.4,5.14,1.31,0.09,0.00,7.29,0.65,3.08,1.50,0.93,0.00,24.0,0.28,1.03,https://fbref.com/en/players/089c7323/Igor-Paixao,089c7323,Eredivisie
289,Ivor Pandur,CRO,GK,Fortuna Sittard,23-289,2000,16.0,34.6,24.4,10.0,2.19,0.00,0.00,0.00,0.00,0.00,0.00,0.00,0.00,23.7,0.19,0.00,https://fbref.com/en/players/457cb02f/Ivor-Pandur,457cb02f,Eredivisie
290,Troy Parrott,IRL,FW,Excelsior,21-338,2002,6.5,18.6,16.0,2.46,0.00,0.15,0.00,0.46,0.31,0.00,0.00,0.00,0.00,13.5,0.15,1.08,https://fbref.com/en/players/4357f557/Troy-Parrott,4357f557,Eredivisie
291,Vangelis Pavlidis,GRE,FW,AZ Alkmaar,25-048,1998,15.4,27.3,25.0,2.14,0.06,0.00,0.39,0.97,0.13,0.00,0.00,0.00,0.00,19.1,0.19,1.69,https://fbref.com/en/players/d578db11/Vangelis-Pavlidis,d578db11,Eredivisie
292,Deron Payne,NED,DF,Volendam,21-105,2002,6.9,37.0,29.4,7.39,0.14,0.14,0.00,1.30,7.25,0.00,0.00,0.00,0.00,27.5,0.14,1.16,https://fbref.com/en/players/1118e3e3/Deron-Payne,1118e3e3,Eredivisie
293,Álvaro Peña,ESP,"MF,DF",Almere City,32-076,1991,4.3,47.0,42.1,4.65,1.86,0.00,0.23,1.16,0.70,0.93,0.00,0.23,0.00,35.6,0.23,1.40,https://fbref.com/en/players/c5456acc/Alvaro-Pena,c5456acc,Eredivisie
294,Alexandre Penetra,POR,DF,AZ Alkmaar,22-121,2001,10.4,72.8,69.8,2.98,1.06,0.00,0.48,0.19,0.19,0.00,0.00,0.00,0.00,65.1,0.00,0.00,https://fbref.com/en/players/df4b73f0/Alexandre-Penetra,df4b73f0,Eredivisie
295,Ricardo Pepi,USA,"FW,MF",PSV Eindhoven,20-364,2003,2.3,25.2,24.8,0.43,0.00,0.00,0.00,0.43,0.00,0.00,0.00,0.00,0.00,21.3,0.00,0.43,https://fbref.com/en/players/a2b1ed42/Ricardo-Pepi,a2b1ed42,Eredivisie
296,Brayann Pereira,FRA,DF,NEC Nijmegen,20-232,2003,2.2,39.5,33.6,5.91,0.45,0.00,0.00,5.00,5.45,0.00,0.00,0.00,0.00,30.0,0.00,1.82,https://fbref.com/en/players/5c42e7ce/Brayann-Pereira,5c42e7ce,Eredivisie
297,Ivo Pinto,POR,DF,Fortuna Sittard,34-001,1990,15.7,45.6,35.2,10.3,1.02,0.13,0.38,4.08,8.85,0.45,0.00,0.13,0.00,31.4,0.13,0.89,https://fbref.com/en/players/8d82551b/Ivo-Pinto,8d82551b,Eredivisie
298,Michael Pinto,LUX,DF,Vitesse,30-218,1993,8.0,53.6,43.1,10.4,2.13,0.00,0.00,3.88,7.00,1.25,0.50,0.50,0.00,43.8,0.13,1.13,https://fbref.com/en/players/6e2c53cb/Michael-Pinto,6e2c53cb,Eredivisie
299,Brian Plat,NED,DF,Volendam,23-278,2000,8.6,39.0,34.0,4.88,0.70,0.00,0.23,0.35,3.60,0.00,0.00,0.00,0.00,30.0,0.12,0.58,https://fbref.com/en/players/959eff56/Brian-Plat,959eff56,Eredivisie
300,Ernest Poku,NED,FW,AZ Alkmaar,19-345,2004,5.2,24.4,23.5,0.77,0.00,0.00,0.00,1.15,0.77,0.00,0.00,0.00,0.00,18.5,0.19,1.15,https://fbref.com/en/players/ddc31375/Ernest-Poku,ddc31375,Eredivisie
301,Bram van Polen,NED,DF,Zwolle,38-089,1985,13.5,44.4,37.9,6.44,0.59,0.07,0.00,2.15,5.78,0.00,0.00,0.00,0.00,34.9,0.07,0.81,https://fbref.com/en/players/894cfe3d/Bram-van-Polen,894cfe3d,Eredivisie
302,Danny Post,NED,"DF,MF",Almere City,34-276,1989,0.3,46.7,46.7,0.00,0.00,0.00,0.00,0.00,0.00,0.00,0.00,0.00,0.00,36.7,0.00,3.33,https://fbref.com/en/players/748aabfe/Danny-Post,748aabfe,Eredivisie
303,Dirk Proper,NED,MF,NEC Nijmegen,21-318,2002,14.9,43.8,42.6,1.14,0.87,0.40,0.40,0.07,0.20,0.07,0.07,0.00,0.00,37.8,0.13,0.60,https://fbref.com/en/players/77b49e13/Dirk-Proper,77b49e13,Eredivisie
304,Robin Pröpper,NED,DF,Twente,30-107,1993,14.1,77.4,73.4,3.90,3.05,0.21,0.71,0.14,0.35,0.00,0.00,0.00,0.00,66.1,0.07,0.71,https://fbref.com/en/players/996fc502/Robin-Propper,996fc502,Eredivisie
305,Jeffrey Puriel,NED,FW,Almere City,21-053,2002,0.3,16.7,13.3,3.33,3.33,0.00,0.00,3.33,0.00,0.00,0.00,0.00,0.00,10.0,0.00,0.00,https://fbref.com/en/players/83c7688b/Jeffrey-Puriel,83c7688b,Eredivisie
306,Diant Ramaj,GER,GK,Ajax,22-111,2001,8.3,47.0,38.9,7.95,0.72,0.00,0.12,0.00,0.00,0.00,0.00,0.00,0.00,35.1,0.12,0.00,https://fbref.com/en/players/b90c4a43/Diant-Ramaj,b90c4a43,Eredivisie
307,André Ramalho,BRA,DF,PSV Eindhoven,31-326,1992,12.4,76.9,75.6,1.29,1.13,0.08,0.73,0.08,0.16,0.00,0.00,0.00,0.00,66.5,0.08,0.32,https://fbref.com/en/players/7483d9f9/Andre-Ramalho,7483d9f9,Eredivisie
308,Bart Ramselaar,NED,"FW,MF",Utrecht,27-193,1996,3.7,33.2,32.7,0.27,0.00,0.00,0.00,2.16,0.00,0.27,0.27,0.00,0.00,25.9,0.27,1.08,https://fbref.com/en/players/74596f1a/Bart-Ramselaar,74596f1a,Eredivisie
309,Youri Regeer,NED,"DF,FW",Twente,20-143,2003,10.9,54.4,46.9,7.34,0.83,0.00,0.28,2.57,6.15,0.28,0.00,0.00,0.00,45.0,0.18,1.47,https://fbref.com/en/players/e0782abd/Youri-Regeer,e0782abd,Eredivisie
310,Gyan de Regt,NED,FW,Vitesse,21-147,2002,5.6,22.1,21.4,0.71,0.00,0.00,0.00,1.61,0.36,0.00,0.00,0.00,0.00,12.3,0.00,1.43,https://fbref.com/en/players/bae360fd/Gyan-de-Regt,bae360fd,Eredivisie
311,Eliano Reijnders,NED,"DF,FW",Zwolle,23-077,2000,12.4,35.7,30.2,5.48,0.24,0.16,0.16,2.50,4.76,0.16,0.16,0.00,0.00,25.6,0.08,1.45,https://fbref.com/en/players/d32ef527/Eliano-Reijnders,d32ef527,Eredivisie
312,Devyne Rensch,NED,DF,Ajax,20-355,2003,10.5,70.2,63.0,7.14,1.33,0.00,0.19,0.57,5.81,0.00,0.00,0.00,0.00,61.9,0.10,1.24,https://fbref.com/en/players/c5cbbcff/Devyne-Rensch,c5cbbcff,Eredivisie
313,Stije Resink,NED,MF,Almere City,20-225,2003,12.8,38.9,36.6,2.19,0.55,0.08,0.31,1.02,0.23,0.00,0.00,0.00,0.00,28.3,0.16,0.78,https://fbref.com/en/players/df90b7ad/Stije-Resink,df90b7ad,Eredivisie
314,Francisco Reyes,DOM,DF,Volendam,17-286,2006,0.2,60.0,50.0,10.0,0.00,0.00,0.00,0.00,10.0,0.00,0.00,0.00,0.00,55.0,0.00,0.00,https://fbref.com/en/players/f3bc054b/Francisco-Reyes,f3bc054b,Eredivisie
315,Milan Robberechts,BEL,"FW,MF",Fortuna Sittard,19-310,2004,2.3,21.3,20.9,0.43,0.00,0.00,0.00,0.87,0.00,0.00,0.00,0.00,0.00,17.4,0.00,0.87,https://fbref.com/en/players/81e4f7ff/Milan-Robberechts,81e4f7ff,Eredivisie
316,Thomas Robinet,FRA,"MF,FW",Almere City,27-143,1996,15.4,26.7,25.8,0.78,0.00,0.00,0.00,0.71,0.06,0.00,0.00,0.00,0.00,16.8,0.06,0.84,https://fbref.com/en/players/ec1e1d42/Thomas-Robinet,ec1e1d42,Eredivisie
317,Robin Roefs,NED,GK,NEC Nijmegen,20-356,2003,3.7,38.4,25.1,13.2,2.97,0.00,0.00,0.00,0.00,0.00,0.00,0.00,0.00,27.3,0.00,0.00,https://fbref.com/en/players/349fa918/Robin-Roefs,349fa918,Eredivisie
318,Godfried Roemeratoe,CUW,MF,RKC Waalwijk,24-142,1999,11.7,36.8,36.4,0.34,0.26,0.17,0.34,0.17,0.00,0.00,0.00,0.00,0.00,30.7,0.00,0.60,https://fbref.com/en/players/a646b710/Godfried-Roemeratoe,a646b710,Eredivisie
319,Ole Romeny,NED,"FW,MF",Utrecht,23-202,2000,4.4,23.4,22.3,0.91,0.23,0.00,0.23,0.91,0.45,0.00,0.00,0.00,0.00,17.7,0.23,0.23,https://fbref.com/en/players/3e17193f/Ole-Romeny,3e17193f,Eredivisie
320,Philippe Rommens,BEL,MF,Go Ahead Eag,26-141,1997,15.0,60.9,52.4,8.27,3.60,0.07,0.47,6.27,0.07,3.40,1.67,1.33,0.00,46.5,0.27,1.40,https://fbref.com/en/players/318db7b4/Philippe-Rommens,318db7b4,Eredivisie
321,Bart van Rooij,NED,DF,NEC Nijmegen,22-227,2001,12.1,47.9,38.8,8.84,0.58,0.08,0.17,2.81,8.26,0.00,0.00,0.00,0.00,35.5,0.25,1.16,https://fbref.com/en/players/30fb2f9c/Bart-van-Rooij,30fb2f9c,Eredivisie
322,Eloy Room,CUW,GK,Vitesse,34-336,1989,16.0,40.9,30.6,10.3,2.75,0.00,0.00,0.00,0.00,0.00,0.00,0.00,0.00,27.3,0.00,0.00,https://fbref.com/en/players/6b33d86b/Eloy-Room,6b33d86b,Eredivisie
323,Ruben Roosken,NED,DF,Heracles Almelo,23-312,2000,9.0,44.4,35.7,8.67,0.56,0.00,0.11,3.11,8.00,0.00,0.00,0.00,0.00,31.4,0.11,0.67,https://fbref.com/en/players/e9dc604a/Ruben-Roosken,e9dc604a,Eredivisie
324,Loreintz Rosier,FRA,MF,Fortuna Sittard,25-147,1998,10.7,43.2,42.7,0.37,0.37,0.09,0.37,0.56,0.00,0.00,0.00,0.00,0.00,33.1,0.09,0.47,https://fbref.com/en/players/19b28f22/Loreintz-Rosier,19b28f22,Eredivisie
325,Mathias Ross,DEN,DF,NEC Nijmegen,22-358,2001,7.4,32.6,30.0,2.57,2.30,0.14,0.41,0.00,0.00,0.00,0.00,0.00,0.00,24.7,0.00,0.27,https://fbref.com/en/players/549d4e3e/Mathias-Ross,549d4e3e,Eredivisie
326,Nils Rossen,NED,FW,NEC Nijmegen,18-160,2005,0.2,20.0,20.0,0.00,0.00,0.00,0.00,0.00,0.00,0.00,0.00,0.00,0.00,15.0,0.00,0.00,https://fbref.com/en/players/408ba138/Nils-Rossen,408ba138,Eredivisie
327,Daan Rots,NED,FW,Twente,22-167,2001,13.4,39.7,38.7,0.97,0.15,0.15,0.22,2.16,0.67,0.07,0.00,0.07,0.00,27.6,0.07,1.79,https://fbref.com/en/players/d40b01f6/Daan-Rots,d40b01f6,Eredivisie
328,Mats Rots,NED,DF,Twente,17-303,2006,0.8,60.0,57.5,2.50,1.25,0.00,0.00,1.25,1.25,0.00,0.00,0.00,0.00,52.5,0.00,0.00,https://fbref.com/en/players/de4b685b/Mats-Rots,de4b685b,Eredivisie
329,Manu Royo,ESP,DF,Almere City,29-314,1994,7.4,55.8,41.6,14.1,0.27,0.00,0.81,8.11,12.8,0.95,0.27,0.41,0.00,35.8,0.14,1.22,https://fbref.com/en/players/4d24f3e4/Manu-Royo,4d24f3e4,Eredivisie
330,Gerónimo Rulli,ARG,GK,Ajax,31-233,1992,0.3,20.0,13.3,6.67,3.33,0.00,0.00,0.00,0.00,0.00,0.00,0.00,0.00,20.0,0.00,0.00,https://fbref.com/en/players/625c144a/Geronimo-Rulli,625c144a,Eredivisie
331,Mathew Ryan,AUS,GK,AZ Alkmaar,31-275,1992,15.0,36.5,31.5,5.00,0.93,0.00,0.13,0.00,0.00,0.00,0.00,0.00,0.00,30.9,0.07,0.00,https://fbref.com/en/players/4535e4bb/Mathew-Ryan,4535e4bb,Eredivisie
332,Pim Saathof,NED,DF,Go Ahead Eag,20-011,2003,0.1,140.0,140.0,0.00,0.00,0.00,0.00,0.00,0.00,0.00,0.00,0.00,0.00,80.0,0.00,10.0,https://fbref.com/en/players/1b979bc2/Pim-Saathof,1b979bc2,Eredivisie
333,Michal Sadílek,CZE,MF,Twente,24-222,1999,14.6,69.7,62.5,6.99,2.74,0.14,0.34,4.38,1.10,3.01,2.05,0.21,0.00,58.1,0.14,0.62,https://fbref.com/en/players/7c9fa389/Michal-Sadilek,7c9fa389,Eredivisie
334,Ibrahim Sadiq,GHA,FW,AZ Alkmaar,23-246,2000,2.6,35.4,33.1,2.31,0.38,0.00,0.38,2.69,1.15,0.77,0.38,0.38,0.00,26.2,0.00,1.54,https://fbref.com/en/players/9200d432/Ibrahim-Sadiq,9200d432,Eredivisie
335,Modibo Sagnan,FRA,DF,Utrecht,24-269,1999,9.5,48.1,46.6,1.47,1.16,0.00,0.53,0.11,0.00,0.00,0.00,0.00,0.00,39.6,0.00,0.42,https://fbref.com/en/players/76d679c7/Modibo-Sagnan,76d679c7,Eredivisie
336,Osame Sahraoui,NOR,FW,Heerenveen,22-211,2001,13.3,35.7,34.4,1.05,0.30,0.38,0.15,2.48,0.45,0.30,0.00,0.00,0.00,27.6,0.23,1.50,https://fbref.com/en/players/6f9fa232/Osame-Sahraoui,6f9fa232,Eredivisie
337,Ismael Saibari,MAR,MF,PSV Eindhoven,22-345,2001,8.3,46.6,45.5,1.08,0.12,0.12,0.12,0.24,0.48,0.00,0.00,0.00,0.00,40.2,0.00,0.96,https://fbref.com/en/players/3ec9f005/Ismael-Saibari,3ec9f005,Eredivisie
338,Koki Saito,JPN,FW,Sparta R'dam,22-151,2001,4.1,33.9,31.2,2.44,0.98,0.00,0.00,3.90,0.00,1.46,0.24,0.98,0.00,26.3,0.24,0.73,https://fbref.com/en/players/5408dd51/Koki-Saito,5408dd51,Eredivisie
339,Anass Salah-Eddine,NED,DF,Ajax,21-355,2002,2.1,74.8,63.8,11.0,1.43,0.00,0.00,4.29,8.57,0.95,0.00,0.48,0.00,63.8,0.00,0.48,https://fbref.com/en/players/0d274394/Anass-Salah-Eddine,0d274394,Eredivisie
340,Shurandy Sambo,NED,DF,PSV Eindhoven,22-142,2001,1.1,94.5,79.1,15.5,0.00,0.00,0.00,0.91,15.5,0.00,0.00,0.00,0.00,80.0,0.00,2.73,https://fbref.com/en/players/4b1d5a70/Shurandy-Sambo,4b1d5a70,Eredivisie
341,Alfons Sampsted,ISL,DF,Twente,25-277,1998,13.6,61.4,48.4,12.9,1.47,0.07,0.00,2.28,11.4,0.00,0.00,0.00,0.00,49.9,0.15,2.21,https://fbref.com/en/players/5d873dfb/Alfons-Sampsted,5d873dfb,Eredivisie
342,Philippe Sandler,NED,DF,NEC Nijmegen,26-332,1997,6.7,63.7,61.0,2.54,1.94,0.45,1.49,0.15,0.00,0.00,0.00,0.00,0.00,58.5,0.15,0.00,https://fbref.com/en/players/60740e70/Philippe-Sandler,60740e70,Eredivisie
343,Cisse Sandra,BEL,MF,Excelsior,20-023,2003,10.4,33.9,31.8,2.02,0.67,0.10,0.38,0.96,0.19,0.29,0.10,0.00,0.00,27.2,0.10,0.58,https://fbref.com/en/players/2f33776f/Cisse-Sandra,2f33776f,Eredivisie
344,Ibrahim Sangaré,CIV,MF,PSV Eindhoven,26-037,1997,2.0,85.5,82.5,2.00,1.50,1.50,2.00,0.00,0.50,0.00,0.00,0.00,0.00,75.5,1.00,0.00,https://fbref.com/en/players/bced0375/Ibrahim-Sangare,bced0375,Eredivisie
345,Mohamed Sankoh,NED,FW,Heracles Almelo,20-084,2003,8.3,12.9,11.4,1.33,0.00,0.24,0.00,0.00,0.00,0.00,0.00,0.00,0.00,9.64,0.12,0.12,https://fbref.com/en/players/be625686/Mohamed-Sankoh,be625686,Eredivisie
346,Kodai Sano,JPN,FW,NEC Nijmegen,20-105,2003,0.9,51.1,47.8,1.11,0.00,0.00,1.11,7.78,1.11,0.00,0.00,0.00,0.00,30.0,2.22,2.22,https://fbref.com/en/players/f2b91fdf/Kodai-Sano,f2b91fdf,Eredivisie
347,Antonio Satriano,ITA,FW,Heracles Almelo,20-070,2003,1.8,16.7,13.9,2.78,0.00,0.00,0.00,0.00,0.00,0.00,0.00,0.00,0.00,12.2,0.00,0.00,https://fbref.com/en/players/06cc6ad5/Antonio-Satriano,06cc6ad5,Eredivisie
348,Leo Sauer,SVK,FW,Feyenoord,18-023,2005,2.1,53.3,49.0,4.29,0.00,0.00,0.48,6.19,0.95,3.33,0.48,0.00,0.00,42.9,0.00,0.95,https://fbref.com/en/players/4c53a688/Leo-Sauer,4c53a688,Eredivisie
349,Jasper Schendelaar,NED,GK,Zwolle,23-128,2000,16.0,41.3,30.9,10.3,2.25,0.00,0.06,0.00,0.00,0.00,0.00,0.00,0.00,30.0,0.06,0.00,https://fbref.com/en/players/0c43c76c/Jasper-Schendelaar,0c43c76c,Eredivisie
350,Sem Scheperman,NED,"MF,DF",Heracles Almelo,21-198,2002,3.5,40.3,38.3,1.43,1.14,0.00,0.00,0.86,0.29,0.00,0.00,0.00,0.00,32.0,0.57,0.57,https://fbref.com/en/players/60faf301/Sem-Scheperman,60faf301,Eredivisie
351,Lasse Schöne,DEN,MF,NEC Nijmegen,37-226,1986,10.2,52.5,45.1,7.25,3.24,0.29,0.20,5.20,0.00,4.02,1.86,2.06,0.00,41.5,0.10,1.08,https://fbref.com/en/players/c3a8bcd8/Lasse-Schone,c3a8bcd8,Eredivisie
352,Jerdy Schouten,NED,"MF,DF",PSV Eindhoven,26-361,1997,10.5,65.7,64.8,0.86,0.76,0.00,0.19,0.00,0.10,0.00,0.00,0.00,0.00,59.0,0.10,0.95,https://fbref.com/en/players/2cfae697/Jerdy-Schouten,2cfae697,Eredivisie
353,Nicolás Serrano,ESP,"FW,MF",Zwolle,20-309,2003,1.6,44.4,40.0,2.50,0.63,0.00,1.25,8.75,1.25,0.63,0.00,0.00,0.00,28.1,1.88,1.88,https://fbref.com/en/players/2ad0e5e5/Nicolas-Serrano,2ad0e5e5,Eredivisie
354,Mats Seuntjens,NED,"FW,MF",Utrecht,31-266,1992,10.6,27.6,21.9,5.66,1.13,0.38,0.28,4.72,0.19,3.68,1.98,1.51,0.00,16.9,0.09,0.75,https://fbref.com/en/players/db159803/Mats-Seuntjens,db159803,Eredivisie
355,José Pascual Alba Seva,ESP,"FW,DF",Almere City,23-281,2000,0.7,17.1,15.7,1.43,0.00,0.00,0.00,1.43,0.00,0.00,0.00,0.00,0.00,2.86,0.00,1.43,https://fbref.com/en/players/b7c4ae4c/Jose-Pascual-Alba-Seva,b7c4ae4c,Eredivisie
356,Serano Seymor,NED,DF,Excelsior,22-004,2002,3.6,49.2,48.9,0.28,0.28,0.00,0.00,0.00,0.00,0.00,0.00,0.00,0.00,43.3,0.00,0.56,https://fbref.com/en/players/19388cbc/Serano-Seymor,19388cbc,Eredivisie
357,Kaj Sierhuis,NED,FW,Fortuna Sittard,25-256,1998,9.4,22.2,20.5,1.49,0.11,0.11,0.11,0.43,0.00,0.00,0.00,0.00,0.00,14.0,0.21,0.96,https://fbref.com/en/players/9c2b1f11/Kaj-Sierhuis,9c2b1f11,Eredivisie
358,Dimitris Siovas,GRE,DF,Fortuna Sittard,35-114,1988,12.9,46.4,45.6,0.62,0.54,0.00,0.00,0.08,0.00,0.00,0.00,0.00,0.00,37.3,0.23,0.23,https://fbref.com/en/players/92d38e6c/Dimitris-Siovas,92d38e6c,Eredivisie
359,Gijs Smal,NED,DF,Twente,26-130,1997,6.6,60.8,53.5,7.27,0.45,0.00,0.91,2.73,6.52,0.30,0.00,0.00,0.00,48.2,0.00,1.82,https://fbref.com/en/players/0eb4a4f3/Gijs-Smal,0eb4a4f3,Eredivisie
360,Ian Smeulers,NED,"DF,MF",Excelsior,23-361,2000,1.8,36.1,28.3,7.78,0.56,0.00,0.00,1.67,6.67,0.56,0.00,0.56,0.00,28.3,0.00,1.11,https://fbref.com/en/players/732e0da3/Ian-Smeulers,732e0da3,Eredivisie
361,Sven Sonnenberg,GER,DF,Heracles Almelo,24-354,1999,9.1,54.1,51.6,2.20,1.65,0.11,0.55,0.00,0.22,0.00,0.00,0.00,0.00,46.7,0.22,0.33,https://fbref.com/en/players/5a7c3705/Sven-Sonnenberg,5a7c3705,Eredivisie
362,Borna Sosa,CRO,DF,Ajax,25-352,1998,3.7,67.8,58.4,9.19,1.35,0.00,1.35,5.68,7.30,0.54,0.00,0.00,0.00,54.6,0.27,1.62,https://fbref.com/en/players/af0d79a9/Borna-Sosa,af0d79a9,Eredivisie
363,Sylla Sow,NED,FW,Go Ahead Eag,27-153,1996,6.7,22.1,20.1,1.79,0.00,0.00,0.00,0.30,0.15,0.00,0.00,0.00,0.00,17.2,0.15,1.19,https://fbref.com/en/players/0032d3ad/Sylla-Sow,0032d3ad,Eredivisie
364,Mark Spenkelink,NED,GK,RKC Waalwijk,26-346,1997,1.0,43.0,29.0,14.0,2.00,0.00,0.00,0.00,0.00,0.00,0.00,0.00,0.00,29.0,0.00,0.00,https://fbref.com/en/players/e69c30bb/Mark-Spenkelink,e69c30bb,Eredivisie
365,Sem Steijn,NED,MF,Twente,22-052,2001,12.6,28.5,27.4,1.03,0.16,0.16,0.08,1.19,0.08,0.32,0.32,0.00,0.00,20.9,0.08,0.63,https://fbref.com/en/players/ef58c4bc/Sem-Steijn,ef58c4bc,Eredivisie
366,Calvin Stengs,NED,"MF,FW",Feyenoord,25-021,1998,13.0,44.2,36.8,7.23,1.54,0.46,0.08,3.54,0.85,4.08,1.85,0.31,0.00,34.4,0.15,1.62,https://fbref.com/en/players/8f7e6783/Calvin-Stengs,8f7e6783,Eredivisie
367,Filip Stevanovic,SRB,"FW,MF",RKC Waalwijk,21-105,2002,6.0,38.8,33.3,5.50,1.17,0.00,0.50,5.83,0.50,3.83,1.00,2.33,0.00,24.7,0.00,2.67,https://fbref.com/en/players/50f823d3/Filip-Stevanovic,50f823d3,Eredivisie
368,Yukinari Sugawara,JPN,DF,AZ Alkmaar,23-194,2000,15.0,75.1,57.6,17.3,2.27,0.13,0.67,7.47,10.0,5.07,1.67,2.73,0.00,58.9,0.13,0.80,https://fbref.com/en/players/580bcd18/Yukinari-Sugawara,580bcd18,Eredivisie
369,Josip Šutalo,CRO,DF,Ajax,23-314,2000,11.5,79.1,77.0,2.09,1.65,0.00,0.17,0.00,0.17,0.00,0.00,0.00,0.00,71.3,0.09,0.35,https://fbref.com/en/players/33a6a650/Josip-Sutalo,33a6a650,Eredivisie
370,Anas Tahiri,BEL,MF,Heerenveen,28-238,1995,7.1,73.2,70.0,3.10,1.55,0.28,0.28,1.69,0.56,0.99,0.14,0.70,0.00,64.6,0.14,0.70,https://fbref.com/en/players/e43e11a0/Anas-Tahiri,e43e11a0,Eredivisie
371,Benjamin Tahirovic,BIH,MF,Ajax,20-311,2003,9.0,56.1,54.1,1.89,1.78,0.22,0.33,0.11,0.11,0.00,0.00,0.00,0.00,48.4,0.11,0.56,https://fbref.com/en/players/eb3022c3/Benjamin-Tahirovic,eb3022c3,Eredivisie
372,Elayis Tavsan,NED,FW,NEC Nijmegen,22-253,2001,3.8,27.4,25.3,1.84,0.79,0.26,0.00,2.11,0.53,0.26,0.26,0.00,0.00,21.6,0.26,0.79,https://fbref.com/en/players/928143e7/Elayis-Tavsan,928143e7,Eredivisie
373,Kenneth Taylor,NED,MF,Ajax,21-237,2002,13.0,50.1,47.7,2.15,0.69,0.23,0.38,1.77,0.15,0.92,0.31,0.54,0.00,40.5,0.23,0.62,https://fbref.com/en/players/ad9b2747/Kenneth-Taylor,ad9b2747,Eredivisie
374,Hidde ter Avest,NED,DF,Utrecht,26-233,1997,11.2,54.7,45.0,9.46,0.71,0.00,0.18,2.86,8.75,0.00,0.00,0.00,0.00,41.3,0.27,2.32,https://fbref.com/en/players/18f9dbd0/Hidde-ter-Avest,18f9dbd0,Eredivisie
375,Jordan Teze,NED,DF,PSV Eindhoven,24-100,1999,11.4,76.3,66.8,9.56,0.96,0.35,0.09,3.51,8.51,0.00,0.00,0.00,0.00,65.8,0.00,1.14,https://fbref.com/en/players/82e9b1bb/Jordan-Teze,82e9b1bb,Eredivisie
376,Ryan Thomas,NZL,MF,Zwolle,29-019,1994,3.7,54.3,51.6,2.43,1.89,0.00,0.27,0.27,0.54,0.00,0.00,0.00,0.00,43.5,0.27,1.35,https://fbref.com/en/players/95efdac2/Ryan-Thomas,95efdac2,Eredivisie
377,Lennart Thy,GER,"MF,FW",Zwolle,31-317,1992,11.7,27.4,25.1,2.14,0.00,0.00,0.09,0.51,0.68,0.00,0.00,0.00,0.00,19.7,0.09,0.68,https://fbref.com/en/players/af31925d/Lennart-Thy,af31925d,Eredivisie
378,Mathijs Tielemans,NED,MF,Vitesse,21-257,2002,9.9,47.2,43.8,3.33,2.22,0.10,0.30,1.62,0.00,1.01,0.71,0.30,0.00,41.1,0.00,0.61,https://fbref.com/en/players/72befc76/Mathijs-Tielemans,72befc76,Eredivisie
379,Guus Til,NED,MF,PSV Eindhoven,26-017,1997,11.1,27.3,27.0,0.18,0.00,0.27,0.00,1.35,0.18,0.00,0.00,0.00,0.00,20.8,0.09,1.26,https://fbref.com/en/players/6e44569a/Guus-Til,6e44569a,Eredivisie
380,Malik Tillman,USA,"MF,FW",PSV Eindhoven,21-225,2002,5.9,43.4,41.4,1.69,0.17,0.85,0.17,1.69,1.02,0.51,0.00,0.00,0.00,32.4,0.34,2.03,https://fbref.com/en/players/a5420709/Malik-Tillman,a5420709,Eredivisie
381,Quinten Timber,NED,MF,Feyenoord,22-205,2001,15.1,37.5,35.6,1.79,0.79,0.79,0.13,0.33,0.46,0.07,0.00,0.00,0.00,30.5,0.20,0.79,https://fbref.com/en/players/803e7aca/Quinten-Timber,803e7aca,Eredivisie
382,Jens Toornstra,NED,MF,Utrecht,34-279,1989,6.0,38.2,34.7,3.50,1.67,0.67,0.00,2.33,0.50,1.00,0.33,0.67,0.00,26.5,0.00,1.83,https://fbref.com/en/players/ade993b9/Jens-Toornstra,ade993b9,Eredivisie
383,Gernot Trauner,AUT,DF,Feyenoord,31-289,1992,8.6,87.7,86.0,1.63,1.28,0.12,0.12,0.00,0.23,0.00,0.00,0.00,0.00,81.7,0.00,0.35,https://fbref.com/en/players/9d21da85/Gernot-Trauner,9d21da85,Eredivisie
384,Calvin Twigt,NED,MF,Volendam,20-343,2003,14.9,38.2,33.8,4.36,2.21,0.07,0.74,3.89,0.13,1.88,1.74,0.07,0.00,27.8,0.07,0.60,https://fbref.com/en/players/e8e125b0/Calvin-Twigt,e8e125b0,Eredivisie
385,Oscar Uddenäs,SWE,"FW,MF",Excelsior,21-144,2002,1.6,40.0,36.3,3.75,0.00,0.00,0.00,1.88,3.75,0.00,0.00,0.00,0.00,26.3,0.00,1.25,https://fbref.com/en/players/b343386d/Oscar-Uddenas,b343386d,Eredivisie
386,Ayase Ueda,JPN,"FW,MF",Feyenoord,25-120,1998,3.0,19.3,19.0,0.00,0.00,0.00,0.00,1.00,0.00,0.00,0.00,0.00,0.00,12.3,0.33,0.67,https://fbref.com/en/players/c0295327/Ayase-Ueda,c0295327,Eredivisie
387,Manfred Ugalde,CRC,FW,Twente,21-228,2002,13.3,21.5,19.9,1.50,0.00,0.15,0.08,1.05,0.08,0.00,0.00,0.00,0.00,13.9,0.08,0.68,https://fbref.com/en/players/30c4aa75/Manfred-Ugalde,30c4aa75,Eredivisie
388,Lars Unnerstall,GER,GK,Twente,33-172,1990,16.0,37.2,28.9,8.25,1.38,0.00,0.06,0.00,0.06,0.00,0.00,0.00,0.00,26.3,0.06,0.00,https://fbref.com/en/players/4b1793b0/Lars-Unnerstall,4b1793b0,Eredivisie
389,Naci Ünüvar,NED,"FW,MF",Twente,20-209,2003,1.5,37.3,35.3,2.00,0.00,0.00,0.67,1.33,1.33,0.67,0.00,0.00,0.00,30.0,0.00,1.33,https://fbref.com/en/players/bf25cb29/Naci-Unuvar,bf25cb29,Eredivisie
390,Etienne Vaessen,NED,GK,RKC Waalwijk,28-166,1995,12.0,43.8,33.8,10.0,2.25,0.00,0.17,0.00,0.00,0.00,0.00,0.00,0.00,30.3,0.08,0.08,https://fbref.com/en/players/5622d68b/Etienne-Vaessen,5622d68b,Eredivisie
391,Amourrichio Van Axel Dongen,NED,FW,Ajax,19-101,2004,0.6,16.7,16.7,0.00,0.00,0.00,1.67,3.33,0.00,0.00,0.00,0.00,0.00,10.0,0.00,0.00,https://fbref.com/en/players/478f023e/Amourrichio-Van-Axel-Dongen,478f023e,Eredivisie
392,Dave Van Den Berg,NED,MF,Zwolle,23-338,2000,15.4,49.6,48.1,1.30,0.78,0.26,0.32,1.23,0.19,0.00,0.00,0.00,0.00,40.5,0.19,0.84,https://fbref.com/en/players/d3ea4a10/Dave-Van-Den-Berg,d3ea4a10,Eredivisie
393,Dario Van den Buijs,BEL,DF,RKC Waalwijk,28-118,1995,12.7,66.6,64.3,2.05,1.34,0.08,1.10,0.24,0.00,0.08,0.00,0.00,0.00,54.9,0.24,0.39,https://fbref.com/en/players/0a236449/Dario-Van-den-Buijs,0a236449,Eredivisie
394,Alec Van Hoorenbeeck,BEL,DF,Twente,25-009,1998,3.8,58.4,55.0,3.42,1.05,0.00,0.26,0.53,1.05,0.00,0.00,0.00,0.00,48.2,0.00,0.79,https://fbref.com/en/players/f367997a/Alec-Van-Hoorenbeeck,f367997a,Eredivisie
395,Syb Van Ottele,NED,DF,Heerenveen,21-340,2002,10.1,66.2,64.1,2.08,1.49,0.20,2.18,0.10,0.40,0.00,0.00,0.00,0.00,54.7,0.10,0.59,https://fbref.com/en/players/341dc28c/Syb-Van-Ottele,341dc28c,Eredivisie
396,Joey Veerman,NED,MF,PSV Eindhoven,25-050,1998,14.9,81.1,70.6,10.1,3.56,0.81,0.67,7.05,0.60,5.84,2.28,2.35,0.00,64.4,0.40,1.81,https://fbref.com/en/players/18fae4ac/Joey-Veerman,18fae4ac,Eredivisie
397,Marko Vejinović,NED,MF,Heracles Almelo,33-339,1990,3.8,68.2,58.2,10.0,6.05,0.00,1.58,4.47,1.05,2.89,1.32,1.05,0.00,56.1,0.00,0.79,https://fbref.com/en/players/68365860/Marko-Vejinovic,68365860,Eredivisie
398,Odysseus Velanas,NED,"FW,MF",Zwolle,25-217,1998,8.0,30.0,27.9,1.88,0.63,0.00,0.25,3.25,0.63,0.50,0.38,0.13,0.00,22.3,0.25,1.00,https://fbref.com/en/players/8185305c/Odysseus-Velanas,8185305c,Eredivisie
399,Apostolos Vellios,GRE,FW,Zwolle,32-000,1992,5.6,22.7,21.4,1.07,0.00,0.00,0.00,0.00,0.00,0.00,0.00,0.00,0.00,11.3,0.18,0.71,https://fbref.com/en/players/44918bf5/Apostolos-Vellios,44918bf5,Eredivisie
400,Tijs Velthuis,NED,DF,Sparta R'dam,21-361,2002,16.0,58.2,55.2,2.88,0.63,0.06,0.81,0.13,0.13,0.00,0.00,0.00,0.00,51.1,0.13,0.75,https://fbref.com/en/players/3925ee80/Tijs-Velthuis,3925ee80,Eredivisie
401,Calvin Verdonk,NED,DF,NEC Nijmegen,26-257,1997,15.8,65.9,56.2,9.68,1.58,0.06,0.51,2.34,7.91,0.00,0.00,0.00,0.00,49.3,0.06,1.14,https://fbref.com/en/players/bf2b4026/Calvin-Verdonk,bf2b4026,Eredivisie
402,Hobie Verhulst,NED,GK,AZ Alkmaar,30-281,1993,1.0,46.0,33.0,13.0,4.00,0.00,0.00,0.00,0.00,0.00,0.00,0.00,0.00,32.0,0.00,0.00,https://fbref.com/en/players/9f82f7c2/Hobie-Verhulst,9f82f7c2,Eredivisie
403,Arno Verschueren,BEL,MF,Sparta R'dam,26-275,1997,12.3,29.2,27.4,1.71,0.08,0.16,0.24,2.03,0.33,0.00,0.00,0.00,0.00,21.1,0.08,1.06,https://fbref.com/en/players/0ae2b36f/Arno-Verschueren,0ae2b36f,Eredivisie
404,Yorbe Vertessen,BEL,FW,PSV Eindhoven,23-000,2001,3.8,31.3,30.5,0.79,0.00,0.53,0.26,1.32,0.79,0.00,0.00,0.00,0.00,23.4,0.00,1.05,https://fbref.com/en/players/e8ef59da/Yorbe-Vertessen,e8ef59da,Eredivisie
405,Nick Viergever,NED,DF,Utrecht,34-158,1989,5.9,56.6,49.8,6.61,3.39,0.00,0.17,0.68,2.71,0.00,0.00,0.00,0.00,47.5,0.17,0.17,https://fbref.com/en/players/e38f1636/Nick-Viergever,e38f1636,Eredivisie
406,Rémy Vita,MAD,DF,Fortuna Sittard,22-282,2001,5.4,45.9,34.1,11.7,0.56,0.00,0.00,4.07,11.1,0.00,0.00,0.00,0.00,31.3,0.19,1.85,https://fbref.com/en/players/438c6082/Remy-Vita,438c6082,Eredivisie
407,Michel Vlap,NED,FW,Twente,26-220,1997,10.1,51.0,45.8,4.95,1.09,0.30,0.40,2.87,1.29,2.57,1.68,0.10,0.00,40.6,0.20,1.09,https://fbref.com/en/players/02760e49/Michel-Vlap,02760e49,Eredivisie
408,Joel Voelkerling Persson,SWE,FW,Vitesse,20-358,2003,3.3,16.4,13.3,3.03,0.00,0.00,0.00,0.30,0.30,0.00,0.00,0.00,0.00,11.2,0.00,1.21,https://fbref.com/en/players/b3ef6517/Joel-Voelkerling-Persson,b3ef6517,Eredivisie
409,Siemen Voet,BEL,DF,Fortuna Sittard,23-339,2000,2.5,46.8,42.8,4.00,1.20,0.00,0.00,0.40,2.80,0.00,0.00,0.00,0.00,39.6,0.00,0.40,https://fbref.com/en/players/917e933f/Siemen-Voet,917e933f,Eredivisie
410,Silvano Vos,NED,MF,Ajax,18-298,2005,3.2,,,,,,,0.00,,,,,,,,,https://fbref.com/en/players/72603d10/Silvano-Vos,72603d10,Eredivisie
411,Bart Vriends,NED,DF,Sparta R'dam,32-244,1991,14.0,54.1,52.7,1.21,0.79,0.00,0.64,0.00,0.21,0.00,0.00,0.00,0.00,46.4,0.14,0.14,https://fbref.com/en/players/2e4bc188/Bart-Vriends,2e4bc188,Eredivisie
412,Patrick Vroegh,NED,MF,RKC Waalwijk,24-040,1999,0.1,80.0,80.0,0.00,0.00,0.00,0.00,0.00,0.00,0.00,0.00,0.00,0.00,60.0,0.00,0.00,https://fbref.com/en/players/7d5fa902/Patrick-Vroegh,7d5fa902,Eredivisie
413,Patrik Wålemark,SWE,FW,Heerenveen,22-086,2001,4.2,19.5,18.1,1.19,0.00,0.00,0.24,1.67,0.95,0.24,0.24,0.00,0.00,12.6,0.24,1.19,https://fbref.com/en/players/7d7660da/Patrik-Walemark,7d7660da,Eredivisie
414,Django Warmerdam,NED,"DF,FW",Sparta R'dam,28-128,1995,5.8,41.9,36.4,5.52,0.17,0.00,0.17,1.90,5.34,0.00,0.00,0.00,0.00,31.4,0.00,0.52,https://fbref.com/en/players/421370f5/Django-Warmerdam,421370f5,Eredivisie
415,Charlie Webster,ENG,"FW,MF",Heerenveen,19-342,2004,1.2,47.5,44.2,2.50,0.83,0.83,1.67,4.17,0.00,1.67,0.83,0.00,0.00,36.7,0.83,1.67,https://fbref.com/en/players/2beff53f/Charlie-Webster,2beff53f,Eredivisie
416,Lasse Wehmeyer,GER,FW,Heracles Almelo,21-112,2002,1.7,24.1,21.8,2.35,0.59,0.00,0.00,3.53,1.76,0.00,0.00,0.00,0.00,17.1,0.00,0.00,https://fbref.com/en/players/e851067d/Lasse-Wehmeyer,e851067d,Eredivisie
417,Daouda Weidmann,CIV,"MF,DF",RKC Waalwijk,20-249,2003,0.3,33.3,30.0,3.33,0.00,0.00,0.00,3.33,0.00,3.33,0.00,0.00,0.00,26.7,0.00,3.33,https://fbref.com/en/players/535a991e/Daouda-Weidmann,535a991e,Eredivisie
418,Timon Wellenreuther,GER,GK,Feyenoord,28-036,1995,7.0,34.1,30.3,3.71,1.14,0.00,0.00,0.00,0.00,0.00,0.00,0.00,0.00,28.0,0.14,0.00,https://fbref.com/en/players/2f18d0b8/Timon-Wellenreuther,2f18d0b8,Eredivisie
419,Sai van Wermeskerken,JPN,DF,NEC Nijmegen,29-194,1994,1.1,28.2,23.6,4.55,0.00,0.00,0.00,1.82,4.55,0.00,0.00,0.00,0.00,21.8,0.00,0.00,https://fbref.com/en/players/3942a90b/Sai-van-Wermeskerken,3942a90b,Eredivisie
420,Casper Widell,SWE,DF,Excelsior,20-248,2003,15.8,46.5,45.1,1.39,0.76,0.00,0.57,0.00,0.06,0.00,0.00,0.00,0.00,39.4,0.00,0.19,https://fbref.com/en/players/3d7f0ce3/Casper-Widell,3d7f0ce3,Eredivisie
421,Jannes Wieckhoff,GER,DF,Heracles Almelo,23-159,2000,6.4,44.7,34.7,10.0,0.16,0.00,0.00,1.56,9.84,0.00,0.00,0.00,0.00,34.5,0.00,1.88,https://fbref.com/en/players/8665db67/Jannes-Wieckhoff,8665db67,Eredivisie
422,Mats Wieffer,NED,MF,Feyenoord,24-053,1999,14.8,70.1,67.4,2.50,1.55,0.07,0.41,0.61,0.81,0.00,0.00,0.00,0.00,59.6,0.27,0.88,https://fbref.com/en/players/4876c9ab/Mats-Wieffer,4876c9ab,Eredivisie
423,Owen Wijndal,NED,DF,Ajax,24-041,1999,0.5,106.0,102.0,4.00,0.00,0.00,0.00,2.00,4.00,0.00,0.00,0.00,0.00,88.0,0.00,8.00,https://fbref.com/en/players/83300259/Owen-Wijndal,83300259,Eredivisie
424,Jetro Willems,NED,DF,Heracles Almelo,29-284,1994,7.8,57.2,46.0,10.5,2.69,0.13,0.64,3.08,7.44,0.38,0.00,0.26,0.13,45.6,0.64,1.54,https://fbref.com/en/players/9050ddc4/Jetro-Willems,9050ddc4,Eredivisie
425,Dani de Wit,NED,MF,AZ Alkmaar,25-345,1998,12.4,32.9,32.3,0.65,0.08,0.08,0.00,0.16,0.56,0.00,0.00,0.00,0.00,25.3,0.00,1.29,https://fbref.com/en/players/48a2b92a/Dani-de-Wit,48a2b92a,Eredivisie
426,Maximilian Wittek,GER,DF,Vitesse,28-140,1995,1.0,81.0,54.0,27.0,1.00,0.00,2.00,11.0,19.0,7.00,1.00,2.00,0.00,61.0,0.00,2.00,https://fbref.com/en/players/edb2712b/Maximilian-Wittek,edb2712b,Eredivisie
427,Melle Witteveen,NED,FW,Heerenveen,20-198,2003,0.8,27.5,27.5,0.00,0.00,0.00,0.00,1.25,0.00,0.00,0.00,0.00,0.00,21.3,0.00,1.25,https://fbref.com/en/players/de716a60/Melle-Witteveen,de716a60,Eredivisie
428,Ricky van Wolfswinkel,NED,"FW,MF",Twente,34-346,1989,6.3,30.0,28.3,1.59,0.00,0.16,0.00,0.95,1.11,0.16,0.00,0.00,0.00,19.8,0.16,1.59,https://fbref.com/en/players/dbe16ade/Ricky-van-Wolfswinkel,dbe16ade,Eredivisie
429,Redouan El Yaakoubi,NED,"MF,DF",Excelsior,27-348,1996,13.2,47.4,45.8,1.44,1.36,0.23,0.45,0.83,0.08,0.00,0.00,0.00,0.00,35.3,0.15,0.83,https://fbref.com/en/players/cf5e4525/Redouan-El-Yaakoubi,cf5e4525,Eredivisie
430,Mehmet Yuksel,NED,"DF,FW",Sparta R'dam,22-023,2001,0.1,90.0,80.0,10.0,0.00,0.00,0.00,30.0,10.0,0.00,0.00,0.00,0.00,60.0,0.00,0.00,https://fbref.com/en/players/a0e66343/Mehmet-Yuksel,a0e66343,Eredivisie
431,Arthur Zagre,FRA,DF,Excelsior,22-096,2001,14.0,46.2,37.4,8.71,0.64,0.14,0.07,0.71,8.07,0.00,0.00,0.00,0.00,37.3,0.07,1.14,https://fbref.com/en/players/3225654e/Arthur-Zagre,3225654e,Eredivisie
432,Gjivai Zechiël,NED,"DF,MF",Feyenoord,19-221,2004,0.3,60.0,60.0,0.00,0.00,0.00,0.00,0.00,0.00,0.00,0.00,0.00,0.00,53.3,0.00,3.33,https://fbref.com/en/players/dd0fd043/Gjivai-Zechiel,dd0fd043,Eredivisie
433,Lequincio Zeefuik,NED,"FW,MF",Volendam,19-043,2004,6.3,15.4,13.7,1.59,0.16,0.00,0.00,0.16,0.00,0.00,0.00,0.00,0.00,8.10,0.16,0.00,https://fbref.com/en/players/e38b5f28/Lequincio-Zeefuik,e38b5f28,Eredivisie
434,Ramiz Zerrouki,ALG,MF,Feyenoord,25-227,1998,5.2,83.5,80.6,2.88,2.12,0.19,0.19,0.58,0.77,0.00,0.00,0.00,0.00,73.5,0.00,0.19,https://fbref.com/en/players/c762b1a6/Ramiz-Zerrouki,c762b1a6,Eredivisie
435,Giovanni van Zwam,NED,DF,Vitesse,20-006,2004,2.1,64.3,42.9,21.4,1.90,0.00,0.00,0.00,19.5,0.00,0.00,0.00,0.00,42.9,0.00,2.38,https://fbref.com/en/players/cd407f1c/Giovanni-van-Zwam,cd407f1c,Eredivisie
436,Willum Þór Willumsson,ISL,MF,Go Ahead Eag,25-077,1998,15.6,33.7,33.3,0.38,0.06,0.45,0.13,0.96,0.13,0.00,0.00,0.00,0.00,23.6,0.06,0.83,https://fbref.com/en/players/f3f80000/Willum-Thor-Willumsson,f3f80000,Eredivisie
