Rk,Player,Nation,Pos,Squad,Age,Born,90s,SCA_SCA,SCA_SCA90,SCA Types_PassLive,SCA Types_PassDead,SCA Types_TO,SCA Types_Sh,SCA Types_Fld,SCA Types_Def,GCA_GCA,GCA_GCA90,GCA Types_PassLive,GCA Types_PassDead,GCA Types_TO,GCA Types_Sh,GCA Types_Fld,GCA Types_Def,Player Link_,Player ID_,Competition
1,José Abella,MEX,DF,Atlas,29-332,1994,17.0,2.12,2.12,1.53,0.53,0.00,0.00,0.00,0.06,0.18,0.18,0.18,0.00,0.00,0.00,0.00,0.00,https://fbref.com/en/players/93f24791/Jose-Abella,93f24791,Liga MX
2,Diego Abitia,MEX,FW,Atlético,20-267,2003,0.0,0,0.00,0,0,0,0,0,0,0,0.00,0,0,0,0,0,0,https://fbref.com/en/players/49dc9833/Diego-Abitia,49dc9833,Liga MX
3,Carlos Acevedo,MEX,GK,Santos,27-264,1996,6.0,0.33,0.33,0.33,0.00,0.00,0.00,0.00,0.00,0.00,0.00,0.00,0.00,0.00,0.00,0.00,0.00,https://fbref.com/en/players/0810e384/Carlos-Acevedo,0810e384,Liga MX
4,Sergio Adrián Flores,MEX,MF,Mazatlán,28-330,1995,10.3,0.97,0.97,0.97,0.00,0.00,0.00,0.00,0.00,0.10,0.10,0.10,0.00,0.00,0.00,0.00,0.00,https://fbref.com/en/players/b8776065/Sergio-Adrian-Flores,b8776065,Liga MX
5,Eduardo Águila,MEX,"DF,FW",Atlético,21-236,2002,1.1,0.00,0.00,0.00,0.00,0.00,0.00,0.00,0.00,0.00,0.00,0.00,0.00,0.00,0.00,0.00,0.00,https://fbref.com/en/players/723496a4/Eduardo-Aguila,723496a4,Liga MX
6,Daniel Aguilar,MEX,"FW,MF",Puebla,25-336,1998,1.3,7.69,7.96,3.85,3.08,0.00,0.77,0.00,0.00,0.77,0.80,0.00,0.77,0.00,0.00,0.00,0.00,https://fbref.com/en/players/cb98d15d/Daniel-Aguilar,cb98d15d,Liga MX
7,Eduardo Aguirre,MEX,"FW,MF",Atlas,25-158,1998,6.8,2.21,2.22,1.91,0.00,0.00,0.00,0.29,0.00,0.15,0.15,0.15,0.00,0.00,0.00,0.00,0.00,https://fbref.com/en/players/61088de3/Eduardo-Aguirre,61088de3,Liga MX
8,Érick Aguirre,MEX,DF,Monterrey,26-319,1997,5.1,2.35,2.35,2.35,0.00,0.00,0.00,0.00,0.00,0.20,0.20,0.20,0.00,0.00,0.00,0.00,0.00,https://fbref.com/en/players/06dddd9e/Erick-Aguirre,06dddd9e,Liga MX
9,Gaddi Aguirre,MEX,DF,Atlas,27-283,1996,5.2,0.77,0.76,0.38,0.19,0.00,0.00,0.00,0.19,0.19,0.19,0.00,0.00,0.00,0.00,0.00,0.19,https://fbref.com/en/players/a566d3a2/Gaddi-Aguirre,a566d3a2,Liga MX
10,Rodrigo Aguirre,URU,"FW,MF",Monterrey,29-099,1994,1.7,2.35,2.29,2.35,0.00,0.00,0.00,0.00,0.00,0.00,0.00,0.00,0.00,0.00,0.00,0.00,0.00,https://fbref.com/en/players/b5691f5d/Rodrigo-Aguirre,b5691f5d,Liga MX
11,Arnaud Ake,CIV,FW,Mazatlán,25-282,1998,5.9,1.36,1.35,1.02,0.00,0.00,0.00,0.34,0.00,0.00,0.00,0.00,0.00,0.00,0.00,0.00,0.00,https://fbref.com/en/players/3402bb17/Arnaud-Ake,3402bb17,Liga MX
12,Jesús Alberto Angulo,MEX,DF,UANL,25-343,1998,14.6,1.85,1.84,1.58,0.14,0.00,0.00,0.07,0.07,0.00,0.00,0.00,0.00,0.00,0.00,0.00,0.00,https://fbref.com/en/players/2a8638ec/Jesus-Alberto-Angulo,2a8638ec,Liga MX
13,Adrián Aldrete,MEX,DF,UNAM,35-208,1988,12.7,2.99,2.99,1.02,1.81,0.00,0.08,0.00,0.08,0.08,0.08,0.00,0.08,0.00,0.00,0.00,0.00,https://fbref.com/en/players/cd5453d5/Adrian-Aldrete,cd5453d5,Liga MX
14,Daniel Alexis Parra,MEX,DF,Monterrey,24-172,1999,1.0,2.00,2.00,1.00,0.00,0.00,1.00,0.00,0.00,0.00,0.00,0.00,0.00,0.00,0.00,0.00,0.00,https://fbref.com/en/players/b4daf602/Daniel-Alexis-Parra,b4daf602,Liga MX
15,Luis Alfonso Rodríguez,MEX,DF,FC Juárez,32-352,1991,15.6,2.44,2.43,1.79,0.19,0.13,0.00,0.26,0.06,0.19,0.19,0.13,0.06,0.00,0.00,0.00,0.00,https://fbref.com/en/players/125d6bed/Luis-Alfonso-Rodriguez,125d6bed,Liga MX
16,Guillermo Allison,MEX,GK,Querétaro,33-105,1990,12.0,0.17,0.17,0.17,0.00,0.00,0.00,0.00,0.00,0.00,0.00,0.00,0.00,0.00,0.00,0.00,0.00,https://fbref.com/en/players/3438600c/Guillermo-Allison,3438600c,Liga MX
17,Facundo Almada,ARG,DF,Mazatlán,25-182,1998,17.0,0.88,0.88,0.82,0.00,0.06,0.00,0.00,0.00,0.00,0.00,0.00,0.00,0.00,0.00,0.00,0.00,https://fbref.com/en/players/cd60f3ce/Facundo-Almada,cd60f3ce,Liga MX
18,Alfonso Alvarado,MEX,"FW,MF",León,23-301,2000,9.9,1.92,1.91,1.11,0.10,0.20,0.40,0.10,0.00,0.20,0.20,0.20,0.00,0.00,0.00,0.00,0.00,https://fbref.com/en/players/f2f8ca42/Alfonso-Alvarado,f2f8ca42,Liga MX
19,Roberto Alvarado,MEX,"FW,MF",Guadalajara,25-123,1998,12.6,5.16,5.15,3.49,0.71,0.32,0.40,0.24,0.00,0.32,0.32,0.08,0.00,0.08,0.08,0.08,0.00,https://fbref.com/en/players/ff871e14/Roberto-Alvarado,ff871e14,Liga MX
20,Ventura Alvarado,USA,DF,Mazatlán,31-145,1992,4.5,0.44,0.44,0.00,0.22,0.00,0.22,0.00,0.00,0.22,0.22,0.00,0.00,0.00,0.22,0.00,0.00,https://fbref.com/en/players/4c219392/Ventura-Alvarado,4c219392,Liga MX
21,Alek Álvarez,MEX,DF,Necaxa,20-281,2003,0.1,20.0,25.71,10.0,0.00,10.0,0.00,0.00,0.00,0.00,0.00,0.00,0.00,0.00,0.00,0.00,0.00,https://fbref.com/en/players/5ab26e83/Alek-Alvarez,5ab26e83,Liga MX
22,Efrain Alvarez,MEX,MF,Tijuana,21-203,2002,1.4,0.71,0.70,0.00,0.71,0.00,0.00,0.00,0.00,0.71,0.70,0.00,0.71,0.00,0.00,0.00,0.00,https://fbref.com/en/players/3cd08ab7/Efrain-Alvarez,3cd08ab7,Liga MX
23,Kevin Álvarez,MEX,DF,América,24-358,1999,13.2,2.80,2.81,2.20,0.00,0.15,0.30,0.15,0.00,0.38,0.38,0.30,0.00,0.00,0.00,0.08,0.00,https://fbref.com/en/players/636b0833/Kevin-Alvarez,636b0833,Liga MX
24,Daniel Álvarez López,MEX,"MF,FW",Puebla,29-170,1994,9.4,4.26,4.24,3.30,0.64,0.00,0.11,0.21,0.00,0.43,0.42,0.43,0.00,0.00,0.00,0.00,0.00,https://fbref.com/en/players/649f8ee1/Daniel-Alvarez-Lopez,649f8ee1,Liga MX
25,Luis Amarilla,PAR,FW,Mazatlán,28-136,1995,9.5,2.63,2.63,1.89,0.00,0.32,0.32,0.11,0.00,0.42,0.42,0.21,0.00,0.00,0.11,0.11,0.00,https://fbref.com/en/players/fa66adb6/Luis-Amarilla,fa66adb6,Liga MX
26,Fidel Ambríz,MEX,MF,León,20-293,2003,7.8,2.95,2.94,2.56,0.00,0.26,0.13,0.00,0.00,0.00,0.00,0.00,0.00,0.00,0.00,0.00,0.00,https://fbref.com/en/players/14968cd5/Fidel-Ambriz,14968cd5,Liga MX
27,Esteban Andrada,ARG,GK,Monterrey,32-347,1991,16.0,0.19,0.19,0.19,0.00,0.00,0.00,0.00,0.00,0.06,0.06,0.06,0.00,0.00,0.00,0.00,0.00,https://fbref.com/en/players/775d365e/Esteban-Andrada,775d365e,Liga MX
28,Alejandro Andrade,MEX,MF,Necaxa,22-145,2001,4.3,1.16,1.17,0.70,0.00,0.00,0.00,0.23,0.23,0.00,0.00,0.00,0.00,0.00,0.00,0.00,0.00,https://fbref.com/en/players/06b00cad/Alejandro-Andrade,06b00cad,Liga MX
29,Luis Ángel Malagón,MEX,GK,América,26-312,1997,13.5,0.00,0.00,0.00,0.00,0.00,0.00,0.00,0.00,0.00,0.00,0.00,0.00,0.00,0.00,0.00,0.00,https://fbref.com/en/players/48bd91d4/Luis-Angel-Malagon,48bd91d4,Liga MX
30,Brayan Angulo,COL,"DF,MF",Puebla,34-067,1989,16.8,3.15,3.15,2.02,0.42,0.54,0.12,0.00,0.06,0.60,0.59,0.36,0.12,0.12,0.00,0.00,0.00,https://fbref.com/en/players/af31b77b/Brayan-Angulo,af31b77b,Liga MX
31,Jesús Angulo,MEX,"MF,FW",Toluca,26-322,1997,8.3,6.02,6.06,4.22,1.45,0.24,0.00,0.12,0.00,0.60,0.61,0.60,0.00,0.00,0.00,0.00,0.00,https://fbref.com/en/players/c219b86b/Jesus-Angulo,c219b86b,Liga MX
32,Jesús Angulo,MEX,MF,León,26-322,1997,1.8,2.78,2.81,2.22,0.00,0.00,0.56,0.00,0.00,1.11,1.13,1.11,0.00,0.00,0.00,0.00,0.00,https://fbref.com/en/players/c219b86b/Jesus-Angulo,c219b86b,Liga MX
33,Francisco Antonio Figueroa,MEX,"MF,FW",Pachuca,24-209,1999,2.2,4.09,4.01,2.73,0.00,0.91,0.45,0.00,0.00,0.00,0.00,0.00,0.00,0.00,0.00,0.00,0.00,https://fbref.com/en/players/274d5b09/Francisco-Antonio-Figueroa,274d5b09,Liga MX
34,José Antonio Rodríguez,MEX,GK,Tijuana,31-188,1992,14.0,0.29,0.29,0.21,0.07,0.00,0.00,0.00,0.00,0.00,0.00,0.00,0.00,0.00,0.00,0.00,0.00,https://fbref.com/en/players/a78c131a/Jose-Antonio-Rodriguez,a78c131a,Liga MX
35,Uriel Antuna,MEX,"MF,FW",Cruz Azul,26-140,1997,13.6,3.09,3.10,2.50,0.15,0.07,0.00,0.29,0.07,0.59,0.59,0.44,0.00,0.07,0.00,0.07,0.00,https://fbref.com/en/players/a35f5848/Uriel-Antuna,a35f5848,Liga MX
36,Javier Aquino,MEX,DF,UANL,33-331,1990,15.3,2.75,2.75,2.03,0.39,0.13,0.00,0.13,0.07,0.39,0.39,0.20,0.07,0.00,0.00,0.13,0.00,https://fbref.com/en/players/215104cc/Javier-Aquino,215104cc,Liga MX
37,Pedro Aquino,PER,MF,Santos,28-270,1995,9.8,2.35,2.36,1.73,0.10,0.00,0.10,0.20,0.20,0.41,0.41,0.31,0.00,0.00,0.00,0.00,0.10,https://fbref.com/en/players/c4bfc6c5/Pedro-Aquino,c4bfc6c5,Liga MX
38,Maximiliano Araújo,URU,"DF,FW",Toluca,23-327,2000,13.9,3.09,3.10,2.16,0.00,0.43,0.22,0.22,0.07,0.22,0.22,0.07,0.00,0.07,0.00,0.07,0.00,https://fbref.com/en/players/f9ab3f4a/Maximiliano-Araujo,f9ab3f4a,Liga MX
39,Néstor Araujo,MEX,DF,América,32-132,1991,2.0,1.50,1.50,1.00,0.00,0.00,0.00,0.00,0.50,0.00,0.00,0.00,0.00,0.00,0.00,0.00,0.00,https://fbref.com/en/players/27a013f7/Nestor-Araujo,27a013f7,Liga MX
40,Fernando Arce Jr.,USA,"MF,DF",Puebla,27-042,1996,0.7,1.43,1.34,1.43,0.00,0.00,0.00,0.00,0.00,0.00,0.00,0.00,0.00,0.00,0.00,0.00,0.00,https://fbref.com/en/players/ea7d42fb/Fernando-Arce-Jr,ea7d42fb,Liga MX
41,Fernando Arce Jr.,USA,MF,Necaxa,27-042,1996,10.9,1.28,1.29,0.92,0.00,0.09,0.09,0.09,0.09,0.09,0.09,0.09,0.00,0.00,0.00,0.00,0.00,https://fbref.com/en/players/ea7d42fb/Fernando-Arce-Jr,ea7d42fb,Liga MX
42,Ramiro Árciga,MEX,"MF,FW",Mazatlán,19-131,2004,2.4,0.83,0.83,0.42,0.00,0.00,0.42,0.00,0.00,0.00,0.00,0.00,0.00,0.00,0.00,0.00,0.00,https://fbref.com/en/players/61fa9b44/Ramiro-Arciga,61fa9b44,Liga MX
43,Daniel Armando Ríos,MEX,"FW,DF",Guadalajara,28-320,1995,0.8,2.50,2.61,1.25,0.00,0.00,0.00,1.25,0.00,1.25,1.30,0.00,0.00,0.00,0.00,1.25,0.00,https://fbref.com/en/players/078b2c07/Daniel-Armando-Rios,078b2c07,Liga MX
44,Eduardo Armenta,MEX,"MF,FW",Tijuana,22-023,2001,4.9,2.65,2.65,2.45,0.00,0.00,0.20,0.00,0.00,0.41,0.41,0.41,0.00,0.00,0.00,0.00,0.00,https://fbref.com/en/players/ac638620/Eduardo-Armenta,ac638620,Liga MX
45,Víctor Arteaga,MEX,MF,Toluca,19-316,2004,0.0,1,90.00,1,0,0,0,0,0,0,0.00,0,0,0,0,0,0,https://fbref.com/en/players/b8d68f53/Victor-Arteaga,b8d68f53,Liga MX
46,Ali Ávila,MEX,FW,Monterrey,20-107,2003,3.0,2.00,2.01,1.00,0.00,0.00,0.33,0.67,0.00,0.00,0.00,0.00,0.00,0.00,0.00,0.00,0.00,https://fbref.com/en/players/9127eb4e/Ali-Avila,9127eb4e,Liga MX
47,Ettson Ayon,MEX,"FW,MF",Querétaro,22-288,2001,5.4,2.41,2.39,0.93,0.00,0.19,0.37,0.93,0.00,0.00,0.00,0.00,0.00,0.00,0.00,0.00,0.00,https://fbref.com/en/players/5329413c/Ettson-Ayon,5329413c,Liga MX
48,Claudio Baeza,CHI,MF,Toluca,30-016,1993,10.7,1.50,1.50,1.21,0.09,0.00,0.09,0.00,0.09,0.19,0.19,0.09,0.00,0.00,0.09,0.00,0.00,https://fbref.com/en/players/9ba1c30c/Claudio-Baeza,9ba1c30c,Liga MX
49,Kevin Balanta,COL,DF,Tijuana,26-255,1997,15.7,0.51,0.51,0.51,0.00,0.00,0.00,0.00,0.00,0.00,0.00,0.00,0.00,0.00,0.00,0.00,0.00,https://fbref.com/en/players/a5737fd0/Kevin-Balanta,a5737fd0,Liga MX
50,Carlos Baltazar,MEX,MF,Puebla,26-318,1997,6.1,2.79,2.79,1.64,0.66,0.16,0.00,0.33,0.00,0.66,0.66,0.49,0.16,0.00,0.00,0.00,0.00,https://fbref.com/en/players/e8707fbb/Carlos-Baltazar,e8707fbb,Liga MX
51,Miguel Barbieri,ARG,DF,Querétaro,30-137,1993,8.6,1.40,1.40,1.16,0.00,0.00,0.00,0.23,0.00,0.12,0.12,0.12,0.00,0.00,0.00,0.00,0.00,https://fbref.com/en/players/0e8cbfc4/Miguel-Barbieri,0e8cbfc4,Liga MX
52,Diego Barbosa,MEX,DF,Tijuana,27-105,1996,16.5,2.18,2.18,1.76,0.12,0.12,0.06,0.12,0.00,0.30,0.30,0.24,0.06,0.00,0.00,0.00,0.00,https://fbref.com/en/players/eda8e858/Diego-Barbosa,eda8e858,Liga MX
53,Martín Barragán,MEX,FW,Puebla,32-178,1991,9.3,3.23,3.22,2.37,0.00,0.11,0.32,0.22,0.22,0.32,0.32,0.32,0.00,0.00,0.00,0.00,0.00,https://fbref.com/en/players/8ae9001b/Martin-Barragan,8ae9001b,Liga MX
54,Jaine Barreiro,COL,DF,León,29-203,1994,7.0,2.57,2.58,2.29,0.00,0.00,0.29,0.00,0.00,0.14,0.14,0.14,0.00,0.00,0.00,0.00,0.00,https://fbref.com/en/players/743d5a0e/Jaine-Barreiro,743d5a0e,Liga MX
55,Pablo Barrera,MEX,"MF,FW",Querétaro,36-201,1987,14.8,4.26,4.24,2.43,1.42,0.20,0.07,0.07,0.07,0.47,0.47,0.27,0.07,0.07,0.00,0.07,0.00,https://fbref.com/en/players/ff70b131/Pablo-Barrera,ff70b131,Liga MX
56,Sergio Barreto,ARG,DF,Pachuca,24-263,1999,15.3,0.52,0.52,0.39,0.00,0.00,0.13,0.00,0.00,0.07,0.07,0.07,0.00,0.00,0.00,0.00,0.00,https://fbref.com/en/players/0c14329b/Sergio-Barreto,0c14329b,Liga MX
57,Abraham Bass,MEX,MF,Atlas,22-152,2001,2.7,1.85,1.84,1.48,0.00,0.37,0.00,0.00,0.00,0.00,0.00,0.00,0.00,0.00,0.00,0.00,0.00,https://fbref.com/en/players/ea80aff9/Abraham-Bass,ea80aff9,Liga MX
58,Facundo Batista,URU,FW,Necaxa,24-357,1999,12.3,1.79,1.80,1.22,0.00,0.24,0.16,0.16,0.00,0.16,0.16,0.16,0.00,0.00,0.00,0.00,0.00,https://fbref.com/en/players/02cf308a/Facundo-Batista,02cf308a,Liga MX
59,Eduard Bello,VEN,"FW,MF",Mazatlán,28-141,1995,7.2,3.75,3.74,2.22,0.83,0.28,0.00,0.42,0.00,0.00,0.00,0.00,0.00,0.00,0.00,0.00,0.00,https://fbref.com/en/players/2b40500f/Eduard-Bello,2b40500f,Liga MX
60,Paul Bellón,MEX,DF,León,26-218,1997,6.5,0.46,0.46,0.46,0.00,0.00,0.00,0.00,0.00,0.00,0.00,0.00,0.00,0.00,0.00,0.00,0.00,https://fbref.com/en/players/c4a9b5e6/Paul-Bellon,c4a9b5e6,Liga MX
61,Tomás Belmonte,ARG,MF,Toluca,25-226,1998,5.5,1.45,1.47,1.09,0.00,0.00,0.36,0.00,0.00,0.00,0.00,0.00,0.00,0.00,0.00,0.00,0.00,https://fbref.com/en/players/9928bf1a/Tomas-Belmonte,9928bf1a,Liga MX
62,Fernando Beltrán,MEX,MF,Guadalajara,25-245,1998,15.9,2.39,2.38,2.20,0.00,0.06,0.13,0.00,0.00,0.38,0.38,0.31,0.00,0.00,0.06,0.00,0.00,https://fbref.com/en/players/90070ab6/Fernando-Beltran,90070ab6,Liga MX
63,Nicolás Benedetti,COL,"MF,FW",Mazatlán,26-258,1997,5.9,4.24,4.25,2.03,1.19,0.68,0.34,0.00,0.00,0.68,0.68,0.17,0.17,0.34,0.00,0.00,0.00,https://fbref.com/en/players/6cdb3f42/Nicolas-Benedetti,6cdb3f42,Liga MX
64,Pablo Bennevendo Peña,MEX,DF,UNAM,24-005,2000,9.0,2.11,2.12,2.00,0.11,0.00,0.00,0.00,0.00,0.22,0.22,0.22,0.00,0.00,0.00,0.00,0.00,https://fbref.com/en/players/2c45321f/Pablo-Bennevendo-Pena,2c45321f,Liga MX
65,Jorge Berlanga,MEX,DF,Pachuca,20-174,2003,5.3,0.57,0.57,0.57,0.00,0.00,0.00,0.00,0.00,0.00,0.00,0.00,0.00,0.00,0.00,0.00,0.00,https://fbref.com/en/players/f86cf2fd/Jorge-Berlanga,f86cf2fd,Liga MX
66,Germán Berterame,ARG,"FW,MF",Monterrey,25-056,1998,6.1,2.13,2.14,1.80,0.00,0.33,0.00,0.00,0.00,0.16,0.16,0.16,0.00,0.00,0.00,0.00,0.00,https://fbref.com/en/players/fa61a2db/German-Berterame,fa61a2db,Liga MX
67,Unai Bilbao,ESP,DF,Atlético,29-338,1994,16.3,0.92,0.92,0.80,0.00,0.00,0.12,0.00,0.00,0.00,0.00,0.00,0.00,0.00,0.00,0.00,0.00,https://fbref.com/en/players/aa98e19a/Unai-Bilbao,aa98e19a,Liga MX
68,Alfonso Blanco Antúnez,MEX,GK,León,36-161,1987,1.0,0.00,0.00,0.00,0.00,0.00,0.00,0.00,0.00,0.00,0.00,0.00,0.00,0.00,0.00,0.00,0.00,https://fbref.com/en/players/dce4c80e/Alfonso-Blanco-Antunez,dce4c80e,Liga MX
69,Domingo Blanco,ARG,"MF,FW",Tijuana,28-261,1995,7.8,4.36,4.37,2.05,1.03,0.38,0.00,0.77,0.13,0.26,0.26,0.26,0.00,0.00,0.00,0.00,0.00,https://fbref.com/en/players/c21f5b76/Domingo-Blanco,c21f5b76,Liga MX
70,Léo Bonatini,BRA,FW,Atlético,29-286,1994,12.4,1.69,1.69,0.73,0.08,0.24,0.40,0.16,0.08,0.24,0.24,0.00,0.00,0.00,0.16,0.00,0.08,https://fbref.com/en/players/da23d58d/Leo-Bonatini,da23d58d,Liga MX
71,Juan Brigido,MEX,"FW,DF",Guadalajara,22-101,2001,3.0,2.67,2.72,2.00,0.00,0.33,0.33,0.00,0.00,0.00,0.00,0.00,0.00,0.00,0.00,0.00,0.00,https://fbref.com/en/players/1275996e/Juan-Brigido,1275996e,Liga MX
72,Antonio Briseño,MEX,DF,Guadalajara,29-337,1994,9.5,0.42,0.42,0.32,0.11,0.00,0.00,0.00,0.00,0.00,0.00,0.00,0.00,0.00,0.00,0.00,0.00,https://fbref.com/en/players/cb52d28d/Antonio-Briseno,cb52d28d,Liga MX
73,Isaác Brizuela,MEX,"FW,MF",Guadalajara,33-133,1990,7.5,3.07,3.08,2.27,0.00,0.67,0.13,0.00,0.00,0.27,0.27,0.27,0.00,0.00,0.00,0.00,0.00,https://fbref.com/en/players/8ff0aa1a/Isaac-Brizuela,8ff0aa1a,Liga MX
74,Juan Brunetta,ARG,"MF,FW",Santos,26-241,1997,15.7,7.64,7.67,3.82,2.17,0.89,0.25,0.38,0.13,1.15,1.15,0.51,0.25,0.25,0.06,0.00,0.06,https://fbref.com/en/players/d60099bc/Juan-Brunetta,d60099bc,Liga MX
75,César Bustos,MEX,DF,Monterrey,18-134,2005,3.1,2.26,2.24,1.29,0.32,0.65,0.00,0.00,0.00,0.32,0.32,0.32,0.00,0.00,0.00,0.00,0.00,https://fbref.com/en/players/cdbcee96/Cesar-Bustos,cdbcee96,Liga MX
76,Gustavo Cabral,ARG,DF,Pachuca,38-086,1985,16.0,0.94,0.94,0.75,0.13,0.00,0.06,0.00,0.00,0.00,0.00,0.00,0.00,0.00,0.00,0.00,0.00,https://fbref.com/en/players/92b4a127/Gustavo-Cabral,92b4a127,Liga MX
77,Sebastián Cáceres,URU,DF,América,24-143,1999,7.9,0.51,0.51,0.25,0.13,0.00,0.13,0.00,0.00,0.13,0.13,0.00,0.13,0.00,0.00,0.00,0.00,https://fbref.com/en/players/7091c68e/Sebastian-Caceres,7091c68e,Liga MX
78,Jordy Caicedo,ECU,FW,Atlas,26-051,1997,12.8,2.11,2.11,1.17,0.00,0.16,0.55,0.23,0.00,0.16,0.16,0.08,0.00,0.08,0.00,0.00,0.00,https://fbref.com/en/players/7fcb27d8/Jordy-Caicedo,7fcb27d8,Liga MX
79,José Caicedo,COL,MF,UNAM,21-230,2002,9.2,2.17,2.17,1.85,0.00,0.00,0.00,0.11,0.22,0.22,0.22,0.22,0.00,0.00,0.00,0.00,0.00,https://fbref.com/en/players/4b583a34/Jose-Caicedo,4b583a34,Liga MX
80,Cristian Calderón,MEX,DF,Guadalajara,26-229,1997,11.2,1.61,1.61,1.43,0.09,0.00,0.09,0.00,0.00,0.27,0.27,0.27,0.00,0.00,0.00,0.00,0.00,https://fbref.com/en/players/8cefbfc1/Cristian-Calderon,8cefbfc1,Liga MX
81,Raúl Camacho,MEX,FW,Mazatlán,21-295,2002,2.0,3.00,2.93,1.50,0.00,0.00,0.00,1.50,0.00,0.00,0.00,0.00,0.00,0.00,0.00,0.00,0.00,https://fbref.com/en/players/e946665a/Raul-Camacho,e946665a,Liga MX
82,Diber Cambindo,COL,"FW,MF",Cruz Azul,27-325,1996,9.2,1.96,1.96,1.41,0.00,0.22,0.33,0.00,0.00,0.11,0.11,0.11,0.00,0.00,0.00,0.00,0.00,https://fbref.com/en/players/48a6346d/Diber-Cambindo,48a6346d,Liga MX
83,Diego Campillo,MEX,DF,FC Juárez,22-081,2001,3.7,2.16,2.18,1.89,0.00,0.00,0.27,0.00,0.00,0.00,0.00,0.00,0.00,0.00,0.00,0.00,0.00,https://fbref.com/en/players/c95d577c/Diego-Campillo,c95d577c,Liga MX
84,Omar Campos,MEX,DF,Santos,21-172,2002,16.7,1.86,1.86,1.08,0.36,0.12,0.12,0.12,0.06,0.24,0.24,0.12,0.06,0.00,0.06,0.00,0.00,https://fbref.com/en/players/2a5ee788/Omar-Campos,2a5ee788,Liga MX
85,Sergio Canales,ESP,"FW,MF",Monterrey,32-326,1991,4.2,2.86,2.83,2.38,0.24,0.00,0.00,0.24,0.00,0.00,0.00,0.00,0.00,0.00,0.00,0.00,0.00,https://fbref.com/en/players/a6de370d/Sergio-Canales,a6de370d,Liga MX
86,Alexis Canelo,ARG,FW,Tijuana,31-339,1992,2.7,3.70,3.70,2.22,0.37,0.37,0.74,0.00,0.00,0.74,0.74,0.37,0.00,0.00,0.37,0.00,0.00,https://fbref.com/en/players/fa828ce6/Alexis-Canelo,fa828ce6,Liga MX
87,Juan Cantú,MEX,FW,América,19-301,2004,0.3,0.00,0.00,0.00,0.00,0.00,0.00,0.00,0.00,0.00,0.00,0.00,0.00,0.00,0.00,0.00,0.00,https://fbref.com/en/players/3ecdf5f8/Juan-Cantu,3ecdf5f8,Liga MX
88,Gabriel Carabajal,ARG,"MF,FW",Puebla,32-030,1991,1.6,1.88,1.91,1.25,0.00,0.63,0.00,0.00,0.00,0.63,0.64,0.63,0.00,0.00,0.00,0.00,0.00,https://fbref.com/en/players/7a694ae4/Gabriel-Carabajal,7a694ae4,Liga MX
89,Luis Cárdenas,MEX,GK,Monterrey,30-115,1993,1.0,0.00,0.00,0.00,0.00,0.00,0.00,0.00,0.00,0.00,0.00,0.00,0.00,0.00,0.00,0.00,0.00,https://fbref.com/en/players/a1dea252/Luis-Cardenas,a1dea252,Liga MX
90,Rafael Carioca,BRA,MF,UANL,34-204,1989,14.9,2.55,2.55,2.15,0.13,0.00,0.00,0.20,0.07,0.40,0.40,0.40,0.00,0.00,0.00,0.00,0.00,https://fbref.com/en/players/19ae4d5c/Rafael-Carioca,19ae4d5c,Liga MX
91,Jan Carmona,MEX,"FW,DF",FC Juárez,19-262,2004,0.5,4.00,4.00,4.00,0.00,0.00,0.00,0.00,0.00,0.00,0.00,0.00,0.00,0.00,0.00,0.00,0.00,https://fbref.com/en/players/fd8c9025/Jan-Carmona,fd8c9025,Liga MX
92,Kevin Castañeda,MEX,"MF,FW",Tijuana,24-072,1999,8.0,5.13,5.12,3.38,1.00,0.13,0.38,0.25,0.00,0.38,0.37,0.38,0.00,0.00,0.00,0.00,0.00,https://fbref.com/en/players/bf453048/Kevin-Castaneda,bf453048,Liga MX
93,Kevin Castaño,COL,MF,Cruz Azul,23-101,2000,8.5,2.35,2.36,1.88,0.12,0.00,0.24,0.00,0.12,0.24,0.24,0.24,0.00,0.00,0.00,0.00,0.00,https://fbref.com/en/players/c393c3d9/Kevin-Castano,c393c3d9,Liga MX
94,Byron Castillo,ECU,DF,Pachuca,25-059,1998,7.3,2.19,2.20,1.64,0.00,0.14,0.00,0.41,0.00,0.14,0.14,0.14,0.00,0.00,0.00,0.00,0.00,https://fbref.com/en/players/7caf162d/Byron-Castillo,7caf162d,Liga MX
95,Moises Castillo,COL,DF,FC Juárez,22-229,2001,13.0,0.46,0.46,0.38,0.00,0.00,0.08,0.00,0.00,0.00,0.00,0.00,0.00,0.00,0.00,0.00,0.00,https://fbref.com/en/players/0057a058/Moises-Castillo,0057a058,Liga MX
96,José Castillo Pérez,MEX,DF,Pachuca,22-037,2001,8.3,2.41,2.40,1.69,0.36,0.12,0.24,0.00,0.00,0.24,0.24,0.24,0.00,0.00,0.00,0.00,0.00,https://fbref.com/en/players/24bf30ba/Jose-Castillo-Perez,24bf30ba,Liga MX
97,Lucas Cavallini,CAN,"FW,MF",Tijuana,31-011,1992,4.2,2.14,2.15,1.67,0.00,0.00,0.00,0.48,0.00,0.00,0.00,0.00,0.00,0.00,0.00,0.00,0.00,https://fbref.com/en/players/dd8de641/Lucas-Cavallini,dd8de641,Liga MX
98,Alan Cervantes,MEX,MF,Santos,25-356,1998,15.4,2.14,2.15,1.75,0.00,0.06,0.26,0.06,0.00,0.13,0.13,0.13,0.00,0.00,0.00,0.00,0.00,https://fbref.com/en/players/7a0c3b15/Alan-Cervantes,7a0c3b15,Liga MX
99,Luís Cervantes,MEX,DF,León,22-333,2001,0.4,2.50,2.25,2.50,0.00,0.00,0.00,0.00,0.00,0.00,0.00,0.00,0.00,0.00,0.00,0.00,0.00,https://fbref.com/en/players/1fd490ef/Luis-Cervantes,1fd490ef,Liga MX
100,Jhon Chancellor,VEN,DF,Necaxa,32-006,1992,4.3,0.70,0.70,0.70,0.00,0.00,0.00,0.00,0.00,0.23,0.23,0.23,0.00,0.00,0.00,0.00,0.00,https://fbref.com/en/players/84b6acaa/Jhon-Chancellor,84b6acaa,Liga MX
101,Diego Chávez Collins,MEX,"FW,MF",FC Juárez,28-242,1995,10.0,2.00,2.00,1.50,0.10,0.30,0.10,0.00,0.00,0.20,0.20,0.20,0.00,0.00,0.00,0.00,0.00,https://fbref.com/en/players/3e2406b1/Diego-Chavez-Collins,3e2406b1,Liga MX
102,Ricardo Chávez Soto,MEX,DF,Atlético,29-050,1994,14.8,2.57,2.57,2.09,0.14,0.20,0.00,0.07,0.07,0.14,0.14,0.14,0.00,0.00,0.00,0.00,0.00,https://fbref.com/en/players/2229c165/Ricardo-Chavez-Soto,2229c165,Liga MX
103,Ronaldo Cisneros,MEX,"FW,MF",Guadalajara,27-000,1997,4.5,1.11,1.10,0.67,0.00,0.00,0.22,0.22,0.00,0.00,0.00,0.00,0.00,0.00,0.00,0.00,0.00,https://fbref.com/en/players/e526c193/Ronaldo-Cisneros,e526c193,Liga MX
104,Josué Colmán,PAR,"MF,FW",Mazatlán,25-167,1998,10.9,4.31,4.32,2.66,0.92,0.64,0.00,0.09,0.00,0.73,0.74,0.55,0.09,0.09,0.00,0.00,0.00,https://fbref.com/en/players/9603d928/Josue-Colman,9603d928,Liga MX
105,Andrés Colorado,COL,MF,Necaxa,25-038,1998,5.7,1.23,1.24,1.05,0.00,0.00,0.00,0.00,0.18,0.00,0.00,0.00,0.00,0.00,0.00,0.00,0.00,https://fbref.com/en/players/f3afff11/Andres-Colorado,f3afff11,Liga MX
106,Bryan Colula,MEX,DF,Mazatlán,27-277,1996,11.5,2.00,2.01,1.65,0.17,0.09,0.09,0.00,0.00,0.43,0.44,0.26,0.00,0.09,0.09,0.00,0.00,https://fbref.com/en/players/4b677ba7/Bryan-Colula,4b677ba7,Liga MX
107,Francisco Contreras,MEX,DF,Tijuana,24-207,1999,9.7,1.96,1.96,1.34,0.41,0.10,0.10,0.00,0.00,0.21,0.21,0.00,0.10,0.00,0.10,0.00,0.00,https://fbref.com/en/players/01a27d9e/Francisco-Contreras,01a27d9e,Liga MX
108,Nicolás Cordero,ARG,FW,Querétaro,24-272,1999,3.5,1.43,1.43,0.86,0.00,0.29,0.00,0.29,0.00,0.29,0.29,0.29,0.00,0.00,0.00,0.00,0.00,https://fbref.com/en/players/78f10ec0/Nicolas-Cordero,78f10ec0,Liga MX
109,Jesús Corona,MEX,"MF,FW",Monterrey,31-002,1993,6.6,4.09,4.10,3.03,0.15,0.45,0.15,0.30,0.00,0.76,0.76,0.45,0.00,0.15,0.00,0.15,0.00,https://fbref.com/en/players/fb938d24/Jesus-Corona,fb938d24,Liga MX
110,José Corona,MEX,GK,Tijuana,42-347,1981,3.0,0.33,0.33,0.33,0.00,0.00,0.00,0.00,0.00,0.00,0.00,0.00,0.00,0.00,0.00,0.00,0.00,https://fbref.com/en/players/e39a7e9c/Jose-Corona,e39a7e9c,Liga MX
111,Jair Cortés,MEX,"DF,MF",Necaxa,23-048,2000,8.3,1.57,1.56,1.08,0.48,0.00,0.00,0.00,0.00,0.00,0.00,0.00,0.00,0.00,0.00,0.00,0.00,https://fbref.com/en/players/2a79d1ae/Jair-Cortes,2a79d1ae,Liga MX
112,Rogelio Cortéz Pineda,MEX,MF,Necaxa,19-185,2004,2.1,1.90,1.88,0.95,0.48,0.00,0.00,0.48,0.00,0.00,0.00,0.00,0.00,0.00,0.00,0.00,0.00,https://fbref.com/en/players/656316b4/Rogelio-Cortez-Pineda,656316b4,Liga MX
113,Jordi Cortizo,MEX,"MF,FW",Monterrey,27-192,1996,7.6,5.00,4.99,3.82,0.13,0.92,0.00,0.13,0.00,0.66,0.66,0.53,0.00,0.13,0.00,0.00,0.00,https://fbref.com/en/players/c0986642/Jordi-Cortizo,c0986642,Liga MX
114,Rodolfo Cota,MEX,GK,León,36-189,1987,16.0,0.13,0.12,0.06,0.06,0.00,0.00,0.00,0.00,0.00,0.00,0.00,0.00,0.00,0.00,0.00,0.00,https://fbref.com/en/players/a4a5868e/Rodolfo-Cota,a4a5868e,Liga MX
115,Aldo Cruz,MEX,DF,FC Juárez,26-106,1997,8.5,1.65,1.65,1.41,0.24,0.00,0.00,0.00,0.00,0.47,0.47,0.35,0.12,0.00,0.00,0.00,0.00,https://fbref.com/en/players/398fb976/Aldo-Cruz,398fb976,Liga MX
116,Jürgen Damm,MEX,FW,Atlético,31-062,1992,2.5,6.80,6.89,4.80,0.00,0.40,0.80,0.80,0.00,1.20,1.22,0.80,0.00,0.00,0.00,0.40,0.00,https://fbref.com/en/players/bbf8bf7a/Jurgen-Damm,bbf8bf7a,Liga MX
117,Juan David Castro,MEX,"FW,MF",Atlético,32-018,1991,1.2,2.50,2.65,1.67,0.00,0.00,0.83,0.00,0.00,1.67,1.76,1.67,0.00,0.00,0.00,0.00,0.00,https://fbref.com/en/players/d06a7432/Juan-David-Castro,d06a7432,Liga MX
118,José David Ramírez,MEX,"DF,MF",León,28-025,1995,6.4,3.59,3.59,3.28,0.16,0.16,0.00,0.00,0.00,0.16,0.16,0.16,0.00,0.00,0.00,0.00,0.00,https://fbref.com/en/players/9396692d/Jose-David-Ramirez,9396692d,Liga MX
119,Víctor Dávila,CHI,FW,León,26-065,1997,2.8,5.36,5.27,4.64,0.00,0.00,0.36,0.36,0.00,0.71,0.70,0.71,0.00,0.00,0.00,0.00,0.00,https://fbref.com/en/players/aca8043a/Victor-Davila,aca8043a,Liga MX
120,Diego De Buen,MEX,"MF,DF",Puebla,32-189,1991,17.0,2.18,2.18,1.76,0.18,0.06,0.12,0.00,0.06,0.18,0.18,0.12,0.00,0.00,0.06,0.00,0.00,https://fbref.com/en/players/73bca0c9/Diego-De-Buen,73bca0c9,Liga MX
121,Sergio De los Ríos,MEX,FW,América,20-194,2003,0.2,0.00,0.00,0.00,0.00,0.00,0.00,0.00,0.00,0.00,0.00,0.00,0.00,0.00,0.00,0.00,0.00,https://fbref.com/en/players/f1550173/Sergio-De-los-Rios,f1550173,Liga MX
122,Gustavo Del Prete,ARG,"MF,FW",UNAM,27-210,1996,7.7,3.12,3.12,2.34,0.00,0.39,0.13,0.26,0.00,0.39,0.39,0.39,0.00,0.00,0.00,0.00,0.00,https://fbref.com/en/players/839ac4ea/Gustavo-Del-Prete,839ac4ea,Liga MX
123,Everardo Del Villar,MEX,DF,Toluca,18-291,2005,1.2,1.67,1.70,1.67,0.00,0.00,0.00,0.00,0.00,0.00,0.00,0.00,0.00,0.00,0.00,0.00,0.00,https://fbref.com/en/players/18f8c925/Everardo-Del-Villar,18f8c925,Liga MX
124,Lucas Di Yorio,ARG,FW,Pachuca,27-047,1996,11.3,3.01,3.00,1.50,0.00,0.27,0.71,0.35,0.18,0.00,0.00,0.00,0.00,0.00,0.00,0.00,0.00,https://fbref.com/en/players/5c339cf6/Lucas-Di-Yorio,5c339cf6,Liga MX
125,Nicolás Díaz Huincales,CHI,DF,Tijuana,24-233,1999,14.9,1.07,1.07,0.81,0.07,0.00,0.07,0.07,0.07,0.07,0.07,0.00,0.07,0.00,0.00,0.00,0.00,https://fbref.com/en/players/308990ee/Nicolas-Diaz-Huincales,308990ee,Liga MX
126,Jair Díaz,MEX,DF,Mazatlán,25-140,1998,9.0,0.78,0.78,0.78,0.00,0.00,0.00,0.00,0.00,0.11,0.11,0.11,0.00,0.00,0.00,0.00,0.00,https://fbref.com/en/players/a1a5a22b/Jair-Diaz,a1a5a22b,Liga MX
127,Josué Díaz,MEX,"DF,MF",Cruz Azul,19-114,2004,0.5,0.00,0.00,0.00,0.00,0.00,0.00,0.00,0.00,0.00,0.00,0.00,0.00,0.00,0.00,0.00,0.00,https://fbref.com/en/players/ae4ca8ef/Josue-Diaz,ae4ca8ef,Liga MX
128,Willer Ditta,COL,DF,Cruz Azul,26-350,1997,15.0,0.60,0.60,0.53,0.00,0.00,0.07,0.00,0.00,0.07,0.07,0.07,0.00,0.00,0.00,0.00,0.00,https://fbref.com/en/players/95c2f969/Willer-Ditta,95c2f969,Liga MX
129,Alexei Dominguez,MEX,"MF,FW",Pachuca,19-005,2005,2.0,7.00,7.00,6.00,0.00,1.00,0.00,0.00,0.00,0.00,0.00,0.00,0.00,0.00,0.00,0.00,0.00,https://fbref.com/en/players/82b6b52d/Alexei-Dominguez,82b6b52d,Liga MX
130,Juan Domínguez,MEX,"FW,MF",Toluca,25-070,1998,10.9,3.49,3.47,1.93,0.55,0.46,0.18,0.28,0.09,0.37,0.37,0.18,0.00,0.09,0.00,0.09,0.00,https://fbref.com/en/players/ef645a7b/Juan-Dominguez,ef645a7b,Liga MX
131,Julio Domínguez,MEX,DF,Atlético,36-061,1987,14.7,0.48,0.48,0.41,0.00,0.00,0.07,0.00,0.00,0.07,0.07,0.00,0.00,0.00,0.07,0.00,0.00,https://fbref.com/en/players/99b865b7/Julio-Dominguez,99b865b7,Liga MX
132,Misael Domínguez,MEX,"MF,DF",Necaxa,24-073,1999,1.2,8.33,8.11,5.00,1.67,0.83,0.00,0.83,0.00,0.83,0.81,0.83,0.00,0.00,0.00,0.00,0.00,https://fbref.com/en/players/691bf9fe/Misael-Dominguez,691bf9fe,Liga MX
133,Dória,BRA,DF,Santos,29-061,1994,9.0,1.00,1.00,0.56,0.00,0.00,0.44,0.00,0.00,0.00,0.00,0.00,0.00,0.00,0.00,0.00,0.00,https://fbref.com/en/players/d28b4a9d/Doria,d28b4a9d,Liga MX
134,Jonathan dos Santos,MEX,MF,América,33-257,1990,12.8,1.17,1.17,1.09,0.00,0.08,0.00,0.00,0.00,0.08,0.08,0.08,0.00,0.00,0.00,0.00,0.00,https://fbref.com/en/players/91872dec/Jonathan-dos-Santos,91872dec,Liga MX
135,Rodrigo Dourado,BRA,MF,Atlético,29-205,1994,15.2,1.64,1.65,1.38,0.07,0.07,0.07,0.00,0.07,0.26,0.26,0.13,0.07,0.07,0.00,0.00,0.00,https://fbref.com/en/players/d7d05a22/Rodrigo-Dourado,d7d05a22,Liga MX
136,Jesús Dueñas,MEX,"MF,FW",Cruz Azul,34-298,1989,0.9,5.56,5.49,4.44,0.00,0.00,0.00,1.11,0.00,0.00,0.00,0.00,0.00,0.00,0.00,0.00,0.00,https://fbref.com/en/players/44267704/Jesus-Duenas,44267704,Liga MX
137,Emmanuel Echeverría,MEX,DF,Santos,20-096,2003,0.2,0.00,0.00,0.00,0.00,0.00,0.00,0.00,0.00,0.00,0.00,0.00,0.00,0.00,0.00,0.00,0.00,https://fbref.com/en/players/a76ba9b4/Emmanuel-Echeverria,a76ba9b4,Liga MX
138,Javier Eduardo López,MEX,"MF,FW",Pachuca,29-113,1994,2.9,7.59,7.47,5.52,1.72,0.00,0.34,0.00,0.00,0.00,0.00,0.00,0.00,0.00,0.00,0.00,0.00,https://fbref.com/en/players/f851b52f/Javier-Eduardo-Lopez,f851b52f,Liga MX
139,Francisco Eduardo Venegas,MEX,DF,Mazatlán,25-176,1998,4.5,2.22,2.24,1.78,0.00,0.00,0.00,0.00,0.44,0.22,0.22,0.22,0.00,0.00,0.00,0.00,0.00,https://fbref.com/en/players/4a305362/Francisco-Eduardo-Venegas,4a305362,Liga MX
140,Luis Enrique Quiñones,COL,"FW,MF",UANL,32-196,1991,14.6,3.97,3.97,3.29,0.41,0.14,0.14,0.00,0.00,0.62,0.62,0.41,0.00,0.14,0.07,0.00,0.00,https://fbref.com/en/players/39c52d54/Luis-Enrique-Quinones,39c52d54,Liga MX
141,Robert Ergas,URU,"FW,DF",UNAM,25-358,1998,3.5,3.71,3.71,1.71,0.86,0.29,0.86,0.00,0.00,0.57,0.57,0.00,0.29,0.00,0.29,0.00,0.00,https://fbref.com/en/players/b7cdda99/Robert-Ergas,b7cdda99,Liga MX
142,Kevin Escamilla,MEX,MF,Querétaro,29-321,1994,13.1,0.99,0.99,0.84,0.00,0.00,0.15,0.00,0.00,0.08,0.08,0.08,0.00,0.00,0.00,0.00,0.00,https://fbref.com/en/players/deee261c/Kevin-Escamilla,deee261c,Liga MX
143,Juan Escobar,PAR,DF,Cruz Azul,28-189,1995,13.6,1.03,1.03,0.74,0.00,0.00,0.15,0.00,0.15,0.22,0.22,0.22,0.00,0.00,0.00,0.00,0.00,https://fbref.com/en/players/d48a1284/Juan-Escobar,d48a1284,Liga MX
144,Alonso Escoboza,MEX,DF,Cruz Azul,30-351,1993,0.9,1.11,1.15,1.11,0.00,0.00,0.00,0.00,0.00,0.00,0.00,0.00,0.00,0.00,0.00,0.00,0.00,https://fbref.com/en/players/6087c5c7/Alonso-Escoboza,6087c5c7,Liga MX
145,Amaury Escoto,MEX,"FW,MF",FC Juárez,31-039,1992,4.6,1.52,1.53,1.30,0.00,0.00,0.00,0.22,0.00,0.43,0.44,0.43,0.00,0.00,0.00,0.00,0.00,https://fbref.com/en/players/7db31ca9/Amaury-Escoto,7db31ca9,Liga MX
146,Carlos Felipe Rodríguez,MEX,GK,UANL,34-280,1989,1.0,0.00,0.00,0.00,0.00,0.00,0.00,0.00,0.00,0.00,0.00,0.00,0.00,0.00,0.00,0.00,0.00,https://fbref.com/en/players/ce239870/Carlos-Felipe-Rodriguez,ce239870,Liga MX
147,Omar Fernández Frasica,COL,"MF,FW",León,30-331,1993,4.0,4.00,4.04,3.75,0.00,0.25,0.00,0.00,0.00,0.50,0.51,0.25,0.00,0.25,0.00,0.00,0.00,https://fbref.com/en/players/548d8753/Omar-Fernandez-Frasica,548d8753,Liga MX
148,Gabriel Fernández,URU,FW,UNAM,29-240,1994,12.7,3.15,3.14,2.13,0.08,0.00,0.47,0.39,0.08,0.31,0.31,0.16,0.00,0.00,0.08,0.08,0.00,https://fbref.com/en/players/36c5f77b/Gabriel-Fernandez,36c5f77b,Liga MX
149,Rafael Fernández,MEX,DF,Tijuana,23-156,2000,4.5,1.56,1.56,1.11,0.00,0.00,0.22,0.22,0.00,0.00,0.00,0.00,0.00,0.00,0.00,0.00,0.00,https://fbref.com/en/players/49511283/Rafael-Fernandez,49511283,Liga MX
150,Luis Fernando Fuentes,MEX,DF,América,37-116,1986,11.1,0.99,0.99,0.72,0.18,0.00,0.09,0.00,0.00,0.00,0.00,0.00,0.00,0.00,0.00,0.00,0.00,https://fbref.com/en/players/01099a98/Luis-Fernando-Fuentes,01099a98,Liga MX
151,Gustavo Ferrareis,BRA,DF,Puebla,28-006,1996,14.4,2.57,2.57,1.74,0.28,0.07,0.21,0.28,0.00,0.14,0.14,0.00,0.00,0.00,0.00,0.14,0.00,https://fbref.com/en/players/5188561c/Gustavo-Ferrareis,5188561c,Liga MX
152,Álvaro Fidalgo,ESP,MF,América,26-274,1997,13.0,2.77,2.77,2.62,0.08,0.00,0.00,0.08,0.00,0.38,0.38,0.38,0.00,0.00,0.00,0.00,0.00,https://fbref.com/en/players/c705cdc4/Alvaro-Fidalgo,c705cdc4,Liga MX
153,Sebastián Fierro,MEX,MF,UANL,22-144,2001,1.9,2.63,2.65,2.63,0.00,0.00,0.00,0.00,0.00,0.53,0.53,0.53,0.00,0.00,0.00,0.00,0.00,https://fbref.com/en/players/70565276/Sebastian-Fierro,70565276,Liga MX
154,Abraham Flores,MEX,DF,Tijuana,21-178,2002,0.3,0.00,0.00,0.00,0.00,0.00,0.00,0.00,0.00,0.00,0.00,0.00,0.00,0.00,0.00,0.00,0.00,https://fbref.com/en/players/32a7f855/Abraham-Flores,32a7f855,Liga MX
155,Marcelo Flores,MEX,"FW,MF",UANL,20-099,2003,2.0,2.50,2.43,0.50,0.00,1.00,1.00,0.00,0.00,0.00,0.00,0.00,0.00,0.00,0.00,0.00,0.00,https://fbref.com/en/players/937b36b1/Marcelo-Flores,937b36b1,Liga MX
156,Fabricio Formiliano,URU,DF,Necaxa,30-359,1993,2.8,0.00,0.00,0.00,0.00,0.00,0.00,0.00,0.00,0.00,0.00,0.00,0.00,0.00,0.00,0.00,0.00,https://fbref.com/en/players/aa385931/Fabricio-Formiliano,aa385931,Liga MX
157,Alexis Francisco Peña,MEX,DF,Necaxa,27-360,1996,17.0,0.47,0.47,0.35,0.06,0.00,0.06,0.00,0.00,0.00,0.00,0.00,0.00,0.00,0.00,0.00,0.00,https://fbref.com/en/players/ee246a94/Alexis-Francisco-Pena,ee246a94,Liga MX
158,Adonis Frías,ARG,DF,León,25-297,1998,16.0,1.44,1.44,1.25,0.00,0.06,0.06,0.00,0.06,0.00,0.00,0.00,0.00,0.00,0.00,0.00,0.00,https://fbref.com/en/players/1b2f1090/Adonis-Frias,1b2f1090,Liga MX
159,Raymundo Fulgencio,MEX,FW,UANL,23-330,2000,5.4,3.33,3.37,2.78,0.19,0.19,0.19,0.00,0.00,0.93,0.94,0.74,0.00,0.00,0.19,0.00,0.00,https://fbref.com/en/players/27b6a658/Raymundo-Fulgencio,27b6a658,Liga MX
160,Rogelio Funes Mori,MEX,FW,Monterrey,32-309,1991,11.4,1.67,1.67,1.23,0.00,0.00,0.26,0.18,0.00,0.35,0.35,0.35,0.00,0.00,0.00,0.00,0.00,https://fbref.com/en/players/bf9a2406/Rogelio-Funes-Mori,bf9a2406,Liga MX
161,Julio Furch,ARG,FW,Atlas,34-163,1989,2.0,4.00,4.07,2.50,0.50,0.00,0.50,0.50,0.00,0.50,0.51,0.50,0.00,0.00,0.00,0.00,0.00,https://fbref.com/en/players/84d35e44/Julio-Furch,84d35e44,Liga MX
162,Benjamín Galdames,MEX,FW,Atlético,22-318,2001,0.3,6.67,7.20,3.33,0.00,0.00,0.00,3.33,0.00,0.00,0.00,0.00,0.00,0.00,0.00,0.00,0.00,https://fbref.com/en/players/8fc8a676/Benjamin-Galdames,8fc8a676,Liga MX
163,Carlos Galicia,MEX,MF,Tijuana,19-328,2004,0.2,5.00,5.63,0.00,5.00,0.00,0.00,0.00,0.00,0.00,0.00,0.00,0.00,0.00,0.00,0.00,0.00,https://fbref.com/en/players/8cfb8524/Carlos-Galicia,8cfb8524,Liga MX
164,José Galindo,MEX,DF,UNAM,25-360,1998,0.1,0.00,0.00,0.00,0.00,0.00,0.00,0.00,0.00,0.00,0.00,0.00,0.00,0.00,0.00,0.00,0.00,https://fbref.com/en/players/c06004ce/Jose-Galindo,c06004ce,Liga MX
165,Jesús Gallardo,MEX,DF,Monterrey,29-146,1994,12.1,1.49,1.49,1.32,0.00,0.08,0.00,0.00,0.08,0.00,0.00,0.00,0.00,0.00,0.00,0.00,0.00,https://fbref.com/en/players/d0846b6c/Jesus-Gallardo,d0846b6c,Liga MX
166,Juan Gamboa,MEX,"MF,FW",Toluca,22-327,2001,1.7,0.59,0.59,0.59,0.00,0.00,0.00,0.00,0.00,0.00,0.00,0.00,0.00,0.00,0.00,0.00,0.00,https://fbref.com/en/players/034b513a/Juan-Gamboa,034b513a,Liga MX
167,Aitor García,ESP,"MF,FW",FC Juárez,29-289,1994,12.7,2.28,2.28,1.34,0.08,0.39,0.24,0.16,0.08,0.08,0.08,0.08,0.00,0.00,0.00,0.00,0.00,https://fbref.com/en/players/9121816b/Aitor-Garcia,9121816b,Liga MX
168,Brian García,MEX,DF,Toluca,26-069,1997,14.2,2.46,2.47,2.04,0.07,0.14,0.14,0.00,0.07,0.07,0.07,0.07,0.00,0.00,0.00,0.00,0.00,https://fbref.com/en/players/dfe2cfc8/Brian-Garcia,dfe2cfc8,Liga MX
169,Denzell García,MEX,MF,FC Juárez,20-146,2003,9.9,2.63,2.64,2.02,0.00,0.30,0.10,0.20,0.00,0.00,0.00,0.00,0.00,0.00,0.00,0.00,0.00,https://fbref.com/en/players/86fc5e05/Denzell-Garcia,86fc5e05,Liga MX
170,José García,MEX,DF,FC Juárez,27-200,1996,13.7,0.80,0.80,0.44,0.22,0.00,0.07,0.00,0.07,0.07,0.07,0.00,0.00,0.00,0.07,0.00,0.00,https://fbref.com/en/players/0a9a98f7/Jose-Garcia,0a9a98f7,Liga MX
171,Alberto García Jr.,MEX,"MF,FW",Querétaro,30-104,1993,0.2,10.0,9.00,10.0,0.00,0.00,0.00,0.00,0.00,0.00,0.00,0.00,0.00,0.00,0.00,0.00,0.00,https://fbref.com/en/players/a982b2e9/Alberto-Garcia-Jr,a982b2e9,Liga MX
172,Luis García,MEX,"DF,MF",Puebla,30-289,1993,4.0,2.00,2.01,1.75,0.00,0.25,0.00,0.00,0.00,0.00,0.00,0.00,0.00,0.00,0.00,0.00,0.00,https://fbref.com/en/players/1849f698/Luis-Garcia,1849f698,Liga MX
173,Marco García,MEX,MF,Querétaro,23-356,2000,3.1,3.87,3.87,2.90,0.65,0.32,0.00,0.00,0.00,0.65,0.65,0.32,0.32,0.00,0.00,0.00,0.00,https://fbref.com/en/players/2fcbe28b/Marco-Garcia,2fcbe28b,Liga MX
174,Mateo García,ARG,"MF,FW",Atlas,27-120,1996,5.4,2.78,2.80,2.41,0.19,0.19,0.00,0.00,0.00,0.00,0.00,0.00,0.00,0.00,0.00,0.00,0.00,https://fbref.com/en/players/62db2015/Mateo-Garcia,62db2015,Liga MX
175,Uziel García,MEX,"DF,FW",Atlético,22-274,2001,2.1,1.43,1.43,0.95,0.00,0.00,0.00,0.48,0.00,0.48,0.48,0.00,0.00,0.00,0.00,0.48,0.00,https://fbref.com/en/players/7293cfc3/Uziel-Garcia,7293cfc3,Liga MX
176,Bryan Garnica,MEX,MF,Necaxa,27-226,1996,14.9,4.56,4.56,2.42,1.01,0.47,0.20,0.47,0.00,0.47,0.47,0.20,0.07,0.07,0.00,0.13,0.00,https://fbref.com/en/players/e2190ad8/Bryan-Garnica,e2190ad8,Liga MX
177,César Garza,MEX,"MF,FW",Monterrey,18-191,2005,2.8,1.07,1.07,1.07,0.00,0.00,0.00,0.00,0.00,0.00,0.00,0.00,0.00,0.00,0.00,0.00,0.00,https://fbref.com/en/players/87422d0d/Cesar-Garza,87422d0d,Liga MX
178,Jesús Garza,MEX,"DF,MF",UANL,23-216,2000,1.5,2.00,1.97,2.00,0.00,0.00,0.00,0.00,0.00,0.67,0.66,0.67,0.00,0.00,0.00,0.00,0.00,https://fbref.com/en/players/90271b6f/Jesus-Garza,90271b6f,Liga MX
179,André-Pierre Gignac,FRA,FW,UANL,38-034,1985,11.2,2.14,2.14,1.52,0.09,0.18,0.18,0.18,0.00,0.54,0.53,0.27,0.09,0.09,0.09,0.00,0.00,https://fbref.com/en/players/585e1b85/Andre-Pierre-Gignac,585e1b85,Liga MX
180,Rodrigo Godínez,MEX,DF,Tijuana,31-109,1992,2.4,1.25,1.25,1.25,0.00,0.00,0.00,0.00,0.00,0.00,0.00,0.00,0.00,0.00,0.00,0.00,0.00,https://fbref.com/en/players/e5cc2715/Rodrigo-Godinez,e5cc2715,Liga MX
181,Diego Gómez,MEX,"MF,FW",Necaxa,20-120,2003,3.4,1.47,1.48,1.47,0.00,0.00,0.00,0.00,0.00,0.29,0.30,0.29,0.00,0.00,0.00,0.00,0.00,https://fbref.com/en/players/fa054cd3/Diego-Gomez,fa054cd3,Liga MX
182,Jaime Gómez Valencia,MEX,"DF,MF",Querétaro,30-175,1993,10.3,2.33,2.34,1.75,0.19,0.10,0.19,0.10,0.00,0.10,0.10,0.10,0.00,0.00,0.00,0.00,0.00,https://fbref.com/en/players/b083864c/Jaime-Gomez-Valencia,b083864c,Liga MX
183,Alfonso González,MEX,"MF,FW",Monterrey,29-125,1994,5.6,5.54,5.58,3.04,1.79,0.36,0.18,0.00,0.18,0.71,0.72,0.18,0.54,0.00,0.00,0.00,0.00,https://fbref.com/en/players/90be7877/Alfonso-Gonzalez,90be7877,Liga MX
184,Cristian González Bautista,MEX,"DF,MF",Necaxa,25-316,1998,4.4,3.18,3.18,1.59,0.91,0.45,0.23,0.00,0.00,0.23,0.23,0.23,0.00,0.00,0.00,0.00,0.00,https://fbref.com/en/players/171ea2fe/Cristian-Gonzalez-Bautista,171ea2fe,Liga MX
185,Bryan González,MEX,"MF,FW",Pachuca,20-273,2003,3.9,2.56,2.54,1.54,0.51,0.26,0.26,0.00,0.00,0.00,0.00,0.00,0.00,0.00,0.00,0.00,0.00,https://fbref.com/en/players/6bfe53bb/Bryan-Gonzalez,6bfe53bb,Liga MX
186,Pablo González Díaz,MEX,MF,Puebla,31-185,1992,14.3,1.61,1.61,1.40,0.14,0.07,0.00,0.00,0.00,0.00,0.00,0.00,0.00,0.00,0.00,0.00,0.00,https://fbref.com/en/players/1ab588a6/Pablo-Gonzalez-Diaz,1ab588a6,Liga MX
187,Hugo González Durán,MEX,GK,Mazatlán,33-160,1990,15.3,0.20,0.20,0.13,0.07,0.00,0.00,0.00,0.00,0.00,0.00,0.00,0.00,0.00,0.00,0.00,0.00,https://fbref.com/en/players/24c6fb79/Hugo-Gonzalez-Duran,24c6fb79,Liga MX
188,Carlos González Espínola,PAR,FW,Tijuana,30-338,1993,15.1,1.92,1.92,1.66,0.00,0.07,0.07,0.13,0.00,0.13,0.13,0.07,0.00,0.00,0.07,0.00,0.00,https://fbref.com/en/players/5c059b5d/Carlos-Gonzalez-Espinola,5c059b5d,Liga MX
189,Fernando González,MEX,"FW,MF",UANL,22-257,2001,0.4,5.00,4.50,2.50,2.50,0.00,0.00,0.00,0.00,0.00,0.00,0.00,0.00,0.00,0.00,0.00,0.00,https://fbref.com/en/players/3a23190a/Fernando-Gonzalez,3a23190a,Liga MX
190,Jair González,MEX,"FW,MF",Santos,21-310,2002,1.0,0.00,0.00,0.00,0.00,0.00,0.00,0.00,0.00,0.00,0.00,0.00,0.00,0.00,0.00,0.00,0.00,https://fbref.com/en/players/7c2d1ba0/Jair-Gonzalez,7c2d1ba0,Liga MX
191,Jonathan González,MEX,MF,Monterrey,24-270,1999,6.6,0.91,0.91,0.91,0.00,0.00,0.00,0.00,0.00,0.15,0.15,0.15,0.00,0.00,0.00,0.00,0.00,https://fbref.com/en/players/a8785279/Jonathan-Gonzalez,a8785279,Liga MX
192,Marco González,MEX,MF,Querétaro,21-182,2002,0.0,0,0.00,0,0,0,0,0,0,0,0.00,0,0,0,0,0,0,https://fbref.com/en/players/0e442f0b/Marco-Gonzalez,0e442f0b,Liga MX
193,Owen González,MEX,"MF,FW",Pachuca,20-172,2003,1.6,4.38,4.32,3.75,0.00,0.63,0.00,0.00,0.00,0.63,0.62,0.63,0.00,0.00,0.00,0.00,0.00,https://fbref.com/en/players/693b299a/Owen-Gonzalez,693b299a,Liga MX
194,S. González,MEX,FW,Puebla,20-182,2003,0.1,,,,,,,,,,,,,,,,,https://fbref.com/en/players/fdb3167c/S-Gonzalez,fdb3167c,Liga MX
195,Fernando Gorriarán,URU,"MF,FW",UANL,29-042,1994,12.9,3.72,3.73,2.56,0.70,0.08,0.31,0.08,0.00,0.62,0.62,0.54,0.00,0.08,0.00,0.00,0.00,https://fbref.com/en/players/2d53386a/Fernando-Gorriaran,2d53386a,Liga MX
196,Ismael Govea,MEX,DF,Santos,26-322,1997,7.8,1.15,1.15,0.77,0.38,0.00,0.00,0.00,0.00,0.26,0.25,0.13,0.13,0.00,0.00,0.00,0.00,https://fbref.com/en/players/93ffd0e4/Ismael-Govea,93ffd0e4,Liga MX
197,Omar Govea,MEX,MF,Monterrey,27-355,1996,9.9,2.42,2.42,2.02,0.30,0.00,0.00,0.10,0.00,0.40,0.40,0.40,0.00,0.00,0.00,0.00,0.00,https://fbref.com/en/players/f5fc1426/Omar-Govea,f5fc1426,Liga MX
198,Andrés Gudiño,MEX,GK,Cruz Azul,26-346,1997,13.5,0.00,0.00,0.00,0.00,0.00,0.00,0.00,0.00,0.00,0.00,0.00,0.00,0.00,0.00,0.00,0.00,https://fbref.com/en/players/2f8bb62a/Andres-Gudino,2f8bb62a,Liga MX
199,Raúl Gudiño,MEX,GK,Necaxa,27-261,1996,9.5,0.21,0.21,0.11,0.11,0.00,0.00,0.00,0.00,0.00,0.00,0.00,0.00,0.00,0.00,0.00,0.00,https://fbref.com/en/players/2f061b36/Raul-Gudino,2f061b36,Liga MX
200,Javier Güemez,MEX,MF,Atlético,32-083,1991,15.3,3.40,3.40,3.14,0.00,0.07,0.13,0.07,0.00,0.52,0.52,0.46,0.00,0.00,0.07,0.00,0.00,https://fbref.com/en/players/156637d3/Javier-Guemez,156637d3,Liga MX
201,Rafael Guerrero,MEX,DF,Cruz Azul,20-360,2003,5.2,0.96,0.96,0.96,0.00,0.00,0.00,0.00,0.00,0.00,0.00,0.00,0.00,0.00,0.00,0.00,0.00,https://fbref.com/en/players/74a8b7fc/Rafael-Guerrero,74a8b7fc,Liga MX
202,Emanuel Gularte,URU,DF,Querétaro,26-100,1997,17.0,1.06,1.06,0.82,0.00,0.00,0.24,0.00,0.00,0.12,0.12,0.12,0.00,0.00,0.00,0.00,0.00,https://fbref.com/en/players/b12f009b/Emanuel-Gularte,b12f009b,Liga MX
203,Alexis Gutiérrez,MEX,"MF,FW",Cruz Azul,23-316,2000,2.0,2.50,2.50,1.50,1.00,0.00,0.00,0.00,0.00,0.00,0.00,0.00,0.00,0.00,0.00,0.00,0.00,https://fbref.com/en/players/b40ff033/Alexis-Gutierrez,b40ff033,Liga MX
204,Alfredo Gutierrez,MEX,DF,Necaxa,20-258,2003,0.9,2.22,2.20,1.11,0.00,0.00,0.00,0.00,1.11,0.00,0.00,0.00,0.00,0.00,0.00,0.00,0.00,https://fbref.com/en/players/cfa1b4bd/Alfredo-Gutierrez,cfa1b4bd,Liga MX
205,Carlos Gutiérrez,MEX,"MF,FW",UNAM,24-337,1999,1.3,4.62,4.70,2.31,2.31,0.00,0.00,0.00,0.00,0.00,0.00,0.00,0.00,0.00,0.00,0.00,0.00,https://fbref.com/en/players/6bd1f932/Carlos-Gutierrez,6bd1f932,Liga MX
206,Edson Gutiérrez,MEX,DF,Monterrey,27-354,1996,0.4,0.00,0.00,0.00,0.00,0.00,0.00,0.00,0.00,0.00,0.00,0.00,0.00,0.00,0.00,0.00,0.00,https://fbref.com/en/players/d631ebf2/Edson-Gutierrez,d631ebf2,Liga MX
207,Erick Gutiérrez,MEX,MF,Guadalajara,28-207,1995,7.0,1.71,1.71,1.43,0.00,0.00,0.14,0.14,0.00,0.14,0.14,0.14,0.00,0.00,0.00,0.00,0.00,https://fbref.com/en/players/c7842dab/Erick-Gutierrez,c7842dab,Liga MX
208,Ricardo Gutiérrez,MEX,GK,Mazatlán,26-205,1997,1.7,0.00,0.00,0.00,0.00,0.00,0.00,0.00,0.00,0.00,0.00,0.00,0.00,0.00,0.00,0.00,0.00,https://fbref.com/en/players/aab63918/Ricardo-Gutierrez,aab63918,Liga MX
209,Jorge Guzmán,MEX,FW,Atlas,20-026,2003,6.3,2.22,2.24,1.90,0.00,0.00,0.16,0.16,0.00,0.32,0.32,0.32,0.00,0.00,0.00,0.00,0.00,https://fbref.com/en/players/43837597/Jorge-Guzman,43837597,Liga MX
210,Nahuel Guzmán,ARG,GK,UANL,37-332,1986,16.0,0.13,0.12,0.06,0.06,0.00,0.00,0.00,0.00,0.00,0.00,0.00,0.00,0.00,0.00,0.00,0.00,https://fbref.com/en/players/d8f11068/Nahuel-Guzman,d8f11068,Liga MX
211,Víctor Guzmán,MEX,MF,Guadalajara,28-339,1995,8.5,3.88,3.87,3.06,0.59,0.12,0.12,0.00,0.00,0.59,0.59,0.47,0.12,0.00,0.00,0.00,0.00,https://fbref.com/en/players/67dfb898/Victor-Guzman,67dfb898,Liga MX
212,Víctor Guzmán,MEX,DF,Monterrey,21-307,2002,12.5,0.32,0.32,0.24,0.00,0.00,0.08,0.00,0.00,0.00,0.00,0.00,0.00,0.00,0.00,0.00,0.00,https://fbref.com/en/players/416a75fb/Victor-Guzman,416a75fb,Liga MX
213,Elías Hernández,MEX,"MF,DF",León,35-254,1988,7.8,4.49,4.49,3.08,1.15,0.00,0.26,0.00,0.00,0.51,0.51,0.38,0.13,0.00,0.00,0.00,0.00,https://fbref.com/en/players/09b2bf95/Elias-Hernandez,09b2bf95,Liga MX
214,Illian Hernandez,MEX,FW,Pachuca,23-271,2000,4.5,1.56,1.55,1.56,0.00,0.00,0.00,0.00,0.00,0.00,0.00,0.00,0.00,0.00,0.00,0.00,0.00,https://fbref.com/en/players/2307f286/Illian-Hernandez,2307f286,Liga MX
215,Jesús Hernández,MEX,"MF,FW",Pachuca,22-160,2001,5.9,4.92,4.90,3.39,0.85,0.34,0.17,0.17,0.00,0.34,0.34,0.34,0.00,0.00,0.00,0.00,0.00,https://fbref.com/en/players/2e7edd56/Jesus-Hernandez,2e7edd56,Liga MX
216,Marco Hernández,MEX,MF,UNAM,18-282,2005,0.3,0.00,0.00,0.00,0.00,0.00,0.00,0.00,0.00,0.00,0.00,0.00,0.00,0.00,0.00,0.00,0.00,https://fbref.com/en/players/a455511c/Marco-Hernandez,a455511c,Liga MX
217,Alberto Herrera,MEX,"DF,MF",Puebla,22-319,2001,1.5,0.67,0.67,0.00,0.67,0.00,0.00,0.00,0.00,0.00,0.00,0.00,0.00,0.00,0.00,0.00,0.00,https://fbref.com/en/players/85fd4dbf/Alberto-Herrera,85fd4dbf,Liga MX
218,Ozziel Herrera,MEX,"MF,FW",UANL,22-230,2001,3.2,2.81,2.76,2.19,0.00,0.00,0.31,0.31,0.00,0.63,0.61,0.63,0.00,0.00,0.00,0.00,0.00,https://fbref.com/en/players/f2780738/Ozziel-Herrera,f2780738,Liga MX
219,Marino Hinestroza,COL,"MF,FW",Pachuca,21-184,2002,7.7,5.71,5.72,2.99,0.39,1.30,0.39,0.65,0.00,0.52,0.52,0.39,0.00,0.13,0.00,0.00,0.00,https://fbref.com/en/players/f397ba12/Marino-Hinestroza,f397ba12,Liga MX
220,Héctor Holguín,MEX,GK,Santos,22-259,2001,2.0,0.00,0.00,0.00,0.00,0.00,0.00,0.00,0.00,0.00,0.00,0.00,0.00,0.00,0.00,0.00,0.00,https://fbref.com/en/players/8c37aa43/Hector-Holguin,8c37aa43,Liga MX
221,César Huerta,MEX,"MF,FW",UNAM,23-036,2000,14.0,5.00,4.99,2.57,0.07,0.71,0.43,1.14,0.07,0.71,0.71,0.29,0.00,0.00,0.21,0.21,0.00,https://fbref.com/en/players/de2f44ce/Cesar-Huerta,de2f44ce,Liga MX
222,Valber Huerta,CHI,DF,Toluca,30-135,1993,15.3,1.18,1.17,0.78,0.07,0.07,0.13,0.13,0.00,0.33,0.33,0.13,0.00,0.07,0.00,0.13,0.00,https://fbref.com/en/players/18679d62/Valber-Huerta,18679d62,Liga MX
223,Rodrigo Huescas,MEX,DF,Cruz Azul,20-112,2003,11.9,2.44,2.43,2.27,0.00,0.08,0.00,0.08,0.00,0.50,0.50,0.50,0.00,0.00,0.00,0.00,0.00,https://fbref.com/en/players/9e02eca8/Rodrigo-Huescas,9e02eca8,Liga MX
224,Avilés Hurtado,COL,"FW,MF",FC Juárez,36-263,1987,11.8,4.83,4.82,2.63,1.19,0.25,0.00,0.76,0.00,0.68,0.68,0.42,0.00,0.00,0.00,0.25,0.00,https://fbref.com/en/players/4641e9a2/Aviles-Hurtado,4641e9a2,Liga MX
225,Nicolás Ibáñez,ARG,FW,UANL,29-138,1994,7.0,2.57,2.58,1.71,0.00,0.29,0.14,0.00,0.43,0.29,0.29,0.14,0.00,0.14,0.00,0.00,0.00,https://fbref.com/en/players/0cab947b/Nicolas-Ibanez,0cab947b,Liga MX
226,Oussama Idrissi,MAR,"FW,MF",Pachuca,27-316,1996,3.6,3.89,3.87,2.50,0.28,0.56,0.00,0.00,0.56,0.28,0.28,0.28,0.00,0.00,0.00,0.00,0.00,https://fbref.com/en/players/34caa4b3/Oussama-Idrissi,34caa4b3,Liga MX
227,Juan Ignacio Dinenno,ARG,"FW,MF",UNAM,29-133,1994,8.8,2.61,2.60,1.82,0.23,0.00,0.45,0.11,0.00,0.34,0.34,0.23,0.00,0.00,0.11,0.00,0.00,https://fbref.com/en/players/fc2c5692/Juan-Ignacio-Dinenno,fc2c5692,Liga MX
228,Andrés Iniestra,MEX,MF,Atlético,27-303,1996,0.3,3.33,3.00,3.33,0.00,0.00,0.00,0.00,0.00,0.00,0.00,0.00,0.00,0.00,0.00,0.00,0.00,https://fbref.com/en/players/222c792f/Andres-Iniestra,222c792f,Liga MX
229,Jefferson Intriago,ECU,MF,Mazatlán,27-218,1996,17.0,1.53,1.53,1.41,0.00,0.06,0.00,0.00,0.06,0.29,0.29,0.24,0.00,0.00,0.00,0.00,0.06,https://fbref.com/en/players/656f6c17/Jefferson-Intriago,656f6c17,Liga MX
230,Hugo Isaác Rodríguez,MEX,DF,Santos,33-214,1990,5.2,0.38,0.39,0.19,0.19,0.00,0.00,0.00,0.00,0.19,0.19,0.19,0.00,0.00,0.00,0.00,0.00,https://fbref.com/en/players/a7c11793/Hugo-Isaac-Rodriguez,a7c11793,Liga MX
231,Mauricio Isais,MEX,"DF,MF",Toluca,22-274,2001,5.5,1.27,1.27,0.73,0.18,0.18,0.00,0.18,0.00,0.00,0.00,0.00,0.00,0.00,0.00,0.00,0.00,https://fbref.com/en/players/c91c9e95/Mauricio-Isais,c91c9e95,Liga MX
232,Omar Israel Mendoza,MEX,DF,Querétaro,35-072,1988,11.4,1.84,1.85,1.32,0.26,0.00,0.00,0.26,0.00,0.26,0.26,0.26,0.00,0.00,0.00,0.00,0.00,https://fbref.com/en/players/e2ab721a/Omar-Israel-Mendoza,e2ab721a,Liga MX
233,Luis Iturbide,MEX,DF,Cruz Azul,21-245,2002,0.5,0.00,0.00,0.00,0.00,0.00,0.00,0.00,0.00,0.00,0.00,0.00,0.00,0.00,0.00,0.00,0.00,https://fbref.com/en/players/896c0296/Luis-Iturbide,896c0296,Liga MX
234,José Iván Rodríguez,MEX,MF,León,27-205,1996,11.2,1.61,1.61,1.52,0.00,0.00,0.00,0.00,0.09,0.18,0.18,0.09,0.00,0.00,0.00,0.00,0.09,https://fbref.com/en/players/2e541097/Jose-Ivan-Rodriguez,2e541097,Liga MX
235,Cristian Jiménez,MEX,"DF,MF",Cruz Azul,21-174,2002,1.0,0.00,0.00,0.00,0.00,0.00,0.00,0.00,0.00,0.00,0.00,0.00,0.00,0.00,0.00,0.00,0.00,https://fbref.com/en/players/0f53eefe/Cristian-Jimenez,0f53eefe,Liga MX
236,Oscar Jiménez,MEX,GK,América,35-088,1988,3.5,0.00,0.00,0.00,0.00,0.00,0.00,0.00,0.00,0.00,0.00,0.00,0.00,0.00,0.00,0.00,0.00,https://fbref.com/en/players/363ba1be/Oscar-Jimenez,363ba1be,Liga MX
237,Miguel Jiménez Ponce,MEX,GK,Guadalajara,33-300,1990,15.8,0.06,0.06,0.00,0.06,0.00,0.00,0.00,0.00,0.00,0.00,0.00,0.00,0.00,0.00,0.00,0.00,https://fbref.com/en/players/9c06f135/Miguel-Jimenez-Ponce,9c06f135,Liga MX
238,José Joaquín Esquivel,MEX,MF,Necaxa,26-001,1998,3.0,0.67,0.67,0.67,0.00,0.00,0.00,0.00,0.00,0.00,0.00,0.00,0.00,0.00,0.00,0.00,0.00,https://fbref.com/en/players/72c08f14/Jose-Joaquin-Esquivel,72c08f14,Liga MX
239,José Joaquín Esquivel,MEX,MF,Mazatlán,26-001,1998,5.2,0.77,0.77,0.77,0.00,0.00,0.00,0.00,0.00,0.19,0.19,0.19,0.00,0.00,0.00,0.00,0.00,https://fbref.com/en/players/72c08f14/Jose-Joaquin-Esquivel,72c08f14,Liga MX
240,Ángel Jordán Acosta,MEX,"MF,FW",Monterrey,18-250,2005,0.5,0.00,0.00,0.00,0.00,0.00,0.00,0.00,0.00,0.00,0.00,0.00,0.00,0.00,0.00,0.00,0.00,https://fbref.com/en/players/59c28a53/Angel-Jordan-Acosta,59c28a53,Liga MX
241,Julio José González,MEX,GK,UNAM,32-260,1991,17.0,0.29,0.29,0.18,0.12,0.00,0.00,0.00,0.00,0.06,0.06,0.06,0.00,0.00,0.00,0.00,0.00,https://fbref.com/en/players/0124a43a/Julio-Jose-Gonzalez,0124a43a,Liga MX
242,Joao Joshimar Rojas,ECU,"MF,FW",Monterrey,26-145,1997,4.4,4.09,4.12,2.27,1.36,0.00,0.45,0.00,0.00,0.68,0.69,0.68,0.00,0.00,0.00,0.00,0.00,https://fbref.com/en/players/bc7774f1/Joao-Joshimar-Rojas,bc7774f1,Liga MX
243,Ramón Juárez,MEX,DF,América,22-244,2001,8.2,0.37,0.36,0.37,0.00,0.00,0.00,0.00,0.00,0.00,0.00,0.00,0.00,0.00,0.00,0.00,0.00,https://fbref.com/en/players/c164493d/Ramon-Juarez,c164493d,Liga MX
244,Heriberto Jurado,MEX,MF,Necaxa,19-005,2005,6.6,2.42,2.44,1.06,0.61,0.45,0.15,0.15,0.00,0.45,0.46,0.15,0.30,0.00,0.00,0.00,0.00,https://fbref.com/en/players/7d014cb0/Heriberto-Jurado,7d014cb0,Liga MX
245,Sebastián Jurado,MEX,GK,Cruz Azul,26-102,1997,3.4,0.00,0.00,0.00,0.00,0.00,0.00,0.00,0.00,0.00,0.00,0.00,0.00,0.00,0.00,0.00,0.00,https://fbref.com/en/players/c882a4e6/Sebastian-Jurado,c882a4e6,Liga MX
246,Mateo Klimowicz,GER,"FW,MF",Atlético,23-186,2000,8.1,3.09,3.07,1.60,0.00,0.62,0.74,0.12,0.00,0.12,0.12,0.00,0.00,0.00,0.12,0.00,0.00,https://fbref.com/en/players/2b7c56b4/Mateo-Klimowicz,2b7c56b4,Liga MX
247,Roberto de la Rosa,MEX,"FW,MF",Pachuca,24-004,2000,8.7,3.33,3.35,2.64,0.11,0.11,0.46,0.00,0.00,0.00,0.00,0.00,0.00,0.00,0.00,0.00,0.00,https://fbref.com/en/players/d7558a5c/Roberto-de-la-Rosa,d7558a5c,Liga MX
248,Diego Lainez,MEX,FW,UANL,23-213,2000,8.0,3.38,3.37,2.25,0.13,0.50,0.00,0.38,0.13,0.63,0.62,0.38,0.00,0.13,0.00,0.13,0.00,https://fbref.com/en/players/bf12926c/Diego-Lainez,bf12926c,Liga MX
249,Mauro Laínez,MEX,FW,América,27-244,1996,0.3,3.33,3.75,3.33,0.00,0.00,0.00,0.00,0.00,0.00,0.00,0.00,0.00,0.00,0.00,0.00,0.00,https://fbref.com/en/players/9bf2c435/Mauro-Lainez,9bf2c435,Liga MX
250,Mauro Laínez,MEX,"MF,FW",Querétaro,27-244,1996,2.2,4.55,4.50,3.64,0.00,0.91,0.00,0.00,0.00,0.45,0.45,0.45,0.00,0.00,0.00,0.00,0.00,https://fbref.com/en/players/9bf2c435/Mauro-Lainez,9bf2c435,Liga MX
251,Gibran Lajud,MEX,GK,Santos,30-014,1993,9.0,0.22,0.22,0.11,0.11,0.00,0.00,0.00,0.00,0.00,0.00,0.00,0.00,0.00,0.00,0.00,0.00,https://fbref.com/en/players/d8b7afc2/Gibran-Lajud,d8b7afc2,Liga MX
252,Emilio Lara,MEX,DF,América,21-235,2002,2.5,1.20,1.18,0.80,0.00,0.00,0.00,0.00,0.40,0.40,0.39,0.40,0.00,0.00,0.00,0.00,0.00,https://fbref.com/en/players/f8c3bbb2/Emilio-Lara,f8c3bbb2,Liga MX
253,Israel Larios,MEX,MF,Atlas,20-242,2003,0.3,10.0,10.38,6.67,0.00,0.00,0.00,3.33,0.00,0.00,0.00,0.00,0.00,0.00,0.00,0.00,0.00,https://fbref.com/en/players/648fed70/Israel-Larios,648fed70,Liga MX
254,Miguel Layún,MEX,"DF,FW",América,35-197,1988,5.8,1.55,1.55,1.03,0.52,0.00,0.00,0.00,0.00,0.17,0.17,0.17,0.00,0.00,0.00,0.00,0.00,https://fbref.com/en/players/ad6295d4/Miguel-Layun,ad6295d4,Liga MX
255,Federico Lértora,ARG,MF,Querétaro,33-187,1990,15.7,1.72,1.72,0.96,0.32,0.00,0.13,0.13,0.19,0.19,0.19,0.13,0.06,0.00,0.00,0.00,0.00,https://fbref.com/en/players/8e8cceac/Federico-Lertora,8e8cceac,Liga MX
256,Igor Lichnovsky,CHI,DF,América,29-307,1994,8.8,0.68,0.68,0.57,0.00,0.11,0.00,0.00,0.00,0.23,0.23,0.11,0.00,0.11,0.00,0.00,0.00,https://fbref.com/en/players/3947fa95/Igor-Lichnovsky,3947fa95,Liga MX
257,Erik Lira,MEX,MF,Cruz Azul,23-245,2000,12.5,2.08,2.08,1.52,0.16,0.24,0.00,0.08,0.08,0.24,0.24,0.24,0.00,0.00,0.00,0.00,0.00,https://fbref.com/en/players/7b2c24ed/Erik-Lira,7b2c24ed,Liga MX
258,Aldo López,MEX,MF,Santos,23-230,2000,9.3,1.08,1.08,0.86,0.00,0.00,0.11,0.00,0.11,0.00,0.00,0.00,0.00,0.00,0.00,0.00,0.00,https://fbref.com/en/players/d0832e71/Aldo-Lopez,d0832e71,Liga MX
259,César López,MEX,FW,Necaxa,21-307,2002,0.1,0.00,0.00,0.00,0.00,0.00,0.00,0.00,0.00,0.00,0.00,0.00,0.00,0.00,0.00,0.00,0.00,https://fbref.com/en/players/ed89fd40/Cesar-Lopez,ed89fd40,Liga MX
260,Edgar López,MEX,"FW,MF",Toluca,24-262,1999,9.7,2.78,2.78,2.37,0.10,0.10,0.10,0.10,0.00,0.21,0.21,0.10,0.00,0.00,0.00,0.10,0.00,https://fbref.com/en/players/a9cde92c/Edgar-Lopez,a9cde92c,Liga MX
261,Raúl López Gómez,MEX,DF,Santos,30-319,1993,9.1,1.10,1.09,0.66,0.33,0.11,0.00,0.00,0.00,0.00,0.00,0.00,0.00,0.00,0.00,0.00,0.00,https://fbref.com/en/players/16cb5073/Raul-Lopez-Gomez,16cb5073,Liga MX
262,Nicolás López,URU,FW,UANL,30-099,1993,0.8,3.75,3.86,3.75,0.00,0.00,0.00,0.00,0.00,0.00,0.00,0.00,0.00,0.00,0.00,0.00,0.00,https://fbref.com/en/players/8d2ee5e2/Nicolas-Lopez,8d2ee5e2,Liga MX
263,Nicolás López,URU,"FW,MF",León,30-099,1993,7.7,5.71,5.75,3.38,1.17,0.39,0.52,0.26,0.00,0.00,0.00,0.00,0.00,0.00,0.00,0.00,0.00,https://fbref.com/en/players/8d2ee5e2/Nicolas-Lopez,8d2ee5e2,Liga MX
264,René López,MEX,DF,Pachuca,22-004,2002,0.8,0.00,0.00,0.00,0.00,0.00,0.00,0.00,0.00,0.00,0.00,0.00,0.00,0.00,0.00,0.00,0.00,https://fbref.com/en/players/11f13469/Rene-Lopez,11f13469,Liga MX
265,Rodrigo López,MEX,MF,Querétaro,36-095,1987,1.6,3.13,3.04,1.88,0.00,1.25,0.00,0.00,0.00,0.00,0.00,0.00,0.00,0.00,0.00,0.00,0.00,https://fbref.com/en/players/88d66ac1/Rodrigo-Lopez,88d66ac1,Liga MX
266,Rodrigo López,MEX,MF,UNAM,22-057,2001,3.6,,,,,,,,,,,,,,,,,https://fbref.com/en/players/99f03afd/Rodrigo-Lopez,99f03afd,Liga MX
267,Victor Lopez,MEX,"MF,FW",Monterrey,20-245,2003,2.3,5.65,5.55,4.35,0.43,0.00,0.87,0.00,0.00,0.43,0.43,0.00,0.00,0.00,0.43,0.00,0.00,https://fbref.com/en/players/50ee44fc/Victor-Lopez,50ee44fc,Liga MX
268,Vladimir Loroña,MEX,DF,UANL,25-053,1998,1.1,2.73,2.67,2.73,0.00,0.00,0.00,0.00,0.00,0.00,0.00,0.00,0.00,0.00,0.00,0.00,0.00,https://fbref.com/en/players/04a82b14/Vladimir-Lorona,04a82b14,Liga MX
269,Lucas de los Santos,URU,"MF,FW",Puebla,22-166,2001,1.5,0.67,0.66,0.67,0.00,0.00,0.00,0.00,0.00,0.00,0.00,0.00,0.00,0.00,0.00,0.00,0.00,https://fbref.com/en/players/785f4439/Lucas-de-los-Santos,785f4439,Liga MX
270,Augusto Lotti,ITA,FW,Cruz Azul,27-212,1996,1.5,3.33,3.41,2.67,0.00,0.00,0.67,0.00,0.00,0.00,0.00,0.00,0.00,0.00,0.00,0.00,0.00,https://fbref.com/en/players/659fa937/Augusto-Lotti,659fa937,Liga MX
271,Brian Lozano,URU,FW,Atlas,29-319,1994,4.6,4.35,4.32,2.83,0.22,0.22,0.22,0.87,0.00,0.65,0.65,0.65,0.00,0.00,0.00,0.00,0.00,https://fbref.com/en/players/f3381616/Brian-Lozano,f3381616,Liga MX
272,José Lozano,MEX,"DF,FW",Atlas,25-095,1998,5.2,2.69,2.70,2.50,0.19,0.00,0.00,0.00,0.00,0.00,0.00,0.00,0.00,0.00,0.00,0.00,0.00,https://fbref.com/en/players/9ab0b080/Jose-Lozano,9ab0b080,Liga MX
273,Israel Luna,MEX,MF,Pachuca,21-291,2002,1.2,2.50,2.50,2.50,0.00,0.00,0.00,0.00,0.00,0.00,0.00,0.00,0.00,0.00,0.00,0.00,0.00,https://fbref.com/en/players/dc4b2946/Israel-Luna,dc4b2946,Liga MX
274,Waldo Madrid,MEX,"DF,FW",Necaxa,20-136,2003,0.5,6.00,6.59,6.00,0.00,0.00,0.00,0.00,0.00,0.00,0.00,0.00,0.00,0.00,0.00,0.00,0.00,https://fbref.com/en/players/5bde59f8/Waldo-Madrid,5bde59f8,Liga MX
275,Fernando Madrigal,MEX,MF,Tijuana,32-057,1991,12.1,2.64,2.64,1.65,0.08,0.17,0.50,0.25,0.00,0.25,0.25,0.08,0.00,0.08,0.08,0.00,0.00,https://fbref.com/en/players/a51e0948/Fernando-Madrigal,a51e0948,Liga MX
276,José Madueña,MEX,DF,Mazatlán,33-224,1990,5.5,0.91,0.90,0.36,0.18,0.18,0.18,0.00,0.00,0.36,0.36,0.00,0.00,0.18,0.18,0.00,0.00,https://fbref.com/en/players/f8949b73/Jose-Maduena,f8949b73,Liga MX
277,Lisandro Magallán,ARG,DF,UNAM,30-103,1993,14.0,0.64,0.64,0.50,0.00,0.00,0.14,0.00,0.00,0.00,0.00,0.00,0.00,0.00,0.00,0.00,0.00,https://fbref.com/en/players/01a49bd2/Lisandro-Magallan,01a49bd2,Liga MX
278,Federico Mancuello,ARG,MF,Puebla,34-288,1989,3.0,4.00,4.00,2.67,1.33,0.00,0.00,0.00,0.00,0.33,0.33,0.00,0.33,0.00,0.00,0.00,0.00,https://fbref.com/en/players/e1cf57c7/Federico-Mancuello,e1cf57c7,Liga MX
279,Mauro Manotas,COL,"FW,MF",Atlas,28-177,1995,2.3,1.74,1.71,1.30,0.00,0.00,0.43,0.00,0.00,0.00,0.00,0.00,0.00,0.00,0.00,0.00,0.00,https://fbref.com/en/players/89a5efd3/Mauro-Manotas,89a5efd3,Liga MX
280,Daniel Mantilla,COL,"MF,FW",Necaxa,27-014,1996,3.0,1.67,1.65,1.67,0.00,0.00,0.00,0.00,0.00,0.00,0.00,0.00,0.00,0.00,0.00,0.00,0.00,https://fbref.com/en/players/007be212/Daniel-Mantilla,007be212,Liga MX
281,Óscar Manzanarez,MEX,DF,Querétaro,28-259,1995,11.6,0.95,0.95,0.69,0.09,0.00,0.09,0.00,0.09,0.00,0.00,0.00,0.00,0.00,0.00,0.00,0.00,https://fbref.com/en/players/d4f99521/Oscar-Manzanarez,d4f99521,Liga MX
282,Javier Marcelo Correa,ARG,"FW,DF",Santos,31-077,1992,1.8,8.33,8.49,3.89,0.00,2.22,1.11,0.56,0.56,0.56,0.57,0.00,0.00,0.00,0.00,0.00,0.56,https://fbref.com/en/players/04bdcce2/Javier-Marcelo-Correa,04bdcce2,Liga MX
283,Jahaziel Marchand,MEX,MF,Pachuca,22-102,2001,2.2,2.73,2.74,2.27,0.00,0.00,0.00,0.45,0.00,0.45,0.46,0.45,0.00,0.00,0.00,0.00,0.00,https://fbref.com/en/players/1fa0a5ca/Jahaziel-Marchand,1fa0a5ca,Liga MX
284,Ricardo Marín,MEX,FW,Guadalajara,25-296,1998,12.7,1.65,1.66,1.34,0.00,0.08,0.08,0.16,0.00,0.24,0.24,0.08,0.00,0.00,0.08,0.08,0.00,https://fbref.com/en/players/295da4c2/Ricardo-Marin,295da4c2,Liga MX
285,Salvador Mariscal,MEX,MF,Santos,20-261,2003,0.3,0.00,0.00,0.00,0.00,0.00,0.00,0.00,0.00,0.00,0.00,0.00,0.00,0.00,0.00,0.00,0.00,https://fbref.com/en/players/a51d449a/Salvador-Mariscal,a51d449a,Liga MX
286,Ángel Márquez,MEX,MF,Atlas,23-201,2000,8.4,2.26,2.25,1.55,0.00,0.24,0.24,0.12,0.12,0.00,0.00,0.00,0.00,0.00,0.00,0.00,0.00,https://fbref.com/en/players/e9ef9d93/Angel-Marquez,e9ef9d93,Liga MX
287,Henry Martín,MEX,FW,América,31-051,1992,7.0,3.86,3.86,3.29,0.00,0.29,0.14,0.14,0.00,0.86,0.86,0.57,0.00,0.14,0.14,0.00,0.00,https://fbref.com/en/players/b585c991/Henry-Martin,b585c991,Liga MX
288,Alejandro Martínez,ARG,"MF,FW",Tijuana,26-267,1997,10.7,3.64,3.65,1.78,1.12,0.47,0.09,0.09,0.09,0.09,0.09,0.00,0.00,0.00,0.00,0.00,0.09,https://fbref.com/en/players/26f76d7b/Alejandro-Martinez,26f76d7b,Liga MX
289,Guillermo Martínez Ayala,MEX,FW,Puebla,28-299,1995,15.0,2.33,2.33,1.73,0.07,0.07,0.27,0.20,0.00,0.20,0.20,0.07,0.00,0.00,0.00,0.13,0.00,https://fbref.com/en/players/59146354/Guillermo-Martinez-Ayala,59146354,Liga MX
290,Emilio Martínez González,MEX,DF,Necaxa,20-340,2003,7.5,1.47,1.46,0.93,0.27,0.00,0.13,0.13,0.00,0.00,0.00,0.00,0.00,0.00,0.00,0.00,0.00,https://fbref.com/en/players/7cbd34c2/Emilio-Martinez-Gonzalez,7cbd34c2,Liga MX
291,Jaziel Martínez,MEX,MF,Atlas,23-097,2000,6.1,4.26,4.29,3.61,0.00,0.16,0.33,0.16,0.00,0.82,0.83,0.49,0.00,0.00,0.16,0.16,0.00,https://fbref.com/en/players/17ac7f70/Jaziel-Martinez,17ac7f70,Liga MX
292,Raúl Martínez,MEX,DF,Guadalajara,20-309,2003,3.0,0.00,0.00,0.00,0.00,0.00,0.00,0.00,0.00,0.00,0.00,0.00,0.00,0.00,0.00,0.00,0.00,https://fbref.com/en/players/3a2d5206/Raul-Martinez,3a2d5206,Liga MX
293,Román Martínez,MEX,FW,América,21-143,2002,0.7,4.29,4.09,4.29,0.00,0.00,0.00,0.00,0.00,0.00,0.00,0.00,0.00,0.00,0.00,0.00,0.00,https://fbref.com/en/players/7c0527bb/Roman-Martinez,7c0527bb,Liga MX
294,Sebastián Martínez,MEX,MF,América,20-258,2003,0.1,0.00,0.00,0.00,0.00,0.00,0.00,0.00,0.00,0.00,0.00,0.00,0.00,0.00,0.00,0.00,0.00,https://fbref.com/en/players/4a64c915/Sebastian-Martinez,4a64c915,Liga MX
295,Edson Mata,MEX,DF,Mazatlán,20-291,2003,0.3,0.00,0.00,0.00,0.00,0.00,0.00,0.00,0.00,0.00,0.00,0.00,0.00,0.00,0.00,0.00,0.00,https://fbref.com/en/players/ceb57647/Edson-Mata,ceb57647,Liga MX
296,Alejandro Mayorga,MEX,DF,Guadalajara,26-224,1997,4.4,1.59,1.60,0.91,0.23,0.23,0.23,0.00,0.00,0.23,0.23,0.23,0.00,0.00,0.00,0.00,0.00,https://fbref.com/en/players/42fa6572/Alejandro-Mayorga,42fa6572,Liga MX
297,Alan Medina,MEX,"FW,MF",Mazatlán,26-142,1997,7.5,3.60,3.62,2.93,0.13,0.40,0.00,0.13,0.00,0.40,0.40,0.40,0.00,0.00,0.00,0.00,0.00,https://fbref.com/en/players/c88f8077/Alan-Medina,c88f8077,Liga MX
298,Diego Medina,MEX,"FW,MF",Santos,22-302,2001,5.9,2.88,2.91,2.20,0.00,0.51,0.00,0.17,0.00,0.17,0.17,0.17,0.00,0.00,0.00,0.00,0.00,https://fbref.com/en/players/91d4d322/Diego-Medina,91d4d322,Liga MX
299,Stefan Medina,COL,DF,Monterrey,31-208,1992,13.0,1.85,1.84,1.31,0.08,0.15,0.08,0.23,0.00,0.23,0.23,0.15,0.00,0.00,0.08,0.00,0.00,https://fbref.com/en/players/a7104778/Stefan-Medina,a7104778,Liga MX
300,Aaron Mejía Montoya,MEX,DF,Tijuana,22-216,2001,2.0,2.50,2.45,2.00,0.00,0.50,0.00,0.00,0.00,0.00,0.00,0.00,0.00,0.00,0.00,0.00,0.00,https://fbref.com/en/players/859f0f6f/Aaron-Mejia-Montoya,859f0f6f,Liga MX
301,Ángel Mena,ECU,"FW,MF",León,35-352,1988,13.7,6.13,6.14,4.16,1.24,0.51,0.07,0.07,0.07,0.73,0.73,0.58,0.07,0.07,0.00,0.00,0.00,https://fbref.com/en/players/ea83f5c2/Angel-Mena,ea83f5c2,Liga MX
302,Édgar Méndez,ESP,"FW,MF",Necaxa,34-006,1990,8.5,1.65,1.65,1.18,0.00,0.12,0.12,0.24,0.00,0.00,0.00,0.00,0.00,0.00,0.00,0.00,0.00,https://fbref.com/en/players/aed746df/Edgar-Mendez,aed746df,Liga MX
303,Jean Meneses,CHI,"FW,MF",Toluca,30-298,1993,10.5,4.86,4.88,3.90,0.57,0.29,0.00,0.10,0.00,0.76,0.77,0.76,0.00,0.00,0.00,0.00,0.00,https://fbref.com/en/players/dc7acc74/Jean-Meneses,dc7acc74,Liga MX
304,Roberto Meraz,MEX,MF,Mazatlán,24-157,1999,1.1,0.91,0.93,0.91,0.00,0.00,0.00,0.00,0.00,0.00,0.00,0.00,0.00,0.00,0.00,0.00,0.00,https://fbref.com/en/players/1f97c45f/Roberto-Meraz,1f97c45f,Liga MX
305,Lucas Merolla,ARG,DF,Mazatlán,28-195,1995,3.1,0.65,0.65,0.65,0.00,0.00,0.00,0.00,0.00,0.00,0.00,0.00,0.00,0.00,0.00,0.00,0.00,https://fbref.com/en/players/8302dba4/Lucas-Merolla,8302dba4,Liga MX
306,Bruce El-Mesmari,MEX,"FW,DF",América,21-260,2002,0.2,0.00,0.00,0.00,0.00,0.00,0.00,0.00,0.00,0.00,0.00,0.00,0.00,0.00,0.00,0.00,0.00,https://fbref.com/en/players/7eb6f451/Bruce-El-Mesmari,7eb6f451,Liga MX
307,Maximiliano Meza,ARG,"MF,FW",Monterrey,31-024,1992,12.3,4.23,4.22,3.01,0.33,0.41,0.33,0.08,0.08,0.73,0.73,0.65,0.00,0.08,0.00,0.00,0.00,https://fbref.com/en/players/e5e15e0a/Maximiliano-Meza,e5e15e0a,Liga MX
308,Hiram Mier,MEX,MF,Guadalajara,34-136,1989,0.1,0.00,0.00,0.00,0.00,0.00,0.00,0.00,0.00,0.00,0.00,0.00,0.00,0.00,0.00,0.00,0.00,https://fbref.com/en/players/1f81fd9b/Hiram-Mier,1f81fd9b,Liga MX
309,Moises,BRA,"MF,FW",Cruz Azul,27-128,1996,9.5,3.37,3.36,2.11,0.21,0.84,0.21,0.00,0.00,0.11,0.11,0.00,0.00,0.00,0.11,0.00,0.00,https://fbref.com/en/players/ddd07a25/Moises,ddd07a25,Liga MX
310,Jesús Molina,MEX,MF,UNAM,35-285,1988,4.1,1.71,1.71,1.46,0.24,0.00,0.00,0.00,0.00,0.00,0.00,0.00,0.00,0.00,0.00,0.00,0.00,https://fbref.com/en/players/92624456/Jesus-Molina,92624456,Liga MX
311,Ricardo Monreal,MEX,FW,Necaxa,22-332,2001,6.3,4.60,4.60,3.97,0.00,0.32,0.00,0.16,0.16,0.95,0.95,0.95,0.00,0.00,0.00,0.00,0.00,https://fbref.com/en/players/cc9ee242/Ricardo-Monreal,cc9ee242,Liga MX
312,Pablo Monroy,MEX,DF,UNAM,21-170,2002,7.3,0.96,0.96,0.68,0.27,0.00,0.00,0.00,0.00,0.00,0.00,0.00,0.00,0.00,0.00,0.00,0.00,https://fbref.com/en/players/b8d4f461/Pablo-Monroy,b8d4f461,Liga MX
313,Andres Montaño,MEX,MF,Mazatlán,21-231,2002,4.7,2.77,2.78,1.70,0.21,0.43,0.21,0.21,0.00,0.64,0.64,0.43,0.00,0.00,0.21,0.00,0.00,https://fbref.com/en/players/e5519e5e/Andres-Montano,e5519e5e,Liga MX
314,Joaquín Montecinos,CHI,"FW,MF",Querétaro,28-032,1995,2.6,4.23,4.19,1.15,0.77,0.77,0.77,0.77,0.00,0.00,0.00,0.00,0.00,0.00,0.00,0.00,0.00,https://fbref.com/en/players/9ec27e7f/Joaquin-Montecinos,9ec27e7f,Liga MX
315,Emanuel Montejano Arroyo,MEX,FW,UNAM,22-180,2001,0.6,0.00,0.00,0.00,0.00,0.00,0.00,0.00,0.00,0.00,0.00,0.00,0.00,0.00,0.00,0.00,0.00,https://fbref.com/en/players/7c0da546/Emanuel-Montejano-Arroyo,7c0da546,Liga MX
316,Alán Montes,MEX,DF,Necaxa,23-074,2000,14.6,0.89,0.89,0.82,0.00,0.00,0.07,0.00,0.00,0.14,0.14,0.14,0.00,0.00,0.00,0.00,0.00,https://fbref.com/en/players/78db8e07/Alan-Montes,78db8e07,Liga MX
317,Elias Montiel,MEX,MF,Pachuca,18-093,2005,10.0,3.50,3.51,2.90,0.20,0.20,0.00,0.10,0.10,0.20,0.20,0.20,0.00,0.00,0.00,0.00,0.00,https://fbref.com/en/players/e138bb0a/Elias-Montiel,e138bb0a,Liga MX
318,Adrián Mora,MEX,DF,Toluca,26-146,1997,1.7,0.59,0.60,0.59,0.00,0.00,0.00,0.00,0.00,0.00,0.00,0.00,0.00,0.00,0.00,0.00,0.00,https://fbref.com/en/players/fc9d3b30/Adrian-Mora,fc9d3b30,Liga MX
319,Amaury Morales,MEX,"MF,DF",Cruz Azul,18-036,2005,0.1,10.0,15.00,10.0,0.00,0.00,0.00,0.00,0.00,0.00,0.00,0.00,0.00,0.00,0.00,0.00,0.00,https://fbref.com/en/players/ffd2ca4f/Amaury-Morales,ffd2ca4f,Liga MX
320,Robert Morales,PAR,FW,Toluca,24-297,1999,8.4,2.38,2.38,1.43,0.00,0.36,0.36,0.24,0.00,0.24,0.24,0.12,0.00,0.00,0.12,0.00,0.00,https://fbref.com/en/players/a5b3fad6/Robert-Morales,a5b3fad6,Liga MX
321,Arath Moreno,MEX,MF,Necaxa,18-050,2005,0.4,2.50,2.25,0.00,2.50,0.00,0.00,0.00,0.00,0.00,0.00,0.00,0.00,0.00,0.00,0.00,0.00,https://fbref.com/en/players/b050d350/Arath-Moreno,b050d350,Liga MX
322,Carlos Moreno,MEX,GK,Pachuca,25-344,1998,14.0,0.36,0.36,0.21,0.14,0.00,0.00,0.00,0.00,0.00,0.00,0.00,0.00,0.00,0.00,0.00,0.00,https://fbref.com/en/players/b931ac44/Carlos-Moreno,b931ac44,Liga MX
323,Héctor Moreno,MEX,DF,Monterrey,35-356,1988,7.7,1.04,1.04,0.91,0.00,0.00,0.00,0.00,0.13,0.00,0.00,0.00,0.00,0.00,0.00,0.00,0.00,https://fbref.com/en/players/5d311e8d/Hector-Moreno,5d311e8d,Liga MX
324,Iker Moreno,MEX,DF,Atlético,20-116,2003,1.8,2.78,2.80,2.78,0.00,0.00,0.00,0.00,0.00,0.56,0.56,0.56,0.00,0.00,0.00,0.00,0.00,https://fbref.com/en/players/d3e76f51/Iker-Moreno,d3e76f51,Liga MX
325,Iván Moreno,MEX,"DF,MF",León,25-356,1998,12.0,2.92,2.91,2.42,0.33,0.08,0.08,0.00,0.00,0.33,0.33,0.33,0.00,0.00,0.00,0.00,0.00,https://fbref.com/en/players/aa2e88c2/Ivan-Moreno,aa2e88c2,Liga MX
326,Omar Moreno,MEX,"FW,DF",Mazatlán,18-343,2005,0.6,5.00,4.66,1.67,0.00,3.33,0.00,0.00,0.00,0.00,0.00,0.00,0.00,0.00,0.00,0.00,0.00,https://fbref.com/en/players/d6371fe3/Omar-Moreno,d6371fe3,Liga MX
327,Andrés Mosquera Guardia,COL,DF,Toluca,33-322,1990,15.6,0.64,0.64,0.64,0.00,0.00,0.00,0.00,0.00,0.00,0.00,0.00,0.00,0.00,0.00,0.00,0.00,https://fbref.com/en/players/9cacb8e1/Andres-Mosquera-Guardia,9cacb8e1,Liga MX
328,Joaquín Moxica,MEX,FW,Monterrey,17-346,2006,0.2,0.00,0.00,0.00,0.00,0.00,0.00,0.00,0.00,0.00,0.00,0.00,0.00,0.00,0.00,0.00,0.00,https://fbref.com/en/players/1d17bbe1/Joaquin-Moxica,1d17bbe1,Liga MX
329,Alan Mozo,MEX,DF,Guadalajara,26-278,1997,14.3,1.96,1.96,1.47,0.35,0.07,0.00,0.00,0.07,0.21,0.21,0.07,0.07,0.00,0.00,0.00,0.07,https://fbref.com/en/players/2abbf0fe/Alan-Mozo,2abbf0fe,Liga MX
330,Santiago Muñóz,MEX,"MF,FW",Santos,21-147,2002,1.4,7.86,7.92,2.86,0.71,0.00,0.71,3.57,0.00,2.14,2.16,0.71,0.00,0.00,0.71,0.71,0.00,https://fbref.com/en/players/dd986929/Santiago-Munoz,dd986929,Liga MX
331,Zahid Muñoz,MEX,MF,Guadalajara,22-344,2001,0.2,5.00,4.29,5.00,0.00,0.00,0.00,0.00,0.00,0.00,0.00,0.00,0.00,0.00,0.00,0.00,0.00,https://fbref.com/en/players/3fce2e96/Zahid-Munoz,3fce2e96,Liga MX
332,Jhon Murillo,VEN,"FW,MF",Atlético,28-048,1995,14.6,3.08,3.07,2.19,0.07,0.21,0.34,0.27,0.00,0.55,0.55,0.27,0.00,0.00,0.00,0.27,0.00,https://fbref.com/en/players/0d93febc/Jhon-Murillo,0d93febc,Liga MX
333,Fernando Navarro Morán,MEX,MF,Toluca,34-265,1989,1.0,2.00,1.91,1.00,1.00,0.00,0.00,0.00,0.00,1.00,0.96,0.00,1.00,0.00,0.00,0.00,0.00,https://fbref.com/en/players/1e368495/Fernando-Navarro-Moran,1e368495,Liga MX
334,Santiago Naveda,MEX,MF,América,22-267,2001,1.5,0.67,0.66,0.00,0.00,0.00,0.67,0.00,0.00,0.00,0.00,0.00,0.00,0.00,0.00,0.00,0.00,https://fbref.com/en/players/5e2022e8/Santiago-Naveda,5e2022e8,Liga MX
335,Hugo Nervo,ARG,DF,Atlas,33-002,1991,17.0,0.71,0.71,0.65,0.00,0.00,0.06,0.00,0.00,0.06,0.06,0.06,0.00,0.00,0.00,0.00,0.00,https://fbref.com/en/players/6afd25e6/Hugo-Nervo,6afd25e6,Liga MX
336,Francisco Nevarez,MEX,"DF,MF",FC Juárez,23-036,2000,0.7,4.29,4.03,4.29,0.00,0.00,0.00,0.00,0.00,0.00,0.00,0.00,0.00,0.00,0.00,0.00,0.00,https://fbref.com/en/players/65b4f865/Francisco-Nevarez,65b4f865,Liga MX
337,Alberto Ocejo,MEX,"FW,DF",Santos,25-206,1998,0.2,5.00,6.43,0.00,0.00,0.00,5.00,0.00,0.00,0.00,0.00,0.00,0.00,0.00,0.00,0.00,0.00,https://fbref.com/en/players/e815c85d/Alberto-Ocejo,e815c85d,Liga MX
338,Christian Oliva,URU,MF,FC Juárez,27-221,1996,5.6,4.82,4.83,1.79,2.32,0.18,0.36,0.18,0.00,0.89,0.89,0.18,0.54,0.00,0.00,0.18,0.00,https://fbref.com/en/players/d3b888e3/Christian-Oliva,d3b888e3,Liga MX
339,Luis Olivas,MEX,DF,Mazatlán,23-332,2000,9.5,1.26,1.26,0.84,0.11,0.00,0.11,0.11,0.11,0.00,0.00,0.00,0.00,0.00,0.00,0.00,0.00,https://fbref.com/en/players/d425d2a4/Luis-Olivas,d425d2a4,Liga MX
340,Agustín Oliveros,URU,DF,Necaxa,25-144,1998,6.0,1.83,1.83,1.67,0.00,0.17,0.00,0.00,0.00,0.33,0.33,0.33,0.00,0.00,0.00,0.00,0.00,https://fbref.com/en/players/b425b366/Agustin-Oliveros,b425b366,Liga MX
341,Sebastián Olmedo,PAR,DF,Puebla,22-201,2001,14.0,0.43,0.43,0.36,0.00,0.07,0.00,0.00,0.00,0.00,0.00,0.00,0.00,0.00,0.00,0.00,0.00,https://fbref.com/en/players/1626f16e/Sebastian-Olmedo,1626f16e,Liga MX
342,Fernando Ordóñez,MEX,DF,UANL,22-220,2001,1.7,1.18,1.18,1.18,0.00,0.00,0.00,0.00,0.00,0.00,0.00,0.00,0.00,0.00,0.00,0.00,0.00,https://fbref.com/en/players/9c71adcd/Fernando-Ordonez,9c71adcd,Liga MX
343,Santiago Ormeño,PER,"FW,MF",FC Juárez,29-338,1994,1.9,1.05,1.03,1.05,0.00,0.00,0.00,0.00,0.00,0.00,0.00,0.00,0.00,0.00,0.00,0.00,0.00,https://fbref.com/en/players/80c755a4/Santiago-Ormeno,80c755a4,Liga MX
344,Efraín Orona,MEX,"DF,MF",Puebla,24-320,1999,1.2,1.67,1.73,1.67,0.00,0.00,0.00,0.00,0.00,0.00,0.00,0.00,0.00,0.00,0.00,0.00,0.00,https://fbref.com/en/players/1e92c75d/Efrain-Orona,1e92c75d,Liga MX
345,Jesús Orozco,MEX,DF,Guadalajara,21-323,2002,11.1,0.81,0.81,0.54,0.00,0.09,0.00,0.00,0.18,0.00,0.00,0.00,0.00,0.00,0.00,0.00,0.00,https://fbref.com/en/players/39af4ba6/Jesus-Orozco,39af4ba6,Liga MX
346,Carlos Orrantía,MEX,"DF,MF",Toluca,32-341,1991,2.9,1.72,1.71,1.38,0.34,0.00,0.00,0.00,0.00,0.00,0.00,0.00,0.00,0.00,0.00,0.00,0.00,https://fbref.com/en/players/50520f42/Carlos-Orrantia,50520f42,Liga MX
347,Haret Ortega,MEX,DF,FC Juárez,23-234,2000,3.0,1.00,1.00,1.00,0.00,0.00,0.00,0.00,0.00,0.00,0.00,0.00,0.00,0.00,0.00,0.00,0.00,https://fbref.com/en/players/76b24e70/Haret-Ortega,76b24e70,Liga MX
348,Kevin Ortega,MEX,"MF,FW",Monterrey,22-004,2002,0.2,10.0,12.00,10.0,0.00,0.00,0.00,0.00,0.00,0.00,0.00,0.00,0.00,0.00,0.00,0.00,0.00,https://fbref.com/en/players/2c155f33/Kevin-Ortega,2c155f33,Liga MX
349,Arturo Ortiz,MEX,DF,UNAM,31-136,1992,5.4,0.93,0.92,0.93,0.00,0.00,0.00,0.00,0.00,0.00,0.00,0.00,0.00,0.00,0.00,0.00,0.00,https://fbref.com/en/players/03026a5f/Arturo-Ortiz,03026a5f,Liga MX
350,Celso Ortiz,PAR,MF,Pachuca,34-347,1989,5.6,1.43,1.43,1.07,0.00,0.00,0.00,0.18,0.18,0.18,0.18,0.18,0.00,0.00,0.00,0.00,0.00,https://fbref.com/en/players/8ad33fc8/Celso-Ortiz,8ad33fc8,Liga MX
351,Celso Ortiz,PAR,MF,Monterrey,34-347,1989,2.1,0.00,0.00,0.00,0.00,0.00,0.00,0.00,0.00,0.00,0.00,0.00,0.00,0.00,0.00,0.00,0.00,https://fbref.com/en/players/8ad33fc8/Celso-Ortiz,8ad33fc8,Liga MX
352,Pablo Ortiz,MEX,DF,Querétaro,21-278,2002,2.4,0.83,0.83,0.42,0.42,0.00,0.00,0.00,0.00,0.42,0.41,0.42,0.00,0.00,0.00,0.00,0.00,https://fbref.com/en/players/84a0ee57/Pablo-Ortiz,84a0ee57,Liga MX
353,Mario Osuna,MEX,"MF,FW",FC Juárez,35-141,1988,3.1,1.61,1.63,1.61,0.00,0.00,0.00,0.00,0.00,0.00,0.00,0.00,0.00,0.00,0.00,0.00,0.00,https://fbref.com/en/players/4d2a9ead/Mario-Osuna,4d2a9ead,Liga MX
354,Fernando Ovelar,PAR,"MF,FW",Pachuca,20-002,2004,0.4,5.00,5.29,5.00,0.00,0.00,0.00,0.00,0.00,0.00,0.00,0.00,0.00,0.00,0.00,0.00,0.00,https://fbref.com/en/players/ca7b9c17/Fernando-Ovelar,ca7b9c17,Liga MX
355,Juan Pablo Vigón,MEX,MF,UANL,32-172,1991,8.4,2.38,2.38,1.79,0.00,0.12,0.24,0.12,0.12,0.00,0.00,0.00,0.00,0.00,0.00,0.00,0.00,https://fbref.com/en/players/dd6862d1/Juan-Pablo-Vigon,dd6862d1,Liga MX
356,Jonathan Padilla,MEX,"MF,FW",Guadalajara,18-020,2005,6.3,2.22,2.21,1.59,0.00,0.32,0.00,0.00,0.32,0.32,0.32,0.16,0.00,0.16,0.00,0.00,0.00,https://fbref.com/en/players/42a7fe16/Jonathan-Padilla,42a7fe16,Liga MX
357,Rodrigo Parra,MEX,DF,Tijuana,20-131,2003,0.3,3.33,3.21,3.33,0.00,0.00,0.00,0.00,0.00,0.00,0.00,0.00,0.00,0.00,0.00,0.00,0.00,https://fbref.com/en/players/e37f063e/Rodrigo-Parra,e37f063e,Liga MX
358,Ramón Pasquel,MEX,GK,FC Juárez,27-200,1996,0.7,0.00,0.00,0.00,0.00,0.00,0.00,0.00,0.00,0.00,0.00,0.00,0.00,0.00,0.00,0.00,0.00,https://fbref.com/en/players/6d12445b/Ramon-Pasquel,6d12445b,Liga MX
359,Paulino,ESP,MF,Pachuca,26-195,1997,1.4,2.86,2.79,2.14,0.71,0.00,0.00,0.00,0.00,0.00,0.00,0.00,0.00,0.00,0.00,0.00,0.00,https://fbref.com/en/players/f20fce1b/Paulino,f20fce1b,Liga MX
360,Pedro Pedraza,MEX,MF,Pachuca,23-253,2000,5.2,1.35,1.34,0.96,0.00,0.00,0.19,0.00,0.19,0.00,0.00,0.00,0.00,0.00,0.00,0.00,0.00,https://fbref.com/en/players/2a8713eb/Pedro-Pedraza,2a8713eb,Liga MX
361,Gonzalo Pelúa,URU,DF,FC Juárez,20-217,2003,4.5,0.89,0.88,0.89,0.00,0.00,0.00,0.00,0.00,0.22,0.22,0.22,0.00,0.00,0.00,0.00,0.00,https://fbref.com/en/players/f7b799c2/Gonzalo-Pelua,f7b799c2,Liga MX
362,Sebastián Pérez Bouquet,MEX,"MF,FW",FC Juárez,20-200,2003,4.6,3.48,3.51,2.61,0.00,0.43,0.43,0.00,0.00,0.87,0.88,0.65,0.00,0.00,0.22,0.00,0.00,https://fbref.com/en/players/fd44eb49/Sebastian-Perez-Bouquet,fd44eb49,Liga MX
363,Pavel Pérez,MEX,"FW,MF",Guadalajara,25-196,1998,2.1,2.86,2.92,0.95,1.43,0.00,0.00,0.00,0.48,0.48,0.49,0.48,0.00,0.00,0.00,0.00,0.00,https://fbref.com/en/players/21f7e809/Pavel-Perez,21f7e809,Liga MX
364,Jonathan Perlaza,ECU,DF,Querétaro,26-117,1997,3.1,1.61,1.61,0.97,0.32,0.00,0.00,0.00,0.32,0.00,0.00,0.00,0.00,0.00,0.00,0.00,0.00,https://fbref.com/en/players/0af95d4b/Jonathan-Perlaza,0af95d4b,Liga MX
365,Jesús Piñuelas,MEX,DF,Toluca,25-287,1998,1.7,0.59,0.59,0.00,0.00,0.00,0.59,0.00,0.00,0.00,0.00,0.00,0.00,0.00,0.00,0.00,0.00,https://fbref.com/en/players/326c023a/Jesus-Pinuelas,326c023a,Liga MX
366,Guido Pizarro,ARG,DF,UANL,33-316,1990,14.6,1.23,1.23,0.96,0.07,0.00,0.14,0.00,0.07,0.07,0.07,0.07,0.00,0.00,0.00,0.00,0.00,https://fbref.com/en/players/faec2ec4/Guido-Pizarro,faec2ec4,Liga MX
367,Eugenio Pizzuto,MEX,MF,UANL,21-240,2002,0.3,0.00,0.00,0.00,0.00,0.00,0.00,0.00,0.00,0.00,0.00,0.00,0.00,0.00,0.00,0.00,0.00,https://fbref.com/en/players/c416e1b2/Eugenio-Pizzuto,c416e1b2,Liga MX
368,Vicente Poggi,URU,MF,Necaxa,21-181,2002,5.8,2.24,2.24,1.72,0.00,0.34,0.00,0.00,0.17,0.17,0.17,0.17,0.00,0.00,0.00,0.00,0.00,https://fbref.com/en/players/5ce77553/Vicente-Poggi,5ce77553,Liga MX
369,Osvaldo Rodríguez del Portal,MEX,DF,León,27-120,1996,11.5,1.91,1.91,1.04,0.52,0.00,0.09,0.17,0.09,0.17,0.17,0.09,0.09,0.00,0.00,0.00,0.00,https://fbref.com/en/players/db9f5c17/Osvaldo-Rodriguez-del-Portal,db9f5c17,Liga MX
370,Harold Preciado,COL,FW,Santos,29-221,1994,15.7,3.06,3.06,2.23,0.00,0.19,0.25,0.38,0.00,0.45,0.45,0.13,0.00,0.00,0.06,0.25,0.00,https://fbref.com/en/players/5300af73/Harold-Preciado,5300af73,Liga MX
371,Leonel Prieto,MEX,MF,UANL,22-147,2001,0.2,0.00,0.00,0.00,0.00,0.00,0.00,0.00,0.00,0.00,0.00,0.00,0.00,0.00,0.00,0.00,0.00,https://fbref.com/en/players/89d13d69/Leonel-Prieto,89d13d69,Liga MX
372,Ronaldo Prieto,MEX,DF,Santos,26-311,1997,4.9,1.43,1.44,1.02,0.20,0.00,0.00,0.00,0.20,0.41,0.41,0.41,0.00,0.00,0.00,0.00,0.00,https://fbref.com/en/players/21849bf3/Ronaldo-Prieto,21849bf3,Liga MX
373,Julián Quiñones,COL,"FW,MF",América,26-290,1997,11.8,3.64,3.63,2.88,0.08,0.08,0.51,0.08,0.00,0.68,0.68,0.42,0.00,0.00,0.25,0.00,0.00,https://fbref.com/en/players/5535c728/Julian-Quinones,5535c728,Liga MX
374,José Rangel Aguilar,MEX,GK,Guadalajara,23-317,2000,1.2,0.00,0.00,0.00,0.00,0.00,0.00,0.00,0.00,0.00,0.00,0.00,0.00,0.00,0.00,0.00,0.00,https://fbref.com/en/players/15f733fb/Jose-Rangel-Aguilar,15f733fb,Liga MX
375,Pedro Raul,BRA,"FW,MF",Toluca,27-064,1996,5.9,3.22,3.21,2.54,0.00,0.34,0.17,0.17,0.00,0.17,0.17,0.17,0.00,0.00,0.00,0.00,0.00,https://fbref.com/en/players/ed074559/Pedro-Raul,ed074559,Liga MX
376,Ricardo Rentería,MEX,FW,Monterrey,21-198,2002,0.1,0.00,0.00,0.00,0.00,0.00,0.00,0.00,0.00,0.00,0.00,0.00,0.00,0.00,0.00,0.00,0.00,https://fbref.com/en/players/5dacf803/Ricardo-Renteria,5dacf803,Liga MX
377,Salvador Reyes Chávez,MEX,DF,América,25-249,1998,5.9,0.51,0.51,0.34,0.00,0.17,0.00,0.00,0.00,0.00,0.00,0.00,0.00,0.00,0.00,0.00,0.00,https://fbref.com/en/players/83d525a4/Salvador-Reyes-Chavez,83d525a4,Liga MX
378,Diego Reyes,MEX,DF,UANL,31-111,1992,9.5,0.63,0.63,0.63,0.00,0.00,0.00,0.00,0.00,0.11,0.10,0.11,0.00,0.00,0.00,0.00,0.00,https://fbref.com/en/players/d4f46475/Diego-Reyes,d4f46475,Liga MX
379,Israel Reyes,MEX,DF,América,23-230,2000,5.0,0.40,0.40,0.40,0.00,0.00,0.00,0.00,0.00,0.20,0.20,0.20,0.00,0.00,0.00,0.00,0.00,https://fbref.com/en/players/0db8bbc4/Israel-Reyes,0db8bbc4,Liga MX
380,Luis Ricardo Reyes,MEX,DF,Atlas,32-280,1991,15.8,3.10,3.14,1.84,1.01,0.06,0.00,0.06,0.13,0.32,0.32,0.19,0.06,0.00,0.00,0.00,0.06,https://fbref.com/en/players/ad3382e6/Luis-Ricardo-Reyes,ad3382e6,Liga MX
381,Jesús Rivas,MEX,DF,UNAM,21-071,2002,3.9,2.56,2.59,1.79,0.51,0.00,0.00,0.26,0.00,0.00,0.00,0.00,0.00,0.00,0.00,0.00,0.00,https://fbref.com/en/players/88a5e694/Jesus-Rivas,88a5e694,Liga MX
382,Ulises Rivas,MEX,MF,UNAM,27-348,1996,12.6,1.11,1.11,1.11,0.00,0.00,0.00,0.00,0.00,0.08,0.08,0.08,0.00,0.00,0.00,0.00,0.00,https://fbref.com/en/players/4624df7c/Ulises-Rivas,4624df7c,Liga MX
383,Christian Rivera,COL,MF,Tijuana,27-359,1996,15.3,2.16,2.15,1.57,0.07,0.13,0.07,0.07,0.26,0.20,0.20,0.20,0.00,0.00,0.00,0.00,0.00,https://fbref.com/en/players/7c094b1a/Christian-Rivera,7c094b1a,Liga MX
384,Ignacio Rivero,URU,"DF,MF",Cruz Azul,31-273,1992,13.6,4.41,4.40,2.94,0.81,0.22,0.15,0.29,0.00,0.22,0.22,0.22,0.00,0.00,0.00,0.00,0.00,https://fbref.com/en/players/03fdc7b4/Ignacio-Rivero,03fdc7b4,Liga MX
385,Ángel Robles,MEX,"FW,MF",Puebla,22-051,2001,3.2,2.81,2.84,1.56,0.00,0.94,0.00,0.31,0.00,0.31,0.32,0.31,0.00,0.00,0.00,0.00,0.00,https://fbref.com/en/players/685b396a/Angel-Robles,685b396a,Liga MX
386,Carlos Robles,MEX,DF,Atlas,23-181,2000,4.3,1.86,1.86,1.86,0.00,0.00,0.00,0.00,0.00,0.23,0.23,0.23,0.00,0.00,0.00,0.00,0.00,https://fbref.com/en/players/b5dfc1d6/Carlos-Robles,b5dfc1d6,Liga MX
387,Aldo Rocha,MEX,MF,Atlas,31-063,1992,12.2,1.48,1.48,1.23,0.08,0.00,0.00,0.16,0.00,0.00,0.00,0.00,0.00,0.00,0.00,0.00,0.00,https://fbref.com/en/players/2b757c6a/Aldo-Rocha,2b757c6a,Liga MX
388,Brian Rodríguez,URU,FW,América,23-233,2000,10.0,4.40,4.41,3.00,0.10,0.80,0.40,0.00,0.10,0.80,0.80,0.40,0.00,0.20,0.20,0.00,0.00,https://fbref.com/en/players/c86041d7/Brian-Rodriguez,c86041d7,Liga MX
389,Charly Rodríguez,MEX,MF,Cruz Azul,27-005,1997,11.6,3.19,3.20,2.76,0.34,0.00,0.00,0.09,0.00,0.17,0.17,0.17,0.00,0.00,0.00,0.00,0.00,https://fbref.com/en/players/f0acf582/Charly-Rodriguez,f0acf582,Liga MX
390,Emerson Rodríguez,COL,"FW,MF",Santos,23-136,2000,13.6,3.31,3.32,2.65,0.00,0.29,0.07,0.22,0.07,0.22,0.22,0.15,0.00,0.07,0.00,0.00,0.00,https://fbref.com/en/players/09e5ae16/Emerson-Rodriguez,09e5ae16,Liga MX
391,Jesús Rodríguez,MEX,GK,Puebla,30-232,1993,17.0,0.24,0.24,0.00,0.24,0.00,0.00,0.00,0.00,0.00,0.00,0.00,0.00,0.00,0.00,0.00,0.00,https://fbref.com/en/players/ce147009/Jesus-Rodriguez,ce147009,Liga MX
392,Jonathan Rodríguez,URU,"FW,MF",América,30-186,1993,6.7,2.84,2.85,2.09,0.00,0.45,0.15,0.15,0.00,0.30,0.30,0.15,0.00,0.00,0.15,0.00,0.00,https://fbref.com/en/players/86ca9bca/Jonathan-Rodriguez,86ca9bca,Liga MX
393,Jorge Rodríguez,MEX,DF,Necaxa,22-127,2001,9.5,1.79,1.80,0.95,0.53,0.00,0.21,0.00,0.11,0.11,0.11,0.00,0.11,0.00,0.00,0.00,0.00,https://fbref.com/en/players/c3090d78/Jorge-Rodriguez,c3090d78,Liga MX
394,Lucas Rodríguez,ARG,"MF,FW",Tijuana,26-256,1997,11.8,2.80,2.80,1.95,0.17,0.17,0.17,0.25,0.08,0.42,0.42,0.34,0.00,0.00,0.00,0.08,0.00,https://fbref.com/en/players/815f4240/Lucas-Rodriguez,815f4240,Liga MX
395,Miguel Rodríguez,MEX,DF,Pachuca,20-262,2003,16.7,2.87,2.87,1.98,0.54,0.12,0.06,0.12,0.06,0.06,0.06,0.06,0.00,0.00,0.00,0.00,0.00,https://fbref.com/en/players/a2ad14ce/Miguel-Rodriguez,a2ad14ce,Liga MX
396,Braian Romero,ARG,"FW,MF",Tijuana,32-207,1991,0.6,0.00,0.00,0.00,0.00,0.00,0.00,0.00,0.00,0.00,0.00,0.00,0.00,0.00,0.00,0.00,0.00,https://fbref.com/en/players/c5cc3130/Braian-Romero,c5cc3130,Liga MX
397,Lucas Romero,ARG,MF,León,29-265,1994,10.8,3.33,3.32,2.96,0.09,0.19,0.09,0.00,0.00,0.09,0.09,0.09,0.00,0.00,0.00,0.00,0.00,https://fbref.com/en/players/d89e48b8/Lucas-Romero,d89e48b8,Liga MX
398,Luis Romo,MEX,MF,Monterrey,28-217,1995,12.8,3.28,3.27,2.97,0.00,0.16,0.08,0.08,0.00,0.31,0.31,0.31,0.00,0.00,0.00,0.00,0.00,https://fbref.com/en/players/e590bb10/Luis-Romo,e590bb10,Liga MX
399,Carlos Rotondi,ARG,"DF,MF",Cruz Azul,26-302,1997,13.5,1.93,1.93,1.33,0.37,0.07,0.00,0.07,0.07,0.07,0.07,0.07,0.00,0.00,0.00,0.00,0.00,https://fbref.com/en/players/046eb30b/Carlos-Rotondi,046eb30b,Liga MX
400,Fernando Rubén González,MEX,MF,Guadalajara,29-346,1994,12.1,1.90,1.90,1.40,0.00,0.00,0.00,0.33,0.17,0.25,0.25,0.17,0.00,0.00,0.00,0.00,0.08,https://fbref.com/en/players/807e33f0/Fernando-Ruben-Gonzalez,807e33f0,Liga MX
401,Brian Rubio,MEX,FW,León,27-060,1996,4.9,3.27,3.24,2.04,0.00,0.41,0.61,0.20,0.00,0.41,0.40,0.20,0.00,0.20,0.00,0.00,0.00,https://fbref.com/en/players/1241ff67/Brian-Rubio,1241ff67,Liga MX
402,Raymundo Rubio,MEX,"DF,FW",Cruz Azul,22-329,2001,0.1,0.00,0.00,0.00,0.00,0.00,0.00,0.00,0.00,0.00,0.00,0.00,0.00,0.00,0.00,0.00,0.00,https://fbref.com/en/players/78f41ea7/Raymundo-Rubio,78f41ea7,Liga MX
403,Marcel Ruiz,MEX,MF,Toluca,23-074,2000,13.2,2.35,2.34,1.97,0.08,0.08,0.15,0.08,0.00,0.38,0.38,0.38,0.00,0.00,0.00,0.00,0.00,https://fbref.com/en/players/e8b5ca4b/Marcel-Ruiz,e8b5ca4b,Liga MX
404,Jorge Ruvalcaba,MEX,"MF,FW",UNAM,22-169,2001,0.7,8.57,8.57,4.29,0.00,2.86,0.00,1.43,0.00,2.86,2.86,1.43,0.00,1.43,0.00,0.00,0.00,https://fbref.com/en/players/3c0efe33/Jorge-Ruvalcaba,3c0efe33,Liga MX
405,Javier Salas,MEX,MF,FC Juárez,30-141,1993,12.5,1.20,1.20,1.04,0.08,0.00,0.00,0.00,0.08,0.00,0.00,0.00,0.00,0.00,0.00,0.00,0.00,https://fbref.com/en/players/d19ff8ab/Javier-Salas,d19ff8ab,Liga MX
406,Patricio Salas,MEX,"FW,MF",América,19-325,2004,0.3,6.67,5.81,3.33,0.00,0.00,3.33,0.00,0.00,0.00,0.00,0.00,0.00,0.00,0.00,0.00,0.00,https://fbref.com/en/players/039b6e20/Patricio-Salas,039b6e20,Liga MX
407,Carlos Salcedo,MEX,DF,Cruz Azul,30-101,1993,13.3,0.75,0.75,0.75,0.00,0.00,0.00,0.00,0.00,0.08,0.08,0.08,0.00,0.00,0.00,0.00,0.00,https://fbref.com/en/players/64c07ae1/Carlos-Salcedo,64c07ae1,Liga MX
408,Sebastien Salles-Lamonge,FRA,"FW,MF",Atlético,27-345,1996,2.9,3.79,3.82,2.76,0.34,0.00,0.34,0.34,0.00,0.34,0.35,0.34,0.00,0.00,0.00,0.00,0.00,https://fbref.com/en/players/afc16a32/Sebastien-Salles-Lamonge,afc16a32,Liga MX
409,Eduardo Salvio,ARG,"FW,MF",UNAM,33-179,1990,15.0,5.40,5.41,2.80,1.33,0.73,0.20,0.27,0.07,0.47,0.47,0.27,0.07,0.00,0.07,0.07,0.00,https://fbref.com/en/players/5f424f35/Eduardo-Salvio,5f424f35,Liga MX
410,Braian Samudio,PAR,"MF,FW",Necaxa,28-016,1995,3.8,3.68,3.65,3.16,0.00,0.00,0.53,0.00,0.00,0.26,0.26,0.26,0.00,0.00,0.00,0.00,0.00,https://fbref.com/en/players/8da9409e/Braian-Samudio,8da9409e,Liga MX
411,Juan Sanabria,URU,DF,Atlético,23-285,2000,15.5,3.68,3.68,2.39,1.16,0.06,0.00,0.00,0.06,0.45,0.45,0.32,0.13,0.00,0.00,0.00,0.00,https://fbref.com/en/players/f1d74479/Juan-Sanabria,f1d74479,Liga MX
412,Andrés Sánchez,MEX,GK,Atlético,26-097,1997,9.0,0.22,0.22,0.22,0.00,0.00,0.00,0.00,0.00,0.00,0.00,0.00,0.00,0.00,0.00,0.00,0.00,https://fbref.com/en/players/2d43706b/Andres-Sanchez,2d43706b,Liga MX
413,Erick Sánchez,MEX,"MF,FW",Pachuca,24-103,1999,12.8,5.00,5.00,3.20,0.63,0.31,0.23,0.63,0.00,0.55,0.55,0.31,0.00,0.23,0.00,0.00,0.00,https://fbref.com/en/players/67d34a1b/Erick-Sanchez,67d34a1b,Liga MX
414,Jesús Sánchez García,MEX,DF,Guadalajara,34-130,1989,2.6,1.15,1.14,1.15,0.00,0.00,0.00,0.00,0.00,0.00,0.00,0.00,0.00,0.00,0.00,0.00,0.00,https://fbref.com/en/players/a331f530/Jesus-Sanchez-Garcia,a331f530,Liga MX
415,Borja Sánchez Laborde,ESP,"MF,DF",León,27-316,1996,3.9,4.36,4.32,4.10,0.00,0.00,0.00,0.26,0.00,0.51,0.51,0.51,0.00,0.00,0.00,0.00,0.00,https://fbref.com/en/players/01cab116/Borja-Sanchez-Laborde,01cab116,Liga MX
416,Luis Sánchez,MEX,DF,Pachuca,23-250,2000,0.7,0.00,0.00,0.00,0.00,0.00,0.00,0.00,0.00,0.00,0.00,0.00,0.00,0.00,0.00,0.00,0.00,https://fbref.com/en/players/5cf71053/Luis-Sanchez,5cf71053,Liga MX
417,Richard Sánchez,PAR,MF,América,27-285,1996,9.2,4.89,4.90,4.02,0.54,0.11,0.00,0.22,0.00,0.65,0.65,0.43,0.11,0.00,0.00,0.11,0.00,https://fbref.com/en/players/2bc8597b/Richard-Sanchez,2bc8597b,Liga MX
418,Raúl Sandoval,MEX,"DF,MF",Querétaro,23-355,2000,12.0,2.33,2.33,1.42,0.50,0.25,0.08,0.08,0.00,0.00,0.00,0.00,0.00,0.00,0.00,0.00,0.00,https://fbref.com/en/players/d88d0a41/Raul-Sandoval,d88d0a41,Liga MX
419,Miguel Sansores,MEX,"FW,MF",Puebla,32-255,1991,3.5,2.00,2.00,2.00,0.00,0.00,0.00,0.00,0.00,0.57,0.57,0.57,0.00,0.00,0.00,0.00,0.00,https://fbref.com/en/players/67f2c5a5/Miguel-Sansores,67f2c5a5,Liga MX
420,Miguel Sansores,MEX,"FW,MF",Mazatlán,32-255,1991,0.8,0.00,0.00,0.00,0.00,0.00,0.00,0.00,0.00,0.00,0.00,0.00,0.00,0.00,0.00,0.00,0.00,https://fbref.com/en/players/67f2c5a5/Miguel-Sansores,67f2c5a5,Liga MX
421,Anderson Santamaría,PER,DF,Atlas,31-363,1992,8.0,0.50,0.50,0.50,0.00,0.00,0.00,0.00,0.00,0.13,0.12,0.13,0.00,0.00,0.00,0.00,0.00,https://fbref.com/en/players/7b0c89ae/Anderson-Santamaria,7b0c89ae,Liga MX
422,Michael Santos,URU,FW,FC Juárez,30-301,1993,5.3,2.26,2.29,1.13,0.00,0.00,0.57,0.57,0.00,0.00,0.00,0.00,0.00,0.00,0.00,0.00,0.00,https://fbref.com/en/players/3cb6f224/Michael-Santos,3cb6f224,Liga MX
423,Samir Santos,BRA,DF,UANL,29-034,1994,11.6,0.43,0.43,0.43,0.00,0.00,0.00,0.00,0.00,0.00,0.00,0.00,0.00,0.00,0.00,0.00,0.00,https://fbref.com/en/players/92b4758e/Samir-Santos,92b4758e,Liga MX
424,Sebastian Santos,MEX,"FW,MF",León,20-352,2003,1.4,2.14,2.16,1.43,0.00,0.00,0.00,0.71,0.00,0.71,0.72,0.71,0.00,0.00,0.00,0.00,0.00,https://fbref.com/en/players/0e3ee284/Sebastian-Santos,0e3ee284,Liga MX
425,Camilo Sanvezzo,BRA,"FW,MF",Querétaro,35-171,1988,6.6,2.88,2.87,1.97,0.00,0.15,0.30,0.45,0.00,0.15,0.15,0.00,0.00,0.00,0.00,0.15,0.00,https://fbref.com/en/players/ca1fedb4/Camilo-Sanvezzo,ca1fedb4,Liga MX
426,Sebastián Saucedo,USA,"FW,MF",FC Juárez,26-351,1997,7.3,3.29,3.19,1.10,0.96,0.41,0.55,0.27,0.00,0.00,0.00,0.00,0.00,0.00,0.00,0.00,0.00,https://fbref.com/en/players/07aed9c9/Sebastian-Saucedo,07aed9c9,Liga MX
427,Francisco Sebastián Córdova,MEX,"MF,FW",UANL,26-210,1997,8.7,2.87,2.87,1.72,0.11,0.46,0.11,0.34,0.11,0.57,0.57,0.46,0.00,0.00,0.00,0.11,0.00,https://fbref.com/en/players/6f760f44/Francisco-Sebastian-Cordova,6f760f44,Liga MX
428,Ángel Sepúlveda,MEX,FW,Cruz Azul,32-327,1991,7.2,2.36,2.38,1.81,0.00,0.14,0.28,0.14,0.00,0.28,0.28,0.14,0.00,0.14,0.00,0.00,0.00,https://fbref.com/en/players/cec676c5/Angel-Sepulveda,cec676c5,Liga MX
429,Ángel Sepúlveda,MEX,FW,Querétaro,32-327,1991,3.6,2.50,2.52,2.22,0.00,0.00,0.00,0.28,0.00,0.00,0.00,0.00,0.00,0.00,0.00,0.00,0.00,https://fbref.com/en/players/cec676c5/Angel-Sepulveda,cec676c5,Liga MX
430,Gilberto Sepúlveda,MEX,DF,Guadalajara,24-338,1999,14.4,0.49,0.49,0.35,0.00,0.00,0.07,0.00,0.07,0.00,0.00,0.00,0.00,0.00,0.00,0.00,0.00,https://fbref.com/en/players/06834adf/Gilberto-Sepulveda,06834adf,Liga MX
431,Jordan Sierra,ECU,"MF,FW",Querétaro,26-260,1997,9.0,2.56,2.57,1.44,0.44,0.11,0.22,0.22,0.11,0.22,0.22,0.00,0.11,0.00,0.00,0.11,0.00,https://fbref.com/en/players/6ea0fa68/Jordan-Sierra,6ea0fa68,Liga MX
432,Gastón Silva,URU,DF,Puebla,29-309,1994,17.0,0.76,0.76,0.71,0.00,0.06,0.00,0.00,0.00,0.00,0.00,0.00,0.00,0.00,0.00,0.00,0.00,https://fbref.com/en/players/47d493c3/Gaston-Silva,47d493c3,Liga MX
433,Jordan Silva,MEX,"DF,FW",Atlético,29-162,1994,1.7,4.71,4.77,3.53,0.00,0.00,1.18,0.00,0.00,0.00,0.00,0.00,0.00,0.00,0.00,0.00,0.00,https://fbref.com/en/players/9a158620/Jordan-Silva,9a158620,Liga MX
434,Nathan Silva,BRA,DF,UNAM,26-247,1997,15.6,1.22,1.22,1.03,0.00,0.00,0.19,0.00,0.00,0.06,0.06,0.06,0.00,0.00,0.00,0.00,0.00,https://fbref.com/en/players/369d907c/Nathan-Silva,369d907c,Liga MX
435,Maximiliano Silvera,URU,FW,Necaxa,26-125,1997,1.2,2.50,2.41,0.00,0.00,0.00,0.83,0.00,1.67,0.00,0.00,0.00,0.00,0.00,0.00,0.00,0.00,https://fbref.com/en/players/e3b9cc57/Maximiliano-Silvera,e3b9cc57,Liga MX
436,Augusto Solari,ARG,"FW,MF",Atlas,32-005,1992,7.9,0.89,0.89,0.76,0.00,0.00,0.00,0.13,0.00,0.13,0.13,0.13,0.00,0.00,0.00,0.00,0.00,https://fbref.com/en/players/3ca6106c/Augusto-Solari,3ca6106c,Liga MX
437,César Sosa,MEX,MF,FC Juárez,19-260,2004,1.2,0.83,0.87,0.83,0.00,0.00,0.00,0.00,0.00,0.00,0.00,0.00,0.00,0.00,0.00,0.00,0.00,https://fbref.com/en/players/2d5bdc4f/Cesar-Sosa,2d5bdc4f,Liga MX
438,Isidro Suárez,MEX,FW,Monterrey,20-172,2003,0.2,0.00,0.00,0.00,0.00,0.00,0.00,0.00,0.00,0.00,0.00,0.00,0.00,0.00,0.00,0.00,0.00,https://fbref.com/en/players/8766b62b/Isidro-Suarez,8766b62b,Liga MX
439,Leonardo Suárez,ARG,"FW,MF",América,27-284,1996,7.2,5.69,5.73,3.61,1.11,0.14,0.28,0.56,0.00,0.83,0.84,0.56,0.14,0.00,0.14,0.00,0.00,https://fbref.com/en/players/25c72b36/Leonardo-Suarez,25c72b36,Liga MX
440,Christian Tabó,URU,"FW,MF",Cruz Azul,30-046,1993,2.4,4.17,4.21,2.50,0.00,0.00,0.83,0.42,0.42,0.00,0.00,0.00,0.00,0.00,0.00,0.00,0.00,https://fbref.com/en/players/d5c24d20/Christian-Tabo,d5c24d20,Liga MX
441,Christian Tabó,URU,"MF,FW",UNAM,30-046,1993,2.8,2.50,2.53,1.43,0.71,0.36,0.00,0.00,0.00,0.00,0.00,0.00,0.00,0.00,0.00,0.00,0.00,https://fbref.com/en/players/d5c24d20/Christian-Tabo,d5c24d20,Liga MX
442,Alfredo Talavera,MEX,GK,FC Juárez,41-112,1982,16.3,0.18,0.18,0.12,0.06,0.00,0.00,0.00,0.00,0.00,0.00,0.00,0.00,0.00,0.00,0.00,0.00,https://fbref.com/en/players/5c7fc905/Alfredo-Talavera,5c7fc905,Liga MX
443,Fernando Tapia Méndez,MEX,GK,Querétaro,22-205,2001,5.0,1.00,1.00,0.80,0.00,0.20,0.00,0.00,0.00,0.00,0.00,0.00,0.00,0.00,0.00,0.00,0.00,https://fbref.com/en/players/fd1f7417/Fernando-Tapia-Mendez,fd1f7417,Liga MX
444,David Terans,URU,"MF,FW",Pachuca,29-150,1994,6.1,5.25,5.21,3.11,0.82,0.82,0.49,0.00,0.00,0.00,0.00,0.00,0.00,0.00,0.00,0.00,0.00,https://fbref.com/en/players/d3d89d8d/David-Terans,d3d89d8d,Liga MX
445,William Tesillo,COL,DF,León,33-340,1990,10.8,1.76,1.77,1.48,0.00,0.09,0.19,0.00,0.00,0.00,0.00,0.00,0.00,0.00,0.00,0.00,0.00,https://fbref.com/en/players/6c4f744d/William-Tesillo,6c4f744d,Liga MX
446,Sait Tlaxcalteco,MEX,"MF,FW",Toluca,21-000,2003,0.2,5.00,5.63,0.00,0.00,0.00,0.00,0.00,5.00,0.00,0.00,0.00,0.00,0.00,0.00,0.00,0.00,https://fbref.com/en/players/763e036d/Sait-Tlaxcalteco,763e036d,Liga MX
447,Iván Tona,MEX,MF,Tijuana,23-282,2000,2.5,2.80,2.84,2.00,0.40,0.00,0.40,0.00,0.00,0.00,0.00,0.00,0.00,0.00,0.00,0.00,0.00,https://fbref.com/en/players/4fc516ca/Ivan-Tona,4fc516ca,Liga MX
448,Alan Torres,MEX,MF,Guadalajara,23-323,2000,1.8,2.78,2.81,2.78,0.00,0.00,0.00,0.00,0.00,0.56,0.56,0.56,0.00,0.00,0.00,0.00,0.00,https://fbref.com/en/players/94aa9ad6/Alan-Torres,94aa9ad6,Liga MX
449,Félix Torres Caicedo,ECU,DF,Santos,26-362,1997,15.1,0.66,0.66,0.66,0.00,0.00,0.00,0.00,0.00,0.07,0.07,0.07,0.00,0.00,0.00,0.00,0.00,https://fbref.com/en/players/c0a8860f/Felix-Torres-Caicedo,c0a8860f,Liga MX
450,Jonathan Torres,ARG,MF,Querétaro,27-010,1996,0.1,10.0,15.00,10.0,0.00,0.00,0.00,0.00,0.00,0.00,0.00,0.00,0.00,0.00,0.00,0.00,0.00,https://fbref.com/en/players/fd1604fa/Jonathan-Torres,fd1604fa,Liga MX
451,Christopher Trejo,MEX,"FW,MF",Atlas,24-037,1999,2.5,4.80,4.86,2.80,0.40,0.80,0.00,0.40,0.40,0.00,0.00,0.00,0.00,0.00,0.00,0.00,0.00,https://fbref.com/en/players/4154fa15/Christopher-Trejo,4154fa15,Liga MX
452,Santiago Trigos,MEX,MF,UNAM,21-351,2002,4.4,2.50,2.53,2.50,0.00,0.00,0.00,0.00,0.00,0.23,0.23,0.23,0.00,0.00,0.00,0.00,0.00,https://fbref.com/en/players/f9dc54eb/Santiago-Trigos,f9dc54eb,Liga MX
453,Ezequiel Unsain,ARG,GK,Necaxa,28-305,1995,7.5,0.13,0.13,0.13,0.00,0.00,0.00,0.00,0.00,0.00,0.00,0.00,0.00,0.00,0.00,0.00,0.00,https://fbref.com/en/players/036f15cf/Ezequiel-Unsain,036f15cf,Liga MX
454,Héctor Uribe,MEX,"MF,DF",León,19-218,2004,1.5,2.00,2.00,0.67,0.00,0.00,0.67,0.67,0.00,0.00,0.00,0.00,0.00,0.00,0.00,0.00,0.00,https://fbref.com/en/players/20f21b81/Hector-Uribe,20f21b81,Liga MX
455,Diego Urtiaga,MEX,GK,Atlético,25-091,1998,8.0,0.38,0.37,0.25,0.13,0.00,0.00,0.00,0.00,0.00,0.00,0.00,0.00,0.00,0.00,0.00,0.00,https://fbref.com/en/players/c3a5d691/Diego-Urtiaga,c3a5d691,Liga MX
456,Agustín Urzi,ARG,"MF,FW",FC Juárez,23-249,2000,3.8,3.95,3.94,3.16,0.53,0.00,0.00,0.26,0.00,0.26,0.26,0.26,0.00,0.00,0.00,0.00,0.00,https://fbref.com/en/players/bd7e2715/Agustin-Urzi,bd7e2715,Liga MX
457,Óscar Ustari,ARG,GK,Pachuca,37-189,1986,3.0,0.67,0.67,0.67,0.00,0.00,0.00,0.00,0.00,0.00,0.00,0.00,0.00,0.00,0.00,0.00,0.00,https://fbref.com/en/players/40e417fa/Oscar-Ustari,40e417fa,Liga MX
458,Diego Valdés,CHI,"MF,FW",América,29-343,1994,8.8,4.77,4.77,3.75,0.00,0.57,0.23,0.23,0.00,0.68,0.68,0.45,0.00,0.11,0.00,0.11,0.00,https://fbref.com/en/players/e3cae82a/Diego-Valdes,e3cae82a,Liga MX
459,Diego Valoyes,COL,MF,FC Juárez,27-108,1996,2.4,5.83,5.75,2.08,0.00,1.25,0.42,2.08,0.00,1.67,1.64,0.83,0.00,0.42,0.00,0.42,0.00,https://fbref.com/en/players/79e75919/Diego-Valoyes,79e75919,Liga MX
460,Camilo Vargas,COL,GK,Atlas,34-305,1989,17.0,0.35,0.35,0.24,0.12,0.00,0.00,0.00,0.00,0.00,0.00,0.00,0.00,0.00,0.00,0.00,0.00,https://fbref.com/en/players/004e3d0f/Camilo-Vargas,004e3d0f,Liga MX
461,Daniel Vázquez,MEX,FW,Tijuana,20-218,2003,0.8,3.75,3.91,1.25,0.00,0.00,1.25,0.00,1.25,1.25,1.30,0.00,0.00,0.00,1.25,0.00,0.00,https://fbref.com/en/players/28d13d85/Daniel-Vazquez,28d13d85,Liga MX
462,Alexis Vega,MEX,FW,Guadalajara,26-044,1997,4.3,3.95,3.98,1.86,1.40,0.23,0.23,0.23,0.00,0.00,0.00,0.00,0.00,0.00,0.00,0.00,0.00,https://fbref.com/en/players/f40f4c38/Alexis-Vega,f40f4c38,Liga MX
463,Jesús Vega,MEX,DF,Tijuana,23-296,2000,4.2,1.67,1.68,0.95,0.48,0.00,0.00,0.00,0.24,0.24,0.24,0.24,0.00,0.00,0.00,0.00,0.00,https://fbref.com/en/players/aa4c385e/Jesus-Vega,aa4c385e,Liga MX
464,Sebastián Vegas,CHI,DF,Monterrey,27-035,1996,13.2,1.36,1.36,1.14,0.00,0.00,0.23,0.00,0.00,0.08,0.08,0.08,0.00,0.00,0.00,0.00,0.00,https://fbref.com/en/players/4ef92b90/Sebastian-Vegas,4ef92b90,Liga MX
465,Kevin Velasco,COL,MF,Puebla,26-253,1997,13.1,4.20,4.19,3.28,0.31,0.46,0.00,0.15,0.00,0.38,0.38,0.31,0.00,0.08,0.00,0.00,0.00,https://fbref.com/en/players/77991675/Kevin-Velasco,77991675,Liga MX
466,Jesús Venegas,MEX,MF,Toluca,28-284,1995,6.7,0.30,0.30,0.30,0.00,0.00,0.00,0.00,0.00,0.30,0.30,0.30,0.00,0.00,0.00,0.00,0.00,https://fbref.com/en/players/2eefb7b4/Jesus-Venegas,2eefb7b4,Liga MX
467,Duván Vergara,COL,"FW,MF",Santos,27-121,1996,11.0,3.27,3.26,2.36,0.00,0.36,0.45,0.09,0.00,0.36,0.36,0.36,0.00,0.00,0.00,0.00,0.00,https://fbref.com/en/players/7faaf973/Duvan-Vergara,7faaf973,Liga MX
468,Néstor Vidrio,MEX,DF,Mazatlán,34-292,1989,3.2,0.94,0.93,0.94,0.00,0.00,0.00,0.00,0.00,0.00,0.00,0.00,0.00,0.00,0.00,0.00,0.00,https://fbref.com/en/players/339ea835/Nestor-Vidrio,339ea835,Liga MX
469,Oscar Villa,MEX,DF,León,22-318,2001,0.4,2.50,2.25,2.50,0.00,0.00,0.00,0.00,0.00,0.00,0.00,0.00,0.00,0.00,0.00,0.00,0.00,https://fbref.com/en/players/dbbf140d/Oscar-Villa,dbbf140d,Liga MX
470,Dieter Villalpando,MEX,"MF,FW",Atlético,32-157,1991,15.7,5.03,5.01,3.12,1.02,0.38,0.13,0.32,0.06,0.57,0.57,0.38,0.19,0.00,0.00,0.00,0.00,https://fbref.com/en/players/21f4ce6f/Dieter-Villalpando,21f4ce6f,Liga MX
471,Abraham Villegas,,DF,Toluca,21-022,2002,2.8,1.43,1.44,1.43,0.00,0.00,0.00,0.00,0.00,0.00,0.00,0.00,0.00,0.00,0.00,0.00,0.00,https://fbref.com/en/players/0a8ac159/Abraham-Villegas,0a8ac159,Liga MX
472,Federico Viñas,URU,FW,León,25-192,1998,8.8,3.18,3.18,1.93,0.00,0.34,0.68,0.23,0.00,0.45,0.45,0.23,0.00,0.00,0.11,0.11,0.00,https://fbref.com/en/players/d30c7094/Federico-Vinas,d30c7094,Liga MX
473,Isaías Violante,MEX,"MF,FW",Toluca,20-080,2003,1.1,0.00,0.00,0.00,0.00,0.00,0.00,0.00,0.00,0.00,0.00,0.00,0.00,0.00,0.00,0.00,0.00,https://fbref.com/en/players/bce71c9a/Isaias-Violante,bce71c9a,Liga MX
474,Vitinho,BRA,"FW,MF",Atlético,22-260,2001,9.5,3.89,3.91,2.74,0.11,0.21,0.42,0.42,0.00,0.21,0.21,0.21,0.00,0.00,0.00,0.00,0.00,https://fbref.com/en/players/c0781cf2/Vitinho,c0781cf2,Liga MX
475,Tiago Volpi,BRA,GK,Toluca,33-020,1990,17.0,0.12,0.12,0.06,0.06,0.00,0.00,0.00,0.00,0.06,0.06,0.00,0.06,0.00,0.00,0.00,0.00,https://fbref.com/en/players/fba79ac8/Tiago-Volpi,fba79ac8,Liga MX
476,Andrija Vukčević,MNE,DF,FC Juárez,27-089,1996,7.0,1.00,1.00,0.43,0.00,0.14,0.00,0.43,0.00,0.00,0.00,0.00,0.00,0.00,0.00,0.00,0.00,https://fbref.com/en/players/eb4fd509/Andrija-Vukcevic,eb4fd509,Liga MX
477,Facundo Waller,URU,MF,Puebla,26-274,1997,0.9,5.56,5.36,2.22,1.11,1.11,1.11,0.00,0.00,0.00,0.00,0.00,0.00,0.00,0.00,0.00,0.00,https://fbref.com/en/players/d3b58aaa/Facundo-Waller,d3b58aaa,Liga MX
478,Édgar Yoel Bárcenas,PAN,"FW,MF",Mazatlán,30-077,1993,8.9,2.92,2.94,2.13,0.11,0.22,0.22,0.11,0.11,0.34,0.34,0.22,0.00,0.00,0.00,0.00,0.11,https://fbref.com/en/players/b39849eb/Edgar-Yoel-Barcenas,b39849eb,Liga MX
479,Paolo Yrizar,MEX,MF,Querétaro,26-155,1997,0.2,5.00,4.50,5.00,0.00,0.00,0.00,0.00,0.00,0.00,0.00,0.00,0.00,0.00,0.00,0.00,0.00,https://fbref.com/en/players/856532c0/Paolo-Yrizar,856532c0,Liga MX
480,Diego Zago,MEX,MF,Puebla,21-259,2002,1.0,0.00,0.00,0.00,0.00,0.00,0.00,0.00,0.00,0.00,0.00,0.00,0.00,0.00,0.00,0.00,0.00,https://fbref.com/en/players/50c6ae47/Diego-Zago,50c6ae47,Liga MX
481,Ángel Zaldívar,MEX,FW,Atlético,29-334,1994,2.6,1.92,1.92,1.92,0.00,0.00,0.00,0.00,0.00,0.00,0.00,0.00,0.00,0.00,0.00,0.00,0.00,https://fbref.com/en/players/296ecfcb/Angel-Zaldivar,296ecfcb,Liga MX
482,Edgar Zaldívar,MEX,MF,Atlas,27-083,1996,5.6,1.43,1.44,1.25,0.00,0.00,0.00,0.18,0.00,0.00,0.00,0.00,0.00,0.00,0.00,0.00,0.00,https://fbref.com/en/players/9fdcb346/Edgar-Zaldivar,9fdcb346,Liga MX
483,Ángel Zapata,MEX,MF,FC Juárez,22-339,2001,2.9,4.83,4.79,4.48,0.00,0.34,0.00,0.00,0.00,0.34,0.34,0.34,0.00,0.00,0.00,0.00,0.00,https://fbref.com/en/players/5311dbfb/Angel-Zapata,5311dbfb,Liga MX
484,Juan Zapata,COL,MF,Atlas,23-234,2000,11.2,2.59,2.58,1.79,0.36,0.09,0.27,0.09,0.00,0.09,0.09,0.09,0.00,0.00,0.00,0.00,0.00,https://fbref.com/en/players/fea73077/Juan-Zapata,fea73077,Liga MX
485,Alejandro Zendejas,USA,"FW,MF",América,25-335,1998,9.5,3.16,3.17,2.32,0.32,0.11,0.21,0.21,0.00,0.74,0.74,0.74,0.00,0.00,0.00,0.00,0.00,https://fbref.com/en/players/d717b80e/Alejandro-Zendejas,d717b80e,Liga MX
486,Alan Zubiri,MEX,DF,Cruz Azul,23-006,2001,1.0,0.00,0.00,0.00,0.00,0.00,0.00,0.00,0.00,0.00,0.00,0.00,0.00,0.00,0.00,0.00,0.00,https://fbref.com/en/players/caaea65d/Alan-Zubiri,caaea65d,Liga MX
487,José Zúñiga,COL,FW,Querétaro,29-179,1994,9.5,2.11,2.10,1.26,0.00,0.32,0.32,0.21,0.00,0.42,0.42,0.21,0.00,0.00,0.11,0.11,0.00,https://fbref.com/en/players/af89c75e/Jose-Zuniga,af89c75e,Liga MX
