Rk,Player,Nation,Pos,Squad,Age,Born,90s,Standard_Gls,Standard_Sh,Standard_SoT,Standard_SoT%,Standard_Sh/90,Standard_SoT/90,Standard_G/Sh,Standard_G/SoT,Standard_Dist,Standard_FK,Standard_PK,Standard_PKatt,Expected_xG,Expected_npxG,Expected_npxG/Sh,Expected_G-xG,Expected_np:G-xG,Player Link_,Player ID_,Competition
1,Shuto Abe,JPN,MF,RWD Molenbeek,26-034,1997,11.4,0.09,1.32,0.53,40.0,1.31,0.52,0.07,0.17,21.2,0.00,0.00,0.00,0.11,0.11,0.09,-0.03,-0.03,https://fbref.com/en/players/86bddbc7/Shuto-Abe,86bddbc7,Jupiler Pro League
2,Abner,BRA,"DF,MF",RWD Molenbeek,27-223,1996,18.6,0.00,0.32,0.05,16.7,0.32,0.05,0.00,0.00,17.5,0.00,0.00,0.00,0.03,0.03,0.10,-0.03,-0.03,https://fbref.com/en/players/8e562fe7/Abner,8e562fe7,Jupiler Pro League
3,Francis Abu,GHA,MF,Cercle Brugge,22-256,2001,3.0,0.00,1.33,0.33,25.0,1.31,0.33,0.00,0.00,27.5,0.00,0.00,0.00,0.03,0.03,0.02,-0.03,-0.03,https://fbref.com/en/players/66fb354d/Francis-Abu,66fb354d,Jupiler Pro League
4,Brian Agbor,CMR,DF,Gent,22-208,2001,0.3,0.00,0.00,0.00,,0.00,0.00,,,,0.00,0.00,0.00,0.00,0.00,,0.00,0.00,https://fbref.com/en/players/676fc6c2/Brian-Agbor,676fc6c2,Jupiler Pro League
5,Josimar Alcocer,CRC,"FW,MF",Westerlo,19-185,2004,0.3,0.00,3.33,0.00,0.0,3.75,0.00,0.00,,28.8,0.00,0.00,0.00,0.00,0.00,0.02,0.00,0.00,https://fbref.com/en/players/757f7081/Josimar-Alcocer,757f7081,Jupiler Pro League
6,Toby Alderweireld,BEL,DF,Antwerp,34-312,1989,18.9,0.05,1.22,0.42,34.8,1.22,0.42,0.04,0.13,14.0,0.00,0.00,0.00,0.08,0.08,0.07,-0.03,-0.03,https://fbref.com/en/players/f7d50789/Toby-Alderweireld,f7d50789,Jupiler Pro League
7,Ryan Alebiosu,ENG,"DF,MF",Kortrijk,22-022,2001,1.8,0.00,2.22,0.00,0.0,2.17,0.00,0.00,,18.8,0.00,0.00,0.00,0.06,0.06,0.03,-0.06,-0.06,https://fbref.com/en/players/ce048fb8/Ryan-Alebiosu,ce048fb8,Jupiler Pro League
8,Teddy Alloh,FRA,DF,Eupen,21-350,2002,2.2,0.00,0.45,0.00,0.0,0.46,0.00,0.00,,13.6,0.00,0.00,0.00,0.00,0.00,0.04,0.00,0.00,https://fbref.com/en/players/01df0dc4/Teddy-Alloh,01df0dc4,Jupiler Pro League
9,Éder Álvarez Balanta,COL,MF,Club Brugge,30-314,1993,2.1,0.00,0.48,0.48,100.0,0.48,0.48,0.00,0.00,3.3,0.00,0.00,0.00,0.10,0.10,0.18,-0.10,-0.10,https://fbref.com/en/players/8ce30c57/Eder-Alvarez-Balanta,8ce30c57,Jupiler Pro League
10,Steven Alzate,COL,MF,Standard Liège,25-122,1998,10.6,0.09,0.66,0.09,14.3,0.66,0.09,0.14,1.00,17.1,0.00,0.00,0.00,0.08,0.08,0.11,0.02,0.02,https://fbref.com/en/players/ad1f61f3/Steven-Alzate,ad1f61f3,Jupiler Pro League
11,Thierry Ambrose,GLP,FW,Kortrijk,26-286,1997,0.5,0.00,0.00,0.00,,0.00,0.00,,,,0.00,0.00,0.00,0.00,0.00,,0.00,0.00,https://fbref.com/en/players/2945f4b7/Thierry-Ambrose,2945f4b7,Jupiler Pro League
12,Mohamed El Amine Amoura,ALG,FW,Union SG,23-244,2000,9.5,1.37,5.26,2.84,54.0,5.26,2.84,0.26,0.48,15.5,0.00,0.00,0.00,0.81,0.81,0.15,0.56,0.56,https://fbref.com/en/players/6597f8b6/Mohamed-El-Amine-Amoura,6597f8b6,Jupiler Pro League
13,Francis Amuzu,BEL,FW,Anderlecht,24-138,1999,6.3,0.48,3.02,0.79,26.3,3.01,0.79,0.16,0.60,17.8,0.16,0.00,0.00,0.16,0.16,0.05,0.32,0.32,https://fbref.com/en/players/4f0fbd15/Francis-Amuzu,4f0fbd15,Jupiler Pro League
14,Frederic Ananou,TOG,"DF,MF",Sint-Truiden,26-110,1997,2.6,0.00,0.00,0.00,,0.00,0.00,,,,0.00,0.00,0.00,0.00,0.00,,0.00,0.00,https://fbref.com/en/players/de42994f/Frederic-Ananou,de42994f,Jupiler Pro League
15,Stelios Andreou,CYP,DF,Charleroi,21-168,2002,17.8,0.06,0.17,0.06,33.3,0.17,0.06,0.33,1.00,12.6,0.00,0.00,0.00,0.06,0.06,0.36,-0.01,-0.01,https://fbref.com/en/players/4a5ad8dc/Stelios-Andreou,4a5ad8dc,Jupiler Pro League
16,Nilson Angulo,ECU,FW,Anderlecht,20-203,2003,0.0,0,0,0,,0.00,0.00,,,,0,0,0,0.0,0.0,,0.0,0.0,https://fbref.com/en/players/a9b9d89c/Nilson-Angulo,a9b9d89c,Jupiler Pro League
17,Bill Antonio,ZIM,"DF,MF",Mechelen,21-127,2002,1.2,0.00,0.83,0.00,0.0,0.84,0.00,0.00,,9.1,0.00,0.00,0.00,0.08,0.08,0.14,-0.08,-0.08,https://fbref.com/en/players/f00ea3e6/Bill-Antonio,f00ea3e6,Jupiler Pro League
18,Kristian Arnstad,NOR,"MF,DF",Anderlecht,20-123,2003,2.2,0.00,0.91,0.00,0.0,0.89,0.00,0.00,,24.8,0.45,0.00,0.00,0.05,0.05,0.03,-0.05,-0.05,https://fbref.com/en/players/45bdedc8/Kristian-Arnstad,45bdedc8,Jupiler Pro League
19,Toluwalase Arokodare,NGA,FW,Genk,23-046,2000,6.7,0.90,5.22,1.79,34.3,5.25,1.80,0.17,0.50,11.7,0.00,0.00,0.00,0.87,0.87,0.17,0.03,0.03,https://fbref.com/en/players/a42760bc/Toluwalase-Arokodare,a42760bc,Jupiler Pro League
20,Gerardo Arteaga,MEX,DF,Genk,25-123,1998,11.5,0.00,0.96,0.09,9.1,0.96,0.09,0.00,0.00,21.9,0.00,0.00,0.00,0.06,0.06,0.07,-0.06,-0.06,https://fbref.com/en/players/8b47ce35/Gerardo-Arteaga,8b47ce35,Jupiler Pro League
21,Majeed Ashimeru,GHA,"MF,FW",Anderlecht,26-090,1997,1.3,0.00,0.00,0.00,,0.00,0.00,,,,0.00,0.00,0.00,0.00,0.00,,0.00,0.00,https://fbref.com/en/players/552e00b9/Majeed-Ashimeru,552e00b9,Jupiler Pro League
22,Christalino Atemona,GER,DF,Kortrijk,21-257,2002,1.1,0.00,0.00,0.00,,0.00,0.00,,,,0.00,0.00,0.00,0.00,0.00,,0.00,0.00,https://fbref.com/en/players/05c1f4c7/Christalino-Atemona,05c1f4c7,Jupiler Pro League
23,Lynnt Audoor,BEL,MF,Kortrijk,20-087,2003,4.5,0.00,0.22,0.00,0.0,0.22,0.00,0.00,,25.5,0.00,0.00,0.00,0.00,0.00,0.02,0.00,0.00,https://fbref.com/en/players/32feb0cf/Lynnt-Audoor,32feb0cf,Jupiler Pro League
24,Ludwig Augustinsson,SWE,DF,Anderlecht,29-262,1994,12.8,0.00,0.78,0.08,10.0,0.78,0.08,0.00,0.00,16.5,0.00,0.00,0.00,0.04,0.04,0.05,-0.04,-0.04,https://fbref.com/en/players/9fec8860/Ludwig-Augustinsson,9fec8860,Jupiler Pro League
25,Felipe Avenatti,URU,"FW,MF",Kortrijk,30-257,1993,10.9,0.18,2.39,0.46,19.2,2.39,0.46,0.04,0.20,15.3,0.00,0.09,0.09,0.29,0.28,0.12,-0.11,-0.18,https://fbref.com/en/players/23f9e9d3/Felipe-Avenatti,23f9e9d3,Jupiler Pro League
26,Gastón Ávila,ARG,DF,Antwerp,22-100,2001,2.0,0.00,1.50,0.00,0.0,1.50,0.00,0.00,,25.6,0.00,0.00,0.00,0.05,0.05,0.02,-0.05,-0.05,https://fbref.com/en/players/f648b2e1/Gaston-Avila,f648b2e1,Jupiler Pro League
27,Youssouph Badji,SEN,"FW,MF",Charleroi,22-019,2001,6.8,0.00,3.97,1.03,25.9,3.99,1.03,0.00,0.00,11.2,0.00,0.00,0.00,0.38,0.38,0.10,-0.38,-0.38,https://fbref.com/en/players/6a2b9aee/Youssouph-Badji,6a2b9aee,Jupiler Pro League
28,Bilal Bafdili,BEL,"FW,MF",Mechelen,19-158,2004,1.6,0.00,1.88,0.63,33.3,1.84,0.61,0.00,0.00,18.6,0.00,0.00,0.00,0.25,0.25,0.13,-0.25,-0.25,https://fbref.com/en/players/40c9f265/Bilal-Bafdili,40c9f265,Jupiler Pro League
29,Jonas Bager,DEN,DF,Charleroi,27-174,1996,12.2,0.00,0.16,0.08,50.0,0.16,0.08,0.00,0.00,9.6,0.00,0.00,0.00,0.02,0.02,0.08,-0.02,-0.02,https://fbref.com/en/players/ddd54920/Jonas-Bager,ddd54920,Jupiler Pro League
30,Brandon Baiye,BEL,MF,Eupen,23-012,2000,16.0,0.00,0.25,0.00,0.0,0.25,0.00,0.00,,23.6,0.00,0.00,0.00,0.01,0.01,0.06,-0.01,-0.01,https://fbref.com/en/players/7e3e825e/Brandon-Baiye,7e3e825e,Jupiler Pro League
31,Michel-Ange Balikwisha,BEL,"FW,MF",Antwerp,22-243,2001,17.5,0.29,1.60,0.57,35.7,1.60,0.57,0.18,0.50,15.0,0.00,0.00,0.00,0.24,0.24,0.15,0.05,0.05,https://fbref.com/en/players/172bab0a/Michel-Ange-Balikwisha,172bab0a,Jupiler Pro League
32,William Balikwisha,COD,"MF,FW",Standard Liège,24-241,1999,6.2,0.00,1.94,0.65,33.3,1.94,0.65,0.00,0.00,22.2,0.00,0.00,0.00,0.08,0.08,0.04,-0.08,-0.08,https://fbref.com/en/players/4fae547c/William-Balikwisha,4fae547c,Jupiler Pro League
33,Sacha Banse,BFA,MF,Standard Liège,22-298,2001,0.5,0.00,0.00,0.00,,0.00,0.00,,,,0.00,0.00,0.00,0.00,0.00,,0.00,0.00,https://fbref.com/en/players/f9eb9174/Sacha-Banse,f9eb9174,Jupiler Pro League
34,Ezechiel Banzuzi,NED,MF,OH Leuven,18-326,2005,11.0,0.09,1.36,0.55,40.0,1.37,0.55,0.07,0.17,12.6,0.00,0.00,0.00,0.15,0.15,0.11,-0.05,-0.05,https://fbref.com/en/players/e9764fe5/Ezechiel-Banzuzi,e9764fe5,Jupiler Pro League
35,Joselpho Barnes,GHA,"FW,MF",Sint-Truiden,22-027,2001,3.2,0.00,2.81,0.63,22.2,2.84,0.63,0.00,0.00,13.1,0.00,0.00,0.00,0.44,0.44,0.15,-0.44,-0.44,https://fbref.com/en/players/b68c3ff0/Joselpho-Barnes,b68c3ff0,Jupiler Pro League
36,Jacob Barrett Laursen,DEN,DF,Standard Liège,29-052,1994,1.7,0.00,0.00,0.00,,0.00,0.00,,,,0.00,0.00,0.00,0.00,0.00,,0.00,0.00,https://fbref.com/en/players/c0d3bd23/Jacob-Barrett-Laursen,c0d3bd23,Jupiler Pro League
37,Norman Bassette,BEL,FW,Mechelen,19-060,2004,5.9,0.51,2.88,2.03,70.6,2.87,2.03,0.18,0.25,16.2,0.00,0.00,0.00,0.34,0.34,0.12,0.17,0.17,https://fbref.com/en/players/9cd23b05/Norman-Bassette,9cd23b05,Jupiler Pro League
38,Jelle Bataille,BEL,DF,Antwerp,24-233,1999,16.1,0.06,0.62,0.37,60.0,0.62,0.37,0.10,0.17,20.6,0.00,0.00,0.00,0.06,0.06,0.09,0.01,0.01,https://fbref.com/en/players/cabb3a1d/Jelle-Bataille,cabb3a1d,Jupiler Pro League
39,David Bates,SCO,DF,Mechelen,27-095,1996,13.2,0.08,0.53,0.15,28.6,0.53,0.15,0.14,0.50,12.0,0.00,0.00,0.00,0.04,0.04,0.07,0.04,0.04,https://fbref.com/en/players/90423c73/David-Bates,90423c73,Jupiler Pro League
40,Emin Bayram,TUR,DF,Westerlo,20-281,2003,12.5,0.08,0.72,0.40,55.6,0.72,0.40,0.11,0.20,19.9,0.00,0.00,0.00,0.03,0.03,0.04,0.05,0.05,https://fbref.com/en/players/e58328b6/Emin-Bayram,e58328b6,Jupiler Pro League
41,Rafik Belghali,ALG,DF,Mechelen,21-215,2002,2.9,0.34,1.72,0.34,20.0,1.73,0.35,0.20,1.00,17.4,0.00,0.00,0.00,0.14,0.14,0.08,0.21,0.21,https://fbref.com/en/players/0abcb968/Rafik-Belghali,0abcb968,Jupiler Pro League
42,Nadhir Benbouali,ALG,FW,Charleroi,23-266,2000,3.0,0.00,1.67,1.00,60.0,1.69,1.02,0.00,0.00,,,0.00,0.00,,,,,,https://fbref.com/en/players/cd25f2b3/Nadhir-Benbouali,cd25f2b3,Jupiler Pro League
43,Ján Bernát,SVK,MF,Westerlo,22-363,2001,0.0,0,0,0,,0.00,0.00,,,,0,0,0,0.0,0.0,,0.0,0.0,https://fbref.com/en/players/c2895855/Jan-Bernat,c2895855,Jupiler Pro League
44,Antoine Bernier,BEL,"FW,MF",Charleroi,26-120,1997,3.8,0.00,0.79,0.00,0.0,0.79,0.00,0.00,,11.2,0.00,0.00,0.00,0.13,0.13,0.16,-0.13,-0.13,https://fbref.com/en/players/cda90ea8/Antoine-Bernier,cda90ea8,Jupiler Pro League
45,Mickaël Biron,MTQ,FW,RWD Molenbeek,26-135,1997,8.9,0.34,2.92,0.90,30.8,2.92,0.90,0.08,0.25,14.9,0.00,0.11,0.11,0.48,0.39,0.14,-0.15,-0.17,https://fbref.com/en/players/62c79b68/Mickael-Biron,62c79b68,Jupiler Pro League
46,Nathan Bitu Mazala,FRA,"MF,FW",Eupen,21-029,2002,1.3,0.00,2.31,0.00,0.0,2.35,0.00,0.00,,16.5,0.00,0.00,0.00,0.08,0.08,0.04,-0.08,-0.08,https://fbref.com/en/players/0f697e02/Nathan-Bitu-Mazala,0f697e02,Jupiler Pro League
47,Eric Bocat,FRA,"DF,MF",Sint-Truiden,24-176,1999,19.4,0.05,0.62,0.15,25.0,0.62,0.15,0.08,0.33,19.1,0.05,0.00,0.00,0.03,0.03,0.05,0.02,0.02,https://fbref.com/en/players/55b7061a/Eric-Bocat,55b7061a,Jupiler Pro League
48,Arnaud Bodart,BEL,GK,Standard Liège,25-303,1998,19.0,0.00,0.05,0.00,0.0,0.05,0.00,0.00,,17.1,0.00,0.00,0.00,0.00,0.00,0.01,0.00,0.00,https://fbref.com/en/players/79c536d7/Arnaud-Bodart,79c536d7,Jupiler Pro League
49,Merveille Bokadi,COD,DF,Standard Liège,31-232,1992,14.3,0.07,0.63,0.07,11.1,0.63,0.07,0.11,1.00,14.7,0.00,0.00,0.00,0.04,0.04,0.06,0.03,0.03,https://fbref.com/en/players/4398b5cb/Merveille-Bokadi,4398b5cb,Jupiler Pro League
50,Sinan Bolat,TUR,GK,Westerlo,35-127,1988,16.0,0.00,0.00,0.00,,0.00,0.00,,,,0.00,0.00,0.00,0.00,0.00,,0.00,0.00,https://fbref.com/en/players/fe7d8182/Sinan-Bolat,fe7d8182,Jupiler Pro League
51,Boli Bolingoli-Mbombo,BEL,DF,Mechelen,28-191,1995,0.8,0.00,0.00,0.00,,0.00,0.00,,,,0.00,0.00,0.00,0.00,0.00,,0.00,0.00,https://fbref.com/en/players/c603ad6a/Boli-Bolingoli-Mbombo,c603ad6a,Jupiler Pro League
52,Christopher Bonsu Baah,GHA,FW,Genk,19-025,2004,7.1,0.14,2.96,0.85,28.6,2.96,0.85,0.05,0.17,19.1,0.14,0.00,0.00,0.23,0.23,0.07,-0.08,-0.08,https://fbref.com/en/players/b636755a/Christopher-Bonsu-Baah,b636755a,Jupiler Pro League
53,Jordan Bos,AUS,DF,Westerlo,21-071,2002,13.1,0.08,1.15,0.23,20.0,1.15,0.23,0.07,0.33,17.4,0.00,0.00,0.00,0.09,0.09,0.08,-0.02,-0.02,https://fbref.com/en/players/8070a9fd/Jordan-Bos,8070a9fd,Jupiler Pro League
54,Mehdi Boukamir,MAR,DF,Charleroi,19-347,2004,4.1,0.00,0.24,0.24,100.0,0.25,0.25,0.00,0.00,13.8,0.00,0.00,0.00,0.02,0.02,0.07,-0.02,-0.02,https://fbref.com/en/players/f949956e/Mehdi-Boukamir,f949956e,Jupiler Pro League
55,Dedryck Boyata,BEL,"DF,MF",Club Brugge,33-041,1990,1.7,0.00,0.59,0.00,0.0,0.57,0.00,0.00,,5.6,0.00,0.00,0.00,0.12,0.12,0.18,-0.12,-0.12,https://fbref.com/en/players/7c473e12/Dedryck-Boyata,7c473e12,Jupiler Pro League
56,Jonatan Braut Brunes,NOR,FW,OH Leuven,23-154,2000,8.4,0.36,2.50,0.60,23.8,2.49,0.59,0.14,0.60,13.8,0.00,0.00,0.00,0.35,0.35,0.14,0.01,0.01,https://fbref.com/en/players/36adbbe0/Jonatan-Braut-Brunes,36adbbe0,Jupiler Pro League
57,Archie Brown,ENG,DF,Gent,21-225,2002,10.4,0.00,0.38,0.00,0.0,0.38,0.00,0.00,,15.5,0.00,0.00,0.00,0.03,0.03,0.07,-0.03,-0.03,https://fbref.com/en/players/028b8d59/Archie-Brown,028b8d59,Jupiler Pro League
58,Massimo Bruno,BEL,"MF,FW",Kortrijk,30-113,1993,8.0,0.00,2.00,0.50,25.0,2.01,0.50,0.00,0.00,20.7,0.00,0.00,0.00,0.11,0.11,0.06,-0.11,-0.11,https://fbref.com/en/players/4e18cf1c/Massimo-Bruno,4e18cf1c,Jupiler Pro League
59,Tajon Buchanan,CAN,DF,Club Brugge,24-334,1999,9.2,0.22,0.98,0.43,44.4,0.98,0.43,0.22,0.50,15.6,0.00,0.00,0.00,0.15,0.15,0.15,0.07,0.07,https://fbref.com/en/players/3aca6420/Tajon-Buchanan,3aca6420,Jupiler Pro League
60,Christian Burgess,ENG,DF,Union SG,32-093,1991,19.0,0.05,1.11,0.26,23.8,1.11,0.26,0.05,0.20,10.9,0.00,0.00,0.00,0.15,0.15,0.14,-0.10,-0.10,https://fbref.com/en/players/f8766ef9/Christian-Burgess,f8766ef9,Jupiler Pro League
61,Jean Butez,FRA,GK,Antwerp,28-214,1995,20.0,0.00,0.00,0.00,,0.00,0.00,,,,0.00,0.00,0.00,0.00,0.00,,0.00,0.00,https://fbref.com/en/players/7f40333d/Jean-Butez,7f40333d,Jupiler Pro League
62,Ilay Camara,BEL,"DF,MF",RWD Molenbeek,20-355,2003,10.4,0.19,0.77,0.58,75.0,0.77,0.58,0.25,0.33,17.2,0.00,0.00,0.00,0.09,0.09,0.11,0.11,0.11,https://fbref.com/en/players/18dec985/Ilay-Camara,18dec985,Jupiler Pro League
63,Cihan Çanak,TUR,"DF,MF",Standard Liège,18-349,2005,6.3,0.00,0.32,0.00,0.0,0.32,0.00,0.00,,21.3,0.00,0.00,0.00,0.02,0.02,0.05,-0.02,-0.02,https://fbref.com/en/players/0863fb00/Cihan-Canak,0863fb00,Jupiler Pro League
64,Alessio Castro-Montes,BEL,DF,Gent,26-236,1997,0.7,0.00,0.00,0.00,,0.00,0.00,,,,0.00,0.00,0.00,0.00,0.00,,0.00,0.00,https://fbref.com/en/players/742a4995/Alessio-Castro-Montes,742a4995,Jupiler Pro League
65,Alessio Castro-Montes,BEL,"DF,MF",Union SG,26-236,1997,12.2,0.08,0.57,0.16,28.6,0.57,0.16,0.14,0.50,22.6,0.00,0.00,0.00,0.02,0.02,0.04,0.06,0.06,https://fbref.com/en/players/742a4995/Alessio-Castro-Montes,742a4995,Jupiler Pro League
66,Nacer Chadli,BEL,"MF,FW",Westerlo,34-159,1989,5.6,0.00,0.89,0.36,40.0,0.89,0.36,0.00,0.00,19.2,0.18,0.00,0.00,0.04,0.04,0.05,-0.04,-0.04,https://fbref.com/en/players/5b54bf3b/Nacer-Chadli,5b54bf3b,Jupiler Pro League
67,Youssef Challouk,BEL,"MF,FW",Kortrijk,28-133,1995,0.5,0.00,0.00,0.00,,0.00,0.00,,,,0.00,0.00,0.00,0.00,0.00,,0.00,0.00,https://fbref.com/en/players/ab5315ff/Youssef-Challouk,ab5315ff,Jupiler Pro League
68,Regan Charles-Cook,GRN,"FW,MF",Eupen,26-328,1997,7.9,0.38,1.39,0.76,54.5,1.40,0.76,0.27,0.50,15.1,0.00,0.00,0.00,0.18,0.18,0.13,0.20,0.20,https://fbref.com/en/players/a67ddd86/Regan-Charles-Cook,a67ddd86,Jupiler Pro League
69,Isaac Christie-Davies,WAL,MF,Eupen,26-082,1997,6.3,0.00,0.48,0.00,0.0,0.48,0.00,0.00,,17.3,0.00,0.00,0.00,0.03,0.03,0.07,-0.03,-0.03,https://fbref.com/en/players/aa62bd5a/Isaac-Christie-Davies,aa62bd5a,Jupiler Pro League
70,Elias Cobbaut,BEL,DF,Mechelen,26-045,1997,14.0,0.00,0.43,0.07,16.7,0.43,0.07,0.00,0.00,15.6,0.00,0.00,0.00,0.01,0.01,0.04,-0.01,-0.01,https://fbref.com/en/players/e6c9d236/Elias-Cobbaut,e6c9d236,Jupiler Pro League
71,Valentin Cojocaru,ROU,GK,OH Leuven,28-099,1995,3.0,0.00,0.00,0.00,,0.00,0.00,,,,0.00,0.00,0.00,0.00,0.00,,0.00,0.00,https://fbref.com/en/players/04d9bce8/Valentin-Cojocaru,04d9bce8,Jupiler Pro League
72,Kobe Corbanie,BEL,DF,Antwerp,18-243,2005,1.1,0.00,0.00,0.00,,0.00,0.00,,,,0.00,0.00,0.00,0.00,0.00,,0.00,0.00,https://fbref.com/en/players/9b909569/Kobe-Corbanie,9b909569,Jupiler Pro League
73,Gaëtan Coucke,BEL,GK,Mechelen,25-036,1998,20.0,0.00,0.00,0.00,,0.00,0.00,,,,0.00,0.00,0.00,0.00,0.00,,0.00,0.00,https://fbref.com/en/players/c56ee8f7/Gaetan-Coucke,c56ee8f7,Jupiler Pro League
74,Soumaïla Coulibaly,FRA,DF,Antwerp,20-086,2003,15.1,0.00,0.46,0.00,0.0,0.46,0.00,0.00,,11.6,0.00,0.00,0.00,0.03,0.03,0.08,-0.03,-0.03,https://fbref.com/en/players/9dff291c/Soumaila-Coulibaly,9dff291c,Jupiler Pro League
75,Carlos Cuesta,COL,DF,Genk,24-305,1999,13.8,0.07,0.29,0.07,25.0,0.29,0.07,0.25,1.00,10.1,0.00,0.00,0.00,0.04,0.04,0.15,0.03,0.03,https://fbref.com/en/players/574fff8c/Carlos-Cuesta,574fff8c,Jupiler Pro League
76,Hugo Cuypers,BEL,FW,Gent,26-335,1997,16.1,0.37,2.61,0.75,28.6,2.61,0.74,0.12,0.42,13.1,0.00,0.06,0.19,0.61,0.47,0.18,-0.24,-0.16,https://fbref.com/en/players/9f417f8c/Hugo-Cuypers,9f417f8c,Jupiler Pro League
77,Oday Dabbagh,PLE,FW,Charleroi,25-036,1998,13.8,0.29,1.67,0.80,47.8,1.67,0.80,0.17,0.36,12.9,0.00,0.00,0.00,0.30,0.30,0.18,-0.01,-0.01,https://fbref.com/en/players/cd384d5a/Oday-Dabbagh,cd384d5a,Jupiler Pro League
78,Erdon Daci,MKD,FW,Westerlo,25-188,1998,6.9,0.43,3.62,1.16,32.0,3.61,1.15,0.12,0.38,15.9,0.14,0.00,0.00,0.51,0.51,0.14,-0.07,-0.07,https://fbref.com/en/players/dc07ee94/Erdon-Daci,dc07ee94,Jupiler Pro League
79,Jón Dagur Þorsteinsson,ISL,"FW,MF",OH Leuven,25-043,1998,13.7,0.29,2.48,1.02,41.2,2.49,1.02,0.12,0.29,16.9,0.07,0.00,0.07,0.30,0.24,0.10,-0.01,0.05,https://fbref.com/en/players/474beb8b/Jon-Dagur-Thorsteinsson,474beb8b,Jupiler Pro League
80,Niklo Dailly,BEL,"MF,DF",RWD Molenbeek,22-063,2001,3.6,0.00,1.67,0.00,0.0,1.65,0.00,0.00,,16.4,0.00,0.00,0.00,0.08,0.08,0.05,-0.08,-0.08,https://fbref.com/en/players/708260fd/Niklo-Dailly,708260fd,Jupiler Pro League
81,Jesper Daland,NOR,DF,Cercle Brugge,24-002,2000,18.1,0.00,0.83,0.17,20.0,0.83,0.17,0.00,0.00,10.6,0.00,0.00,0.00,0.06,0.06,0.07,-0.06,-0.06,https://fbref.com/en/players/6e17d441/Jesper-Daland,6e17d441,Jupiler Pro League
82,Jason Davidson,AUS,DF,Eupen,32-193,1991,16.1,0.06,0.37,0.12,33.3,0.37,0.12,0.17,0.50,13.5,0.00,0.00,0.00,0.07,0.07,0.18,-0.01,-0.01,https://fbref.com/en/players/46bcd68d/Jason-Davidson,46bcd68d,Jupiler Pro League
83,Isaak Davies,WAL,FW,Kortrijk,22-105,2001,10.8,0.37,1.57,0.74,47.1,1.57,0.74,0.24,0.50,13.0,0.00,0.00,0.00,0.19,0.19,0.13,0.18,0.18,https://fbref.com/en/players/8199addf/Isaak-Davies,8199addf,Jupiler Pro League
84,Maxim De Cuyper,BEL,DF,Club Brugge,23-017,2000,16.1,0.06,0.93,0.12,13.3,0.93,0.12,0.07,0.50,17.2,0.00,0.00,0.00,0.06,0.06,0.07,0.00,0.00,https://fbref.com/en/players/d494882e/Maxim-De-Cuyper,d494882e,Jupiler Pro League
85,Ritchie De Laet,BEL,DF,Antwerp,35-041,1988,10.9,0.00,0.37,0.09,25.0,0.37,0.09,0.00,0.00,13.9,0.00,0.00,0.00,0.04,0.04,0.09,-0.04,-0.04,https://fbref.com/en/players/dc234f98/Ritchie-De-Laet,dc234f98,Jupiler Pro League
86,Dion De Neve,BEL,"DF,MF",Kortrijk,21-210,2002,15.4,0.13,0.26,0.13,50.0,0.26,0.13,0.50,1.00,15.2,0.00,0.00,0.00,0.03,0.03,0.13,0.10,0.10,https://fbref.com/en/players/7d89f763/Dion-De-Neve,7d89f763,Jupiler Pro League
87,Alexis De Sart,BEL,MF,RWD Molenbeek,27-057,1996,5.0,0.00,1.20,0.20,16.7,1.21,0.20,0.00,0.00,18.8,0.00,0.00,0.00,0.12,0.12,0.10,-0.12,-0.12,https://fbref.com/en/players/a8eec09a/Alexis-De-Sart,a8eec09a,Jupiler Pro League
88,Julien De Sart,BEL,MF,Gent,29-016,1994,18.4,0.16,2.01,0.60,29.7,2.01,0.60,0.00,0.00,26.4,0.16,0.16,0.16,0.21,0.09,0.04,-0.05,-0.09,https://fbref.com/en/players/33332e0b/Julien-De-Sart,33332e0b,Jupiler Pro League
89,Nils De Wilde,BEL,MF,Cercle Brugge,20-346,2003,7.5,0.00,0.80,0.40,50.0,0.80,0.40,0.00,0.00,25.1,0.00,0.00,0.00,0.03,0.03,0.04,-0.03,-0.03,https://fbref.com/en/players/9b13056d/Nils-De-Wilde,9b13056d,Jupiler Pro League
90,Zeno Debast,BEL,DF,Anderlecht,20-076,2003,17.6,0.00,0.45,0.11,25.0,0.45,0.11,0.00,0.00,14.8,0.06,0.00,0.00,0.02,0.02,0.05,-0.02,-0.02,https://fbref.com/en/players/064461b7/Zeno-Debast,064461b7,Jupiler Pro League
91,Massimo Decoene,BEL,FW,Kortrijk,19-331,2004,0.1,0.00,10.0,0.00,0.0,6.92,0.00,0.00,,20.8,0.00,0.00,0.00,0.00,0.00,0.02,0.00,0.00,https://fbref.com/en/players/933bf933/Massimo-Decoene,933bf933,Jupiler Pro League
92,Robbe Decostere,BEL,DF,Cercle Brugge,25-245,1998,0.0,0,0,0,,0.00,0.00,,,,0,0,0,0.0,0.0,,0.0,0.0,https://fbref.com/en/players/5220221c/Robbe-Decostere,5220221c,Jupiler Pro League
93,Théo Defourny,BEL,GK,RWD Molenbeek,31-258,1992,19.8,0.00,0.00,0.00,,0.00,0.00,,,,0.00,0.00,0.00,0.00,0.00,,0.00,0.00,https://fbref.com/en/players/b21f2a09/Theo-Defourny,b21f2a09,Jupiler Pro League
94,Thomas Delaney,DEN,"MF,DF",Anderlecht,32-127,1991,9.1,0.11,1.43,0.33,23.1,1.43,0.33,0.08,0.33,16.2,0.00,0.00,0.00,0.14,0.14,0.10,-0.03,-0.03,https://fbref.com/en/players/fe641c1a/Thomas-Delaney,fe641c1a,Jupiler Pro League
95,Martin Delavallée,BEL,GK,Charleroi,19-296,2004,0.0,0,0,0,,0.00,0.00,,,,0,0,0,0.0,0.0,,0.0,0.0,https://fbref.com/en/players/6e9c13e6/Martin-Delavallee,6e9c13e6,Jupiler Pro League
96,Hannes Delcroix,BEL,DF,Anderlecht,24-314,1999,0.1,0.00,0.00,0.00,,0.00,0.00,,,,0.00,0.00,0.00,0.00,0.00,,0.00,0.00,https://fbref.com/en/players/b737f944/Hannes-Delcroix,b737f944,Jupiler Pro League
97,Mathias Delorge,BEL,MF,Sint-Truiden,19-161,2004,19.9,0.05,0.50,0.25,50.0,0.50,0.25,0.10,0.20,24.7,0.00,0.00,0.00,0.02,0.02,0.04,0.03,0.03,https://fbref.com/en/players/337b736a/Mathias-Delorge,337b736a,Jupiler Pro League
98,Olivier Deman,BEL,"DF,MF",Cercle Brugge,23-277,2000,4.2,0.00,1.90,0.24,12.5,1.89,0.24,0.00,0.00,19.6,0.00,0.00,0.00,0.26,0.26,0.14,-0.26,-0.26,https://fbref.com/en/players/13210854/Olivier-Deman,13210854,Jupiler Pro League
99,Kevin Denkey,TOG,FW,Cercle Brugge,23-039,2000,18.9,0.79,4.50,1.43,31.8,4.49,1.43,0.15,0.48,15.7,0.16,0.11,0.16,0.65,0.52,0.12,0.15,0.17,https://fbref.com/en/players/0d3585b5/Kevin-Denkey,0d3585b5,Jupiler Pro League
100,Jerome Deom,BEL,MF,Eupen,24-264,1999,4.0,0.25,2.00,0.75,37.5,2.02,0.76,0.13,0.33,17.5,0.75,0.00,0.00,0.20,0.20,0.11,0.05,0.05,https://fbref.com/en/players/6c4a9d2e/Jerome-Deom,6c4a9d2e,Jupiler Pro League
101,Laurent Depoitre,BEL,FW,Gent,35-032,1988,0.2,0.00,10.0,0.00,0.0,12.00,0.00,0.00,,20.0,0.00,0.00,0.00,0.00,0.00,0.02,0.00,0.00,https://fbref.com/en/players/aa5859cb/Laurent-Depoitre,aa5859cb,Jupiler Pro League
102,Gilles Dewaele,BEL,"DF,MF",Standard Liège,27-329,1996,4.6,0.00,0.87,0.22,25.0,0.87,0.22,0.00,0.00,21.1,0.00,0.00,0.00,0.02,0.02,0.03,-0.02,-0.02,https://fbref.com/en/players/b25bbf9b/Gilles-Dewaele,b25bbf9b,Jupiler Pro League
103,Sada Diallo,BEL,"MF,DF",RWD Molenbeek,21-170,2002,1.0,0.00,0.00,0.00,,0.00,0.00,,,,0.00,0.00,0.00,0.00,0.00,,0.00,0.00,https://fbref.com/en/players/605641e9/Sada-Diallo,605641e9,Jupiler Pro League
104,Amadou Diawara,GUI,MF,Anderlecht,26-175,1997,6.6,0.00,0.61,0.00,0.0,0.61,0.00,0.00,,23.4,0.00,0.00,0.00,0.02,0.02,0.03,-0.02,-0.02,https://fbref.com/en/players/bf309d24/Amadou-Diawara,bf309d24,Jupiler Pro League
105,Moussa Djenepo,MLI,"DF,MF",Standard Liège,25-207,1998,10.1,0.00,0.89,0.00,0.0,0.89,0.00,0.00,,18.6,0.00,0.00,0.00,0.07,0.07,0.08,-0.07,-0.07,https://fbref.com/en/players/254147d4/Moussa-Djenepo,254147d4,Jupiler Pro League
106,Noah Dodeigne,BEL,"DF,FW",Standard Liège,20-352,2003,0.4,0.00,0.00,0.00,,0.00,0.00,,,,0.00,0.00,0.00,0.00,0.00,,0.00,0.00,https://fbref.com/en/players/b0cb313b/Noah-Dodeigne,b0cb313b,Jupiler Pro League
107,Kasper Dolberg,DEN,FW,Anderlecht,26-094,1997,16.0,0.63,2.13,1.19,55.9,2.13,1.19,0.24,0.42,12.9,0.00,0.13,0.13,0.56,0.46,0.22,0.06,0.04,https://fbref.com/en/players/cc83b74d/Kasper-Dolberg,cc83b74d,Jupiler Pro League
108,Joren Dom,BEL,"MF,DF",OH Leuven,34-040,1989,12.6,0.00,1.98,0.32,16.0,1.99,0.32,0.00,0.00,16.4,0.00,0.00,0.00,0.16,0.16,0.08,-0.16,-0.16,https://fbref.com/en/players/4b383020/Joren-Dom,4b383020,Jupiler Pro League
109,Djovkar Doudaev,BEL,DF,RWD Molenbeek,20-059,2003,2.3,0.00,0.00,0.00,,0.00,0.00,,,,0.00,0.00,0.00,0.00,0.00,,0.00,0.00,https://fbref.com/en/players/a33d9448/Djovkar-Doudaev,a33d9448,Jupiler Pro League
110,Vetle Dragsnes,NOR,"DF,MF",Charleroi,29-336,1994,13.6,0.15,0.74,0.22,30.0,0.73,0.22,0.20,0.67,13.6,0.00,0.00,0.00,0.07,0.07,0.09,0.08,0.08,https://fbref.com/en/players/6062bd22/Vetle-Dragsnes,6062bd22,Jupiler Pro League
111,Denis Drăguș,ROU,FW,Standard Liège,24-186,1999,3.5,0.29,2.86,1.14,40.0,2.88,1.15,0.10,0.25,21.8,0.29,0.00,0.00,0.23,0.23,0.08,0.06,0.06,https://fbref.com/en/players/0e490f6e/Denis-Dragus,0e490f6e,Jupiler Pro League
112,Anders Dreyer,DEN,"FW,MF",Anderlecht,25-251,1998,15.3,0.85,3.20,1.24,38.8,3.20,1.24,0.22,0.58,18.5,0.07,0.13,0.13,0.53,0.42,0.13,0.32,0.29,https://fbref.com/en/players/c6486b01/Anders-Dreyer,c6486b01,Jupiler Pro League
113,Olivier Dumont,BEL,"MF,FW",Sint-Truiden,21-308,2002,0.8,0.00,1.25,0.00,0.0,1.22,0.00,0.00,,13.4,0.00,0.00,0.00,0.13,0.13,0.08,-0.13,-0.13,https://fbref.com/en/players/e1163668/Olivier-Dumont,e1163668,Jupiler Pro League
114,Maxime Dupé,FRA,GK,Anderlecht,30-310,1993,7.0,0.00,0.00,0.00,,0.00,0.00,,,,0.00,0.00,0.00,0.00,0.00,,0.00,0.00,https://fbref.com/en/players/0e12089d/Maxime-Dupe,0e12089d,Jupiler Pro League
115,Pierre Dwomoh,BEL,MF,RWD Molenbeek,19-201,2004,16.9,0.06,0.41,0.06,14.3,0.41,0.06,0.14,1.00,18.6,0.00,0.00,0.00,0.03,0.03,0.07,0.03,0.03,https://fbref.com/en/players/f2de3a43/Pierre-Dwomoh,f2de3a43,Jupiler Pro League
116,Aron Dønnum,NOR,"DF,FW",Standard Liège,25-263,1998,4.8,0.00,0.42,0.21,50.0,0.42,0.21,0.00,0.00,11.4,0.00,0.00,0.00,0.02,0.02,0.04,-0.02,-0.02,https://fbref.com/en/players/10cff752/Aron-Donnum,10cff752,Jupiler Pro League
117,Dennis Eckert,GER,FW,Union SG,26-364,1997,8.0,0.75,3.63,1.13,31.0,3.65,1.13,0.10,0.33,14.3,0.00,0.38,0.38,0.79,0.50,0.14,-0.04,-0.13,https://fbref.com/en/players/7f8fb807/Dennis-Eckert,7f8fb807,Jupiler Pro League
118,Chidera Ejuke,NGA,"FW,MF",Antwerp,26-006,1998,5.7,0.35,3.16,1.58,50.0,3.16,1.58,0.11,0.22,18.4,0.00,0.00,0.00,0.26,0.26,0.08,0.09,0.09,https://fbref.com/en/players/e7f3e8a7/Chidera-Ejuke,e7f3e8a7,Jupiler Pro League
119,Jurgen Ekkelenkamp,NED,MF,Antwerp,23-278,2000,15.4,0.26,2.47,0.58,23.7,2.47,0.59,0.11,0.44,16.6,0.00,0.00,0.00,0.34,0.34,0.14,-0.08,-0.08,https://fbref.com/en/players/73d6a176/Jurgen-Ekkelenkamp,73d6a176,Jupiler Pro League
120,Renaud Emond,BEL,FW,Standard Liège,32-034,1991,1.1,0.00,1.82,0.00,0.0,1.82,0.00,0.00,,11.3,0.00,0.00,0.00,0.18,0.18,0.08,-0.18,-0.18,https://fbref.com/en/players/5c9ac7f0/Renaud-Emond,5c9ac7f0,Jupiler Pro League
121,Romaric Etonde,FRA,MF,Cercle Brugge,18-253,2005,0.1,0.00,0.00,0.00,,0.00,0.00,,,,0.00,0.00,0.00,0.00,0.00,,0.00,0.00,https://fbref.com/en/players/c99be6dd/Romaric-Etonde,c99be6dd,Jupiler Pro League
122,Alieu Fadera,GAM,FW,Genk,22-066,2001,9.0,0.33,2.22,0.89,40.0,2.23,0.89,0.15,0.38,17.7,0.00,0.00,0.00,0.22,0.22,0.10,0.11,0.11,https://fbref.com/en/players/53210e42/Alieu-Fadera,53210e42,Jupiler Pro League
123,Noah Fadiga,SEN,"DF,MF",Gent,24-036,1999,1.2,0.00,1.67,0.83,50.0,1.67,0.83,0.00,0.00,11.1,0.00,0.00,0.00,0.25,0.25,0.13,-0.25,-0.25,https://fbref.com/en/players/83f03b07/Noah-Fadiga,83f03b07,Jupiler Pro League
124,Matias Fernandez-Pardo,BEL,DF,Gent,18-339,2005,0.1,0.00,0.00,0.00,,0.00,0.00,,,,0.00,0.00,0.00,0.00,0.00,,0.00,0.00,https://fbref.com/en/players/0cdb6a2a/Matias-Fernandez-Pardo,0cdb6a2a,Jupiler Pro League
125,Fabio Ferraro,BEL,MF,RWD Molenbeek,21-127,2002,0.2,0.00,0.00,0.00,,0.00,0.00,,,,0.00,0.00,0.00,0.00,0.00,,0.00,0.00,https://fbref.com/en/players/9818e273/Fabio-Ferraro,9818e273,Jupiler Pro League
126,Oleksandr Filin,RUS,DF,Eupen,27-197,1996,1.8,0.00,1.11,0.56,50.0,1.13,0.57,0.00,0.00,9.7,0.00,0.00,0.00,0.06,0.06,0.04,-0.06,-0.06,https://fbref.com/en/players/9372f797/Oleksandr-Filin,9372f797,Jupiler Pro League
127,Alfreð Finnbogason,ISL,FW,Eupen,34-341,1989,9.6,0.10,2.08,0.73,35.0,2.09,0.73,0.05,0.14,15.1,0.00,0.00,0.00,0.23,0.23,0.11,-0.13,-0.13,https://fbref.com/en/players/f9e7c4ac/Alfred-Finnbogason,f9e7c4ac,Jupiler Pro League
128,Mathias Fixelles,BEL,MF,Westerlo,27-150,1996,4.3,0.00,1.40,0.00,0.0,1.39,0.00,0.00,,21.4,0.00,0.00,0.00,0.07,0.07,0.05,-0.07,-0.07,https://fbref.com/en/players/a668a7e2/Mathias-Fixelles,a668a7e2,Jupiler Pro League
129,Alexis Flips,FRA,"FW,MF",Anderlecht,23-355,2000,4.2,0.00,3.10,0.71,23.1,3.07,0.71,0.00,0.00,25.3,0.48,0.00,0.00,0.12,0.12,0.04,-0.12,-0.12,https://fbref.com/en/players/caef7840/Alexis-Flips,caef7840,Jupiler Pro League
130,Malick Fofana,BEL,"DF,MF",Gent,18-283,2005,12.7,0.16,2.13,0.79,37.0,2.12,0.79,0.07,0.20,16.5,0.00,0.00,0.00,0.15,0.15,0.07,0.01,0.01,https://fbref.com/en/players/8236f673/Malick-Fofana,8236f673,Jupiler Pro League
131,Núrio Fortuna,ANG,DF,Gent,28-290,1995,3.5,0.00,0.57,0.00,0.0,0.57,0.00,0.00,,20.6,0.00,0.00,0.00,0.09,0.09,0.13,-0.09,-0.09,https://fbref.com/en/players/16c149b8/Nurio-Fortuna,16c149b8,Jupiler Pro League
132,Marlon Fossey,USA,"DF,MF",Standard Liège,25-121,1998,12.8,0.00,0.16,0.00,0.0,0.16,0.00,0.00,,14.1,0.00,0.00,0.00,0.01,0.01,0.06,-0.01,-0.01,https://fbref.com/en/players/c7b9e548/Marlon-Fossey,c7b9e548,Jupiler Pro League
133,Daam Foulon,BEL,DF,Mechelen,24-291,1999,18.5,0.00,0.70,0.22,30.8,0.70,0.22,0.00,0.00,21.4,0.00,0.00,0.00,0.02,0.02,0.03,-0.02,-0.02,https://fbref.com/en/players/658d44be/Daam-Foulon,658d44be,Jupiler Pro League
134,Guillaume François,BEL,DF,Union SG,33-219,1990,0.7,0.00,0.00,0.00,,0.00,0.00,,,,0.00,0.00,0.00,0.00,0.00,,0.00,0.00,https://fbref.com/en/players/9a794238/Guillaume-Francois,9a794238,Jupiler Pro League
135,Matija Frigan,CRO,FW,Westerlo,20-331,2003,8.0,0.50,2.63,0.88,33.3,2.61,0.87,0.19,0.57,,,0.00,0.00,,,,,,https://fbref.com/en/players/6fa81fa5/Matija-Frigan,6fa81fa5,Jupiler Pro League
136,Joel Fujita,JPN,MF,Sint-Truiden,21-326,2002,3.6,0.28,1.39,0.56,40.0,1.40,0.56,0.20,0.50,24.0,0.00,0.00,0.00,0.06,0.06,0.05,0.22,0.22,https://fbref.com/en/players/e57ebd24/Joel-Fujita,e57ebd24,Jupiler Pro League
137,Matías Galarza,ARG,MF,Genk,21-310,2002,10.2,0.10,0.98,0.39,40.0,0.98,0.39,0.10,0.25,18.5,0.00,0.00,0.00,0.10,0.10,0.10,0.00,0.00,https://fbref.com/en/players/ea26f62e/Matias-Galarza,ea26f62e,Jupiler Pro League
138,Omri Gandelman,ISR,MF,Gent,23-237,2000,3.2,0.00,2.81,1.25,44.4,2.78,1.24,0.00,0.00,18.7,0.00,0.00,0.00,0.13,0.13,0.05,-0.13,-0.13,https://fbref.com/en/players/e4b121b3/Omri-Gandelman,e4b121b3,Jupiler Pro League
139,Yann Gboho,FRA,"MF,FW",Cercle Brugge,22-359,2001,15.4,0.00,2.60,0.58,22.5,2.60,0.59,0.00,0.00,17.1,0.00,0.00,0.00,0.23,0.23,0.09,-0.23,-0.23,https://fbref.com/en/players/6be41a31/Yann-Gboho,6be41a31,Jupiler Pro League
140,Théo Gécé,BEL,MF,RWD Molenbeek,22-300,2001,1.4,0.00,0.00,0.00,,0.00,0.00,,,,0.00,0.00,0.00,0.00,0.00,,0.00,0.00,https://fbref.com/en/players/9aea3176/Theo-Gece,9aea3176,Jupiler Pro League
141,Pieter Gerkens,BEL,"MF,FW",Gent,28-148,1995,2.1,0.00,2.86,0.48,16.7,2.80,0.47,0.00,0.00,15.5,0.00,0.00,0.00,0.24,0.24,0.08,-0.24,-0.24,https://fbref.com/en/players/e45ee4bc/Pieter-Gerkens,e45ee4bc,Jupiler Pro League
142,Nick Gillekens,BEL,GK,Westerlo,28-187,1995,4.0,0.00,0.00,0.00,,0.00,0.00,,,,0.00,0.00,0.00,0.00,0.00,,0.00,0.00,https://fbref.com/en/players/e1143dbd/Nick-Gillekens,e1143dbd,Jupiler Pro League
143,Bruno Godeau,BEL,DF,Sint-Truiden,31-243,1992,18.6,0.00,0.16,0.11,66.7,0.16,0.11,0.00,0.00,11.7,0.00,0.00,0.00,0.01,0.01,0.06,-0.01,-0.01,https://fbref.com/en/players/e0551ca0/Bruno-Godeau,e0551ca0,Jupiler Pro League
144,Fernand Gouré,CIV,"FW,MF",Westerlo,21-271,2002,0.3,0.00,6.67,3.33,50.0,6.00,3.00,0.00,0.00,8.0,0.00,0.00,0.00,1.00,1.00,0.13,-1.00,-1.00,https://fbref.com/en/players/a185343a/Fernand-Goure,a185343a,Jupiler Pro League
145,Makhtar Gueye,SEN,FW,RWD Molenbeek,26-035,1997,16.5,0.48,2.42,1.52,62.5,2.43,1.52,0.20,0.32,11.0,0.00,0.00,0.00,0.53,0.53,0.22,-0.05,-0.05,https://fbref.com/en/players/92b1763b/Makhtar-Gueye,92b1763b,Jupiler Pro League
146,Parfait Guiagon,CIV,"FW,MF",Charleroi,22-320,2001,9.3,0.32,2.15,0.54,25.0,2.16,0.54,0.15,0.60,19.0,0.00,0.00,0.00,0.15,0.15,0.07,0.17,0.17,https://fbref.com/en/players/5d8c77cf/Parfait-Guiagon,5d8c77cf,Jupiler Pro League
147,Muhammed Gümüskaya,TUR,MF,Westerlo,23-007,2001,0.9,0.00,3.33,0.00,0.0,3.42,0.00,0.00,,18.4,1.11,0.00,0.00,0.22,0.22,0.07,-0.22,-0.22,https://fbref.com/en/players/f804cfd9/Muhammed-Gumuskaya,f804cfd9,Jupiler Pro League
148,Pape Habib Guèye,SEN,FW,Kortrijk,24-110,1999,0.1,0.00,10.0,10.0,100.0,11.25,11.25,0.00,0.00,19.6,0.00,0.00,0.00,1.00,1.00,0.05,-1.00,-1.00,https://fbref.com/en/players/8c5f4501/Pape-Habib-Gueye,8c5f4501,Jupiler Pro League
149,Anouar Ait El Hadj,BEL,"MF,FW",Genk,21-263,2002,1.8,0.56,1.67,1.11,66.7,1.69,1.13,0.33,0.50,25.0,0.00,0.00,0.00,0.11,0.11,0.07,0.44,0.44,https://fbref.com/en/players/eb7f2e19/Anouar-Ait-El-Hadj,eb7f2e19,Jupiler Pro League
150,Bakary Haidara,CIV,DF,Westerlo,18-221,2005,3.9,0.00,0.77,0.26,33.3,0.77,0.26,0.00,0.00,17.5,0.00,0.00,0.00,0.03,0.03,0.05,-0.03,-0.03,https://fbref.com/en/players/e79b24cd/Bakary-Haidara,e79b24cd,Jupiler Pro League
151,Geoffry Hairemans,BEL,"FW,MF",Mechelen,32-079,1991,14.4,0.21,1.46,0.63,42.9,1.45,0.62,0.05,0.11,20.6,0.14,0.14,0.14,0.25,0.14,0.09,-0.04,-0.07,https://fbref.com/en/players/64aaee47/Geoffry-Hairemans,64aaee47,Jupiler Pro League
152,Daiki Hashioka,JPN,"DF,MF",Sint-Truiden,24-236,1999,16.0,0.13,1.69,0.75,44.4,1.69,0.75,0.07,0.17,16.3,0.00,0.00,0.00,0.10,0.10,0.06,0.03,0.03,https://fbref.com/en/players/10cb48b7/Daiki-Hashioka,10cb48b7,Jupiler Pro League
153,Dogucan Haspolat,TUR,MF,Westerlo,23-331,2000,2.9,0.00,0.34,0.34,100.0,0.34,0.34,0.00,0.00,27.8,0.00,0.00,0.00,0.03,0.03,0.05,-0.03,-0.03,https://fbref.com/en/players/f0f64209/Dogucan-Haspolat,f0f64209,Jupiler Pro League
154,Ibe Hautekiet,BEL,DF,Standard Liège,21-270,2002,0.6,0.00,0.00,0.00,,0.00,0.00,,,,0.00,0.00,0.00,0.00,0.00,,0.00,0.00,https://fbref.com/en/players/2ca07ad3/Ibe-Hautekiet,2ca07ad3,Jupiler Pro League
155,Isaac Hayden,ENG,MF,Standard Liège,28-292,1995,7.4,0.00,0.41,0.00,0.0,0.40,0.00,0.00,,13.5,0.00,0.00,0.00,0.03,0.03,0.06,-0.03,-0.03,https://fbref.com/en/players/c951a6df/Isaac-Hayden,c951a6df,Jupiler Pro League
156,Thorgan Hazard,BEL,FW,Anderlecht,30-285,1993,7.0,0.00,1.71,0.71,41.7,1.72,0.72,0.00,0.00,19.0,0.00,0.00,0.00,0.11,0.11,0.06,-0.11,-0.11,https://fbref.com/en/players/50871bcc/Thorgan-Hazard,50871bcc,Jupiler Pro League
157,David Henen,TOG,"MF,DF",Kortrijk,27-264,1996,2.9,0.00,1.72,0.34,20.0,1.70,0.34,0.00,0.00,22.7,0.00,0.00,0.00,0.07,0.07,0.05,-0.07,-0.07,https://fbref.com/en/players/4c13c3b9/David-Henen,4c13c3b9,Jupiler Pro League
158,Laurent Henkinet,BEL,GK,Standard Liège,31-116,1992,1.0,0.00,0.00,0.00,,0.00,0.00,,,,0.00,0.00,0.00,0.00,0.00,,0.00,0.00,https://fbref.com/en/players/362106da/Laurent-Henkinet,362106da,Jupiler Pro League
159,Jonathan Heris,BEL,DF,RWD Molenbeek,33-127,1990,9.7,0.00,0.62,0.00,0.0,0.62,0.00,0.00,,19.6,0.00,0.00,0.00,0.02,0.02,0.03,-0.02,-0.02,https://fbref.com/en/players/906458fa/Jonathan-Heris,906458fa,Jupiler Pro League
160,Daan Heymans,BEL,"MF,FW",Charleroi,24-207,1999,10.6,0.09,3.02,0.66,21.9,3.01,0.66,0.03,0.14,14.5,0.00,0.00,0.00,0.29,0.29,0.10,-0.20,-0.20,https://fbref.com/en/players/6d70c771/Daan-Heymans,6d70c771,Jupiler Pro League
161,Bryan Heynen,BEL,MF,Genk,26-336,1997,15.5,0.32,2.00,0.71,35.5,1.99,0.71,0.10,0.27,16.9,0.06,0.13,0.26,0.43,0.21,0.11,-0.10,-0.02,https://fbref.com/en/players/360e3062/Bryan-Heynen,360e3062,Jupiler Pro League
162,Andrew Hjulsager,DEN,"MF,FW",Gent,28-358,1995,7.9,0.00,3.04,0.63,20.8,3.05,0.64,0.00,0.00,22.8,0.00,0.00,0.00,0.16,0.16,0.05,-0.16,-0.16,https://fbref.com/en/players/2ef16f06/Andrew-Hjulsager,2ef16f06,Jupiler Pro League
163,Raphael Holzhauser,AUT,MF,OH Leuven,30-326,1993,0.8,0.00,3.75,0.00,0.0,3.75,0.00,0.00,,19.1,1.25,0.00,0.00,0.25,0.25,0.07,-0.25,-0.25,https://fbref.com/en/players/2f9c21da/Raphael-Holzhauser,2f9c21da,Jupiler Pro League
164,Patrik Hrošovský,SVK,MF,Genk,31-261,1992,13.8,0.00,1.45,0.22,15.0,1.45,0.22,0.00,0.00,20.4,0.00,0.00,0.00,0.08,0.08,0.06,-0.08,-0.08,https://fbref.com/en/players/f2d063ec/Patrik-Hrosovsky,f2d063ec,Jupiler Pro League
165,Guillaume Hubert,BEL,GK,RWD Molenbeek,29-362,1994,0.2,0.00,0.00,0.00,,0.00,0.00,,,,0.00,0.00,0.00,0.00,0.00,,0.00,0.00,https://fbref.com/en/players/b2a71e2c/Guillaume-Hubert,b2a71e2c,Jupiler Pro League
166,Nathan Huygevelde,BEL,MF,Union SG,19-350,2004,0.0,0,0,0,,0.00,0.00,,,,0,0,0,0.0,0.0,,0.0,0.0,https://fbref.com/en/players/a6144c62/Nathan-Huygevelde,a6144c62,Jupiler Pro League
167,Hong Hyunseok,KOR,"MF,DF",Gent,24-206,1999,11.8,0.25,1.02,0.42,41.7,1.02,0.42,0.25,0.60,15.9,0.00,0.00,0.00,0.14,0.14,0.14,0.11,0.11,https://fbref.com/en/players/9a234cc9/Hong-Hyunseok,9a234cc9,Jupiler Pro League
168,Mounaim El Idrissy,FRA,"FW,MF",Kortrijk,24-332,1999,7.0,0.00,1.57,0.14,9.1,1.58,0.14,0.00,0.00,17.9,0.00,0.00,0.00,0.13,0.13,0.08,-0.13,-0.13,https://fbref.com/en/players/fb0ee44e/Mounaim-El-Idrissy,fb0ee44e,Jupiler Pro League
169,Marco Ilaimaharitra,MAD,MF,Charleroi,28-166,1995,14.8,0.27,1.22,0.27,22.2,1.22,0.27,0.06,0.25,27.3,0.00,0.20,0.20,0.20,0.03,0.03,0.07,0.03,https://fbref.com/en/players/2ef25344/Marco-Ilaimaharitra,2ef25344,Jupiler Pro League
170,George Ilenikhena,FRA,"FW,MF",Antwerp,17-145,2006,3.0,1.67,5.00,3.00,60.0,4.95,2.97,0.33,0.56,13.0,0.00,0.00,0.00,0.97,0.97,0.19,0.70,0.70,https://fbref.com/en/players/78c3ad07/George-Ilenikhena,78c3ad07,Jupiler Pro League
171,Joachim Imbrechts,SWE,GK,Union SG,22-091,2001,0.2,0.00,0.00,0.00,,0.00,0.00,,,,0.00,0.00,0.00,0.00,0.00,,0.00,0.00,https://fbref.com/en/players/0940a7e0/Joachim-Imbrechts,0940a7e0,Jupiler Pro League
172,Ryotaro Ito,JPN,MF,Sint-Truiden,25-336,1998,14.3,0.14,2.10,0.91,43.3,2.09,0.91,0.07,0.15,21.5,0.14,0.00,0.00,0.17,0.17,0.08,-0.03,-0.03,https://fbref.com/en/players/8602157a/Ryotaro-Ito,8602157a,Jupiler Pro League
173,Vincent Janssen,NED,FW,Antwerp,29-207,1994,18.3,0.44,2.79,0.82,29.4,2.78,0.82,0.14,0.47,15.9,0.00,0.05,0.16,0.49,0.36,0.13,-0.05,0.02,https://fbref.com/en/players/31dce0c8/Vincent-Janssen,31dce0c8,Jupiler Pro League
174,Wolke Janssens,BEL,"DF,MF",Sint-Truiden,28-362,1995,1.2,0.00,0.00,0.00,,0.00,0.00,,,,0.00,0.00,0.00,0.00,0.00,,0.00,0.00,https://fbref.com/en/players/6fe7f397/Wolke-Janssens,6fe7f397,Jupiler Pro League
175,Edisson Jordanov,BUL,"DF,MF",Westerlo,30-214,1993,6.3,0.16,0.48,0.16,33.3,0.47,0.16,0.33,1.00,13.4,0.00,0.00,0.00,0.06,0.06,0.13,0.10,0.10,https://fbref.com/en/players/6492ae54/Edisson-Jordanov,6492ae54,Jupiler Pro League
176,Jutglà,ESP,FW,Club Brugge,24-341,1999,8.6,0.35,3.60,1.40,38.7,3.60,1.39,0.10,0.25,14.0,0.00,0.00,0.00,0.48,0.48,0.13,-0.13,-0.13,https://fbref.com/en/players/2a9f6b4d/Jutgla,2a9f6b4d,Jupiler Pro League
177,Elton Kabangu,BEL,"MF,FW",Union SG,25-334,1998,0.9,1.11,1.11,1.11,100.0,1.07,1.07,1.00,1.00,18.0,0.00,0.00,0.00,0.67,0.67,0.58,0.44,0.44,https://fbref.com/en/players/a4add370/Elton-Kabangu,a4add370,Jupiler Pro League
178,Abdelkahar Kadri,ALG,"MF,FW",Kortrijk,23-198,2000,17.1,0.12,1.81,0.53,29.0,1.81,0.53,0.06,0.22,20.3,0.29,0.00,0.00,0.21,0.21,0.12,-0.09,-0.09,https://fbref.com/en/players/248e61fc/Abdelkahar-Kadri,248e61fc,Jupiler Pro League
179,Marco Kana,BEL,MF,Anderlecht,21-153,2002,0.2,0.00,0.00,0.00,,0.00,0.00,,,,0.00,0.00,0.00,0.00,0.00,,0.00,0.00,https://fbref.com/en/players/adfdc73c/Marco-Kana,adfdc73c,Jupiler Pro League
180,Marco Kana,BEL,"MF,DF",Kortrijk,21-153,2002,13.2,0.00,0.38,0.08,20.0,0.38,0.08,0.00,0.00,21.8,0.00,0.00,0.00,0.02,0.02,0.06,-0.02,-0.02,https://fbref.com/en/players/adfdc73c/Marco-Kana,adfdc73c,Jupiler Pro League
181,Ismaël Kandouss,MAR,DF,Gent,26-057,1997,15.0,0.07,0.60,0.27,44.4,0.60,0.27,0.11,0.25,14.2,0.00,0.00,0.00,0.06,0.06,0.10,0.01,0.01,https://fbref.com/en/players/53342701/Ismael-Kandouss,53342701,Jupiler Pro League
182,Wilfried Kanga,CIV,FW,Standard Liège,25-321,1998,17.1,0.35,2.34,0.99,42.5,2.33,0.99,0.13,0.29,14.9,0.06,0.06,0.18,0.44,0.30,0.13,-0.09,-0.01,https://fbref.com/en/players/b4c816a9/Wilfried-Kanga,b4c816a9,Jupiler Pro League
183,Hayao Kawabe,JPN,"MF,FW",Standard Liège,28-122,1995,15.8,0.38,1.65,0.76,46.2,1.65,0.76,0.23,0.50,17.4,0.19,0.00,0.00,0.13,0.13,0.08,0.25,0.25,https://fbref.com/en/players/8142a510/Hayao-Kawabe,8142a510,Jupiler Pro League
184,Fatih Kaya,,FW,Sint-Truiden,24-056,1999,11.4,0.00,3.16,0.53,16.7,3.16,0.53,0.00,0.00,13.2,0.00,0.00,0.00,0.36,0.36,0.11,-0.36,-0.36,https://fbref.com/en/players/3e56a918/Fatih-Kaya,3e56a918,Jupiler Pro League
185,Joris Kayembe,COD,DF,Genk,29-153,1994,9.7,0.10,0.52,0.21,40.0,0.52,0.21,0.20,0.50,15.6,0.00,0.00,0.00,0.05,0.05,0.11,0.05,0.05,https://fbref.com/en/players/4657faba/Joris-Kayembe,4657faba,Jupiler Pro League
186,Emilio Kehrer,GER,"MF,DF",Cercle Brugge,21-294,2002,0.4,0.00,0.00,0.00,,0.00,0.00,,,,0.00,0.00,0.00,0.00,0.00,,0.00,0.00,https://fbref.com/en/players/ae77ae22/Emilio-Kehrer,ae77ae22,Jupiler Pro League
187,Amadou Keita,GUI,"MF,FW",Eupen,22-072,2001,10.6,0.09,0.94,0.57,60.0,0.95,0.57,0.10,0.17,17.7,0.00,0.00,0.00,0.12,0.12,0.13,-0.03,-0.03,https://fbref.com/en/players/1a2098a4/Amadou-Keita,1a2098a4,Jupiler Pro League
188,Mandela Keita,BEL,MF,OH Leuven,21-243,2002,0.7,0.00,0.00,0.00,,0.00,0.00,,,,0.00,0.00,0.00,0.00,0.00,,0.00,0.00,https://fbref.com/en/players/f5692b25/Mandela-Keita,f5692b25,Jupiler Pro League
189,Mandela Keita,BEL,MF,Antwerp,21-243,2002,9.8,0.00,0.82,0.10,12.5,0.81,0.10,0.00,0.00,31.5,0.00,0.00,0.00,0.02,0.02,0.02,-0.02,-0.02,https://fbref.com/en/players/f5692b25/Mandela-Keita,f5692b25,Jupiler Pro League
190,Gyrano Kerk,NED,"FW,MF",Antwerp,28-037,1995,7.3,0.14,1.78,0.27,15.4,1.78,0.27,0.08,0.50,12.7,0.00,0.00,0.00,0.27,0.27,0.15,-0.14,-0.14,https://fbref.com/en/players/eb907bfc/Gyrano-Kerk,eb907bfc,Jupiler Pro League
191,Bilal El Khannouss,MAR,MF,Genk,19-243,2004,17.3,0.17,1.91,0.46,24.2,1.91,0.46,0.09,0.38,22.2,0.00,0.00,0.00,0.09,0.09,0.05,0.08,0.08,https://fbref.com/en/players/f7042636/Bilal-El-Khannouss,f7042636,Jupiler Pro League
192,Sofian Kiyine,MAR,"MF,FW",OH Leuven,26-098,1997,3.2,0.00,1.56,0.00,0.0,1.58,0.00,0.00,,24.6,0.00,0.00,0.00,0.06,0.06,0.03,-0.06,-0.06,https://fbref.com/en/players/ce1806be/Sofian-Kiyine,ce1806be,Jupiler Pro League
193,Willian Klaus,BRA,DF,RWD Molenbeek,29-362,1994,13.8,0.00,0.43,0.07,16.7,0.44,0.07,0.00,0.00,9.6,0.00,0.00,0.00,0.02,0.02,0.06,-0.02,-0.02,https://fbref.com/en/players/ddc86898/Willian-Klaus,ddc86898,Jupiler Pro League
194,Stefan Knežević,SUI,DF,Charleroi,27-070,1996,9.0,0.00,0.33,0.11,33.3,0.33,0.11,0.00,0.00,9.0,0.00,0.00,0.00,0.02,0.02,0.08,-0.02,-0.02,https://fbref.com/en/players/bf87bb6e/Stefan-Knezevic,bf87bb6e,Jupiler Pro League
195,Hervé Koffi,BFA,GK,Charleroi,27-084,1996,20.0,0.00,0.05,0.05,100.0,0.05,0.05,0.00,0.00,18.4,0.00,0.00,0.00,0.00,0.00,0.02,0.00,0.00,https://fbref.com/en/players/faf873a7/Herve-Koffi,faf873a7,Jupiler Pro League
196,Aboubakary Koita,MTN,"MF,FW",Sint-Truiden,25-110,1998,19.8,0.56,4.49,1.57,34.8,4.50,1.57,0.09,0.26,23.6,0.66,0.15,0.15,0.39,0.27,0.06,0.17,0.13,https://fbref.com/en/players/6e1e6687/Aboubakary-Koita,6e1e6687,Jupiler Pro League
197,Mory Konaté,GUI,MF,Mechelen,30-054,1993,12.0,0.00,0.75,0.25,33.3,0.75,0.25,0.00,0.00,19.6,0.00,0.00,0.00,0.07,0.07,0.12,-0.07,-0.07,https://fbref.com/en/players/9dc7a01e/Mory-Konate,9dc7a01e,Jupiler Pro League
198,Youssouf Koné,MLI,DF,RWD Molenbeek,28-187,1995,6.1,0.00,0.33,0.16,50.0,0.33,0.16,0.00,0.00,27.3,0.00,0.00,0.00,0.00,0.00,0.02,0.00,0.00,https://fbref.com/en/players/e6eadfb8/Youssouf-Kone,e6eadfb8,Jupiler Pro League
199,Jan Král,CZE,DF,Eupen,24-278,1999,8.4,0.12,0.95,0.48,50.0,0.95,0.47,0.13,0.25,12.4,0.00,0.00,0.00,0.10,0.10,0.10,0.02,0.02,https://fbref.com/en/players/50ac120d/Jan-Kral,50ac120d,Jupiler Pro League
200,Sven Kums,BEL,MF,Gent,35-316,1988,19.2,0.05,0.78,0.26,33.3,0.78,0.26,0.07,0.20,20.9,0.00,0.00,0.00,0.03,0.03,0.04,0.02,0.02,https://fbref.com/en/players/83534f30/Sven-Kums,83534f30,Jupiler Pro League
201,Bram Lagae,BEL,DF,Gent,19-359,2004,1.5,0.00,0.67,0.00,0.0,0.67,0.00,0.00,,30.4,0.00,0.00,0.00,0.00,0.00,0.02,0.00,0.00,https://fbref.com/en/players/30d0fa15/Bram-Lagae,30d0fa15,Jupiler Pro League
202,Konstantinos Laifis,CYP,DF,Standard Liège,30-234,1993,8.7,0.00,0.23,0.00,0.0,0.23,0.00,0.00,,14.9,0.00,0.00,0.00,0.01,0.01,0.04,-0.01,-0.01,https://fbref.com/en/players/ebca82e8/Konstantinos-Laifis,ebca82e8,Jupiler Pro League
203,Boris lambert,BEL,MF,Eupen,23-273,2000,6.9,0.00,0.72,0.00,0.0,0.73,0.00,0.00,,24.5,0.00,0.00,0.00,0.04,0.04,0.06,-0.04,-0.04,https://fbref.com/en/players/d81c072d/Boris-lambert,d81c072d,Jupiler Pro League
204,Loïc Lapoussin,MAD,"DF,MF",Union SG,27-287,1996,16.8,0.18,1.73,0.60,34.5,1.73,0.60,0.10,0.30,18.3,0.00,0.00,0.00,0.15,0.15,0.09,0.03,0.03,https://fbref.com/en/players/8b5504e1/Loic-Lapoussin,8b5504e1,Jupiler Pro League
205,Lion Lauberbach,GER,FW,Mechelen,25-327,1998,14.7,0.14,2.38,0.61,25.7,2.38,0.61,0.06,0.22,10.6,0.00,0.00,0.00,0.39,0.39,0.16,-0.25,-0.25,https://fbref.com/en/players/be738efd/Lion-Lauberbach,be738efd,Jupiler Pro League
206,Dimitri Lavalée,BEL,DF,Mechelen,26-360,1997,2.1,0.00,0.00,0.00,,0.00,0.00,,,,0.00,0.00,0.00,0.00,0.00,,0.00,0.00,https://fbref.com/en/players/50e73475/Dimitri-Lavalee,50e73475,Jupiler Pro League
207,Florian Le Joncour,FRA,DF,RWD Molenbeek,28-339,1995,7.7,0.00,0.26,0.26,100.0,0.26,0.26,0.00,0.00,13.3,0.00,0.00,0.00,0.01,0.01,0.04,-0.01,-0.01,https://fbref.com/en/players/3a229338/Florian-Le-Joncour,3a229338,Jupiler Pro League
208,Félix Lemaréchal,FRA,"MF,FW",Cercle Brugge,20-154,2003,9.2,0.00,1.41,0.22,15.4,1.42,0.22,0.00,0.00,21.4,0.00,0.00,0.00,0.07,0.07,0.05,-0.07,-0.07,https://fbref.com/en/players/8ca9415f/Felix-Lemarechal,8ca9415f,Jupiler Pro League
209,Theo Leoni,BEL,MF,Anderlecht,23-262,2000,15.2,0.20,0.79,0.39,50.0,0.79,0.40,0.25,0.50,21.6,0.00,0.00,0.00,0.11,0.11,0.13,0.09,0.09,https://fbref.com/en/players/afc923fc/Theo-Leoni,afc923fc,Jupiler Pro League
210,Fedde Leysen,BEL,DF,Union SG,20-183,2003,3.7,0.00,0.54,0.00,0.0,0.54,0.00,0.00,,20.3,0.00,0.00,0.00,0.08,0.08,0.15,-0.08,-0.08,https://fbref.com/en/players/19b3caf7/Fedde-Leysen,19b3caf7,Jupiler Pro League
211,Tobe Leysen,BEL,GK,OH Leuven,21-305,2002,6.0,0.00,0.00,0.00,,0.00,0.00,,,,0.00,0.00,0.00,0.00,0.00,,0.00,0.00,https://fbref.com/en/players/098525c6/Tobe-Leysen,098525c6,Jupiler Pro League
212,Jonas Lietaert,BEL,"DF,FW",Cercle Brugge,19-176,2004,0.5,0.00,0.00,0.00,,0.00,0.00,,,,0.00,0.00,0.00,0.00,0.00,,0.00,0.00,https://fbref.com/en/players/9e00bc43/Jonas-Lietaert,9e00bc43,Jupiler Pro League
213,Justin Lonwijk,NED,"MF,FW",Anderlecht,24-018,1999,0.5,0.00,6.00,0.00,0.0,6.43,0.00,0.00,,23.2,0.00,0.00,0.00,0.80,0.80,0.14,-0.80,-0.80,https://fbref.com/en/players/9cf14be5/Justin-Lonwijk,9cf14be5,Jupiler Pro League
214,Senne Lynen,BEL,MF,Union SG,24-323,1999,2.0,0.00,2.00,0.00,0.0,2.00,0.00,0.00,,18.1,0.00,0.00,0.00,0.10,0.10,0.06,-0.10,-0.10,https://fbref.com/en/players/0ed60738/Senne-Lynen,0ed60738,Jupiler Pro League
215,Kevin Mac Allister,ARG,DF,Union SG,26-062,1997,16.0,0.00,0.63,0.06,10.0,0.63,0.06,0.00,0.00,10.3,0.00,0.00,0.00,0.06,0.06,0.09,-0.06,-0.06,https://fbref.com/en/players/0cb35466/Kevin-Mac-Allister,0cb35466,Jupiler Pro League
216,Koki Machida,JPN,DF,Union SG,26-136,1997,16.9,0.00,0.83,0.36,42.9,0.83,0.35,0.00,0.00,13.6,0.00,0.00,0.00,0.07,0.07,0.08,-0.07,-0.07,https://fbref.com/en/players/958ede06/Koki-Machida,958ede06,Jupiler Pro League
217,Nicolas Madsen,DEN,MF,Westerlo,23-297,2000,14.9,0.54,1.21,0.47,38.9,1.21,0.47,0.17,0.43,24.2,0.27,0.34,0.34,0.34,0.08,0.06,0.19,0.12,https://fbref.com/en/players/6d7e4b06/Nicolas-Madsen,6d7e4b06,Jupiler Pro League
218,Mathieu Maertens,BEL,"MF,FW",OH Leuven,28-287,1995,2.8,0.00,2.86,0.36,12.5,2.85,0.36,0.00,0.00,18.4,0.00,0.00,0.00,0.14,0.14,0.05,-0.14,-0.14,https://fbref.com/en/players/bb8c40dd/Mathieu-Maertens,bb8c40dd,Jupiler Pro League
219,Gary Magnée,BEL,DF,Eupen,24-088,1999,17.6,0.11,1.08,0.23,21.1,1.08,0.23,0.05,0.25,22.7,0.17,0.06,0.06,0.10,0.05,0.05,0.02,0.01,https://fbref.com/en/players/8396933c/Gary-Magnee,8396933c,Jupiler Pro League
220,Yonas Malede,ISR,"FW,MF",Mechelen,24-055,1999,2.9,0.00,1.72,0.69,40.0,1.70,0.68,0.00,0.00,19.6,0.00,0.00,0.00,0.21,0.21,0.11,-0.21,-0.21,https://fbref.com/en/players/626e647c/Yonas-Malede,626e647c,Jupiler Pro League
221,Kristiyan Malinov,BUL,MF,Kortrijk,29-284,1994,7.7,0.00,1.56,0.26,16.7,1.55,0.26,0.00,0.00,22.2,0.13,0.00,0.00,0.06,0.06,0.05,-0.06,-0.06,https://fbref.com/en/players/91c836eb/Kristiyan-Malinov,91c836eb,Jupiler Pro League
222,Mark Mampasi,UKR,DF,Kortrijk,20-302,2003,12.8,0.00,0.23,0.00,0.0,0.23,0.00,0.00,,16.3,0.00,0.00,0.00,0.01,0.01,0.05,-0.01,-0.01,https://fbref.com/en/players/a3475c65/Mark-Mampasi,a3475c65,Jupiler Pro League
223,Damien Marcq,FRA,DF,Charleroi,35-031,1988,13.3,0.00,0.23,0.00,0.0,0.23,0.00,0.00,,11.7,0.00,0.00,0.00,0.02,0.02,0.07,-0.02,-0.02,https://fbref.com/en/players/b9a2792f/Damien-Marcq,b9a2792f,Jupiler Pro League
224,Yusuke Matsuo,JPN,"MF,FW",Westerlo,26-169,1997,9.3,0.00,2.15,0.97,45.0,2.16,0.97,0.00,0.00,17.4,0.00,0.00,0.00,0.15,0.15,0.07,-0.15,-0.15,https://fbref.com/en/players/833be6ea/Yusuke-Matsuo,833be6ea,Jupiler Pro League
225,Youssef Maziz,FRA,"MF,FW",OH Leuven,25-198,1998,9.6,0.31,1.88,0.63,33.3,1.87,0.62,0.17,0.50,21.0,0.10,0.00,0.00,0.21,0.21,0.11,0.10,0.10,https://fbref.com/en/players/514270e8/Youssef-Maziz,514270e8,Jupiler Pro League
226,Dylan Mbayo,BEL,"FW,MF",Kortrijk,22-089,2001,5.0,0.00,1.60,0.40,25.0,1.60,0.40,0.00,0.00,13.2,0.00,0.00,0.00,0.14,0.14,0.09,-0.14,-0.14,https://fbref.com/en/players/18d5f9e8/Dylan-Mbayo,18d5f9e8,Jupiler Pro League
227,Isaac Mbenza,BEL,"DF,FW",Charleroi,27-306,1996,12.4,0.08,1.94,0.89,45.8,1.94,0.89,0.04,0.09,23.2,0.08,0.00,0.00,0.11,0.11,0.06,-0.03,-0.03,https://fbref.com/en/players/aa1a8c7e/Isaac-Mbenza,aa1a8c7e,Jupiler Pro League
228,Pathé Mboup,SEN,FW,RWD Molenbeek,20-135,2003,5.9,0.17,2.37,0.85,35.7,2.39,0.85,0.07,0.20,,,0.00,0.00,,,,,,https://fbref.com/en/players/a9fcdd09/Pathe-Mboup,a9fcdd09,Jupiler Pro League
229,Mark McKenzie,USA,DF,Genk,24-317,1999,10.9,0.00,0.64,0.28,42.9,0.64,0.27,0.00,0.00,9.2,0.00,0.00,0.00,0.05,0.05,0.08,-0.05,-0.05,https://fbref.com/en/players/a5f5d094/Mark-McKenzie,a5f5d094,Jupiler Pro League
230,Adedire Mebude,SCO,"MF,FW",Westerlo,19-225,2004,1.1,0.00,2.73,0.91,33.3,2.76,0.92,0.00,0.00,15.0,0.00,0.00,0.00,0.09,0.09,0.05,-0.09,-0.09,https://fbref.com/en/players/112bd859/Adedire-Mebude,112bd859,Jupiler Pro League
231,Brandon Mechele,BEL,DF,Club Brugge,30-345,1993,19.8,0.05,0.40,0.10,25.0,0.40,0.10,0.13,0.50,9.6,0.00,0.00,0.00,0.03,0.03,0.07,0.02,0.02,https://fbref.com/en/players/0a6dbbf7/Brandon-Mechele,0a6dbbf7,Jupiler Pro League
232,Nayel Mehssatou,CHI,"DF,MF",Kortrijk,21-272,2002,13.2,0.00,0.68,0.08,11.1,0.68,0.08,0.00,0.00,19.6,0.00,0.00,0.00,0.03,0.03,0.05,-0.03,-0.03,https://fbref.com/en/players/3cc3732e/Nayel-Mehssatou,3cc3732e,Jupiler Pro League
233,Bjorn Meijer,NED,DF,Club Brugge,20-296,2003,5.9,0.00,0.34,0.34,100.0,0.34,0.34,0.00,0.00,9.1,0.00,0.00,0.00,0.07,0.07,0.19,-0.07,-0.07,https://fbref.com/en/players/95f5aae8/Bjorn-Meijer,95f5aae8,Jupiler Pro League
234,Hamza Mendyl,MAR,"DF,MF",OH Leuven,26-079,1997,15.5,0.19,0.65,0.45,70.0,0.64,0.45,0.30,0.43,15.1,0.00,0.00,0.00,0.10,0.10,0.15,0.10,0.10,https://fbref.com/en/players/f99fe221/Hamza-Mendyl,f99fe221,Jupiler Pro League
235,Xavier Mercier,FRA,"MF,FW",RWD Molenbeek,34-167,1989,12.3,0.16,1.79,0.65,36.4,1.79,0.65,0.09,0.25,21.8,0.49,0.00,0.00,0.17,0.17,0.09,-0.01,-0.01,https://fbref.com/en/players/de89f3c3/Xavier-Mercier,de89f3c3,Jupiler Pro League
236,Billel Messaoudi,ALG,"DF,MF",Kortrijk,26-018,1997,0.3,0.00,0.00,0.00,,0.00,0.00,,,,0.00,0.00,0.00,0.00,0.00,,0.00,0.00,https://fbref.com/en/players/469ddf42/Billel-Messaoudi,469ddf42,Jupiler Pro League
237,Senna Miangue,BEL,DF,Cercle Brugge,26-337,1997,3.9,0.00,1.03,0.26,25.0,1.02,0.26,0.00,0.00,11.4,0.00,0.00,0.00,0.08,0.08,0.07,-0.08,-0.08,https://fbref.com/en/players/42591ed0/Senna-Miangue,42591ed0,Jupiler Pro League
238,Alex Mighten,ENG,MF,Kortrijk,21-272,2002,2.7,0.00,0.00,0.00,,0.00,0.00,,,,0.00,0.00,0.00,0.00,0.00,,0.00,0.00,https://fbref.com/en/players/10ec4169/Alex-Mighten,10ec4169,Jupiler Pro League
239,Simon Mignolet,BEL,GK,Club Brugge,35-308,1988,20.0,0.00,0.00,0.00,,0.00,0.00,,,,0.00,0.00,0.00,0.00,0.00,,0.00,0.00,https://fbref.com/en/players/d436eb94/Simon-Mignolet,d436eb94,Jupiler Pro League
240,Florian Miguel,FRA,DF,OH Leuven,27-129,1996,12.2,0.00,0.66,0.16,25.0,0.65,0.16,0.00,0.00,17.1,0.00,0.00,0.00,0.03,0.03,0.05,-0.03,-0.03,https://fbref.com/en/players/b66d1d8a/Florian-Miguel,b66d1d8a,Jupiler Pro League
241,Alan Minda,ECU,"FW,MF",Cercle Brugge,20-239,2003,8.3,0.36,2.89,0.84,29.2,2.88,0.84,0.13,0.43,16.1,0.00,0.00,0.00,0.29,0.29,0.10,0.07,0.07,https://fbref.com/en/players/9cfd5b00/Alan-Minda,9cfd5b00,Jupiler Pro League
242,Kento Misao,JPN,MF,OH Leuven,27-267,1996,6.1,0.16,0.98,0.16,16.7,0.98,0.16,0.17,1.00,23.0,0.00,0.00,0.00,0.03,0.03,0.03,0.13,0.13,https://fbref.com/en/players/6c4a8112/Kento-Misao,6c4a8112,Jupiler Pro League
243,Kevin Möhwald,GER,"MF,FW",Eupen,30-189,1993,9.0,0.11,0.78,0.22,28.6,0.78,0.22,0.14,0.50,24.4,0.00,0.00,0.00,0.06,0.06,0.07,0.06,0.06,https://fbref.com/en/players/a5ce09f2/Kevin-Mohwald,a5ce09f2,Jupiler Pro League
244,Lars Montegnies,BEL,MF,Kortrijk,18-054,2005,1.9,0.00,0.00,0.00,,0.00,0.00,,,,0.00,0.00,0.00,0.00,0.00,,0.00,0.00,https://fbref.com/en/players/3cd16c00/Lars-Montegnies,3cd16c00,Jupiler Pro League
245,Roméo Monticelli,BEL,DF,Charleroi,18-098,2005,0.8,0.00,2.50,0.00,0.0,2.50,0.00,0.00,,5.7,0.00,0.00,0.00,0.37,0.37,0.17,-0.37,-0.37,https://fbref.com/en/players/4199041e/Romeo-Monticelli,4199041e,Jupiler Pro League
246,Ryota Morioka,JPN,MF,Charleroi,32-271,1991,7.5,0.00,1.47,0.40,27.3,1.46,0.40,0.00,0.00,22.8,0.00,0.00,0.00,0.09,0.09,0.07,-0.09,-0.09,https://fbref.com/en/players/e85ec097/Ryota-Morioka,e85ec097,Jupiler Pro League
247,Anthony Moris,LUX,GK,Union SG,33-254,1990,19.8,0.00,0.00,0.00,,0.00,0.00,,,,0.00,0.00,0.00,0.00,0.00,,0.00,0.00,https://fbref.com/en/players/99351886/Anthony-Moris,99351886,Jupiler Pro League
248,Kerim Mrabti,SWE,"MF,FW",Mechelen,29-233,1994,18.6,0.16,1.34,0.54,40.0,1.35,0.54,0.12,0.30,21.0,0.00,0.00,0.00,0.10,0.10,0.08,0.06,0.06,https://fbref.com/en/players/e1c810b8/Kerim-Mrabti,e1c810b8,Jupiler Pro League
249,Suphanat Mueanta,THA,"MF,DF",OH Leuven,21-159,2002,1.0,1.00,1.00,1.00,100.0,1.00,1.00,1.00,1.00,12.1,0.00,0.00,0.00,0.30,0.30,0.27,0.70,0.70,https://fbref.com/en/players/eaa78b71/Suphanat-Mueanta,eaa78b71,Jupiler Pro League
250,Arbnor Muja,ALB,"FW,MF",Antwerp,25-040,1998,11.1,0.45,3.06,1.17,38.2,3.08,1.18,0.15,0.38,18.3,0.00,0.00,0.00,0.35,0.35,0.11,0.10,0.10,https://fbref.com/en/players/7767cb03/Arbnor-Muja,7767cb03,Jupiler Pro League
251,Ngal'Ayel Mukau,BEL,MF,Mechelen,19-039,2004,4.0,0.00,0.00,0.00,,0.00,0.00,,,,0.00,0.00,0.00,0.00,0.00,,0.00,0.00,https://fbref.com/en/players/bb461b8a/NgalAyel-Mukau,bb461b8a,Jupiler Pro League
252,Romaine Mundle,ENG,"FW,MF",Standard Liège,20-259,2003,1.5,0.00,1.33,1.33,100.0,1.32,1.32,0.00,0.00,19.2,0.00,0.00,0.00,0.07,0.07,0.05,-0.07,-0.07,https://fbref.com/en/players/597610cd/Romaine-Mundle,597610cd,Jupiler Pro League
253,Daniel Muñoz,COL,DF,Genk,27-227,1996,15.0,0.33,1.33,0.53,40.0,1.33,0.53,0.25,0.63,12.9,0.00,0.00,0.00,0.22,0.22,0.16,0.11,0.11,https://fbref.com/en/players/778ef829/Daniel-Munoz,778ef829,Jupiler Pro League
254,Moussa N'Diaye,SEN,DF,Anderlecht,21-204,2002,7.2,0.14,0.69,0.28,40.0,0.70,0.28,0.20,0.50,9.0,0.00,0.00,0.00,0.08,0.08,0.12,0.06,0.06,https://fbref.com/en/players/b28edf04/Moussa-NDiaye,b28edf04,Jupiler Pro League
255,Ignace N'Dri,CIV,"DF,FW",OH Leuven,23-073,2000,4.3,0.00,2.33,1.16,50.0,2.31,1.15,0.00,0.00,19.4,0.00,0.00,0.00,0.16,0.16,0.07,-0.16,-0.16,https://fbref.com/en/players/17329380/Ignace-NDri,17329380,Jupiler Pro League
256,Paul Nardi,FRA,GK,Gent,29-235,1994,10.0,0.00,0.00,0.00,,0.00,0.00,,,,0.00,0.00,0.00,0.00,0.00,,0.00,0.00,https://fbref.com/en/players/2d70dbe5/Paul-Nardi,2d70dbe5,Jupiler Pro League
257,Flávio Nazinho,POR,"DF,FW",Cercle Brugge,20-172,2003,6.5,0.00,0.77,0.15,20.0,0.77,0.15,0.00,0.00,35.7,0.00,0.00,0.00,0.02,0.02,0.02,-0.02,-0.02,https://fbref.com/en/players/e7281ea9/Flavio-Nazinho,e7281ea9,Jupiler Pro League
258,Roman Neustädter,RUS,DF,Westerlo,35-324,1988,14.4,0.00,0.21,0.00,0.0,0.21,0.00,0.00,,11.6,0.00,0.00,0.00,0.01,0.01,0.07,-0.01,-0.01,https://fbref.com/en/players/98d5ecc2/Roman-Neustadter,98d5ecc2,Jupiler Pro League
259,Pierre-Yves Ngawa,BEL,"DF,MF",OH Leuven,31-333,1992,0.7,0.00,1.43,0.00,0.0,1.34,0.00,0.00,,25.1,0.00,0.00,0.00,0.14,0.14,0.07,-0.14,-0.14,https://fbref.com/en/players/25c669a8/Pierre-Yves-Ngawa,25c669a8,Jupiler Pro League
260,Julien Ngoy,BEL,"FW,MF",Mechelen,26-067,1997,1.5,0.00,0.67,0.67,100.0,0.65,0.65,0.00,0.00,11.4,0.00,0.00,0.00,0.00,0.00,0.05,0.00,0.00,https://fbref.com/en/players/87449a74/Julien-Ngoy,87449a74,Jupiler Pro League
261,Nathan Ngoy,BEL,DF,Standard Liège,20-212,2003,13.1,0.08,0.46,0.23,50.0,0.46,0.23,0.17,0.33,17.6,0.00,0.00,0.00,0.02,0.02,0.04,0.05,0.05,https://fbref.com/en/players/eb7abf2e/Nathan-Ngoy,eb7abf2e,Jupiler Pro League
262,Casper Nielsen,DEN,MF,Club Brugge,29-254,1994,6.6,0.00,1.21,0.30,25.0,1.20,0.30,0.00,0.00,22.8,0.00,0.00,0.00,0.08,0.08,0.07,-0.08,-0.08,https://fbref.com/en/players/f6a90edd/Casper-Nielsen,f6a90edd,Jupiler Pro League
263,Bart Nieuwkoop,NED,DF,Union SG,27-307,1996,2.0,0.00,1.50,0.00,0.0,1.50,0.00,0.00,,12.0,0.00,0.00,0.00,0.10,0.10,0.08,-0.10,-0.10,https://fbref.com/en/players/f40dd3c7/Bart-Nieuwkoop,f40dd3c7,Jupiler Pro League
264,Gustaf Nilsson,SWE,FW,Union SG,26-230,1997,8.5,0.94,3.06,0.94,30.8,3.04,0.94,0.19,0.63,14.3,0.00,0.35,0.35,0.79,0.51,0.17,0.15,0.08,https://fbref.com/en/players/a7d48b00/Gustaf-Nilsson,a7d48b00,Jupiler Pro League
265,Ken Nkuba,BEL,DF,Charleroi,21-352,2002,0.5,0.00,0.00,0.00,,0.00,0.00,,,,0.00,0.00,0.00,0.00,0.00,,0.00,0.00,https://fbref.com/en/players/1c51983c/Ken-Nkuba,1c51983c,Jupiler Pro League
266,Lucas Noubi,BEL,DF,Standard Liège,18-358,2005,3.8,0.00,0.26,0.00,0.0,0.26,0.00,0.00,,31.6,0.00,0.00,0.00,0.00,0.00,0.01,0.00,0.00,https://fbref.com/en/players/436168da/Lucas-Noubi,436168da,Jupiler Pro League
267,Nachon Nsingi,BEL,"FW,MF",OH Leuven,22-259,2001,9.9,0.10,2.02,0.71,35.0,2.02,0.71,0.05,0.14,16.5,0.00,0.00,0.00,0.21,0.21,0.11,-0.11,-0.11,https://fbref.com/en/players/a373ffb1/Nachon-Nsingi,a373ffb1,Jupiler Pro League
268,Mitchy Ntelo,BEL,"FW,DF",Charleroi,22-249,2001,0.4,0.00,2.50,0.00,0.0,2.37,0.00,0.00,,13.8,0.00,0.00,0.00,0.25,0.25,0.06,-0.25,-0.25,https://fbref.com/en/players/a011d33a/Mitchy-Ntelo,a011d33a,Jupiler Pro League
269,Isaac Nuhu,GHA,"FW,MF",Eupen,21-200,2002,18.6,0.22,3.06,1.02,33.3,3.07,1.02,0.07,0.21,20.9,0.00,0.00,0.00,0.31,0.31,0.10,-0.09,-0.09,https://fbref.com/en/players/617deb10/Isaac-Nuhu,617deb10,Jupiler Pro League
270,Manaf Nurudeen,GHA,GK,Eupen,24-334,1999,2.0,0.00,0.00,0.00,,0.00,0.00,,,,0.00,0.00,0.00,0.00,0.00,,0.00,0.00,https://fbref.com/en/players/4152a80c/Manaf-Nurudeen,4152a80c,Jupiler Pro League
271,Antonio Nusa,NOR,FW,Club Brugge,18-266,2005,7.7,0.26,3.38,1.17,34.6,3.36,1.16,0.08,0.22,17.3,0.00,0.00,0.00,0.19,0.19,0.06,0.06,0.06,https://fbref.com/en/players/4ab12002/Antonio-Nusa,4ab12002,Jupiler Pro League
272,Aiden O'Neill,AUS,MF,Standard Liège,25-188,1998,13.1,0.00,0.46,0.08,16.7,0.46,0.08,0.00,0.00,24.2,0.00,0.00,0.00,0.02,0.02,0.04,-0.02,-0.02,https://fbref.com/en/players/c7aee75b/Aiden-ONeill,c7aee75b,Jupiler Pro League
273,Denis Odoi,GHA,DF,Club Brugge,35-226,1988,4.6,0.00,0.87,0.22,25.0,0.87,0.22,0.00,0.00,19.0,0.00,0.00,0.00,0.07,0.07,0.07,-0.07,-0.07,https://fbref.com/en/players/f7750aa0/Denis-Odoi,f7750aa0,Jupiler Pro League
274,Ryoya Ogawa,JPN,DF,Sint-Truiden,27-045,1996,0.0,0,0,0,,0.00,0.00,,,,0,0,0,0.0,0.0,,0.0,0.0,https://fbref.com/en/players/22ef9912/Ryoya-Ogawa,22ef9912,Jupiler Pro League
275,Noah Ohio,NED,FW,Standard Liège,20-357,2003,3.4,0.00,3.53,1.18,33.3,3.56,1.19,0.00,0.00,16.9,0.00,0.00,0.00,0.26,0.26,0.08,-0.26,-0.26,https://fbref.com/en/players/47ad225e/Noah-Ohio,47ad225e,Jupiler Pro League
276,Sheyi Ojo,ENG,"FW,DF",Kortrijk,26-203,1997,12.7,0.08,2.52,1.02,40.6,2.51,1.02,0.03,0.08,19.3,0.16,0.00,0.00,0.17,0.17,0.07,-0.09,-0.09,https://fbref.com/en/players/7b9a86e6/Sheyi-Ojo,7b9a86e6,Jupiler Pro League
277,Shinji Okazaki,JPN,"FW,MF",Sint-Truiden,37-267,1986,0.7,0.00,0.00,0.00,,0.00,0.00,,,,0.00,0.00,0.00,0.00,0.00,,0.00,0.00,https://fbref.com/en/players/68796d61/Shinji-Okazaki,68796d61,Jupiler Pro League
278,Kazeem Olaigbe,BEL,"MF,FW",Cercle Brugge,21-006,2003,4.4,0.45,3.18,1.59,50.0,3.16,1.58,0.14,0.29,19.5,0.23,0.00,0.00,0.39,0.39,0.12,0.07,0.07,https://fbref.com/en/players/f3ec7e64/Kazeem-Olaigbe,f3ec7e64,Jupiler Pro League
279,Jacob Ondrejka,SWE,"FW,MF",Antwerp,21-128,2002,3.0,0.00,2.33,0.67,28.6,2.34,0.67,0.00,0.00,17.1,0.33,0.00,0.00,0.23,0.23,0.11,-0.23,-0.23,https://fbref.com/en/players/752e09ed/Jacob-Ondrejka,752e09ed,Jupiler Pro League
280,Raphael Onyedika,NGA,MF,Club Brugge,22-264,2001,15.7,0.00,0.64,0.19,30.0,0.64,0.19,0.00,0.00,25.7,0.00,0.00,0.00,0.03,0.03,0.04,-0.03,-0.03,https://fbref.com/en/players/751a0fb5/Raphael-Onyedika,751a0fb5,Jupiler Pro League
281,Nathan Opoku,GHA,FW,OH Leuven,22-170,2001,6.4,0.16,1.09,0.16,14.3,1.10,0.16,0.00,0.00,20.6,0.00,0.16,0.16,0.17,0.05,0.04,-0.02,-0.05,https://fbref.com/en/players/6d759943/Nathan-Opoku,6d759943,Jupiler Pro League
282,Raul Oprut,ROU,DF,Kortrijk,26-004,1998,1.4,0.00,0.71,0.00,0.0,0.70,0.00,0.00,,21.3,0.00,0.00,0.00,0.00,0.00,0.04,0.00,0.00,https://fbref.com/en/players/ae3f56c2/Raul-Oprut,ae3f56c2,Jupiler Pro League
283,Gift Orban,NGA,"FW,MF",Gent,21-175,2002,9.2,0.33,3.80,1.74,45.7,3.80,1.73,0.09,0.19,17.4,0.00,0.00,0.00,0.48,0.48,0.13,-0.15,-0.15,https://fbref.com/en/players/de17db90/Gift-Orban,de17db90,Jupiler Pro League
284,Joel Ordóñez,ECU,DF,Club Brugge,19-262,2004,1.5,0.00,0.00,0.00,,0.00,0.00,,,,0.00,0.00,0.00,0.00,0.00,,0.00,0.00,https://fbref.com/en/players/2990a15c/Joel-Ordonez,2990a15c,Jupiler Pro League
285,Zakaria El Ouahdi,MAR,DF,Genk,22-008,2001,3.2,0.00,1.56,0.63,40.0,1.56,0.62,0.00,0.00,19.3,0.00,0.00,0.00,0.09,0.09,0.07,-0.09,-0.09,https://fbref.com/en/players/a3d79d3c/Zakaria-El-Ouahdi,a3d79d3c,Jupiler Pro League
286,Zakaria El Ouahdi,MAR,DF,RWD Molenbeek,22-008,2001,4.8,0.00,0.42,0.42,100.0,0.42,0.42,0.00,0.00,17.3,0.00,0.00,0.00,0.02,0.02,0.04,-0.02,-0.02,https://fbref.com/en/players/a3d79d3c/Zakaria-El-Ouahdi,a3d79d3c,Jupiler Pro League
287,Aziz Ouattara,CIV,MF,Genk,23-004,2001,3.2,0.00,0.63,0.00,0.0,0.63,0.00,0.00,,15.7,0.00,0.00,0.00,0.09,0.09,0.13,-0.09,-0.09,https://fbref.com/en/players/d26727b4/Aziz-Ouattara,d26727b4,Jupiler Pro League
288,Luca Oyen,BEL,"FW,MF",Genk,20-300,2003,2.9,0.00,2.41,0.69,28.6,2.40,0.69,0.00,0.00,16.8,0.00,0.00,0.00,0.24,0.24,0.10,-0.24,-0.24,https://fbref.com/en/players/e4eea72d/Luca-Oyen,e4eea72d,Jupiler Pro League
289,Rune Paeshuyse,BEL,DF,Eupen,21-286,2002,19.4,0.00,0.10,0.05,50.0,0.10,0.05,0.00,0.00,14.5,0.00,0.00,0.00,0.01,0.01,0.07,-0.01,-0.01,https://fbref.com/en/players/0c9844cd/Rune-Paeshuyse,0c9844cd,Jupiler Pro League
290,Joseph Paintsil,GHA,FW,Genk,25-341,1998,16.3,0.37,2.70,1.47,54.5,2.70,1.47,0.14,0.25,15.1,0.18,0.00,0.00,0.39,0.39,0.15,-0.02,-0.02,https://fbref.com/en/players/88062e83/Joseph-Paintsil,88062e83,Jupiler Pro League
291,Victor Pálsson,ISL,DF,Eupen,32-253,1991,20.0,0.10,0.35,0.15,42.9,0.35,0.15,0.29,0.67,10.8,0.00,0.00,0.00,0.05,0.05,0.14,0.05,0.05,https://fbref.com/en/players/831cf3ac/Victor-Palsson,831cf3ac,Jupiler Pro League
292,Miloš Pantović,SRB,MF,Eupen,27-185,1996,10.1,0.20,1.19,0.40,33.3,1.18,0.39,0.17,0.50,20.8,0.00,0.00,0.00,0.08,0.08,0.07,0.12,0.12,https://fbref.com/en/players/5dc15574/Milos-Pantovic,5dc15574,Jupiler Pro League
293,Louis Patris,BEL,DF,Anderlecht,22-215,2001,4.5,0.00,0.67,0.00,0.0,0.67,0.00,0.00,,16.5,0.00,0.00,0.00,0.07,0.07,0.10,-0.07,-0.07,https://fbref.com/en/players/9befa3cf/Louis-Patris,9befa3cf,Jupiler Pro League
294,João Pedro Silva,POR,DF,Kortrijk,24-359,1999,19.0,0.00,0.16,0.00,0.0,0.16,0.00,0.00,,7.1,0.00,0.00,0.00,0.02,0.02,0.11,-0.02,-0.02,https://fbref.com/en/players/3990d93a/Joao-Pedro-Silva,3990d93a,Jupiler Pro League
295,Pietro Perdichizzi,BEL,DF,Westerlo,31-023,1992,6.0,0.00,0.33,0.17,50.0,0.34,0.17,0.00,0.00,7.5,0.00,0.00,0.00,0.03,0.03,0.12,-0.03,-0.03,https://fbref.com/en/players/0a6e90ca/Pietro-Perdichizzi,0a6e90ca,Jupiler Pro League
296,Stipe Perica,CRO,FW,Standard Liège,28-185,1995,0.2,0.00,5.00,0.00,0.0,4.29,0.00,0.00,,5.4,0.00,0.00,0.00,0.50,0.50,0.07,-0.50,-0.50,https://fbref.com/en/players/269b4638/Stipe-Perica,269b4638,Jupiler Pro League
297,Patrick Pflücke,GER,"MF,FW",Mechelen,27-039,1996,6.8,0.15,1.76,0.59,33.3,1.78,0.59,0.08,0.25,19.4,0.00,0.00,0.00,0.12,0.12,0.07,0.03,0.03,https://fbref.com/en/players/1baf075c/Patrick-Pflucke,1baf075c,Jupiler Pro League
298,Del Piage,BRA,MF,RWD Molenbeek,23-271,2000,0.6,1.67,1.67,1.67,100.0,1.58,1.58,1.00,1.00,9.6,0.00,0.00,0.00,0.17,0.17,0.07,1.50,1.50,https://fbref.com/en/players/679ca46d/Del-Piage,679ca46d,Jupiler Pro League
299,Arthur Piedfort,BEL,MF,Westerlo,18-341,2005,7.6,0.00,0.53,0.13,25.0,0.53,0.13,0.00,0.00,19.1,0.00,0.00,0.00,0.03,0.03,0.06,-0.03,-0.03,https://fbref.com/en/players/d552167d/Arthur-Piedfort,d552167d,Jupiler Pro League
300,Ewoud Pletinckx,BEL,DF,OH Leuven,23-090,2000,20.0,0.00,0.10,0.05,50.0,0.10,0.05,0.00,0.00,20.9,0.00,0.00,0.00,0.01,0.01,0.12,-0.01,-0.01,https://fbref.com/en/players/cdf68d61/Ewoud-Pletinckx,cdf68d61,Jupiler Pro League
301,Boris Popović,SRB,DF,Cercle Brugge,23-316,2000,14.0,0.00,0.50,0.07,14.3,0.50,0.07,0.00,0.00,8.1,0.00,0.00,0.00,0.06,0.06,0.13,-0.06,-0.06,https://fbref.com/en/players/8f3b1b5d/Boris-Popovic,8f3b1b5d,Jupiler Pro League
302,Ángelo Preciado,ECU,"DF,FW",Genk,25-324,1998,0.7,0.00,2.86,0.00,0.0,2.95,0.00,0.00,,6.8,0.00,0.00,0.00,0.29,0.29,0.12,-0.29,-0.29,https://fbref.com/en/players/eadc8e4f/Angelo-Preciado,eadc8e4f,Jupiler Pro League
303,Maxence Prevot,FRA,GK,OH Leuven,26-274,1997,11.0,0.00,0.00,0.00,,0.00,0.00,,,,0.00,0.00,0.00,0.00,0.00,,0.00,0.00,https://fbref.com/en/players/c657586f/Maxence-Prevot,c657586f,Jupiler Pro League
304,Isaac Price,NIR,"MF,DF",Standard Liège,20-104,2003,10.3,0.10,1.55,0.58,37.5,1.56,0.59,0.06,0.17,18.3,0.19,0.00,0.00,0.15,0.15,0.10,-0.05,-0.05,https://fbref.com/en/players/b9403c99/Isaac-Price,b9403c99,Jupiler Pro League
305,Cameron Puertas,SUI,"MF,FW",Union SG,25-143,1998,17.9,0.22,3.58,1.01,28.1,3.58,1.01,0.05,0.17,21.7,0.56,0.06,0.06,0.23,0.18,0.05,-0.01,-0.02,https://fbref.com/en/players/185a2732/Cameron-Puertas,185a2732,Jupiler Pro League
306,Aleksandar Radovanović,SRB,DF,Kortrijk,30-058,1993,10.9,0.00,0.46,0.18,40.0,0.46,0.18,0.00,0.00,10.0,0.00,0.00,0.00,0.04,0.04,0.08,-0.04,-0.04,https://fbref.com/en/players/09507ffa/Aleksandar-Radovanovic,09507ffa,Jupiler Pro League
307,Toon Raemaekers,BEL,"DF,MF",Mechelen,23-121,2000,1.3,0.00,0.00,0.00,,0.00,0.00,,,,0.00,0.00,0.00,0.00,0.00,,0.00,0.00,https://fbref.com/en/players/e1647c6d/Toon-Raemaekers,e1647c6d,Jupiler Pro League
308,Benito Raman,BEL,FW,Anderlecht,29-062,1994,3.1,0.00,5.81,1.61,27.8,5.89,1.64,0.00,0.00,16.6,0.00,0.00,0.00,0.68,0.68,0.12,-0.68,-0.68,https://fbref.com/en/players/867501bf/Benito-Raman,867501bf,Jupiler Pro League
309,Mathias Rasmussen,NOR,MF,Union SG,26-044,1997,10.8,0.09,1.20,0.65,53.8,1.20,0.65,0.08,0.14,17.1,0.00,0.00,0.00,0.10,0.10,0.09,-0.01,-0.01,https://fbref.com/en/players/99549c4b/Mathias-Rasmussen,99549c4b,Jupiler Pro League
310,Christiaan Ravych,BEL,DF,Cercle Brugge,21-162,2002,11.7,0.00,0.17,0.00,0.0,0.17,0.00,0.00,,18.6,0.00,0.00,0.00,0.01,0.01,0.04,-0.01,-0.01,https://fbref.com/en/players/dd8c04a9/Christiaan-Ravych,dd8c04a9,Jupiler Pro League
311,Jeff Reine-Adélaïde,FRA,"MF,FW",RWD Molenbeek,25-356,1998,8.7,0.00,1.15,0.23,20.0,1.15,0.23,0.00,0.00,22.3,0.11,0.00,0.00,0.09,0.09,0.08,-0.09,-0.09,https://fbref.com/en/players/d504b3e1/Jeff-Reine-Adelaide,d504b3e1,Jupiler Pro League
312,Bryan Reynolds,USA,DF,Westerlo,22-194,2001,16.7,0.00,0.30,0.06,20.0,0.30,0.06,0.00,0.00,17.4,0.00,0.00,0.00,0.01,0.01,0.04,-0.01,-0.01,https://fbref.com/en/players/2306bf5c/Bryan-Reynolds,2306bf5c,Jupiler Pro League
313,Federico Ricca,URU,DF,OH Leuven,29-038,1994,6.8,0.15,0.74,0.29,40.0,0.74,0.30,0.20,0.50,14.5,0.00,0.00,0.00,0.06,0.06,0.08,0.09,0.09,https://fbref.com/en/players/54f5ce34/Federico-Ricca,54f5ce34,Jupiler Pro League
314,Rikelmi,BRA,"MF,FW",RWD Molenbeek,22-147,2001,3.0,0.00,1.33,1.00,75.0,1.33,1.00,0.00,0.00,20.5,0.00,0.00,0.00,0.10,0.10,0.06,-0.10,-0.10,https://fbref.com/en/players/b2ffcf77/Rikelmi,b2ffcf77,Jupiler Pro League
315,Mats Rits,BEL,MF,Anderlecht,30-174,1993,15.5,0.00,0.58,0.26,44.4,0.58,0.26,0.00,0.00,19.2,0.00,0.00,0.00,0.05,0.05,0.08,-0.05,-0.05,https://fbref.com/en/players/733e7ad8/Mats-Rits,733e7ad8,Jupiler Pro League
316,Mats Rits,BEL,MF,Club Brugge,30-174,1993,0.9,0.00,2.22,1.11,50.0,2.28,1.14,0.00,0.00,20.6,0.00,0.00,0.00,0.44,0.44,0.20,-0.44,-0.44,https://fbref.com/en/players/733e7ad8/Mats-Rits,733e7ad8,Jupiler Pro League
317,Kevin Rodríguez,ECU,FW,Union SG,23-310,2000,4.5,0.44,4.22,2.22,52.6,4.23,2.23,0.11,0.20,16.5,0.00,0.00,0.22,0.62,0.47,0.11,-0.18,-0.02,https://fbref.com/en/players/189fb038/Kevin-Rodriguez,189fb038,Jupiler Pro League
318,Davy Roef,BEL,GK,Gent,29-336,1994,10.0,0.00,0.00,0.00,,0.00,0.00,,,,0.00,0.00,0.00,0.00,0.00,,0.00,0.00,https://fbref.com/en/players/6fe2aba3/Davy-Roef,6fe2aba3,Jupiler Pro League
319,Žan Rogelj,SVN,"DF,MF",Charleroi,24-044,1999,19.5,0.00,0.10,0.05,50.0,0.10,0.05,0.00,0.00,23.5,0.00,0.00,0.00,0.01,0.01,0.04,-0.01,-0.01,https://fbref.com/en/players/0f4f3267/Zan-Rogelj,0f4f3267,Jupiler Pro League
320,Tuur Rommens,BEL,DF,Westerlo,20-288,2003,6.9,0.14,0.87,0.29,33.3,0.87,0.29,0.17,0.50,15.9,0.00,0.00,0.00,0.04,0.04,0.06,0.10,0.10,https://fbref.com/en/players/e41e1504/Tuur-Rommens,e41e1504,Jupiler Pro League
321,Kyriani Sabbe,BEL,DF,Club Brugge,18-352,2005,4.5,0.00,0.22,0.00,0.0,0.22,0.00,0.00,,25.3,0.00,0.00,0.00,0.00,0.00,0.02,0.00,0.00,https://fbref.com/en/players/585d0192/Kyriani-Sabbe,585d0192,Jupiler Pro League
322,Mujaid Sadick,ESP,DF,Genk,23-300,2000,15.0,0.00,0.33,0.00,0.0,0.33,0.00,0.00,,6.4,0.00,0.00,0.00,0.03,0.03,0.11,-0.03,-0.03,https://fbref.com/en/players/21164a21/Mujaid-Sadick,21164a21,Jupiler Pro League
323,Noah Sadiki,BEL,MF,Union SG,19-022,2004,6.1,0.00,0.49,0.33,66.7,0.49,0.33,0.00,0.00,13.7,0.00,0.00,0.00,0.08,0.08,0.15,-0.08,-0.08,https://fbref.com/en/players/645481cc/Noah-Sadiki,645481cc,Jupiler Pro League
324,Richie Sagrado,BEL,DF,OH Leuven,19-343,2004,11.0,0.18,0.82,0.36,44.4,0.82,0.36,0.22,0.50,20.3,0.00,0.00,0.00,0.06,0.06,0.08,0.12,0.12,https://fbref.com/en/players/3e3190f1/Richie-Sagrado,3e3190f1,Jupiler Pro League
325,Marsoni Sambu,BEL,"DF,MF",RWD Molenbeek,27-219,1996,3.7,0.00,0.54,0.27,50.0,0.53,0.27,0.00,0.00,17.4,0.00,0.00,0.00,0.16,0.16,0.30,-0.16,-0.16,https://fbref.com/en/players/200b28c6/Marsoni-Sambu,200b28c6,Jupiler Pro League
326,Matisse Samoise,BEL,DF,Gent,22-048,2001,18.0,0.17,0.72,0.33,46.2,0.72,0.33,0.23,0.50,14.5,0.00,0.00,0.00,0.08,0.08,0.11,0.09,0.09,https://fbref.com/en/players/3dad12fc/Matisse-Samoise,3dad12fc,Jupiler Pro League
327,Killian Sardella,BEL,DF,Anderlecht,21-251,2002,17.9,0.00,0.39,0.11,28.6,0.39,0.11,0.00,0.00,21.4,0.00,0.00,0.00,0.02,0.02,0.04,-0.02,-0.02,https://fbref.com/en/players/fd004d1e/Killian-Sardella,fd004d1e,Jupiler Pro League
328,Joël Schingtienne,BEL,DF,OH Leuven,21-149,2002,13.9,0.07,0.14,0.14,100.0,0.14,0.14,0.50,0.50,10.6,0.00,0.00,0.00,0.01,0.01,0.07,0.06,0.06,https://fbref.com/en/players/35a4790e/Joel-Schingtienne,35a4790e,Jupiler Pro League
329,Kasper Schmeichel,DEN,GK,Anderlecht,37-064,1986,13.0,0.00,0.00,0.00,,0.00,0.00,,,,0.00,0.00,0.00,0.00,0.00,,0.00,0.00,https://fbref.com/en/players/53af52f3/Kasper-Schmeichel,53af52f3,Jupiler Pro League
330,Daniel Schmidt,JPN,GK,Sint-Truiden,31-339,1992,4.0,0.00,0.00,0.00,,0.00,0.00,,,,0.00,0.00,0.00,0.00,0.00,,0.00,0.00,https://fbref.com/en/players/a82d64e7/Daniel-Schmidt,a82d64e7,Jupiler Pro League
331,Rob Schoofs,BEL,"MF,FW",Mechelen,29-291,1994,18.7,0.21,2.46,0.80,32.6,2.46,0.80,0.09,0.27,22.9,0.05,0.00,0.05,0.24,0.19,0.08,-0.02,0.02,https://fbref.com/en/players/28871569/Rob-Schoofs,28871569,Jupiler Pro League
332,Siebe Schrijvers,BEL,MF,OH Leuven,27-174,1996,18.4,0.11,0.98,0.33,33.3,0.98,0.33,0.00,0.00,27.8,0.16,0.11,0.11,0.13,0.04,0.04,-0.02,-0.04,https://fbref.com/en/players/746fec7d/Siebe-Schrijvers,746fec7d,Jupiler Pro League
333,Christopher Scott,GER,MF,Antwerp,21-215,2002,0.1,0.00,10.0,10.0,100.0,8.18,8.18,0.00,0.00,23.0,0.00,0.00,0.00,0.00,0.00,0.04,0.00,0.00,https://fbref.com/en/players/2723ce5d/Christopher-Scott,2723ce5d,Jupiler Pro League
334,Djiby Seck,SEN,FW,Kortrijk,19-307,2004,0.4,0.00,2.50,0.00,0.0,2.43,0.00,0.00,,,,0.00,0.00,,,,,,https://fbref.com/en/players/c0667ed4/Djiby-Seck,c0667ed4,Jupiler Pro League
335,Luis Segovia,ECU,DF,RWD Molenbeek,26-074,1997,11.3,0.09,0.27,0.18,66.7,0.27,0.18,0.33,0.50,8.0,0.00,0.00,0.00,0.04,0.04,0.16,0.04,0.04,https://fbref.com/en/players/1ae14406/Luis-Segovia,1ae14406,Jupiler Pro League
336,Jordan Semedo,FRA,DF,Cercle Brugge,20-358,2003,5.1,0.00,0.78,0.39,50.0,0.79,0.39,0.00,0.00,20.1,0.00,0.00,0.00,0.08,0.08,0.09,-0.08,-0.08,https://fbref.com/en/players/6070a28a/Jordan-Semedo,6070a28a,Jupiler Pro League
337,Raz Shlomo,ISR,"MF,DF",OH Leuven,24-148,1999,5.3,0.19,1.13,0.57,50.0,1.14,0.57,0.17,0.33,15.1,0.00,0.00,0.00,0.09,0.09,0.08,0.09,0.09,https://fbref.com/en/players/c7d67f45/Raz-Shlomo,c7d67f45,Jupiler Pro League
338,Florent da Silva,FRA,MF,RWD Molenbeek,20-281,2003,5.5,0.36,1.64,0.73,44.4,1.64,0.73,0.22,0.50,22.3,0.00,0.00,0.00,0.11,0.11,0.07,0.25,0.25,https://fbref.com/en/players/8db95f95/Florent-da-Silva,8db95f95,Jupiler Pro League
339,Leonardo da Silva Lopes,POR,"MF,DF",Cercle Brugge,25-039,1998,11.4,0.18,1.84,0.53,28.6,1.85,0.53,0.10,0.33,15.1,0.00,0.00,0.00,0.30,0.30,0.16,-0.12,-0.12,https://fbref.com/en/players/7dfcfd17/Leonardo-da-Silva-Lopes,7dfcfd17,Jupiler Pro League
340,Hugo Siquet,BEL,DF,Cercle Brugge,21-183,2002,17.7,0.00,1.07,0.34,31.6,1.07,0.34,0.00,0.00,19.9,0.34,0.00,0.00,0.07,0.07,0.06,-0.07,-0.07,https://fbref.com/en/players/c6cf860f/Hugo-Siquet,c6cf860f,Jupiler Pro League
341,Abdoulaye Sissako,FRA,MF,Kortrijk,25-227,1998,11.9,0.00,0.67,0.17,25.0,0.67,0.17,0.00,0.00,20.5,0.00,0.00,0.00,0.05,0.05,0.07,-0.05,-0.05,https://fbref.com/en/players/3b602b26/Abdoulaye-Sissako,3b602b26,Jupiler Pro League
342,Moussa Sissako,MLI,DF,RWD Molenbeek,23-059,2000,10.5,0.00,0.19,0.00,0.0,0.19,0.00,0.00,,17.7,0.00,0.00,0.00,0.01,0.01,0.05,-0.01,-0.01,https://fbref.com/en/players/5ba9d393/Moussa-Sissako,5ba9d393,Jupiler Pro League
343,Michał Skóraś,POL,"FW,DF",Club Brugge,23-327,2000,1.4,0.00,3.57,1.43,40.0,3.60,1.44,0.00,0.00,24.3,0.00,0.00,0.00,0.07,0.07,0.02,-0.07,-0.07,https://fbref.com/en/players/5a80aea3/Michal-Skoras,5a80aea3,Jupiler Pro League
344,Andreas Skov Olsen,DEN,FW,Club Brugge,24-010,1999,15.0,0.53,2.93,1.13,38.6,2.94,1.14,0.16,0.41,20.3,0.07,0.07,0.13,0.35,0.24,0.08,0.19,0.23,https://fbref.com/en/players/c50cee19/Andreas-Skov-Olsen,c50cee19,Jupiler Pro League
345,Gaga Slonina,USA,GK,Eupen,19-238,2004,18.0,0.00,0.00,0.00,,0.00,0.00,,,,0.00,0.00,0.00,0.00,0.00,,0.00,0.00,https://fbref.com/en/players/c55a846e/Gaga-Slonina,c55a846e,Jupiler Pro League
346,Matte Smets,BEL,DF,Sint-Truiden,20-004,2004,20.0,0.00,0.20,0.00,0.0,0.20,0.00,0.00,,6.9,0.00,0.00,0.00,0.03,0.03,0.14,-0.03,-0.03,https://fbref.com/en/players/d5615a3a/Matte-Smets,d5615a3a,Jupiler Pro League
347,Frederic Soelle Soelle,BEL,FW,Mechelen,18-015,2005,0.2,0.00,5.00,0.00,0.0,4.09,0.00,0.00,,8.7,0.00,0.00,0.00,0.00,0.00,0.05,0.00,0.00,https://fbref.com/en/players/59a41525/Frederic-Soelle-Soelle,59a41525,Jupiler Pro League
348,Thibo Somers,BEL,"FW,MF",Cercle Brugge,24-298,1999,19.0,0.16,2.11,0.42,20.0,2.11,0.42,0.08,0.38,14.4,0.00,0.00,0.00,0.26,0.26,0.13,-0.11,-0.11,https://fbref.com/en/players/64238658/Thibo-Somers,64238658,Jupiler Pro League
349,Yira Sor,NGA,FW,Genk,23-168,2000,7.7,0.52,4.55,1.69,37.1,4.57,1.70,0.11,0.31,12.5,0.00,0.00,0.00,0.82,0.82,0.18,-0.30,-0.30,https://fbref.com/en/players/c5f32d2c/Yira-Sor,c5f32d2c,Jupiler Pro League
350,Kamal Sowah,GHA,"FW,MF",Standard Liège,23-364,2000,9.4,0.21,2.77,1.06,38.5,2.77,1.07,0.08,0.20,19.6,0.00,0.00,0.00,0.23,0.23,0.08,-0.02,-0.02,https://fbref.com/en/players/74b7375f/Kamal-Sowah,74b7375f,Jupiler Pro League
351,Jorne Spileers,BEL,DF,Club Brugge,18-352,2005,17.0,0.00,0.12,0.00,0.0,0.12,0.00,0.00,,16.8,0.00,0.00,0.00,0.01,0.01,0.04,-0.01,-0.01,https://fbref.com/en/players/2d65a822/Jorne-Spileers,2d65a822,Jupiler Pro League
352,Lucas Stassin,BEL,"FW,MF",Westerlo,19-041,2004,9.6,0.63,2.29,0.94,40.9,2.29,0.94,0.27,0.67,15.2,0.00,0.00,0.00,0.29,0.29,0.13,0.33,0.33,https://fbref.com/en/players/a47d6f3a/Lucas-Stassin,a47d6f3a,Jupiler Pro League
353,Jarne Steuckers,BEL,"MF,FW",Sint-Truiden,21-338,2002,18.2,0.16,1.37,0.33,24.0,1.37,0.33,0.12,0.50,20.1,0.00,0.00,0.00,0.10,0.10,0.07,0.07,0.07,https://fbref.com/en/players/395808bb/Jarne-Steuckers,395808bb,Jupiler Pro League
354,Nikola Storm,BEL,"FW,MF",Mechelen,29-100,1994,9.9,0.10,2.63,0.91,34.6,2.63,0.91,0.04,0.11,21.2,0.10,0.00,0.00,0.16,0.16,0.06,-0.06,-0.06,https://fbref.com/en/players/6460189b/Nikola-Storm,6460189b,Jupiler Pro League
355,Mario Stroeykens,BEL,"MF,FW",Anderlecht,19-101,2004,10.4,0.29,1.63,0.58,35.3,1.64,0.58,0.18,0.50,20.0,0.00,0.00,0.00,0.13,0.13,0.08,0.16,0.16,https://fbref.com/en/players/f4adf2cd/Mario-Stroeykens,f4adf2cd,Jupiler Pro League
356,Nikola Štulić,SRB,FW,Charleroi,22-122,2001,3.4,0.29,1.76,1.47,83.3,1.76,1.47,0.17,0.20,9.9,0.00,0.00,0.00,0.53,0.53,0.31,-0.24,-0.24,https://fbref.com/en/players/557ada13/Nikola-Stulic,557ada13,Jupiler Pro League
357,Zion Suzuki,JPN,GK,Sint-Truiden,21-140,2002,16.0,0.00,0.00,0.00,,0.00,0.00,,,,0.00,0.00,0.00,0.00,0.00,,0.00,0.00,https://fbref.com/en/players/51e1f4f5/Zion-Suzuki,51e1f4f5,Jupiler Pro League
358,Serhiy Sydorchuk,UKR,MF,Westerlo,32-251,1991,13.7,0.07,0.80,0.15,18.2,0.80,0.15,0.09,0.50,24.0,0.00,0.00,0.00,0.03,0.03,0.04,0.04,0.04,https://fbref.com/en/players/c71e97ba/Serhiy-Sydorchuk,c71e97ba,Jupiler Pro League
359,Ross Sykes,ENG,DF,Union SG,24-288,1999,4.1,0.49,0.73,0.49,66.7,0.74,0.49,0.67,1.00,5.2,0.00,0.00,0.00,0.15,0.15,0.21,0.34,0.34,https://fbref.com/en/players/4d0be953/Ross-Sykes,4d0be953,Jupiler Pro League
360,Youssuf Sylla,BEL,"FW,MF",Charleroi,21-020,2002,1.4,1.43,5.00,2.86,57.1,4.92,2.81,0.29,0.50,11.5,0.00,0.00,0.00,0.86,0.86,0.17,0.57,0.57,https://fbref.com/en/players/a644234e/Youssuf-Sylla,a644234e,Jupiler Pro League
361,Ravil Tagir,TUR,DF,Westerlo,20-247,2003,9.1,0.00,0.22,0.00,0.0,0.22,0.00,0.00,,8.3,0.00,0.00,0.00,0.01,0.01,0.07,-0.01,-0.01,https://fbref.com/en/players/4d80d692/Ravil-Tagir,4d80d692,Jupiler Pro League
362,Henok Teklab,GER,DF,Union SG,25-053,1998,1.0,0.00,1.00,1.00,100.0,0.98,0.98,0.00,0.00,21.6,0.00,0.00,0.00,0.00,0.00,0.03,0.00,0.00,https://fbref.com/en/players/640d17d5/Henok-Teklab,640d17d5,Jupiler Pro League
363,Casper Terho,FIN,DF,Union SG,20-198,2003,7.4,0.27,2.03,0.54,26.7,2.02,0.54,0.13,0.50,20.7,0.14,0.00,0.00,0.15,0.15,0.07,0.12,0.12,https://fbref.com/en/players/bd2f622a/Casper-Terho,bd2f622a,Jupiler Pro League
364,Thiago,BRA,FW,Club Brugge,22-196,2001,14.9,0.74,2.01,1.01,50.0,2.02,1.01,0.20,0.40,12.9,0.00,0.34,0.40,0.81,0.49,0.24,-0.07,-0.09,https://fbref.com/en/players/dc45ac24/Thiago,dc45ac24,Jupiler Pro League
365,Jean Thierry Lazare,CIV,"MF,FW",Union SG,25-307,1998,14.0,0.00,1.29,0.43,33.3,1.28,0.43,0.00,0.00,19.6,0.00,0.00,0.00,0.08,0.08,0.06,-0.08,-0.08,https://fbref.com/en/players/1d2c3e5e/Jean-Thierry-Lazare,1d2c3e5e,Jupiler Pro League
366,Tarik Tissoudali,MAR,"FW,MF",Gent,30-281,1993,10.8,0.83,3.80,1.67,43.9,3.78,1.66,0.22,0.50,13.1,0.00,0.00,0.00,0.69,0.69,0.18,0.14,0.14,https://fbref.com/en/players/4f60a143/Tarik-Tissoudali,4f60a143,Jupiler Pro League
367,Jordan Torunarigha,GER,DF,Gent,26-154,1997,16.1,0.06,0.62,0.19,30.0,0.62,0.19,0.10,0.33,15.1,0.00,0.00,0.00,0.04,0.04,0.06,0.02,0.02,https://fbref.com/en/players/f86cabbd/Jordan-Torunarigha,f86cabbd,Jupiler Pro League
368,Adrien Trebel,FRA,"MF,DF",Charleroi,32-311,1991,1.2,0.00,0.00,0.00,,0.00,0.00,,,,0.00,0.00,0.00,0.00,0.00,,0.00,0.00,https://fbref.com/en/players/ad1d334f/Adrien-Trebel,ad1d334f,Jupiler Pro League
369,Mike Trésor,BEL,FW,Genk,24-225,1999,1.3,0.00,3.08,0.77,25.0,3.03,0.76,0.00,0.00,23.9,0.77,0.00,0.00,0.15,0.15,0.05,-0.15,-0.15,https://fbref.com/en/players/b2a81fc6/Mike-Tresor,b2a81fc6,Jupiler Pro League
370,Edgaras Utkus,LTU,"DF,MF",Cercle Brugge,23-200,2000,7.5,0.00,1.60,0.53,33.3,1.60,0.53,0.00,0.00,11.6,0.00,0.00,0.00,0.12,0.12,0.07,-0.12,-0.12,https://fbref.com/en/players/2ccf6350/Edgaras-Utkus,2ccf6350,Jupiler Pro League
371,Kyan Vaesen,BEL,"FW,MF",Westerlo,22-270,2001,4.9,0.00,2.86,0.61,21.4,2.88,0.62,0.00,0.00,14.9,0.20,0.00,0.00,0.24,0.24,0.09,-0.24,-0.24,https://fbref.com/en/players/f95cbfbc/Kyan-Vaesen,f95cbfbc,Jupiler Pro League
372,Anthony Valencia,ECU,"FW,MF",Antwerp,20-171,2003,2.1,0.00,1.90,0.48,25.0,1.90,0.48,0.00,0.00,20.2,0.00,0.00,0.00,0.14,0.14,0.06,-0.14,-0.14,https://fbref.com/en/players/674dee62/Anthony-Valencia,674dee62,Jupiler Pro League
373,Jules Van Cleemput,BEL,DF,Charleroi,26-272,1997,1.5,0.00,0.00,0.00,,0.00,0.00,,,,0.00,0.00,0.00,0.00,0.00,,0.00,0.00,https://fbref.com/en/players/e032e938/Jules-Van-Cleemput,e032e938,Jupiler Pro League
374,Zeno Van den Bosch,BEL,DF,Antwerp,20-186,2003,4.8,0.00,0.00,0.00,,0.00,0.00,,,,0.00,0.00,0.00,0.00,0.00,,0.00,0.00,https://fbref.com/en/players/817ee048/Zeno-Van-den-Bosch,817ee048,Jupiler Pro League
375,Thomas Van den Keybus,BEL,"MF,FW",Westerlo,22-258,2001,8.8,0.00,1.93,0.45,23.5,1.92,0.45,0.00,0.00,20.5,0.00,0.00,0.00,0.09,0.09,0.05,-0.09,-0.09,https://fbref.com/en/players/21453b2e/Thomas-Van-den-Keybus,21453b2e,Jupiler Pro League
376,Hannes Van der Bruggen,BEL,MF,Cercle Brugge,30-282,1993,13.0,0.00,1.00,0.08,7.7,1.00,0.08,0.00,0.00,24.1,0.00,0.00,0.00,0.05,0.05,0.05,-0.05,-0.05,https://fbref.com/en/players/411fb06f/Hannes-Van-der-Bruggen,411fb06f,Jupiler Pro League
377,Stan Van Dessel,BEL,"MF,DF",Sint-Truiden,22-168,2001,0.7,0.00,0.00,0.00,,0.00,0.00,,,,0.00,0.00,0.00,0.00,0.00,,0.00,0.00,https://fbref.com/en/players/97c59cc3/Stan-Van-Dessel,97c59cc3,Jupiler Pro League
378,Lukas Van Eenoo,BEL,"MF,DF",Westerlo,32-336,1991,4.3,0.00,0.70,0.47,66.7,0.70,0.47,0.00,0.00,18.5,0.23,0.00,0.00,0.05,0.05,0.06,-0.05,-0.05,https://fbref.com/en/players/835e6d66/Lukas-Van-Eenoo,835e6d66,Jupiler Pro League
379,Yentl Van Genechten,BEL,DF,Eupen,23-143,2000,13.5,0.15,0.96,0.37,38.5,0.96,0.37,0.15,0.40,12.8,0.00,0.00,0.00,0.11,0.11,0.11,0.04,0.04,https://fbref.com/en/players/09114395/Yentl-Van-Genechten,09114395,Jupiler Pro League
380,Jannes Van Hecke,BEL,"MF,DF",Mechelen,21-358,2002,2.8,0.00,0.71,0.36,50.0,0.71,0.36,0.00,0.00,19.9,0.00,0.00,0.00,0.04,0.04,0.05,-0.04,-0.04,https://fbref.com/en/players/363fe1f3/Jannes-Van-Hecke,363fe1f3,Jupiler Pro League
381,Rein Van Helden,BEL,DF,Sint-Truiden,21-168,2002,18.7,0.00,0.70,0.27,38.5,0.70,0.27,0.00,0.00,14.1,0.00,0.00,0.00,0.06,0.06,0.09,-0.06,-0.06,https://fbref.com/en/players/f6e214c4/Rein-Van-Helden,f6e214c4,Jupiler Pro League
382,Alec Van Hoorenbeeck,BEL,DF,Mechelen,25-009,1998,0.5,0.00,0.00,0.00,,0.00,0.00,,,,0.00,0.00,0.00,0.00,0.00,,0.00,0.00,https://fbref.com/en/players/f367997a/Alec-Van-Hoorenbeeck,f367997a,Jupiler Pro League
383,Hans Vanaken,BEL,MF,Club Brugge,31-137,1992,19.2,0.21,1.93,0.52,27.0,1.92,0.52,0.11,0.40,13.3,0.10,0.00,0.00,0.21,0.21,0.11,0.00,0.00,https://fbref.com/en/players/392a7aea/Hans-Vanaken,392a7aea,Jupiler Pro League
384,Tom Vandenberghe,BEL,GK,Kortrijk,31-144,1992,20.0,0.05,0.10,0.05,50.0,0.10,0.05,0.50,1.00,9.2,0.00,0.00,0.00,0.01,0.01,0.10,0.04,0.04,https://fbref.com/en/players/35b832fe/Tom-Vandenberghe,35b832fe,Jupiler Pro League
385,Matteo Vandendaele,BEL,DF,RWD Molenbeek,18-206,2005,0.2,0.00,0.00,0.00,,0.00,0.00,,,,0.00,0.00,0.00,0.00,0.00,,0.00,0.00,https://fbref.com/en/players/1eef97cd/Matteo-Vandendaele,1eef97cd,Jupiler Pro League
386,Maarten Vandevoordt,BEL,GK,Genk,21-316,2002,20.0,0.00,0.00,0.00,,0.00,0.00,,,,0.00,0.00,0.00,0.00,0.00,,0.00,0.00,https://fbref.com/en/players/f9e0c603/Maarten-Vandevoordt,f9e0c603,Jupiler Pro League
387,Zinho Vanheusden,BEL,DF,Standard Liège,24-163,1999,17.1,0.00,0.64,0.12,18.2,0.64,0.12,0.00,0.00,14.7,0.06,0.00,0.00,0.03,0.03,0.04,-0.03,-0.03,https://fbref.com/en/players/afbf187b/Zinho-Vanheusden,afbf187b,Jupiler Pro League
388,Charles Vanhoutte,BEL,MF,Union SG,25-114,1998,17.8,0.00,0.45,0.22,50.0,0.45,0.22,0.00,0.00,18.1,0.00,0.00,0.00,0.07,0.07,0.16,-0.07,-0.07,https://fbref.com/en/players/a1507cc7/Charles-Vanhoutte,a1507cc7,Jupiler Pro League
389,Jordi Vanlerberghe,BEL,"DF,MF",Mechelen,27-195,1996,17.3,0.00,1.16,0.35,30.0,1.16,0.35,0.00,0.00,28.1,0.00,0.00,0.00,0.03,0.03,0.03,-0.03,-0.03,https://fbref.com/en/players/efd86e0c/Jordi-Vanlerberghe,efd86e0c,Jupiler Pro League
390,Robert-Jan Vanwesemael,BEL,DF,Sint-Truiden,21-288,2002,0.7,0.00,0.00,0.00,,0.00,0.00,,,,0.00,0.00,0.00,0.00,0.00,,0.00,0.00,https://fbref.com/en/players/753b6dd7/Robert-Jan-Vanwesemael,753b6dd7,Jupiler Pro League
391,Luis Vázquez,ARG,FW,Anderlecht,22-349,2001,4.6,0.65,4.57,2.17,47.6,4.60,2.19,0.14,0.30,11.9,0.00,0.00,0.00,0.76,0.76,0.17,-0.11,-0.11,https://fbref.com/en/players/22810a82/Luis-Vazquez,22810a82,Jupiler Pro League
392,Romeo Vermant,BEL,FW,Club Brugge,19-349,2004,0.1,0.00,10.0,0.00,0.0,9.00,0.00,0.00,,32.0,0.00,0.00,0.00,0.00,0.00,0.01,0.00,0.00,https://fbref.com/en/players/7db98639/Romeo-Vermant,7db98639,Jupiler Pro League
393,Arthur Vermeeren,BEL,MF,Antwerp,18-335,2005,19.8,0.05,0.56,0.25,45.5,0.56,0.25,0.09,0.20,20.3,0.00,0.00,0.00,0.08,0.08,0.14,-0.03,-0.03,https://fbref.com/en/players/722494dc/Arthur-Vermeeren,722494dc,Jupiler Pro League
394,Yari Verschaeren,BEL,"FW,MF",Anderlecht,22-180,2001,3.8,0.00,0.53,0.00,0.0,0.53,0.00,0.00,,16.0,0.00,0.00,0.00,0.03,0.03,0.07,-0.03,-0.03,https://fbref.com/en/players/6b71ba6c/Yari-Verschaeren,6b71ba6c,Jupiler Pro League
395,Jan Vertonghen,BEL,DF,Anderlecht,36-259,1987,17.9,0.06,0.56,0.34,60.0,0.56,0.33,0.10,0.17,20.5,0.00,0.00,0.00,0.02,0.02,0.04,0.03,0.03,https://fbref.com/en/players/ba23a904/Jan-Vertonghen,ba23a904,Jupiler Pro League
396,Hugo Vetlesen,NOR,MF,Club Brugge,23-313,2000,13.8,0.00,1.30,0.36,27.8,1.31,0.36,0.00,0.00,18.5,0.00,0.00,0.00,0.11,0.11,0.08,-0.11,-0.11,https://fbref.com/en/players/aa982b0f/Hugo-Vetlesen,aa982b0f,Jupiler Pro League
397,Sam Vines,USA,DF,Antwerp,24-222,1999,2.3,0.43,0.87,0.43,50.0,0.86,0.43,0.50,1.00,19.1,0.00,0.00,0.00,0.04,0.04,0.05,0.39,0.39,https://fbref.com/en/players/2d6e535f/Sam-Vines,2d6e535f,Jupiler Pro League
398,Thibault Vlietinck,BEL,"DF,FW",OH Leuven,26-142,1997,5.1,0.00,0.59,0.00,0.0,0.59,0.00,0.00,,22.0,0.00,0.00,0.00,0.06,0.06,0.12,-0.06,-0.06,https://fbref.com/en/players/5064d4c1/Thibault-Vlietinck,5064d4c1,Jupiler Pro League
399,Sandy Walsh,IDN,DF,Mechelen,28-300,1995,14.1,0.00,0.57,0.21,37.5,0.57,0.21,0.00,0.00,11.4,0.00,0.00,0.00,0.14,0.14,0.24,-0.14,-0.14,https://fbref.com/en/players/c43a8301/Sandy-Walsh,c43a8301,Jupiler Pro League
400,Warleson,BRA,GK,Cercle Brugge,27-130,1996,20.0,0.00,0.00,0.00,,0.00,0.00,,,,0.00,0.00,0.00,0.00,0.00,,0.00,0.00,https://fbref.com/en/players/592410a2/Warleson,592410a2,Jupiler Pro League
401,Martin Wasinski,BEL,DF,Kortrijk,19-276,2004,5.8,0.00,0.17,0.00,0.0,0.17,0.00,0.00,,29.9,0.00,0.00,0.00,0.02,0.02,0.05,-0.02,-0.02,https://fbref.com/en/players/180fe6bc/Martin-Wasinski,180fe6bc,Jupiler Pro League
402,Tsuyoshi Watanabe,JPN,DF,Gent,26-337,1997,20.0,0.10,0.75,0.30,40.0,0.75,0.30,0.13,0.33,10.5,0.00,0.00,0.00,0.07,0.07,0.10,0.03,0.03,https://fbref.com/en/players/d5f5955a/Tsuyoshi-Watanabe,d5f5955a,Jupiler Pro League
403,Owen Wijndal,NED,DF,Antwerp,24-041,1999,7.7,0.00,0.65,0.13,20.0,0.65,0.13,0.00,0.00,18.8,0.00,0.00,0.00,0.01,0.01,0.03,-0.01,-0.01,https://fbref.com/en/players/83300259/Owen-Wijndal,83300259,Jupiler Pro League
404,Rihito Yamamoto,JPN,"MF,DF",Sint-Truiden,22-027,2001,4.7,0.00,1.49,0.00,0.0,1.48,0.00,0.00,,20.8,0.21,0.00,0.00,0.11,0.11,0.07,-0.11,-0.11,https://fbref.com/en/players/ceea0da2/Rihito-Yamamoto,ceea0da2,Jupiler Pro League
405,Roman Yaremchuk,UKR,FW,Club Brugge,28-042,1995,0.7,0.00,4.29,2.86,66.7,4.03,2.69,0.00,0.00,10.3,0.00,0.00,0.00,1.14,1.14,0.27,-1.14,-1.14,https://fbref.com/en/players/cb641b9d/Roman-Yaremchuk,cb641b9d,Jupiler Pro League
406,Lorenzo Youndje,BEL,"DF,MF",Eupen,18-271,2005,1.0,0.00,3.00,0.00,0.0,3.14,0.00,0.00,,27.1,0.00,0.00,0.00,0.10,0.10,0.02,-0.10,-0.10,https://fbref.com/en/players/a66b26ed/Lorenzo-Youndje,a66b26ed,Jupiler Pro League
407,Griffin Yow,USA,"FW,MF",Westerlo,21-105,2002,7.7,0.39,3.12,0.52,16.7,3.12,0.52,0.13,0.75,18.8,0.26,0.00,0.00,0.25,0.25,0.08,0.14,0.14,https://fbref.com/en/players/ddd5cf39/Griffin-Yow,ddd5cf39,Jupiler Pro League
408,Alhassan Yusuf,NGA,MF,Antwerp,23-174,2000,8.0,0.00,0.38,0.00,0.0,0.38,0.00,0.00,,23.5,0.00,0.00,0.00,0.03,0.03,0.06,-0.03,-0.03,https://fbref.com/en/players/0de73fa4/Alhassan-Yusuf,0de73fa4,Jupiler Pro League
409,Kahveh Zahiroleslam,USA,FW,Sint-Truiden,21-209,2002,5.4,0.19,1.67,0.93,55.6,1.66,0.92,0.11,0.20,21.2,0.00,0.00,0.00,0.19,0.19,0.11,0.00,0.00,https://fbref.com/en/players/ff17d63b/Kahveh-Zahiroleslam,ff17d63b,Jupiler Pro League
410,Andi Zeqiri,SUI,FW,Genk,24-200,1999,6.0,0.50,4.83,2.00,41.4,4.82,2.00,0.10,0.25,14.5,0.33,0.00,0.00,0.83,0.83,0.18,-0.33,-0.33,https://fbref.com/en/players/d01231f0/Andi-Zeqiri,d01231f0,Jupiler Pro League
411,Philip Zinckernagel,DEN,"FW,MF",Club Brugge,29-023,1994,12.9,0.39,3.02,1.24,41.0,3.02,1.24,0.13,0.31,17.2,0.23,0.00,0.00,0.32,0.32,0.11,0.07,0.07,https://fbref.com/en/players/a5ea254c/Philip-Zinckernagel,a5ea254c,Jupiler Pro League
412,Adem Zorgane,ALG,MF,Charleroi,24-002,2000,18.0,0.11,1.50,0.39,25.9,1.50,0.39,0.07,0.29,22.1,0.00,0.00,0.00,0.08,0.08,0.05,0.03,0.03,https://fbref.com/en/players/392b5133/Adem-Zorgane,392b5133,Jupiler Pro League
