Player,Nation,Pos,Age,MP,Playing Time_Starts,Playing Time_Min,Playing Time_90s,Performance_Gls,Performance_Ast,Performance_G+A,Performance_G-PK,Performance_PK,Performance_PKatt,Performance_CrdY,Performance_CrdR,Expected_xG,Expected_npxG,Expected_xAG,Expected_npxG+xAG,Progression_PrgC,Progression_PrgP,Progression_PrgR,Per 90 Minutes_Gls,Per 90 Minutes_Ast,Per 90 Minutes_G+A,Per 90 Minutes_G-PK,Per 90 Minutes_G+A-PK,Per 90 Minutes_xG,Per 90 Minutes_xAG,Per 90 Minutes_xG+xAG,Per 90 Minutes_npxG,Per 90 Minutes_npxG+xAG,Matches
Lucas Hoyos,ar ARG,GK,33.0,27,27,2430.0,27.0,0.0,0.0,0.0,0.0,0.0,0.0,4.0,0.0,0.0,0.0,0.0,0.0,0.0,1.0,0.0,0.0,0.0,0.0,0.0,0.0,0.0,0.0,0.0,0.0,0.0,Matches
Juan Sforza,ar ARG,MF,20.0,22,21,1881.0,20.9,1.0,1.0,2.0,1.0,0.0,0.0,7.0,1.0,0.7,0.7,0.4,1.1,9.0,131.0,9.0,0.05,0.05,0.1,0.05,0.1,0.03,0.02,0.05,0.03,0.05,Matches
Jorge Eduardo Recalde,py PAR,FW,30.0,25,20,1835.0,20.4,6.0,1.0,7.0,5.0,1.0,1.0,4.0,0.0,5.5,4.7,1.7,6.5,14.0,58.0,110.0,0.29,0.05,0.34,0.25,0.29,0.27,0.09,0.36,0.23,0.32,Matches
Iván Gómez,ar ARG,MF,25.0,23,20,1759.0,19.5,0.0,1.0,1.0,0.0,0.0,0.0,3.0,0.0,1.0,1.0,1.8,2.7,27.0,78.0,46.0,0.0,0.05,0.05,0.0,0.05,0.05,0.09,0.14,0.05,0.14,Matches
Jherson Mosquera,co COL,DF,23.0,20,20,1698.0,18.9,2.0,0.0,2.0,2.0,0.0,0.0,9.0,1.0,0.9,0.9,0.8,1.7,33.0,94.0,77.0,0.11,0.0,0.11,0.11,0.11,0.05,0.04,0.09,0.05,0.09,Matches
Gustavo Velásquez,py PAR,DF,31.0,20,18,1586.0,17.6,3.0,0.0,3.0,3.0,0.0,0.0,1.0,0.0,1.2,1.2,0.5,1.7,28.0,79.0,0.0,0.17,0.0,0.17,0.17,0.17,0.07,0.03,0.1,0.07,0.1,Matches
Cristian Ferreira,ar ARG,MF,23.0,20,18,1528.0,17.0,2.0,1.0,3.0,2.0,0.0,0.0,5.0,0.0,2.3,2.3,2.2,4.5,22.0,87.0,96.0,0.12,0.06,0.18,0.12,0.18,0.14,0.13,0.27,0.14,0.27,Matches
Ramiro Sordo,ar ARG,"FW,MF",22.0,22,18,1475.0,16.4,3.0,2.0,5.0,3.0,0.0,1.0,2.0,0.0,3.6,2.8,1.3,4.1,51.0,37.0,172.0,0.18,0.12,0.31,0.18,0.31,0.22,0.08,0.3,0.17,0.25,Matches
Willer Ditta,co COL,DF,26.0,17,17,1454.0,16.2,0.0,0.0,0.0,0.0,0.0,0.0,4.0,2.0,0.0,0.0,0.5,0.6,23.0,64.0,2.0,0.0,0.0,0.0,0.0,0.0,0.0,0.03,0.04,0.0,0.04,Matches
Bruno Pittón,ar ARG,DF,29.0,20,15,1386.0,15.4,1.0,2.0,3.0,1.0,0.0,0.0,2.0,0.0,0.4,0.4,0.9,1.3,29.0,89.0,42.0,0.06,0.13,0.19,0.06,0.19,0.03,0.06,0.08,0.03,0.08,Matches
Brian Aguirre,ar ARG,FW,19.0,20,15,1331.0,14.8,1.0,4.0,5.0,1.0,0.0,0.0,4.0,0.0,2.3,2.3,1.9,4.2,70.0,36.0,149.0,0.07,0.27,0.34,0.07,0.34,0.15,0.13,0.28,0.15,0.28,Matches
Guillermo Ortiz,ar ARG,DF,30.0,15,13,1163.0,12.9,1.0,0.0,1.0,1.0,0.0,0.0,3.0,0.0,1.0,1.0,0.1,1.1,8.0,43.0,3.0,0.08,0.0,0.08,0.08,0.08,0.08,0.01,0.08,0.08,0.08,Matches
Zahir Mansilla,ar ARG,DF,23.0,16,11,997.0,11.1,1.0,0.0,1.0,1.0,0.0,0.0,1.0,0.0,,,,,,,,0.09,0.0,0.09,0.09,0.09,,,,,,Matches
Marcos Portillo,ar ARG,"MF,FW",23.0,17,11,932.0,10.4,0.0,1.0,1.0,0.0,0.0,0.0,3.0,0.0,1.1,1.1,1.2,2.2,17.0,54.0,57.0,0.0,0.1,0.1,0.0,0.1,0.1,0.11,0.22,0.1,0.22,Matches
Ángelo Martino,ar ARG,"DF,MF",24.0,13,9,772.0,8.6,0.0,0.0,0.0,0.0,0.0,0.0,5.0,1.0,0.3,0.3,0.3,0.7,18.0,35.0,33.0,0.0,0.0,0.0,0.0,0.0,0.04,0.04,0.08,0.04,0.08,Matches
Armando Méndez,uy URU,"DF,MF",26.0,9,8,703.0,7.8,0.0,0.0,0.0,0.0,0.0,0.0,0.0,0.0,0.1,0.1,0.4,0.5,36.0,17.0,59.0,0.0,0.0,0.0,0.0,0.0,0.01,0.05,0.06,0.01,0.06,Matches
Jeremías Pérez Tica,ar ARG,FW,19.0,16,7,728.0,8.1,0.0,2.0,2.0,0.0,0.0,0.0,1.0,0.0,1.7,1.7,1.4,3.1,22.0,16.0,75.0,0.0,0.25,0.25,0.0,0.25,0.21,0.17,0.38,0.21,0.38,Matches
Djorkaeff Reasco,ec ECU,"FW,MF",24.0,18,7,664.0,7.4,1.0,0.0,1.0,0.0,1.0,1.0,1.0,0.0,2.4,1.6,0.3,1.9,7.0,3.0,36.0,0.14,0.0,0.14,0.0,0.0,0.33,0.04,0.37,0.22,0.26,Matches
Lisandro Montenegro,ar ARG,MF,19.0,12,7,611.0,6.8,1.0,0.0,1.0,1.0,0.0,0.0,1.0,0.0,0.1,0.1,0.6,0.8,10.0,40.0,38.0,0.15,0.0,0.15,0.15,0.15,0.02,0.1,0.11,0.02,0.11,Matches
Jony,ar ARG,"FW,MF",28.0,7,4,375.0,4.2,0.0,0.0,0.0,0.0,0.0,0.0,0.0,0.0,0.4,0.4,0.3,0.7,4.0,16.0,45.0,0.0,0.0,0.0,0.0,0.0,0.09,0.07,0.16,0.09,0.16,Matches
Pablo Pérez,ar ARG,MF,37.0,15,2,383.0,4.3,0.0,0.0,0.0,0.0,0.0,0.0,3.0,0.0,0.0,0.0,0.2,0.2,5.0,37.0,15.0,0.0,0.0,0.0,0.0,0.0,0.01,0.04,0.05,0.01,0.05,Matches
Guillermo Balzi,ar ARG,"MF,FW",21.0,4,2,189.0,2.1,0.0,0.0,0.0,0.0,0.0,0.0,0.0,0.0,0.0,0.0,0.2,0.2,7.0,11.0,6.0,0.0,0.0,0.0,0.0,0.0,0.0,0.1,0.1,0.0,0.1,Matches
Francisco González,ar ARG,"FW,MF",21.0,2,2,156.0,1.7,1.0,1.0,2.0,1.0,0.0,0.0,0.0,0.0,0.1,0.1,0.8,1.0,1.0,2.0,6.0,0.58,0.58,1.15,0.58,1.15,0.07,0.48,0.55,0.07,0.55,Matches
Justo Giani,ar ARG,"MF,FW",23.0,5,1,113.0,1.3,0.0,0.0,0.0,0.0,0.0,0.0,1.0,0.0,0.4,0.4,0.0,0.5,4.0,3.0,10.0,0.0,0.0,0.0,0.0,0.0,0.34,0.02,0.36,0.34,0.36,Matches
David Sotelo,ar ARG,MF,19.0,4,1,102.0,1.1,0.0,0.0,0.0,0.0,0.0,0.0,0.0,0.0,0.1,0.1,0.0,0.1,1.0,11.0,1.0,0.0,0.0,0.0,0.0,0.0,0.04,0.0,0.04,0.04,0.04,Matches
Ian Glavinovich,ar ARG,DF,21.0,1,1,90.0,1.0,0.0,0.0,0.0,0.0,0.0,0.0,0.0,0.0,0.0,0.0,0.0,0.0,0.0,1.0,0.0,0.0,0.0,0.0,0.0,0.0,0.0,0.0,0.0,0.0,0.0,Matches
Leonel Vangioni,ar ARG,DF,35.0,1,1,89.0,1.0,0.0,0.0,0.0,0.0,0.0,0.0,0.0,1.0,0.0,0.0,0.2,0.3,3.0,11.0,6.0,0.0,0.0,0.0,0.0,0.0,0.05,0.22,0.27,0.05,0.27,Matches
Genaro Rossi,ar ARG,FW,20.0,1,1,57.0,0.6,0.0,0.0,0.0,0.0,0.0,0.0,0.0,0.0,0.0,0.0,0.0,0.0,1.0,0.0,2.0,0.0,0.0,0.0,0.0,0.0,0.0,0.0,0.0,0.0,0.0,Matches
Julián Contrera,ar ARG,FW,19.0,4,0,65.0,0.7,0.0,0.0,0.0,0.0,0.0,0.0,1.0,0.0,,,,,,,,0.0,0.0,0.0,0.0,0.0,,,,,,Matches
Nazareno Funez,ar ARG,FW,21.0,2,0,35.0,0.4,0.0,0.0,0.0,0.0,0.0,0.0,0.0,0.0,,,,,,,,0.0,0.0,0.0,0.0,0.0,,,,,,Matches
Fabrizio Sartori,ar ARG,FW,20.0,1,0,10.0,0.1,0.0,0.0,0.0,0.0,0.0,0.0,0.0,0.0,,,,,,,,0.0,0.0,0.0,0.0,0.0,,,,,,Matches
Marcelo Esponda,ar ARG,MF,20.0,1,0,9.0,0.1,0.0,0.0,0.0,0.0,0.0,0.0,0.0,0.0,0.0,0.0,0.0,0.0,0.0,2.0,1.0,0.0,0.0,0.0,0.0,0.0,0.0,0.0,0.0,0.0,0.0,Matches
Williams Barlasina,ar ARG,GK,24.0,0,0,,,,,,,,,,,,,,,,,,,,,,,,,,,,Matches
Tomás Berardozzi,ar ARG,DF,20.0,0,0,,,,,,,,,,,,,,,,,,,,,,,,,,,,Matches
Tomás Jacob,ar ARG,MF,18.0,0,0,,,,,,,,,,,,,,,,,,,,,,,,,,,,Matches
Misael Jaime,ar ARG,DF,19.0,0,0,,,,,,,,,,,,,,,,,,,,,,,,,,,,Matches
Martín Luciano,ar ARG,DF,19.0,0,0,,,,,,,,,,,,,,,,,,,,,,,,,,,,Matches
Tomás Pérez,ar ARG,MF,17.0,0,0,,,,,,,,,,,,,,,,,,,,,,,,,,,,Matches
Jerónimo Russo,ar ARG,FW,17.0,0,0,,,,,,,,,,,,,,,,,,,,,,,,,,,,Matches
Felipe San Juan,ar ARG,GK,21.0,0,0,,,,,,,,,,,,,,,,,,,,,,,,,,,,Matches
Squad Total,,,26.1,27,297,2430.0,27.0,24.0,16.0,40.0,22.0,2.0,3.0,65.0,6.0,25.3,22.9,18.3,41.2,450.0,1056.0,1096.0,0.89,0.59,1.48,0.81,1.41,0.94,0.68,1.61,0.85,1.53,
Opponent Total,,,27.3,27,297,2430.0,27.0,24.0,11.0,35.0,22.0,2.0,5.0,65.0,3.0,26.5,22.4,15.2,37.6,290.0,738.0,737.0,0.89,0.41,1.3,0.81,1.22,0.98,0.56,1.55,0.83,1.39,
